customer_id,age_group,gender,country,customer_type,acquisition_channel,signup_date,product_category_preference,device_type,latent_business_profile,last_purchase_date,first_purchase_date,number_of_orders,total_spend,total_profit,net_revenue_after_returns,return_count,discounted_orders,total_discount_amount,average_order_value,days_since_last_purchase,customer_lifetime_value,return_rate,discount_dependency,repeat_purchase_flag,high_value_customer_flag,purchase_frequency,recency,frequency,monetary,r_score,f_score,m_score,rfm_score,customer_segment,churn_risk_score,churn_risk_label
CUS-09033,25-34,Female,Italy,Returning,Meta Ads,2023-01-27,Shoes,Desktop,At Risk,2024-02-19,2023-03-25,2,342.96,93.03999999999999,181.29,1,2,101.69,171.48,682,342.96,0.5,0.22869672776340944,1,0,0.6827102803738317,682,2,342.96,1,2,3,123,Hibernating,100,High risk
CUS-05331,35-44,Male,France,Returning,Google Search,2023-04-06,Jeans,Mobile,At Risk,2024-12-09,2024-02-17,3,326.26,66.47,235.76,1,3,85.07,108.75333333333333,388,326.26,0.3333333333333333,0.20681691099603725,1,0,1.0946553446553446,388,3,326.26,2,2,3,223,Hibernating,100,High risk
CUS-02550,35-44,Female,Italy,Returning,Organic Search,2023-02-08,Dresses,Mobile,At Risk,2024-04-02,2023-06-08,2,275.65000000000003,65.0,52.85,1,2,76.54,137.82500000000002,639,275.65000000000003,0.5,0.21732587523779776,1,0,0.6904536862003781,639,2,275.65000000000003,1,1,3,113,Hibernating,100,High risk
CUS-07449,18-24,Male,UK,Returning,Google Search,2023-12-16,Dresses,Tablet,Discount Seekers,2025-03-04,2024-03-31,2,266.2,68.04,0.0,2,2,74.48,133.1,303,266.2,1.0,0.21862158036867443,1,0,0.9779116465863454,303,2,266.2,2,2,3,223,Hibernating,100,High risk
CUS-05569,18-24,Male,Italy,Returning,Organic Search,2024-01-25,Dresses,Mobile,At Risk,2024-10-07,2024-04-03,2,256.12,65.73,48.78,1,2,65.7,128.06,451,256.12,0.5,0.20415138897520355,1,0,1.0332390381895333,451,2,256.12,1,2,3,123,Hibernating,100,High risk
CUS-09557,25-34,Female,Germany,Returning,Affiliate,2023-03-28,Shoes,Desktop,At Risk,2024-04-29,2023-09-23,3,254.36,60.17999999999999,174.45999999999998,1,3,69.38,84.78666666666668,612,254.36,0.3333333333333333,0.21430777784641994,1,0,1.0849009900990099,612,3,254.36,1,3,3,133,At Risk,100,High risk
CUS-03675,18-24,Female,France,Returning,Google Search,2023-04-29,Shoes,Tablet,Hibernating,2023-12-04,2023-06-01,3,249.15,51.72,119.34,1,3,74.27,83.05,759,249.15,0.3333333333333333,0.22963947807804092,1,0,1.1203987730061349,759,3,249.15,1,2,3,123,Hibernating,100,High risk
CUS-04553,25-34,Male,Spain,Returning,TikTok Ads,2023-08-09,Dresses,Mobile,At Risk,2023-10-30,2023-09-27,2,228.1,65.06,143.88,1,2,61.0,114.05,794,228.1,0.5,0.21099965409892768,1,0,0.833904109589041,794,2,228.1,1,1,2,112,Hibernating,100,High risk
CUS-01396,35-44,Female,Netherlands,Returning,Organic Search,2023-03-21,Bags,Mobile,At Risk,2024-01-21,2023-08-27,3,219.98,56.95,128.13,1,3,58.9,73.32666666666667,711,219.98,0.3333333333333333,0.21120195065978198,1,0,1.077433628318584,711,3,219.98,1,2,2,122,Hibernating,100,High risk
CUS-04253,25-34,Female,France,Returning,Google Search,2023-01-11,Jeans,Mobile,At Risk,2023-06-19,2023-01-31,3,203.23,34.120000000000005,137.26999999999998,1,3,56.17,67.74333333333333,927,203.23,0.3333333333333333,0.21653816499614498,1,0,1.0089779005524862,927,3,203.23,1,2,2,122,Hibernating,100,High risk
CUS-02505,18-24,Female,UK,Returning,Email,2023-09-18,Jeans,Mobile,Hibernating,2024-03-17,2024-01-28,2,199.02,41.66,108.48,1,2,52.55,99.51,655,199.02,0.5,0.2088881822156855,1,0,0.8738038277511961,655,2,199.02,1,1,2,112,Hibernating,100,High risk
CUS-02628,35-44,Female,Spain,Returning,Display Ads,2023-04-06,Bags,Mobile,At Risk,2023-12-21,2023-07-07,3,190.87,56.35,121.18,1,3,54.38,63.623333333333335,742,190.87,0.3333333333333333,0.2217329255861366,1,0,1.0946553446553446,742,3,190.87,1,2,2,122,Hibernating,100,High risk
CUS-00848,35-44,Female,Germany,Returning,Google Search,2024-07-06,Shoes,Mobile,Hibernating,2024-08-06,2024-08-06,1,189.51,39.81,0.0,1,1,62.89,189.51,513,189.51,1.0,0.24916798732171158,0,0,0.6714154411764706,513,1,189.51,1,1,2,112,Hibernating,100,High risk
CUS-06523,25-34,Female,Italy,Returning,Meta Ads,2024-03-30,Shoes,Mobile,Hibernating,2024-11-02,2024-05-12,2,166.47,27.67,108.76,1,2,49.21,83.235,425,166.47,0.5,0.22816209198813056,1,0,1.1378504672897196,425,2,166.47,1,2,2,122,Hibernating,100,High risk
CUS-09683,45-54,Female,France,Returning,Meta Ads,2023-09-27,Shoes,Tablet,Hibernating,2024-10-24,2024-04-13,2,166.22,37.760000000000005,72.03,1,2,43.67,83.11,434,166.22,0.5,0.20806136547715473,1,0,0.8833131801692866,434,2,166.22,1,2,2,122,Hibernating,100,High risk
CUS-04381,55+,Female,UK,Returning,Affiliate,2023-02-04,Shoes,Mobile,Hibernating,2023-07-28,2023-07-28,1,163.02,31.36,0.0,1,1,52.62,163.02,888,163.02,1.0,0.24401780745687254,0,0,0.3439265536723164,888,1,163.02,1,1,2,112,Hibernating,100,High risk
CUS-01219,35-44,Female,Poland,Returning,TikTok Ads,2023-10-18,Dresses,Mobile,At Risk,2024-09-27,2023-12-22,2,152.32,41.82,65.15,1,2,41.97,76.16,461,152.32,0.5,0.2160172937361676,1,0,0.9063275434243175,461,2,152.32,1,1,2,112,Hibernating,100,High risk
CUS-04185,45-54,Female,Germany,Returning,Google Search,2024-02-19,Jeans,Mobile,At Risk,2024-09-19,2024-05-10,2,125.22999999999999,22.990000000000002,58.18,1,2,33.59,62.614999999999995,469,125.22999999999999,0.5,0.2114972925324267,1,0,1.0711143695014662,469,2,125.22999999999999,1,1,1,111,Hibernating,100,High risk
CUS-07345,25-34,Female,Germany,Returning,Google Search,2024-02-19,Shoes,Desktop,Hibernating,2024-03-31,2024-03-26,2,124.34,25.14,67.22,1,2,36.96,62.17,641,124.34,0.5,0.22913825170489768,1,0,1.0711143695014662,641,2,124.34,1,2,1,121,Hibernating,100,High risk
CUS-05509,25-34,Male,Germany,Returning,Meta Ads,2023-09-12,Shoes,Desktop,Discount Seekers,2025-04-22,2025-02-26,2,122.56,38.7,60.99,1,2,32.58,61.28,254,122.56,0.5,0.21000386747453914,1,0,0.8675771971496438,254,2,122.56,2,1,1,211,Hibernating,100,High risk
CUS-04919,35-44,Male,Poland,Returning,Display Ads,2024-06-22,Jeans,Mobile,At Risk,2024-06-27,2024-06-27,1,118.26,20.93,0.0,1,1,37.43,118.26,553,118.26,1.0,0.240413642494701,0,0,0.6545698924731183,553,1,118.26,1,1,1,111,Hibernating,100,High risk
CUS-05620,25-34,Male,UK,Returning,TikTok Ads,2023-04-18,Bags,Mobile,At Risk,2023-06-20,2023-05-26,2,117.95,32.53,68.15,1,2,31.67,58.975,926,117.95,0.5,0.21166956289266142,1,0,0.7386248736097069,926,2,117.95,1,2,1,121,Hibernating,100,High risk
CUS-04581,45-54,Male,UK,Returning,Affiliate,2023-03-16,Shoes,Mobile,Hibernating,2023-04-09,2023-04-01,2,113.81,29.71,29.22,1,2,29.94,56.905,998,113.81,0.5,0.20827826086956522,1,0,0.7147749510763209,998,2,113.81,1,1,1,111,Hibernating,100,High risk
CUS-04584,45-54,Male,Germany,Returning,Email,2024-02-14,Dresses,Mobile,At Risk,2024-02-25,2024-02-25,1,109.16,29.26,0.0,1,1,31.46,109.16,676,109.16,1.0,0.22372351016925046,0,0,0.5316593886462883,676,1,109.16,1,1,1,111,Hibernating,100,High risk
CUS-02263,25-34,Female,UK,Returning,TikTok Ads,2024-08-13,Shoes,Desktop,Hibernating,2024-09-23,2024-09-23,1,106.89,19.46,0.0,1,1,32.27,106.89,465,106.89,1.0,0.2318913480885312,0,0,0.7218379446640316,465,1,106.89,1,1,1,111,Hibernating,100,High risk
CUS-08685,18-24,Male,Italy,Returning,Affiliate,2023-11-13,Jeans,Desktop,Hibernating,2024-07-24,2024-07-24,1,106.73,17.27,0.0,1,1,27.78,106.73,526,106.73,1.0,0.2065273957326593,0,0,0.4682692307692307,526,1,106.73,1,1,1,111,Hibernating,100,High risk
CUS-05736,45-54,Female,France,Returning,Email,2023-09-27,Accessories,Desktop,Hibernating,2024-02-26,2024-02-20,2,100.02000000000001,28.61,48.35,1,2,26.31,50.010000000000005,675,100.02000000000001,0.5,0.2082640702920921,1,0,0.8833131801692866,675,2,100.02000000000001,1,2,1,121,Hibernating,100,High risk
CUS-08691,45-54,Male,Italy,Returning,Google Search,2023-07-18,Sportswear,Mobile,Discount Seekers,2024-10-04,2024-05-29,2,97.55000000000001,21.58,57.67,1,2,25.75,48.775000000000006,454,97.55000000000001,0.5,0.20884022708840225,1,0,0.8134743875278396,454,2,97.55000000000001,1,2,1,121,Hibernating,100,High risk
CUS-06226,45-54,Male,UK,Returning,Organic Search,2023-02-28,Beauty,Mobile,Hibernating,2023-11-23,2023-09-18,2,95.44,38.760000000000005,64.67,1,2,32.26,47.72,770,95.44,0.5,0.25262333594361785,1,0,0.703757225433526,770,2,95.44,1,2,1,121,Hibernating,100,High risk
CUS-01747,18-24,Female,Spain,Returning,Meta Ads,2023-05-07,Jeans,Mobile,Hibernating,2024-05-19,2024-02-21,2,94.38999999999999,14.13,38.91,1,2,30.18,47.19499999999999,592,94.38999999999999,0.5,0.24227342056674964,1,0,0.7530927835051546,592,2,94.38999999999999,1,1,1,111,Hibernating,100,High risk
CUS-06991,25-34,Male,Poland,Returning,Meta Ads,2023-06-21,Jeans,Desktop,Hibernating,2023-09-02,2023-07-25,2,85.17,21.38,31.49,1,2,24.740000000000002,42.585,852,85.17,0.5,0.22509325812028025,1,0,0.7897297297297297,852,2,85.17,1,2,1,121,Hibernating,100,High risk
CUS-07784,25-34,Female,UK,Returning,TikTok Ads,2023-08-22,Beauty,Desktop,Hibernating,2024-01-30,2024-01-30,1,76.46,28.9,0.0,1,1,27.49,76.46,702,76.46,1.0,0.26445406445406444,0,0,0.4232329084588644,702,1,76.46,1,1,1,111,Hibernating,100,High risk
CUS-03173,25-34,Male,France,Returning,Meta Ads,2023-02-22,Jeans,Mobile,Hibernating,2023-03-14,2023-03-14,1,71.49,11.6,0.0,1,1,17.92,71.49,1024,71.49,1.0,0.20042500838832347,0,0,0.34985632183908044,1024,1,71.49,1,1,1,111,Hibernating,100,High risk
CUS-03450,25-34,Female,Italy,Returning,Organic Search,2023-03-03,Bags,Desktop,At Risk,2023-10-15,2023-10-15,1,65.85,12.3,0.0,1,1,21.53,65.85,809,65.85,1.0,0.24639505607690548,0,0,0.35289855072463766,809,1,65.85,1,1,1,111,Hibernating,100,High risk
CUS-04843,25-34,Male,Germany,Returning,Email,2024-07-08,Shoes,Mobile,Hibernating,2024-10-04,2024-10-04,1,63.9,6.23,0.0,1,1,23.71,63.9,454,63.9,1.0,0.27063120648327815,0,0,0.6738929889298892,454,1,63.9,1,1,1,111,Hibernating,100,High risk
CUS-09015,35-44,Female,Netherlands,Returning,Display Ads,2023-07-12,Shoes,Desktop,Hibernating,2023-09-09,2023-09-09,1,60.07,3.73,0.0,1,1,19.35,60.07,845,60.07,1.0,0.24364140015109545,0,0,0.404037610619469,845,1,60.07,1,1,1,111,Hibernating,100,High risk
CUS-05861,25-34,Male,UK,Returning,Meta Ads,2023-07-08,Accessories,Tablet,Hibernating,2024-06-08,2024-06-08,1,59.28,12.74,0.0,1,1,20.76,59.28,572,59.28,1.0,0.2593703148425787,0,0,0.4022577092511013,572,1,59.28,1,1,1,111,Hibernating,100,High risk
CUS-06085,25-34,Male,Italy,Returning,Meta Ads,2024-04-23,Shoes,Mobile,Hibernating,2024-06-18,2024-06-18,1,59.24,14.08,0.0,1,1,17.8,59.24,562,59.24,1.0,0.23104880581516093,0,0,0.5910194174757282,562,1,59.24,1,1,1,111,Hibernating,100,High risk
CUS-08725,35-44,Female,France,Returning,Google Search,2024-09-17,Dresses,Mobile,At Risk,2024-10-01,2024-10-01,1,54.31,11.36,0.0,1,1,17.54,54.31,457,54.31,1.0,0.24411969380654142,0,0,0.7754777070063694,457,1,54.31,1,1,1,111,Hibernating,100,High risk
CUS-05727,25-34,Female,Netherlands,Returning,TikTok Ads,2023-08-29,Accessories,Tablet,Hibernating,2024-02-05,2024-02-05,1,50.7,6.26,0.0,1,1,14.42,50.7,696,50.7,1.0,0.22143734643734642,0,0,0.4266939252336449,696,1,50.7,1,1,1,111,Hibernating,100,High risk
CUS-09893,45-54,Female,Germany,Returning,Meta Ads,2024-01-08,Jeans,Mobile,Hibernating,2024-07-20,2024-07-20,1,44.55,4.77,0.0,1,1,13.29,44.55,530,44.55,1.0,0.22977178423236513,0,0,0.5044889502762431,530,1,44.55,1,1,1,111,Hibernating,100,High risk
CUS-09260,25-34,Female,Poland,Returning,Meta Ads,2024-12-30,Beauty,Mobile,Hibernating,2025-01-27,2025-01-27,1,40.58,7.58,0.0,1,1,14.75,40.58,339,40.58,1.0,0.26658232423639977,0,0,0.9952316076294279,339,1,40.58,2,1,1,211,Hibernating,100,High risk
CUS-00711,25-34,Female,Poland,Returning,Meta Ads,2023-07-20,Beauty,Mobile,Hibernating,2023-10-04,2023-09-10,2,39.94,9.66,18.46,1,2,14.08,19.97,820,39.94,0.5,0.26064420584968534,1,0,0.8152901785714286,820,2,39.94,1,1,1,111,Hibernating,100,High risk
CUS-00935,35-44,Male,France,Returning,Email,2023-06-03,Accessories,Tablet,Hibernating,2024-08-07,2024-08-07,1,31.49,7.24,0.0,1,1,11.84,31.49,512,31.49,1.0,0.273251788599123,0,0,0.38732767762460235,512,1,31.49,1,1,1,111,Hibernating,100,High risk
CUS-02657,18-24,Male,France,Returning,Meta Ads,2024-05-24,Beauty,Mobile,Hibernating,2024-05-24,2024-05-24,1,31.04,9.45,0.0,1,1,9.89,31.04,587,31.04,1.0,0.2416320547275837,0,0,0.6222316865417377,587,1,31.04,1,1,1,111,Hibernating,100,High risk
CUS-09872,25-34,Male,France,Returning,Google Search,2023-08-31,Beauty,Desktop,Hibernating,2024-05-08,2024-05-08,1,24.88,5.92,0.0,1,1,7.34,24.88,603,24.88,1.0,0.22780881440099318,0,0,0.42769320843091335,603,1,24.88,1,1,1,111,Hibernating,100,High risk
CUS-07131,25-34,Male,Italy,Returning,Organic Search,2023-09-13,Shoes,Mobile,Discount Seekers,2025-05-03,2024-12-03,3,397.22,77.78,233.81,1,3,170.12,132.40666666666667,243,397.22,0.3333333333333333,0.29985546585821554,1,0,1.3029131985731273,243,3,397.22,2,2,3,223,Hibernating,97,High risk
CUS-04904,25-34,Female,UK,Returning,Organic Search,2024-02-17,Dresses,Mobile,At Risk,2024-04-26,2024-02-19,2,496.66,173.39,281.98,1,2,54.97,248.33,615,496.66,0.5,0.09965012780305639,1,0,1.0679824561403508,615,2,496.66,1,1,4,114,Hibernating,92,High risk
CUS-03751,35-44,Female,Spain,Returning,Organic Search,2023-05-17,Jeans,Mobile,At Risk,2024-10-08,2023-10-20,3,493.09000000000003,128.5,330.8,1,3,82.66,164.36333333333334,450,493.09000000000003,0.3333333333333333,0.14356925749023014,1,0,1.14140625,450,3,493.09000000000003,1,2,4,124,Hibernating,92,High risk
CUS-08423,25-34,Male,Germany,Returning,Google Search,2023-05-21,Dresses,Mobile,At Risk,2024-11-23,2024-05-05,3,474.07,155.04,77.42,2,3,52.230000000000004,158.02333333333334,404,474.07,0.6666666666666666,0.099239977199316,1,0,1.1461820083682008,404,3,474.07,1,2,4,124,Hibernating,92,High risk
CUS-02883,18-24,Female,Germany,Returning,Google Search,2023-04-02,Bags,Mobile,At Risk,2023-11-08,2023-06-20,3,416.62,166.54,133.07,1,3,49.69,138.87333333333333,785,416.62,0.3333333333333333,0.10656001372477536,1,0,1.0902985074626865,785,3,416.62,1,2,4,124,Hibernating,92,High risk
CUS-03037,25-34,Female,Germany,Returning,Meta Ads,2023-06-08,Jeans,Mobile,At Risk,2024-04-10,2023-09-29,3,414.40000000000003,118.5,253.66000000000003,1,3,53.62,138.13333333333335,631,414.40000000000003,0.3333333333333333,0.11456775351480704,1,0,1.16817697228145,631,3,414.40000000000003,1,2,4,124,Hibernating,92,High risk
CUS-04515,45-54,Male,UK,Returning,Email,2023-01-07,Accessories,Mobile,Loyal Customers,2025-03-13,2024-09-27,3,413.75,145.26,165.42000000000002,1,3,26.63,137.91666666666666,294,413.75,0.3333333333333333,0.060470502747627046,1,0,1.0052752293577982,294,3,413.75,2,2,4,224,Hibernating,92,High risk
CUS-09773,18-24,Male,France,Returning,Display Ads,2023-01-09,Dresses,Mobile,At Risk,2023-12-23,2023-03-24,3,398.25,131.99,289.18,1,3,61.17,132.75,740,398.25,0.3333333333333333,0.1331461407862087,1,0,1.0071231617647058,740,3,398.25,1,3,4,134,At Risk,92,High risk
CUS-05942,35-44,Female,Netherlands,Returning,Meta Ads,2023-02-07,Shoes,Mobile,At Risk,2024-04-30,2023-09-20,3,381.75,99.39,276.62,1,3,85.06,127.25,611,381.75,0.3333333333333333,0.18221546239369338,1,0,1.0347025495750708,611,3,381.75,1,2,3,123,Hibernating,92,High risk
CUS-00060,45-54,Female,Spain,Returning,Display Ads,2023-06-24,Shoes,Desktop,At Risk,2024-01-30,2023-07-04,3,373.45000000000005,110.09,240.23000000000002,1,3,69.92,124.48333333333335,702,373.45000000000005,0.3333333333333333,0.15770124275435865,1,0,1.1884490238611713,702,3,373.45000000000005,1,2,3,123,Hibernating,92,High risk
CUS-02939,35-44,Female,Germany,Returning,Google Search,2023-04-25,Jeans,Tablet,Loyal Customers,2024-09-19,2023-10-16,3,344.44,117.07,264.96,1,3,37.96,114.81333333333333,469,344.44,0.3333333333333333,0.09926778242677825,1,0,1.115835030549898,469,3,344.44,1,2,3,123,Hibernating,92,High risk
CUS-00213,18-24,Female,Germany,Returning,TikTok Ads,2023-04-23,Dresses,Desktop,At Risk,2023-12-18,2023-06-13,3,342.23,107.61,172.08,2,3,48.04,114.07666666666667,745,342.23,0.6666666666666666,0.12309426807082274,1,0,1.1135670731707317,745,3,342.23,1,2,3,123,Hibernating,92,High risk
CUS-09952,35-44,Female,Spain,Returning,Email,2023-02-15,Shoes,Desktop,At Risk,2024-03-06,2023-06-09,3,339.06,106.24,258.27,1,3,57.550000000000004,113.02,666,339.06,0.3333333333333333,0.1451047628652833,1,0,1.0425784966698384,666,3,339.06,1,3,3,133,At Risk,92,High risk
CUS-09781,18-24,Male,France,Returning,Display Ads,2023-03-17,Jeans,Mobile,At Risk,2023-11-25,2023-04-28,3,336.59,102.95,140.61,1,3,44.28,112.19666666666666,768,336.59,0.3333333333333333,0.11626014125554651,1,0,1.0732125367286973,768,3,336.59,1,3,3,133,At Risk,92,High risk
CUS-05567,25-34,Female,France,Returning,Organic Search,2023-01-22,Shoes,Desktop,At Risk,2023-09-01,2023-02-07,3,330.74,95.55,261.83,1,3,61.76,110.24666666666667,853,330.74,0.3333333333333333,0.15735031847133757,1,0,1.0193023255813953,853,3,330.74,1,2,3,123,Hibernating,92,High risk
CUS-06217,18-24,Female,Poland,Returning,Email,2023-06-27,Shoes,Tablet,At Risk,2023-10-17,2023-09-22,2,325.11,97.92,119.27,1,2,76.22,162.555,807,325.11,0.5,0.1899185209179478,1,0,0.7948857453754081,807,2,325.11,1,2,3,123,Hibernating,92,High risk
CUS-08185,25-34,Female,France,Returning,Organic Search,2023-03-25,Jeans,Tablet,At Risk,2025-02-19,2024-07-15,3,324.78999999999996,70.56,258.28,1,3,77.91,108.26333333333332,316,324.78999999999996,0.3333333333333333,0.19346908368512541,1,0,1.0816880552813426,316,3,324.78999999999996,2,2,3,223,Hibernating,92,High risk
CUS-01139,18-24,Female,Poland,Returning,Meta Ads,2023-01-05,Dresses,Mobile,At Risk,2024-04-23,2023-02-24,3,324.76,108.84,128.82,1,3,61.68,108.25333333333333,618,324.76,0.3333333333333333,0.15961080633474795,1,0,1.003434065934066,618,3,324.76,1,2,3,123,Hibernating,92,High risk
CUS-08440,25-34,Female,Germany,Returning,Google Search,2023-08-24,Dresses,Mobile,At Risk,2024-02-13,2023-08-25,2,316.3,120.25,80.54,1,2,34.68,158.15,688,316.3,0.5,0.09880904894865804,1,0,0.8484320557491289,688,2,316.3,1,2,3,123,Hibernating,92,High risk
CUS-01475,35-44,Female,Poland,Returning,Meta Ads,2023-11-28,Bags,Mobile,At Risk,2024-12-10,2024-02-01,2,313.21,92.65,193.07,1,2,72.64,156.605,387,313.21,0.5,0.1882596864066347,1,0,0.9549019607843137,387,2,313.21,2,1,3,213,Hibernating,92,High risk
CUS-03676,35-44,Female,Germany,Returning,Email,2023-05-01,Bags,Mobile,At Risk,2024-05-13,2023-10-14,2,300.26,111.94000000000001,206.52,1,2,43.93,150.13,598,300.26,0.5,0.1276329934048055,1,0,0.7484631147540984,598,2,300.26,1,1,3,113,Hibernating,92,High risk
CUS-04387,45-54,Female,Spain,Returning,Organic Search,2024-04-29,Sportswear,Mobile,Potential Loyalists,2024-11-03,2024-08-27,2,296.88,99.98,50.74,1,2,27.560000000000002,148.44,424,296.88,0.5,0.08494636912834423,1,0,1.1936274509803921,424,2,296.88,1,1,3,113,Hibernating,92,High risk
CUS-07441,35-44,Male,Germany,Returning,Meta Ads,2023-11-14,Shoes,Mobile,Hibernating,2024-04-19,2024-04-13,2,295.79999999999995,87.69999999999999,110.16,1,2,42.989999999999995,147.89999999999998,622,295.79999999999995,0.5,0.12689276542991235,1,0,0.9377406931964056,622,2,295.79999999999995,1,2,3,123,Hibernating,92,High risk
CUS-08542,45-54,Female,UK,Returning,Email,2023-04-26,Bags,Mobile,At Risk,2024-12-06,2024-07-18,2,290.71,110.48,68.46,1,2,44.39,145.355,391,290.71,0.5,0.13246792002387348,1,0,0.7446483180428134,391,2,290.71,2,2,3,223,Hibernating,92,High risk
CUS-08678,35-44,Female,Spain,Returning,Meta Ads,2024-03-08,Shoes,Desktop,At Risk,2024-05-22,2024-04-14,2,289.18,79.75,168.77,1,2,65.94,144.59,589,289.18,0.5,0.18568371254787114,1,0,1.1001506024096386,589,2,289.18,1,2,3,123,Hibernating,92,High risk
CUS-09713,25-34,Female,France,Returning,Affiliate,2023-02-04,Bags,Mobile,At Risk,2023-09-23,2023-04-12,3,289.02,87.75,136.32999999999998,1,3,63.349999999999994,96.33999999999999,831,289.02,0.3333333333333333,0.1797826148650566,1,0,1.0317796610169492,831,3,289.02,1,3,3,133,At Risk,92,High risk
CUS-04605,25-34,Female,Germany,Returning,Meta Ads,2023-06-24,Dresses,Mobile,At Risk,2023-12-23,2023-08-19,3,284.40000000000003,94.85,221.08,1,3,47.06,94.80000000000001,740,284.40000000000003,0.3333333333333333,0.14197791588728653,1,0,1.1884490238611713,740,3,284.40000000000003,1,2,3,123,Hibernating,92,High risk
CUS-07083,45-54,Male,Germany,Returning,Organic Search,2023-06-25,Accessories,Desktop,Potential Loyalists,2024-12-21,2024-07-11,2,281.18,121.11000000000001,56.96,1,2,22.119999999999997,140.59,376,281.18,0.5,0.07293109132871743,1,0,0.7931596091205212,376,2,281.18,2,2,3,223,Hibernating,92,High risk
CUS-00480,45-54,Female,Italy,Returning,Organic Search,2023-11-17,Jeans,Desktop,Hibernating,2024-05-16,2024-03-12,2,279.36,97.16000000000001,21.88,1,2,26.36,139.68,595,279.36,0.5,0.08622268742640324,1,0,0.9413659793814434,595,2,279.36,1,1,3,113,Hibernating,92,High risk
CUS-00030,25-34,Male,Spain,Returning,Google Search,2023-06-01,Jeans,Desktop,Loyal Customers,2025-03-14,2025-02-18,2,278.67,85.25,0.0,2,2,26.86,139.335,293,278.67,1.0,0.08791280725297024,1,0,0.773015873015873,293,2,278.67,2,1,3,213,Hibernating,92,High risk
CUS-08811,45-54,Male,Netherlands,Returning,Meta Ads,2023-04-02,Jeans,Mobile,Hibernating,2023-10-11,2023-06-25,3,274.96000000000004,69.95,139.19,1,3,60.410000000000004,91.65333333333335,813,274.96000000000004,0.3333333333333333,0.18012940930912125,1,0,1.0902985074626865,813,3,274.96000000000004,1,3,3,133,At Risk,92,High risk
CUS-08330,35-44,Non-binary/Other,Netherlands,Returning,Meta Ads,2023-06-03,Bags,Mobile,At Risk,2024-06-21,2024-04-09,2,265.76,96.00999999999999,0.0,2,2,30.410000000000004,132.88,559,265.76,1.0,0.10267751629131919,1,0,0.7746553552492047,559,2,265.76,1,2,3,123,Hibernating,92,High risk
CUS-07967,25-34,Male,Germany,Returning,Affiliate,2023-05-23,Accessories,Mobile,Hibernating,2024-02-29,2023-08-12,2,265.3,81.94,77.77,1,2,47.57,132.65,672,265.3,0.5,0.15204397992776553,1,0,0.7657232704402516,672,2,265.3,1,2,3,123,Hibernating,92,High risk
CUS-07246,55+,Male,Italy,Returning,Google Search,2023-12-24,Dresses,Desktop,At Risk,2024-07-23,2024-01-01,2,264.53000000000003,85.44,158.99,1,2,39.7,132.26500000000001,527,264.53000000000003,0.5,0.13049337672155933,1,0,0.9884979702300405,527,2,264.53000000000003,1,2,3,123,Hibernating,92,High risk
CUS-03229,35-44,Male,Italy,Returning,TikTok Ads,2023-05-30,Dresses,Mobile,At Risk,2025-03-25,2023-08-28,3,261.55,93.36,170.69,1,3,43.18,87.18333333333334,282,261.55,0.3333333333333333,0.1416992091359564,1,0,1.1570749736008448,282,3,261.55,2,2,3,223,Hibernating,92,High risk
CUS-05689,45-54,Female,UK,Returning,Google Search,2024-01-14,Jeans,Mobile,At Risk,2024-06-27,2024-02-23,2,261.25,73.55,88.69,1,2,35.79,130.625,553,261.25,0.5,0.12048882305413411,1,0,1.017409470752089,553,2,261.25,1,2,3,123,Hibernating,92,High risk
CUS-03333,35-44,Female,Germany,Returning,Organic Search,2023-06-08,Dresses,Mobile,At Risk,2024-09-04,2024-01-06,3,261.09,76.52,149.88,1,3,45.459999999999994,87.02999999999999,484,261.09,0.3333333333333333,0.14829554721905072,1,0,1.16817697228145,484,3,261.09,1,2,3,123,Hibernating,92,High risk
CUS-02668,45-54,Female,Spain,Returning,Organic Search,2023-06-19,Bags,Mobile,At Risk,2024-05-02,2023-08-06,3,260.98,91.51,169.76,1,3,55.8,86.99333333333334,609,260.98,0.3333333333333333,0.176147484058337,1,0,1.1820388349514563,609,3,260.98,1,2,3,123,Hibernating,92,High risk
CUS-08302,18-24,Female,Germany,Returning,Meta Ads,2023-07-11,Jeans,Mobile,At Risk,2023-11-28,2023-11-09,2,258.95,76.42999999999999,51.3,1,2,29.08,129.475,765,258.95,0.5,0.10096170537791202,1,0,0.807182320441989,765,2,258.95,1,2,3,123,Hibernating,92,High risk
CUS-04951,25-34,Female,Italy,Returning,Organic Search,2023-02-01,Shoes,Desktop,At Risk,2023-08-23,2023-03-15,3,250.25,79.99000000000001,111.96000000000001,1,3,60.86000000000001,83.41666666666667,862,250.25,0.3333333333333333,0.19562212722188294,1,0,1.0288732394366198,862,3,250.25,1,2,3,123,Hibernating,92,High risk
CUS-08880,55+,Female,Italy,Returning,Google Search,2023-11-25,Dresses,Mobile,Discount Seekers,2025-05-05,2024-10-06,2,249.28000000000003,49.160000000000004,249.28000000000003,0,2,114.58000000000001,124.64000000000001,241,249.28000000000003,0.0,0.3149013356785577,1,0,0.951171875,241,2,249.28000000000003,2,2,3,223,Hibernating,92,High risk
CUS-05926,55+,Male,Netherlands,Returning,Email,2023-05-02,Bags,Mobile,At Risk,2024-06-26,2024-01-20,2,248.62,86.94999999999999,169.06,1,2,41.61,124.31,554,248.62,0.5,0.14336905213106846,1,0,0.7492307692307693,554,2,248.62,1,2,3,123,Hibernating,92,High risk
CUS-04175,25-34,Female,France,Returning,Organic Search,2023-04-29,Dresses,Mobile,At Risk,2024-06-25,2023-11-17,3,243.71999999999997,85.46000000000001,165.27999999999997,1,3,41.67,81.24,555,243.71999999999997,0.3333333333333333,0.14601072216966257,1,0,1.1203987730061349,555,3,243.71999999999997,1,2,2,122,Hibernating,92,High risk
CUS-09796,55+,Male,Germany,Returning,Google Search,2024-03-30,Dresses,Desktop,At Risk,2025-01-22,2024-08-09,2,242.3,96.63,27.37,1,2,23.939999999999998,121.15,344,242.3,0.5,0.08991887019230768,1,0,1.1378504672897196,344,2,242.3,2,2,2,222,Hibernating,92,High risk
CUS-09422,25-34,Male,Germany,Returning,TikTok Ads,2023-07-19,Beauty,Desktop,Hibernating,2024-03-10,2023-12-09,2,239.72,80.65,39.03,1,2,29.169999999999998,119.86,662,239.72,0.5,0.10848302279742646,1,0,0.8143812709030099,662,2,239.72,1,2,2,122,Hibernating,92,High risk
CUS-02475,18-24,Female,Germany,Returning,Display Ads,2023-10-14,Beauty,Desktop,Hibernating,2024-01-15,2023-10-18,2,238.81,64.05,0.0,2,2,34.15,119.405,717,238.81,1.0,0.1251099062133646,1,0,0.9018518518518519,717,2,238.81,1,1,2,112,Hibernating,92,High risk
CUS-02262,35-44,Female,Italy,Returning,Organic Search,2023-04-27,Dresses,Mobile,At Risk,2024-03-11,2023-07-07,3,237.4,65.86,189.01,1,3,44.68,79.13333333333334,661,237.4,0.3333333333333333,0.15839478162223483,1,0,1.1181122448979592,661,3,237.4,1,2,2,122,Hibernating,92,High risk
CUS-08339,18-24,Female,France,Returning,Affiliate,2024-12-03,Dresses,Desktop,At Risk,2024-12-15,2024-12-15,1,236.81,78.54,0.0,1,1,41.78,236.81,382,236.81,1.0,0.1499694892135396,0,0,0.927030456852792,382,1,236.81,2,1,2,212,Hibernating,92,High risk
CUS-09461,35-44,Non-binary/Other,Germany,Returning,Google Search,2024-01-22,Shoes,Mobile,Hibernating,2024-07-19,2024-03-15,2,236.40000000000003,71.62,70.79,1,2,38.51,118.20000000000002,531,236.40000000000003,0.5,0.14008220872285473,1,0,1.0288732394366198,531,2,236.40000000000003,1,2,2,122,Hibernating,92,High risk
CUS-00255,18-24,Female,France,Returning,Organic Search,2023-03-07,Dresses,Mobile,At Risk,2024-07-31,2023-05-06,3,236.29,72.22999999999999,179.92000000000002,1,3,47.32,78.76333333333334,519,236.29,0.3333333333333333,0.16684884171926237,1,0,1.0628031037827352,519,3,236.29,1,2,2,122,Hibernating,92,High risk
CUS-09320,35-44,Female,Spain,Returning,Organic Search,2023-04-15,Bags,Mobile,At Risk,2023-12-24,2023-09-12,2,234.35,80.16,192.73,1,2,39.089999999999996,117.175,739,234.35,0.5,0.14295640725570508,1,0,0.736391129032258,739,2,234.35,1,2,2,122,Hibernating,92,High risk
CUS-00524,35-44,Male,Netherlands,Returning,Affiliate,2023-06-05,Shoes,Desktop,At Risk,2024-08-06,2023-06-20,3,233.62,62.94,141.27,1,3,51.150000000000006,77.87333333333333,513,233.62,0.3333333333333333,0.17961863960389088,1,0,1.164452709883103,513,3,233.62,1,2,2,122,Hibernating,92,High risk
CUS-05157,35-44,Female,Germany,Returning,TikTok Ads,2024-01-17,Shoes,Mobile,At Risk,2024-07-20,2024-02-18,2,230.68,71.14,174.25,1,2,37.95,115.34,530,230.68,0.5,0.1412723820868853,1,0,1.0216783216783216,530,2,230.68,1,1,2,112,Hibernating,92,High risk
CUS-00287,25-34,Male,Germany,Returning,Email,2024-03-08,Sportswear,Mobile,Potential Loyalists,2025-04-30,2025-04-13,2,230.48,63.2,125.88,1,2,48.849999999999994,115.24,246,230.48,0.5,0.17488275516414276,1,0,1.1001506024096386,246,2,230.48,2,1,2,212,Hibernating,92,High risk
CUS-08013,25-34,Non-binary/Other,Spain,Returning,Meta Ads,2023-01-03,Dresses,Tablet,At Risk,2023-08-20,2023-03-23,3,229.34,72.55000000000001,143.65,1,3,34.8,76.44666666666667,865,229.34,0.3333333333333333,0.13174831528734762,1,0,1.001599634369287,865,3,229.34,1,2,2,122,Hibernating,92,High risk
CUS-02302,25-34,Female,Germany,Returning,Affiliate,2023-01-18,Jeans,Desktop,At Risk,2024-07-27,2023-07-15,3,228.83999999999997,62.230000000000004,138.20999999999998,1,3,29.23,76.27999999999999,523,228.83999999999997,0.3333333333333333,0.11326384314333321,1,0,1.0155236329935124,523,3,228.83999999999997,1,2,2,122,Hibernating,92,High risk
CUS-08379,55+,Male,Spain,Returning,Organic Search,2023-12-02,Dresses,Mobile,Loyal Customers,2025-04-10,2024-07-29,2,227.60999999999999,85.81,69.07,1,2,5.11,113.80499999999999,266,227.60999999999999,0.5,0.021957717428669647,1,0,0.9599211563731932,266,2,227.60999999999999,2,2,2,222,Hibernating,92,High risk
CUS-05919,45-54,Female,Italy,Returning,Organic Search,2023-02-17,Bags,Desktop,At Risk,2024-05-03,2023-05-13,3,226.89,79.78,150.70999999999998,1,3,41.06,75.63,608,226.89,0.3333333333333333,0.1532375443179698,1,0,1.0445662535748332,608,3,226.89,1,2,2,122,Hibernating,92,High risk
CUS-02075,35-44,Female,France,Returning,Organic Search,2023-06-28,Shoes,Desktop,Hibernating,2024-05-06,2023-10-15,3,226.16,59.080000000000005,165.89,1,3,52.18000000000001,75.38666666666667,605,226.16,0.3333333333333333,0.1874685636272185,1,0,1.1936274509803921,605,3,226.16,1,2,2,122,Hibernating,92,High risk
CUS-01553,35-44,Female,Netherlands,Returning,Organic Search,2023-03-04,Jeans,Mobile,Hibernating,2024-04-28,2023-10-04,2,225.95999999999998,51.089999999999996,0.0,2,2,39.870000000000005,112.97999999999999,613,225.95999999999998,1.0,0.14998307188804877,1,0,0.7064796905222437,613,2,225.95999999999998,1,1,2,112,Hibernating,92,High risk
CUS-00814,25-34,Male,UK,Returning,Email,2024-01-10,Dresses,Mobile,Discount Seekers,2025-01-09,2024-09-13,2,220.95,69.36,166.06,1,2,47.31,110.475,357,220.95,0.5,0.1763587564303288,1,0,1.0117728531855956,357,2,220.95,2,1,2,212,Hibernating,92,High risk
CUS-04666,25-34,Male,Spain,Returning,Affiliate,2024-03-15,Dresses,Mobile,At Risk,2024-06-21,2024-05-15,2,218.02,75.14,160.9,1,2,36.39,109.01,559,218.02,0.5,0.14303683031327383,1,0,1.1118721461187215,559,2,218.02,1,1,2,112,Hibernating,92,High risk
CUS-02018,25-34,Female,UK,Returning,Affiliate,2023-04-16,Shoes,Mobile,At Risk,2024-07-04,2023-09-28,2,215.35000000000002,73.18,54.74,1,2,37.879999999999995,107.67500000000001,546,215.35000000000002,0.5,0.14958733167476204,1,0,0.7371342078708375,546,2,215.35000000000002,1,1,2,112,Hibernating,92,High risk
CUS-09608,25-34,Male,Spain,Returning,Google Search,2023-05-10,Jeans,Desktop,Loyal Customers,2024-11-05,2024-01-07,3,213.17,61.17,45.96,2,3,13.75,71.05666666666666,422,213.17,0.6666666666666666,0.06059404195311123,1,0,1.1331437435367115,422,3,213.17,1,3,2,132,At Risk,92,High risk
CUS-04284,25-34,Female,Germany,Returning,TikTok Ads,2023-08-02,Shoes,Mobile,Potential Loyalists,2024-05-24,2023-08-20,2,208.88,54.17,0.0,2,2,45.19,104.44,587,208.88,1.0,0.17786436808753492,1,0,0.8272933182332957,587,2,208.88,1,1,2,112,Hibernating,92,High risk
CUS-04410,45-54,Female,Italy,Returning,Google Search,2023-03-08,Shoes,Mobile,At Risk,2023-09-18,2023-06-28,3,208.09,56.8,150.07,1,3,46.65,69.36333333333333,836,208.09,0.3333333333333333,0.1831278951087383,1,0,1.0638349514563106,836,3,208.09,1,2,2,122,Hibernating,92,High risk
CUS-08188,25-34,Non-binary/Other,UK,Returning,Organic Search,2023-02-12,Dresses,Mobile,At Risk,2023-10-06,2023-04-23,3,207.99,68.73,133.64,1,3,28.61,69.33,818,207.99,0.3333333333333333,0.12092138630600167,1,0,1.0396110056925998,818,3,207.99,1,2,2,122,Hibernating,92,High risk
CUS-05578,18-24,Female,Italy,Returning,Display Ads,2024-02-29,Shoes,Desktop,Hibernating,2024-03-15,2024-03-05,2,204.73000000000002,67.44,77.36,1,2,25.169999999999998,102.36500000000001,657,204.73000000000002,0.5,0.10948238364506306,1,0,1.0870535714285714,657,2,204.73000000000002,1,2,2,122,Hibernating,92,High risk
CUS-08694,25-34,Male,UK,Returning,Email,2023-05-15,Dresses,Desktop,At Risk,2023-11-20,2023-11-08,2,203.38,55.0,84.92,1,2,46.230000000000004,101.69,773,203.38,0.5,0.18520892592444213,1,0,0.7593555093555094,773,2,203.38,1,2,2,122,Hibernating,92,High risk
CUS-07607,45-54,Female,Italy,Returning,Email,2023-04-24,Jeans,Mobile,At Risk,2024-10-26,2023-09-30,2,195.5,51.49,52.07,1,2,24.81,97.75,432,195.5,0.5,0.11261404384730606,1,0,0.7431332655137335,432,2,195.5,1,2,2,122,Hibernating,92,High risk
CUS-09263,25-34,Male,Spain,Returning,Google Search,2023-06-03,Jeans,Mobile,At Risk,2023-10-19,2023-07-02,3,193.37,46.0,127.71,1,3,36.550000000000004,64.45666666666666,805,193.37,0.3333333333333333,0.15896833681280445,1,0,1.161983032873807,805,3,193.37,1,3,2,132,At Risk,92,High risk
CUS-05033,55+,Male,France,Returning,Organic Search,2024-09-06,Jeans,Desktop,At Risk,2024-11-13,2024-11-13,1,192.74,43.77,0.0,1,1,38.71,192.74,414,192.74,1.0,0.167249945992655,0,0,0.7577800829875518,414,1,192.74,1,1,2,112,Hibernating,92,High risk
CUS-03136,25-34,Female,Netherlands,Returning,Affiliate,2023-03-05,Accessories,Mobile,Loyal Customers,2025-01-30,2024-02-27,2,192.26999999999998,101.91999999999999,71.41,1,2,2.8499999999999996,96.13499999999999,336,192.26999999999998,0.5,0.01460639606396064,1,0,0.707163601161665,336,2,192.26999999999998,2,1,2,212,Hibernating,92,High risk
CUS-06869,18-24,Male,Netherlands,Returning,Email,2023-12-10,Jeans,Desktop,At Risk,2024-08-27,2024-01-13,2,190.99,49.23,31.24,1,2,36.44,95.495,492,190.99,0.5,0.16022512421404386,1,0,0.9701195219123505,492,2,190.99,1,2,2,122,Hibernating,92,High risk
CUS-07402,35-44,Female,Poland,Returning,Affiliate,2023-04-03,Shoes,Desktop,At Risk,2024-07-16,2023-06-28,3,188.10000000000002,72.07,86.01,1,3,20.240000000000002,62.70000000000001,534,188.10000000000002,0.3333333333333333,0.09714889123548046,1,0,1.0913844621513944,534,3,188.10000000000002,1,2,2,122,Hibernating,92,High risk
CUS-05100,35-44,Female,Germany,Returning,Google Search,2024-04-25,Bags,Mobile,At Risk,2024-10-19,2024-10-09,2,186.57,59.14,81.29,1,2,45.69,93.285,439,186.57,0.5,0.1967191940067166,1,0,1.1858766233766234,439,2,186.57,1,1,2,112,Hibernating,92,High risk
CUS-02226,45-54,Male,Spain,Returning,TikTok Ads,2023-03-20,Dresses,Tablet,At Risk,2024-08-12,2023-05-17,3,186.34,59.16,108.1,1,3,37.87,62.11333333333334,507,186.34,0.3333333333333333,0.16890415235716513,1,0,1.0763752455795677,507,3,186.34,1,2,2,122,Hibernating,92,High risk
CUS-03804,35-44,Male,France,Returning,TikTok Ads,2023-07-27,Shoes,Mobile,At Risk,2024-05-10,2023-09-30,2,185.96,58.47,85.54,1,2,27.17,92.98,601,185.96,0.5,0.12748088021395393,1,0,0.8217097862767154,601,2,185.96,1,1,2,112,Hibernating,92,High risk
CUS-08344,18-24,Female,France,Returning,Meta Ads,2023-04-21,Shoes,Desktop,At Risk,2023-09-19,2023-06-15,2,184.32999999999998,47.04,54.7,1,2,27.78,92.16499999999999,835,184.32999999999998,0.5,0.13096977983121966,1,0,0.7408722109533469,835,2,184.32999999999998,1,2,2,122,Hibernating,92,High risk
CUS-09871,55+,Male,Poland,Returning,Display Ads,2023-12-26,Jeans,Mobile,Hibernating,2024-04-14,2024-03-01,2,182.49,47.23,70.7,1,2,36.89,91.245,627,182.49,0.5,0.1681557115507339,1,0,0.9911804613297152,627,2,182.49,1,2,2,122,Hibernating,92,High risk
CUS-00709,35-44,Male,UK,Returning,Affiliate,2023-03-17,Jeans,Mobile,Hibernating,2023-05-21,2023-04-30,2,182.39,38.53,128.76,1,2,42.61,91.195,956,182.39,0.5,0.18937777777777778,1,0,0.7154750244857982,956,2,182.39,1,1,2,112,Hibernating,92,High risk
CUS-01558,25-34,Male,France,Returning,Affiliate,2023-02-12,Accessories,Desktop,Hibernating,2024-01-31,2023-04-27,2,181.85000000000002,62.61,72.42,1,2,27.67,90.92500000000001,701,181.85000000000002,0.5,0.13206376479572354,1,0,0.6930740037950665,701,2,181.85000000000002,1,1,2,112,Hibernating,92,High risk
CUS-01700,18-24,Non-binary/Other,Germany,Returning,Meta Ads,2023-04-26,Jeans,Mobile,At Risk,2023-10-15,2023-07-23,2,180.63,52.97,125.45,1,2,18.14,90.315,809,180.63,0.5,0.09126125672888263,1,0,0.7446483180428134,809,2,180.63,1,1,2,112,Hibernating,92,High risk
CUS-00086,25-34,Male,Spain,Returning,Google Search,2023-05-26,Shoes,Mobile,Hibernating,2024-02-11,2023-10-16,3,179.6,46.650000000000006,116.82,1,3,41.43,59.86666666666667,690,179.6,0.3333333333333333,0.18744061892050853,1,0,1.1522082018927444,690,3,179.6,1,2,2,122,Hibernating,92,High risk
CUS-01367,55+,Female,France,Returning,Email,2023-11-26,Shoes,Mobile,At Risk,2024-04-05,2023-12-08,2,178.89,55.73,98.18,1,2,17.8,89.445,636,178.89,0.5,0.0904977375565611,1,0,0.952411994784876,636,2,178.89,1,1,2,112,Hibernating,92,High risk
CUS-07236,18-24,Female,UK,Returning,Google Search,2024-03-25,Shoes,Mobile,At Risk,2024-08-19,2024-05-28,2,176.79000000000002,42.2,70.68,1,2,37.61,88.39500000000001,500,176.79000000000002,0.5,0.17541977611940296,1,0,1.1290571870170016,500,2,176.79000000000002,1,2,2,122,Hibernating,92,High risk
CUS-09661,25-34,Male,Italy,Returning,Affiliate,2024-03-23,Shoes,Tablet,Potential Loyalists,2025-04-03,2025-04-03,1,174.16,47.22,0.0,1,1,32.4,174.16,273,174.16,1.0,0.156855151045701,0,0,0.562788906009245,273,1,174.16,2,1,2,212,Hibernating,92,High risk
CUS-07735,25-34,Female,Poland,Returning,Organic Search,2023-07-06,Dresses,Mobile,At Risk,2024-09-23,2023-08-15,2,173.17000000000002,60.46000000000001,56.3,1,2,21.74,86.58500000000001,465,173.17000000000002,0.5,0.11153865886819556,1,0,0.8027472527472527,465,2,173.17000000000002,1,2,2,122,Hibernating,92,High risk
CUS-07983,18-24,Female,UK,Returning,Meta Ads,2023-07-02,Bags,Tablet,At Risk,2024-04-22,2023-07-28,2,173.03,63.510000000000005,77.13,1,2,21.07,86.515,619,173.03,0.5,0.10855229263266358,1,0,0.799234135667396,619,2,173.03,1,2,2,122,Hibernating,92,High risk
CUS-08372,35-44,Male,France,Returning,Organic Search,2023-11-15,Bags,Desktop,At Risk,2025-05-01,2023-11-29,2,172.32,54.56,30.26,1,2,42.8,86.16,245,172.32,0.5,0.19895872071402007,1,0,0.9389460154241644,245,2,172.32,2,2,2,222,Hibernating,92,High risk
CUS-01722,45-54,Female,UK,Returning,Organic Search,2023-12-22,Shoes,Mobile,At Risk,2024-11-01,2023-12-23,2,169.82,51.1,72.07,1,2,26.83,84.91,426,169.82,0.5,0.13643529112636665,1,0,0.98582995951417,426,2,169.82,1,1,2,112,Hibernating,92,High risk
CUS-08001,35-44,Female,Italy,Returning,Meta Ads,2024-02-14,Shoes,Desktop,Discount Seekers,2025-04-15,2024-08-22,2,167.75,27.42,167.75,0,2,74.19999999999999,83.875,261,167.75,0.0,0.3066749328373631,1,0,1.0633187772925765,261,2,167.75,2,2,2,222,Hibernating,92,High risk
CUS-07608,18-24,Male,Poland,Returning,Affiliate,2023-02-09,Bags,Tablet,At Risk,2024-06-10,2023-03-30,3,166.92000000000002,48.06,122.99000000000001,1,3,33.129999999999995,55.64000000000001,570,166.92000000000002,0.3333333333333333,0.16560859785053733,1,0,1.0366603595080415,570,3,166.92000000000002,1,2,2,122,Hibernating,92,High risk
CUS-00710,35-44,Female,France,Returning,Google Search,2024-07-27,Shoes,Desktop,At Risk,2024-08-03,2024-08-03,1,164.09,42.96,0.0,1,1,32.28,164.09,516,164.09,1.0,0.1643835616438356,0,0,0.6983747609942639,516,1,164.09,1,1,2,112,Hibernating,92,High risk
CUS-01372,25-34,Female,Germany,Returning,Organic Search,2023-09-28,Dresses,Mobile,At Risk,2024-07-12,2024-01-18,2,163.42000000000002,49.849999999999994,76.62,1,2,27.839999999999996,81.71000000000001,538,163.42000000000002,0.5,0.14556101641744218,1,0,0.8843825665859565,538,2,163.42000000000002,1,1,2,112,Hibernating,92,High risk
CUS-05550,35-44,Male,France,Returning,Email,2023-01-25,Jeans,Mobile,Hibernating,2023-11-15,2023-05-22,2,162.14,33.74,113.19,1,2,37.11,81.07,778,162.14,0.5,0.18624843161856963,1,0,0.6814365671641791,778,2,162.14,1,2,2,122,Hibernating,92,High risk
CUS-06551,18-24,Female,Italy,Returning,Email,2024-01-24,Beauty,Mobile,Hibernating,2024-05-28,2024-05-05,2,160.13,46.51,56.6,1,2,35.21,80.065,583,160.13,0.5,0.1802498208252278,1,0,1.0317796610169492,583,2,160.13,1,2,2,122,Hibernating,92,High risk
CUS-05062,45-54,Male,France,Returning,Organic Search,2023-07-25,Dresses,Mobile,At Risk,2025-03-16,2023-10-10,2,159.82999999999998,48.17,95.09,1,2,37.34,79.91499999999999,291,159.82999999999998,0.5,0.18937972308160472,1,0,0.8198653198653199,291,2,159.82999999999998,2,1,2,212,Hibernating,92,High risk
CUS-00045,35-44,Female,Spain,Returning,Display Ads,2023-05-18,Jeans,Mobile,Hibernating,2023-08-25,2023-07-03,3,159.70999999999998,35.04,111.91999999999999,1,3,36.94,53.23666666666666,860,159.70999999999998,0.3333333333333333,0.18784642766336132,1,0,1.1425964546402503,860,3,159.70999999999998,1,2,2,122,Hibernating,92,High risk
CUS-08035,18-24,Female,Spain,Returning,Google Search,2023-02-08,Jeans,Desktop,At Risk,2025-02-04,2023-08-11,3,158.8,48.71,113.53999999999999,1,3,31.46,52.93333333333334,331,158.8,0.3333333333333333,0.16535267528645012,1,0,1.035680529300567,331,3,158.8,2,2,2,222,Hibernating,92,High risk
CUS-00433,25-34,Female,Poland,Returning,TikTok Ads,2023-03-03,Jeans,Mobile,Hibernating,2023-04-15,2023-04-15,1,158.71,40.54,0.0,1,1,19.26,158.71,992,158.71,1.0,0.10822048659886499,0,0,0.35289855072463766,992,1,158.71,1,1,2,112,Hibernating,92,High risk
CUS-08552,18-24,Female,UK,Returning,Google Search,2023-03-23,Jeans,Mobile,At Risk,2024-01-15,2023-10-24,3,158.59,32.99,111.3,1,3,38.230000000000004,52.86333333333334,717,158.59,0.3333333333333333,0.19423839040747895,1,0,1.0795566502463054,717,3,158.59,1,3,2,132,At Risk,92,High risk
CUS-09483,25-34,Female,Germany,Returning,Meta Ads,2023-11-08,Shoes,Desktop,Hibernating,2024-03-19,2024-02-14,2,158.11,38.3,86.32,1,2,37.67,79.055,653,158.11,0.5,0.19240984778833384,1,0,0.9305732484076433,653,2,158.11,1,2,2,122,Hibernating,92,High risk
CUS-08256,55+,Female,UK,Returning,Organic Search,2024-03-29,Shoes,Desktop,Discount Seekers,2025-01-06,2024-12-22,2,158.03,26.419999999999998,158.03,0,2,68.88,79.015,360,158.03,0.0,0.3035564761359129,1,0,1.1360808709175738,360,2,158.03,2,2,2,222,Hibernating,92,High risk
CUS-02416,35-44,Female,UK,Returning,Email,2023-01-16,Accessories,Desktop,Hibernating,2024-09-25,2023-05-08,3,155.76,48.599999999999994,125.92999999999999,1,3,33.949999999999996,51.919999999999995,463,155.76,0.3333333333333333,0.17895735596436665,1,0,1.0136447733580018,463,3,155.76,1,2,2,122,Hibernating,92,High risk
CUS-02350,25-34,Female,Germany,Returning,Organic Search,2023-04-22,Jeans,Desktop,At Risk,2023-10-22,2023-07-19,2,152.0,40.76,55.28,1,2,19.18,76.0,802,152.0,0.5,0.11204579974296063,1,0,0.7416243654822335,802,2,152.0,1,1,2,112,Hibernating,92,High risk
CUS-01780,18-24,Female,Germany,Returning,Display Ads,2024-09-05,Beauty,Mobile,Hibernating,2024-10-30,2024-10-30,1,151.19,46.81,0.0,1,1,17.96,151.19,428,151.19,1.0,0.10617794856636122,0,0,0.7562111801242236,428,1,151.19,1,1,2,112,Hibernating,92,High risk
CUS-01427,25-34,Male,Italy,Returning,Affiliate,2023-05-10,Jeans,Desktop,Hibernating,2023-09-01,2023-07-10,2,150.63,32.33,54.02,1,2,26.66,75.315,853,150.63,0.5,0.1503750916577359,1,0,0.7554291623578077,853,2,150.63,1,1,2,112,Hibernating,92,High risk
CUS-08338,35-44,Female,UK,Returning,TikTok Ads,2023-10-04,Accessories,Mobile,Hibernating,2023-11-20,2023-10-20,2,149.69,45.94,26.95,1,2,22.55,74.845,773,149.69,0.5,0.13092196934509986,1,0,0.8908536585365853,773,2,149.69,1,2,2,122,Hibernating,92,High risk
CUS-07286,45-54,Female,Netherlands,Returning,Display Ads,2023-03-30,Jeans,Mobile,At Risk,2024-07-28,2023-04-02,3,148.41,37.93,127.7,1,3,28.24,49.47,522,148.41,0.3333333333333333,0.15986413812623831,1,0,1.0870535714285714,522,3,148.41,1,2,2,122,Hibernating,92,High risk
CUS-03078,35-44,Male,Netherlands,Returning,TikTok Ads,2023-09-10,Dresses,Tablet,At Risk,2024-08-02,2024-03-10,2,146.0,40.5,95.01,1,2,34.72,73.0,517,146.0,0.5,0.1921204072598495,1,0,0.8655213270142179,517,2,146.0,1,1,2,112,Hibernating,92,High risk
CUS-05477,35-44,Female,France,Returning,TikTok Ads,2023-09-21,Dresses,Mobile,At Risk,2024-10-26,2024-10-26,1,145.81,40.71,0.0,1,1,21.33,145.81,432,145.81,1.0,0.12761756611224123,0,0,0.4384753901560624,432,1,145.81,1,1,2,112,Hibernating,92,High risk
CUS-03284,25-34,Male,Germany,Returning,Google Search,2024-04-11,Shoes,Mobile,Hibernating,2024-09-25,2024-05-28,2,143.95,33.0,66.27,1,2,35.74,71.975,463,143.95,0.5,0.19889810228727253,1,0,1.1595238095238094,463,2,143.95,1,1,2,112,Hibernating,92,High risk
CUS-06735,35-44,Non-binary/Other,UK,Returning,Meta Ads,2024-10-02,Jeans,Mobile,Hibernating,2024-10-02,2024-10-02,1,142.68,39.03,0.0,1,1,13.3,142.68,456,142.68,1.0,0.08526734196691883,0,0,0.8009868421052632,456,1,142.68,1,1,2,112,Hibernating,92,High risk
CUS-08679,45-54,Female,France,Returning,Google Search,2024-01-11,Jeans,Desktop,At Risk,2024-04-06,2024-01-27,2,140.5,44.69,38.38,1,2,11.860000000000001,70.25,635,140.5,0.5,0.07784195326857443,1,0,1.0131761442441054,635,2,140.5,1,2,2,122,Hibernating,92,High risk
CUS-02421,25-34,Female,France,Returning,Organic Search,2023-02-21,Jeans,Mobile,At Risk,2024-01-01,2023-05-11,3,140.3,34.33,85.18,1,3,24.57,46.76666666666667,731,140.3,0.3333333333333333,0.1490265057317887,1,0,1.0485645933014354,731,3,140.3,1,2,2,122,Hibernating,92,High risk
CUS-00616,25-34,Male,Poland,Returning,Organic Search,2023-04-15,Jeans,Mobile,Hibernating,2023-09-18,2023-05-25,2,136.73,36.25,83.47,1,2,18.200000000000003,68.365,836,136.73,0.5,0.11747240689343576,1,0,0.736391129032258,836,2,136.73,1,1,2,112,Hibernating,92,High risk
CUS-07056,35-44,Male,Germany,Returning,Google Search,2024-03-10,Jeans,Mobile,At Risk,2025-03-30,2024-04-21,2,136.18,37.96,64.13,1,2,13.690000000000001,68.09,277,136.18,0.5,0.09134583305531462,1,0,1.103474320241692,277,2,136.18,2,2,2,222,Hibernating,92,High risk
CUS-07618,18-24,Female,Netherlands,Returning,Affiliate,2023-01-22,Shoes,Mobile,Hibernating,2023-07-23,2023-03-21,2,134.47,28.66,55.5,1,2,32.35,67.235,893,134.47,0.5,0.1939215921352356,1,0,0.6795348837209302,893,2,134.47,1,2,2,122,Hibernating,92,High risk
CUS-01943,35-44,Female,Italy,Returning,TikTok Ads,2023-11-23,Jeans,Mobile,Hibernating,2024-02-29,2024-02-11,2,134.33999999999997,34.730000000000004,64.1,1,2,21.57,67.16999999999999,672,134.33999999999997,0.5,0.1383490475274197,1,0,0.9487012987012987,672,2,134.33999999999997,1,1,2,112,Hibernating,92,High risk
CUS-08530,25-34,Female,Spain,Returning,Organic Search,2024-04-09,Beauty,Mobile,Hibernating,2024-07-09,2024-05-16,2,134.14,46.709999999999994,71.94,1,2,30.64,67.07,541,134.14,0.5,0.18594489622527008,1,0,1.1558544303797469,541,2,134.14,1,2,2,122,Hibernating,92,High risk
CUS-02390,25-34,Male,UK,Returning,Email,2023-02-10,Shoes,Mobile,At Risk,2024-02-19,2023-10-26,2,132.09,34.79,75.25,1,2,32.32,66.045,682,132.09,0.5,0.19658171644060582,1,0,0.6917613636363635,682,2,132.09,1,1,1,111,Hibernating,92,High risk
CUS-01765,45-54,Female,France,Returning,Organic Search,2024-01-20,Jeans,Desktop,Hibernating,2024-01-27,2024-01-27,1,131.7,33.82,0.0,1,1,13.18,131.7,705,131.7,1.0,0.09097183876311431,0,0,0.5129915730337079,705,1,131.7,1,1,1,111,Hibernating,92,High risk
CUS-07350,25-34,Female,France,Returning,Meta Ads,2023-04-18,Shoes,Mobile,At Risk,2023-11-08,2023-05-20,2,131.31,33.8,59.08,1,2,31.729999999999997,65.655,785,131.31,0.5,0.19461481844946024,1,0,0.7386248736097069,785,2,131.31,1,2,1,121,Hibernating,92,High risk
CUS-03071,45-54,Male,Netherlands,Returning,Affiliate,2024-05-02,Bags,Mobile,At Risk,2025-02-03,2024-05-16,2,130.57,36.87,42.94,1,2,26.75,65.285,332,130.57,0.5,0.17003559623696923,1,0,1.1995073891625616,332,2,130.57,2,1,1,211,Hibernating,92,High risk
CUS-04130,45-54,Female,Poland,Returning,Google Search,2023-04-13,Dresses,Mobile,At Risk,2024-05-27,2024-05-27,1,130.07,44.13,0.0,1,1,18.47,130.07,584,130.07,1.0,0.12434361114851218,0,0,0.3674547283702213,584,1,130.07,1,1,1,111,Hibernating,92,High risk
CUS-00464,18-24,Male,Spain,Returning,Email,2023-04-05,Shoes,Desktop,At Risk,2024-05-05,2023-05-31,2,129.59,31.55,51.78,1,2,31.78,64.795,606,129.59,0.5,0.1969387122761356,1,0,0.7290419161676647,606,2,129.59,1,1,1,111,Hibernating,92,High risk
CUS-06668,35-44,Female,Germany,Returning,Display Ads,2024-09-19,Dresses,Mobile,At Risk,2024-10-04,2024-10-04,1,128.85,36.67,0.0,1,1,16.65,128.85,454,128.85,1.0,0.11443298969072165,0,0,0.7787846481876333,454,1,128.85,1,1,1,111,Hibernating,92,High risk
CUS-03061,25-34,Male,Netherlands,Returning,Google Search,2023-03-22,Jeans,Desktop,Hibernating,2024-11-22,2023-09-13,2,127.19,27.35,86.88,1,2,23.5,63.595,405,127.19,0.5,0.15594929988718562,1,0,0.718996062992126,405,2,127.19,1,1,1,111,Hibernating,92,High risk
CUS-03304,25-34,Male,Germany,Returning,Meta Ads,2023-08-01,Accessories,Desktop,Hibernating,2024-02-23,2023-09-28,2,126.97,49.04,77.05,1,2,28.03,63.485,678,126.97,0.5,0.18083870967741936,1,0,0.8263574660633484,678,2,126.97,1,1,1,111,Hibernating,92,High risk
CUS-03687,18-24,Female,Germany,Returning,Google Search,2023-08-23,Shoes,Mobile,At Risk,2024-12-29,2023-10-15,2,126.4,32.3,59.09,1,2,27.18,63.2,368,126.4,0.5,0.1769761687719755,1,0,0.8474477958236659,368,2,126.4,2,1,1,211,Hibernating,92,High risk
CUS-00223,18-24,Female,Germany,Returning,Meta Ads,2023-05-16,Jeans,Mobile,At Risk,2023-11-25,2023-09-04,3,126.39,44.660000000000004,101.64,1,3,14.36,42.13,768,126.39,0.3333333333333333,0.10202486678507992,1,0,1.1402185223725287,768,3,126.39,1,2,1,121,Hibernating,92,High risk
CUS-03233,55+,Female,Netherlands,Returning,TikTok Ads,2023-04-30,Dresses,Mobile,At Risk,2024-01-17,2023-07-15,3,125.93,49.78,96.0,1,3,16.58,41.97666666666667,715,125.93,0.3333333333333333,0.11634271279208476,1,0,1.1215455475946774,715,3,125.93,1,2,1,121,Hibernating,92,High risk
CUS-00137,18-24,Male,Italy,Returning,Organic Search,2023-05-13,Jeans,Mobile,At Risk,2024-07-07,2023-08-14,2,125.8,40.61,65.27,1,2,9.79,62.9,543,125.8,0.5,0.07220296482041448,1,0,0.7577800829875518,543,2,125.8,1,1,1,111,Hibernating,92,High risk
CUS-09985,35-44,Male,Spain,Returning,TikTok Ads,2023-11-01,Accessories,Tablet,Hibernating,2024-05-18,2024-03-18,2,124.97,40.82,30.09,1,2,23.549999999999997,62.485,593,124.97,0.5,0.15856450309722597,1,0,0.9223484848484848,593,2,124.97,1,2,1,121,Hibernating,92,High risk
CUS-03180,35-44,Female,France,Returning,Affiliate,2024-11-06,Jeans,Mobile,Hibernating,2024-11-06,2024-11-06,1,124.48,32.38,0.0,1,1,11.7,124.48,421,124.48,1.0,0.08591569980907621,0,0,0.8675771971496438,421,1,124.48,1,1,1,111,Hibernating,92,High risk
CUS-09445,35-44,Male,UK,Returning,Organic Search,2023-03-27,Accessories,Mobile,Hibernating,2024-01-19,2023-07-17,2,120.43,32.14,27.35,1,2,20.68,60.215,713,120.43,0.5,0.14655233505775633,1,0,0.7225519287833828,713,2,120.43,1,2,1,121,Hibernating,92,High risk
CUS-04660,25-34,Female,UK,Returning,Affiliate,2024-02-23,Accessories,Desktop,Hibernating,2024-05-29,2024-03-28,2,119.25,55.41,34.79,1,2,16.259999999999998,59.625,582,119.25,0.5,0.11999114456497675,1,0,1.0774336283185841,582,2,119.25,1,1,1,111,Hibernating,92,High risk
CUS-01941,25-34,Male,Spain,Returning,Display Ads,2023-03-03,Dresses,Mobile,At Risk,2023-11-10,2023-03-27,2,118.58,37.379999999999995,59.43,1,2,21.34,59.29,783,118.58,0.5,0.15251572327044027,1,0,0.7057971014492753,783,2,118.58,1,1,1,111,Hibernating,92,High risk
CUS-01725,25-34,Male,UK,Returning,TikTok Ads,2023-10-19,Jeans,Tablet,At Risk,2024-06-22,2024-03-22,2,116.1,33.09,51.64,1,2,20.16,58.05,558,116.1,0.5,0.14795244385733158,1,0,0.9074534161490683,558,2,116.1,1,1,1,111,Hibernating,92,High risk
CUS-09027,35-44,Female,France,Returning,Meta Ads,2023-02-19,Shoes,Mobile,Hibernating,2023-06-14,2023-03-05,2,115.24,30.229999999999997,80.63,1,2,22.080000000000002,57.62,932,115.24,0.5,0.16079230993300322,1,0,0.6977077363896848,932,2,115.24,1,2,1,121,Hibernating,92,High risk
CUS-06219,25-34,Male,France,Returning,Meta Ads,2024-01-09,Shoes,Desktop,Hibernating,2024-03-19,2024-01-11,2,115.03,33.05,52.2,1,2,14.59,57.515,653,115.03,0.5,0.11255979015584014,1,0,1.0103734439834025,653,2,115.03,1,2,1,121,Hibernating,92,High risk
CUS-07094,25-34,Female,France,Returning,Google Search,2023-09-17,Dresses,Mobile,At Risk,2023-11-22,2023-10-06,2,114.75,30.65,64.91,1,2,21.32,57.375,771,114.75,0.5,0.15668405967516721,1,0,0.8727598566308243,771,2,114.75,1,2,1,121,Hibernating,92,High risk
CUS-00975,25-34,Male,France,Returning,Affiliate,2023-08-30,Accessories,Mobile,Hibernating,2024-01-29,2023-12-05,2,107.14,32.31,27.23,1,2,10.64,53.57,703,107.14,0.5,0.09033791815248769,1,0,0.8543859649122808,703,2,107.14,1,1,1,111,Hibernating,92,High risk
CUS-06057,25-34,Male,France,Returning,Organic Search,2024-03-14,Dresses,Mobile,At Risk,2024-04-20,2024-04-20,1,106.53,32.64,0.0,1,1,18.22,106.53,621,106.53,1.0,0.14605210420841683,0,0,0.5550911854103343,621,1,106.53,1,1,1,111,Hibernating,92,High risk
CUS-04789,18-24,Male,UK,Returning,TikTok Ads,2023-04-19,Jeans,Desktop,Hibernating,2024-03-30,2023-09-01,2,103.64,28.33,47.79,1,2,13.23,51.82,642,103.64,0.5,0.11320270385898862,1,0,0.7393724696356275,642,2,103.64,1,1,1,111,Hibernating,92,High risk
CUS-02044,25-34,Female,Germany,Returning,Email,2023-04-11,Dresses,Mobile,At Risk,2023-10-13,2023-09-27,2,99.76,21.96,35.03,1,2,19.71,49.88,811,99.76,0.5,0.16497865572947185,1,0,0.733433734939759,811,2,99.76,1,1,1,111,Hibernating,92,High risk
CUS-02522,25-34,Male,France,Returning,Organic Search,2024-04-30,Sportswear,Mobile,Potential Loyalists,2024-10-19,2024-10-19,1,98.65,31.48,0.0,1,1,13.63,98.65,439,98.65,1.0,0.12139294620591379,0,0,0.5977905073649754,439,1,98.65,1,1,1,111,Hibernating,92,High risk
CUS-01599,25-34,Female,Poland,Returning,Email,2023-02-23,Shoes,Mobile,Loyal Customers,2024-09-10,2024-06-16,2,97.88999999999999,41.42,69.74,1,2,6.05,48.94499999999999,478,97.88999999999999,0.5,0.0582066576871272,1,0,0.7003835091083412,478,2,97.88999999999999,1,1,1,111,Hibernating,92,High risk
CUS-04597,35-44,Female,France,Returning,Google Search,2023-01-11,Shoes,Mobile,Hibernating,2023-04-18,2023-04-18,1,96.87,29.75,0.0,1,1,8.35,96.87,989,96.87,1.0,0.0793575365900019,0,0,0.3363259668508287,989,1,96.87,1,1,1,111,Hibernating,92,High risk
CUS-06095,18-24,Female,UK,Returning,Email,2023-08-13,Jeans,Desktop,Hibernating,2024-04-07,2024-03-02,2,96.25,26.27,53.52,1,2,14.33,48.125,634,96.25,0.5,0.12958943751130403,1,0,0.837729357798165,634,2,96.25,1,2,1,121,Hibernating,92,High risk
CUS-00285,18-24,Female,Italy,Returning,Google Search,2024-02-12,Jeans,Mobile,At Risk,2024-12-25,2024-05-24,2,91.44,22.32,37.83,1,2,22.54,45.72,372,91.44,0.5,0.1977539919284085,1,0,1.0602322206095791,372,2,91.44,2,1,1,211,Hibernating,92,High risk
CUS-07653,55+,Female,Italy,Returning,Meta Ads,2024-11-25,Shoes,Mobile,Hibernating,2024-11-25,2024-11-25,1,91.08,27.4,0.0,1,1,13.31,91.08,402,91.08,1.0,0.12750263435194942,0,0,0.9085820895522387,402,1,91.08,1,1,1,111,Hibernating,92,High risk
CUS-04288,45-54,Female,Netherlands,Returning,Organic Search,2023-01-08,Dresses,Desktop,At Risk,2024-06-29,2024-06-29,1,87.73,28.01,0.0,1,1,6.25,87.73,551,87.73,1.0,0.06650351138540114,0,0,0.33539944903581265,551,1,87.73,1,1,1,111,Hibernating,92,High risk
CUS-00444,35-44,Female,Italy,Returning,Organic Search,2023-04-15,Accessories,Desktop,Hibernating,2023-10-27,2023-08-15,3,85.93,31.77,58.86,1,3,21.33,28.643333333333334,797,85.93,0.3333333333333333,0.19886257691590525,1,0,1.104586693548387,797,3,85.93,1,2,1,121,Hibernating,92,High risk
CUS-03856,25-34,Male,Germany,Returning,Display Ads,2024-03-21,Shoes,Mobile,Hibernating,2024-03-28,2024-03-28,1,85.42,19.23,0.0,1,1,19.5,85.42,644,85.42,1.0,0.1858558902020587,0,0,0.5610599078341014,644,1,85.42,1,1,1,111,Hibernating,92,High risk
CUS-02142,25-34,Male,Poland,Returning,Display Ads,2023-12-12,Sportswear,Desktop,Discount Seekers,2025-04-10,2024-09-22,2,84.62,16.39,84.62,0,2,35.09,42.31,266,84.62,0.0,0.2931250522095063,1,0,0.9727030625832223,266,2,84.62,2,1,1,211,Hibernating,92,High risk
CUS-08714,18-24,Female,France,Returning,Google Search,2023-10-24,Accessories,Desktop,Hibernating,2025-01-26,2024-05-22,2,82.05000000000001,21.82,26.1,1,2,17.6,41.025000000000006,340,82.05000000000001,0.5,0.17661816357250376,1,0,0.9131250000000001,340,2,82.05000000000001,2,2,1,221,Hibernating,92,High risk
CUS-03209,25-34,Male,France,Returning,Affiliate,2023-03-19,Accessories,Mobile,Hibernating,2023-08-15,2023-06-24,2,81.9,26.46,43.45,1,2,12.05,40.95,870,81.9,0.5,0.12825971261309208,1,0,0.7168792934249264,870,2,81.9,1,1,1,111,Hibernating,92,High risk
CUS-08924,35-44,Female,France,Returning,Google Search,2024-08-05,Bags,Desktop,At Risk,2024-09-01,2024-09-01,1,78.34,25.42,0.0,1,1,16.62,78.34,487,78.34,1.0,0.17502106149957877,0,0,0.710603112840467,487,1,78.34,1,1,1,111,Hibernating,92,High risk
CUS-00760,55+,Female,Germany,Returning,Meta Ads,2024-01-01,Sportswear,Desktop,Discount Seekers,2025-03-15,2024-09-24,2,77.46000000000001,14.4,77.46000000000001,0,2,33.18,38.730000000000004,292,77.46000000000001,0.0,0.2998915401301518,1,0,0.9993160054719562,292,2,77.46000000000001,2,1,1,211,Hibernating,92,High risk
CUS-09401,35-44,Female,Italy,Returning,Affiliate,2024-12-03,Shoes,Mobile,At Risk,2025-03-19,2025-03-19,1,76.84,18.74,0.0,1,1,8.71,76.84,288,76.84,1.0,0.10181180596142607,0,0,0.927030456852792,288,1,76.84,2,1,1,211,Hibernating,92,High risk
CUS-06197,35-44,Male,Italy,Returning,Email,2023-07-04,Sportswear,Mobile,Discount Seekers,2025-03-03,2025-03-03,1,76.42,15.58,76.42,0,1,30.32,76.42,304,76.42,0.0,0.2840547123852351,0,0,0.4004934210526316,304,1,76.42,2,1,1,211,Hibernating,92,High risk
CUS-01580,25-34,Female,France,Returning,Google Search,2024-07-27,Jeans,Mobile,Hibernating,2024-08-03,2024-08-03,1,75.92,14.22,0.0,1,1,11.87,75.92,516,75.92,1.0,0.1352090215286479,0,0,0.6983747609942639,516,1,75.92,1,1,1,111,Hibernating,92,High risk
CUS-02858,25-34,Female,Netherlands,Returning,Display Ads,2023-07-05,Jeans,Tablet,At Risk,2024-01-31,2023-12-09,2,74.43,21.93,23.07,1,2,6.96,37.215,701,74.43,0.5,0.085514190932547,1,0,0.8018660812294182,701,2,74.43,1,1,1,111,Hibernating,92,High risk
CUS-03052,35-44,Female,Italy,Returning,TikTok Ads,2023-09-02,Accessories,Mobile,Hibernating,2024-05-15,2024-01-30,2,73.11,25.57,43.15,1,2,16.58,36.555,596,73.11,0.5,0.18485895863529936,1,0,0.8573943661971831,596,2,73.11,1,1,1,111,Hibernating,92,High risk
CUS-09279,25-34,Female,Spain,Returning,Meta Ads,2023-04-08,Beauty,Mobile,Hibernating,2024-09-16,2023-10-22,2,69.88,26.18,42.23,1,2,14.89,34.94,472,69.88,0.5,0.17565176359561166,1,0,0.7312312312312312,472,2,69.88,1,2,1,121,Hibernating,92,High risk
CUS-01714,45-54,Female,Netherlands,Returning,Email,2023-07-25,Jeans,Desktop,Hibernating,2023-08-31,2023-08-31,1,69.41,13.17,0.0,1,1,9.41,69.41,854,69.41,1.0,0.1193859426541487,0,0,0.4099326599326599,854,1,69.41,1,1,1,111,Hibernating,92,High risk
CUS-01120,35-44,Female,Germany,Returning,Meta Ads,2023-03-06,Jeans,Mobile,Hibernating,2023-08-09,2023-08-09,1,68.96,13.11,0.0,1,1,14.54,68.96,876,68.96,1.0,0.1741317365269461,0,0,0.3539244186046511,876,1,68.96,1,1,1,111,Hibernating,92,High risk
CUS-01953,25-34,Female,Italy,Returning,Email,2023-12-18,Jeans,Mobile,At Risk,2024-04-11,2024-04-11,1,68.86,19.96,0.0,1,1,4.75,68.86,630,68.86,1.0,0.0645292759135987,0,0,0.49026845637583893,630,1,68.86,1,1,1,111,Hibernating,92,High risk
CUS-02405,35-44,Female,UK,Returning,Email,2023-06-07,Accessories,Desktop,Hibernating,2024-02-04,2023-11-12,2,64.71,26.68,30.3,1,2,9.66,32.355,697,64.71,0.5,0.12989108511496572,1,0,0.7779552715654952,697,2,64.71,1,1,1,111,Hibernating,92,High risk
CUS-02731,18-24,Non-binary/Other,Germany,Returning,Organic Search,2024-02-22,Beauty,Mobile,Potential Loyalists,2025-04-05,2025-02-16,2,63.38,28.91,41.78,1,2,5.5600000000000005,31.69,271,63.38,0.5,0.08064984044096317,1,0,1.0758468335787923,271,2,63.38,2,1,1,211,Hibernating,92,High risk
CUS-05145,45-54,Male,UK,Returning,Meta Ads,2023-12-11,Shoes,Desktop,At Risk,2024-08-26,2024-08-26,1,61.55,18.09,0.0,1,1,5.05,61.55,493,61.55,1.0,0.07582582582582582,0,0,0.48570478723404253,493,1,61.55,1,1,1,111,Hibernating,92,High risk
CUS-04567,25-34,Female,France,Returning,Organic Search,2023-08-12,Beauty,Desktop,Hibernating,2023-10-19,2023-10-19,1,60.67,15.63,0.0,1,1,14.18,60.67,805,60.67,1.0,0.18944555778223113,0,0,0.41838487972508587,805,1,60.67,1,1,1,111,Hibernating,92,High risk
CUS-00789,35-44,Male,Poland,Returning,Google Search,2023-10-13,Shoes,Mobile,Hibernating,2023-11-29,2023-11-29,1,60.57,15.57,0.0,1,1,10.98,60.57,764,60.57,1.0,0.15345911949685537,0,0,0.4503699136868064,764,1,60.57,1,1,1,111,Hibernating,92,High risk
CUS-06602,25-34,Male,Poland,Returning,Meta Ads,2024-11-28,Jeans,Tablet,At Risk,2024-12-05,2024-12-05,1,60.41,9.3,0.0,1,1,14.73,60.41,392,60.41,1.0,0.19603406973649187,0,0,0.9154135338345865,392,1,60.41,2,1,1,211,Hibernating,92,High risk
CUS-07229,18-24,Non-binary/Other,UK,Returning,Organic Search,2023-08-25,Shoes,Mobile,Loyal Customers,2025-03-12,2025-03-12,1,60.2,18.17,0.0,1,1,7.55,60.2,295,60.2,1.0,0.11143911439114391,0,0,0.42470930232558135,295,1,60.2,2,1,1,211,Hibernating,92,High risk
CUS-08559,25-34,Male,UK,Returning,Affiliate,2024-03-31,Beauty,Mobile,Hibernating,2024-04-09,2024-04-09,1,60.07,15.93,0.0,1,1,8.26,60.07,632,60.07,1.0,0.12088394555831992,0,0,0.5698127925117005,632,1,60.07,1,1,1,111,Hibernating,92,High risk
CUS-09077,18-24,Female,France,Returning,Email,2024-01-03,Jeans,Mobile,At Risk,2024-07-13,2024-07-13,1,59.56,16.11,0.0,1,1,5.24,59.56,537,59.56,1.0,0.0808641975308642,0,0,0.5010288065843621,537,1,59.56,1,1,1,111,Hibernating,92,High risk
CUS-02068,25-34,Male,France,Returning,Organic Search,2024-10-16,Shoes,Desktop,At Risk,2024-11-28,2024-11-28,1,59.3,12.38,0.0,1,1,8.72,59.3,399,59.3,1.0,0.12819758894442812,0,0,0.8263574660633484,399,1,59.3,1,1,1,111,Hibernating,92,High risk
CUS-01543,55+,Female,Netherlands,Returning,Email,2024-02-20,Jeans,Mobile,Hibernating,2024-02-23,2024-02-23,1,57.97,12.11,0.0,1,1,9.32,57.97,678,57.97,1.0,0.1385049784514787,0,0,0.5363436123348018,678,1,57.97,1,1,1,111,Hibernating,92,High risk
CUS-03302,25-34,Male,UK,Returning,TikTok Ads,2024-12-09,Dresses,Mobile,At Risk,2025-03-26,2025-03-26,1,53.62,12.69,0.0,1,1,8.41,53.62,281,53.62,1.0,0.13557955827825247,0,0,0.9413659793814434,281,1,53.62,2,1,1,211,Hibernating,92,High risk
CUS-06706,35-44,Female,Italy,Returning,Organic Search,2023-11-11,Jeans,Mobile,Hibernating,2023-11-26,2023-11-26,1,53.48,7.64,0.0,1,1,6.88,53.48,767,53.48,1.0,0.11398277004638833,0,0,0.4670716112531969,767,1,53.48,1,1,1,111,Hibernating,92,High risk
CUS-08027,35-44,Male,Poland,Returning,Display Ads,2024-11-07,Jeans,Mobile,Hibernating,2024-12-23,2024-12-23,1,51.48,13.34,0.0,1,1,3.95,51.48,374,51.48,1.0,0.07126104997293885,0,0,0.8696428571428572,374,1,51.48,2,1,1,211,Hibernating,92,High risk
CUS-08334,35-44,Male,France,Returning,Organic Search,2024-05-07,Shoes,Desktop,Hibernating,2024-05-22,2024-05-22,1,49.09,13.21,0.0,1,1,10.86,49.09,589,49.09,1.0,0.18115095913261048,0,0,0.6047185430463576,589,1,49.09,1,1,1,111,Hibernating,92,High risk
CUS-02126,18-24,Female,France,Returning,Google Search,2023-06-06,Shoes,Desktop,Hibernating,2023-06-13,2023-06-13,1,47.63,15.82,0.0,1,1,6.45,47.63,933,47.63,1.0,0.11926775147928993,0,0,0.388563829787234,933,1,47.63,1,1,1,111,Hibernating,92,High risk
CUS-05503,25-34,Female,Spain,Returning,Affiliate,2023-08-16,Jeans,Mobile,Discount Seekers,2024-08-06,2024-05-31,2,46.480000000000004,11.11,46.480000000000004,0,2,20.42,23.240000000000002,513,46.480000000000004,0.0,0.3052316890881913,1,0,0.8406214039125433,513,2,46.480000000000004,1,1,1,111,Hibernating,92,High risk
CUS-01223,25-34,Male,France,Returning,TikTok Ads,2023-07-17,Bags,Desktop,At Risk,2023-12-10,2023-12-10,1,46.29,9.24,0.0,1,1,6.29,46.29,753,46.29,1.0,0.1196272346899962,0,0,0.40628476084538373,753,1,46.29,1,1,1,111,Hibernating,92,High risk
CUS-01853,18-24,Female,Spain,Returning,Google Search,2023-12-15,Jeans,Mobile,At Risk,2024-01-27,2024-01-27,1,45.26,8.14,0.0,1,1,3.18,45.26,705,45.26,1.0,0.06564822460776219,0,0,0.4883021390374332,705,1,45.26,1,1,1,111,Hibernating,92,High risk
CUS-07021,18-24,Female,Italy,Returning,Organic Search,2024-04-06,Dresses,Mobile,At Risk,2024-04-12,2024-04-12,1,44.69,6.68,0.0,1,1,8.39,44.69,629,44.69,1.0,0.15806330067822158,0,0,0.5751968503937007,629,1,44.69,1,1,1,111,Hibernating,92,High risk
CUS-01365,18-24,Female,Italy,Returning,Google Search,2023-07-27,Accessories,Mobile,Hibernating,2023-12-04,2023-09-21,2,42.53,14.97,21.19,1,2,8.01,21.265,759,42.53,0.5,0.15848832607835378,1,0,0.8217097862767154,759,2,42.53,1,1,1,111,Hibernating,92,High risk
CUS-01732,45-54,Female,Germany,Returning,Google Search,2023-03-26,Beauty,Mobile,Hibernating,2023-12-09,2023-08-05,2,38.89,13.88,19.55,1,2,9.61,19.445,754,38.89,0.5,0.1981443298969072,1,0,0.7218379446640316,754,2,38.89,1,1,1,111,Hibernating,92,High risk
CUS-04308,18-24,Female,Italy,Returning,Google Search,2024-11-27,Accessories,Mobile,Hibernating,2025-01-24,2025-01-24,1,35.09,12.58,0.0,1,1,5.97,35.09,342,35.09,1.0,0.14539698002922552,0,0,0.9131250000000001,342,1,35.09,2,1,1,211,Hibernating,92,High risk
CUS-07887,35-44,Male,UK,Returning,Google Search,2023-03-23,Jeans,Mobile,Hibernating,2023-04-02,2023-04-02,1,34.02,10.1,0.0,1,1,6.5,34.02,1005,34.02,1.0,0.16041461006910165,0,0,0.3598522167487685,1005,1,34.02,1,1,1,111,Hibernating,92,High risk
CUS-07763,25-34,Male,Netherlands,Returning,Meta Ads,2023-10-23,Accessories,Mobile,Hibernating,2024-04-16,2024-04-16,1,28.32,7.89,0.0,1,1,3.17,28.32,625,28.32,1.0,0.100666878374087,0,0,0.4559925093632959,625,1,28.32,1,1,1,111,Hibernating,92,High risk
CUS-01691,45-54,Female,Poland,Returning,Email,2023-04-30,Accessories,Mobile,Hibernating,2023-11-26,2023-11-26,1,27.83,7.5,0.0,1,1,5.19,27.83,767,27.83,1.0,0.15717746820109027,0,0,0.3738485158648925,767,1,27.83,1,1,1,111,Hibernating,92,High risk
CUS-02248,35-44,Male,Germany,Returning,Meta Ads,2024-02-02,Dresses,Desktop,At Risk,2024-11-29,2024-04-09,4,467.42999999999995,125.75,363.7,2,4,141.28,116.85749999999999,398,467.42999999999995,0.5,0.23209738627589496,1,0,2.090128755364807,398,4,467.42999999999995,2,3,4,234,At Risk,90,High risk
CUS-05932,25-34,Female,France,Returning,Google Search,2023-06-29,Shoes,Mobile,Discount Seekers,2025-02-21,2024-09-10,5,434.9,106.79,176.42000000000002,3,5,121.08,86.97999999999999,314,434.9,0.6,0.21777761789992445,1,0,1.9915485278080698,314,5,434.9,2,4,4,244,At Risk,90,High risk
CUS-00487,55+,Male,Italy,Returning,Meta Ads,2023-12-01,Shoes,Desktop,Hibernating,2024-02-01,2024-01-10,4,430.5,93.34,369.35,1,4,136.42,107.625,700,430.5,0.25,0.24063359909687435,1,0,1.9173228346456694,700,4,430.5,1,3,4,134,Discount Seekers,90,High risk
CUS-04488,18-24,Male,Spain,Returning,TikTok Ads,2023-07-10,Jeans,Desktop,At Risk,2024-11-09,2023-07-26,4,428.27,139.81,294.89,1,4,108.39,107.0675,418,428.27,0.25,0.20197145306152872,1,0,1.6125827814569538,418,4,428.27,1,3,4,134,At Risk,90,High risk
CUS-01685,25-34,Male,Spain,Returning,Email,2023-01-25,Jeans,Mobile,Hibernating,2024-06-28,2023-03-23,4,355.64,68.55,232.01,1,4,99.1,88.91,552,355.64,0.25,0.2179267273606896,1,0,1.3628731343283582,552,4,355.64,1,3,3,133,At Risk,90,High risk
CUS-07068,25-34,Female,UK,Returning,Email,2023-10-05,Bags,Mobile,At Risk,2024-07-09,2024-04-14,3,338.98,106.42,243.59,1,3,87.83,112.99333333333334,541,338.98,0.3333333333333333,0.20578243246409408,1,0,1.3379120879120878,541,3,338.98,1,2,3,123,Hibernating,90,High risk
CUS-09275,25-34,Female,Germany,Returning,Meta Ads,2023-06-04,Dresses,Mobile,Discount Seekers,2025-03-27,2024-04-02,4,331.33,60.44,102.99,2,4,117.73,82.8325,280,331.33,0.5,0.2621698659421904,1,0,1.5509554140127388,280,4,331.33,2,3,3,233,Discount Seekers,90,High risk
CUS-05291,35-44,Female,Spain,Returning,TikTok Ads,2023-09-17,Jeans,Mobile,Discount Seekers,2025-03-09,2024-06-14,4,295.7,72.68,224.93,1,4,95.18,73.925,298,295.7,0.25,0.24350184199754402,1,0,1.7455197132616487,298,4,295.7,2,3,3,233,Discount Seekers,90,High risk
CUS-03963,45-54,Female,Italy,Returning,Meta Ads,2023-04-12,Jeans,Mobile,At Risk,2024-06-25,2023-04-28,4,259.86,58.46,217.53,1,4,68.91,64.965,555,259.86,0.25,0.20959941600510995,1,0,1.4683417085427135,555,4,259.86,1,3,3,133,At Risk,90,High risk
CUS-08712,18-24,Male,UK,Returning,Email,2024-04-30,Beauty,Mobile,Hibernating,2024-07-03,2024-05-05,3,250.11,71.19,222.2,1,3,75.19999999999999,83.37,547,250.11,0.3333333333333333,0.23116412037748604,1,0,1.7933715220949265,547,3,250.11,1,3,3,133,At Risk,90,High risk
CUS-03412,18-24,Male,France,Returning,Google Search,2023-12-17,Shoes,Mobile,At Risk,2024-11-09,2024-01-22,4,247.79,62.370000000000005,195.26,1,4,66.4,61.9475,418,247.79,0.25,0.21133708902256598,1,0,1.9584450402144773,418,4,247.79,1,3,3,133,At Risk,90,High risk
CUS-09013,18-24,Female,Spain,Returning,Display Ads,2024-05-30,Beauty,Mobile,Hibernating,2024-06-07,2024-05-31,3,207.81,66.61,142.71,1,3,66.67,69.27,573,207.81,0.3333333333333333,0.24289565724278636,1,0,1.8859724612736661,573,3,207.81,1,3,2,132,Discount Seekers,90,High risk
CUS-08743,18-24,Female,UK,Returning,Google Search,2024-06-24,Jeans,Mobile,Hibernating,2024-11-01,2024-08-15,3,198.56,32.89,54.37,2,3,63.06,66.18666666666667,426,198.56,0.6666666666666666,0.24103661799556608,1,0,1.970773381294964,426,3,198.56,1,3,2,132,Discount Seekers,90,High risk
CUS-06606,45-54,Female,France,Returning,Display Ads,2023-12-24,Jeans,Desktop,Hibernating,2024-04-01,2024-01-29,3,198.53,33.5,148.4,1,3,56.81,66.17666666666666,640,198.53,0.3333333333333333,0.22248766350748023,1,0,1.4827469553450607,640,3,198.53,1,2,2,122,Hibernating,90,High risk
CUS-07693,25-34,Female,France,Returning,Email,2024-10-28,Shoes,Mobile,Hibernating,2024-11-03,2024-10-30,2,188.07999999999998,34.25,61.95,1,2,63.39,94.03999999999999,424,188.07999999999998,0.5,0.25207778263808805,1,0,1.6988372093023254,424,2,188.07999999999998,1,2,2,122,Hibernating,90,High risk
CUS-06689,18-24,Male,Poland,Returning,Email,2023-12-21,Accessories,Mobile,Hibernating,2024-03-05,2024-01-12,4,171.72,57.650000000000006,141.31,1,4,57.75,42.93,667,171.72,0.25,0.2516668845600732,1,0,1.9690026954177897,667,4,171.72,1,3,2,132,Discount Seekers,90,High risk
CUS-09289,45-54,Male,Spain,Returning,Affiliate,2023-12-19,Accessories,Desktop,Hibernating,2024-08-02,2024-07-11,3,167.67,44.99,103.86999999999999,1,3,51.5,55.88999999999999,517,167.67,0.3333333333333333,0.23497741479217046,1,0,1.4727822580645162,517,3,167.67,1,3,2,132,At Risk,90,High risk
CUS-00906,35-44,Male,Germany,Returning,Meta Ads,2024-07-11,Accessories,Desktop,Hibernating,2024-08-22,2024-07-13,3,159.60000000000002,49.77,78.7,1,3,40.29,53.20000000000001,497,159.60000000000002,0.3333333333333333,0.20156085847215968,1,0,2.032931354359926,497,3,159.60000000000002,1,2,2,122,Hibernating,90,High risk
CUS-06232,25-34,Female,Italy,Returning,Organic Search,2024-05-20,Jeans,Desktop,Hibernating,2024-05-20,2024-05-20,2,136.7,16.87,61.41,1,2,44.400000000000006,68.35,591,136.7,0.5,0.24516841524019883,1,0,1.236040609137056,591,2,136.7,1,2,2,122,Hibernating,90,High risk
CUS-04998,18-24,Female,UK,Returning,Email,2024-08-05,Beauty,Mobile,Hibernating,2024-10-17,2024-10-08,2,132.49,27.82,90.94,1,2,42.15,66.245,441,132.49,0.5,0.24135364177737056,1,0,1.421206225680934,441,2,132.49,1,1,2,112,Hibernating,90,High risk
CUS-08868,25-34,Male,France,Returning,Google Search,2024-11-13,Jeans,Tablet,Hibernating,2024-11-18,2024-11-17,2,131.81,44.3,52.96,1,2,33.769999999999996,65.905,409,131.81,0.5,0.2039497523855538,1,0,1.7644927536231885,409,2,131.81,1,2,1,121,Hibernating,90,High risk
CUS-07724,35-44,Male,Italy,Returning,Affiliate,2023-10-05,Beauty,Mobile,Hibernating,2024-01-07,2023-10-16,3,129.08,56.83,73.52,1,3,35.64,43.02666666666667,725,129.08,0.3333333333333333,0.2163671685284118,1,0,1.3379120879120878,725,3,129.08,1,2,1,121,Hibernating,90,High risk
CUS-07958,25-34,Female,Italy,Returning,Google Search,2024-06-09,Accessories,Mobile,Hibernating,2024-09-08,2024-07-04,3,103.58,32.93,74.57,1,3,35.19,34.526666666666664,480,103.58,0.3333333333333333,0.253585068818909,1,0,1.9190017513134852,480,3,103.58,1,2,1,121,Hibernating,90,High risk
CUS-04618,25-34,Female,UK,Returning,Organic Search,2023-03-08,Accessories,Desktop,Hibernating,2024-01-02,2023-04-30,4,98.67,35.26,71.61,1,4,32.26,24.6675,730,98.67,0.25,0.24639120140533108,1,0,1.4184466019417474,730,4,98.67,1,3,1,131,Discount Seekers,90,High risk
CUS-04727,45-54,Male,France,Returning,Meta Ads,2024-07-07,Shoes,Desktop,Hibernating,2024-08-29,2024-07-15,2,94.07,17.189999999999998,39.28,1,2,27.11,47.035,490,94.07,0.5,0.22371678494801123,1,0,1.3453038674033149,490,2,94.07,1,1,1,111,Hibernating,90,High risk
CUS-08118,35-44,Male,UK,Returning,Google Search,2024-06-12,Jeans,Mobile,Hibernating,2024-07-16,2024-06-24,2,93.15,18.29,48.37,1,2,23.87,46.575,534,93.15,0.5,0.2039822252606392,1,0,1.2860915492957745,534,2,93.15,1,2,1,121,Hibernating,90,High risk
CUS-08849,18-24,Male,Germany,Returning,Email,2024-03-17,Shoes,Mobile,Discount Seekers,2025-05-13,2025-05-04,2,144.41,26.939999999999998,74.2,1,2,53.8,72.205,233,144.41,0.5,0.27142929216487566,1,0,1.115267175572519,233,2,144.41,2,2,2,222,Hibernating,87,High risk
CUS-09011,55+,Male,UK,Returning,Email,2025-01-16,Sportswear,Desktop,Discount Seekers,2025-06-19,2025-06-19,1,141.15,27.3,0.0,1,1,44.9,141.15,196,141.15,1.0,0.2413329750067186,0,0,1.0435714285714286,196,1,141.15,2,1,2,212,Hibernating,87,High risk
CUS-06664,35-44,Female,Poland,Returning,TikTok Ads,2024-09-11,Shoes,Desktop,Discount Seekers,2025-07-03,2025-07-03,1,25.72,0.73,0.0,1,1,9.87,25.72,182,25.72,1.0,0.2773250913177859,0,0,0.7657232704402516,182,1,25.72,2,1,1,211,Hibernating,87,High risk
CUS-09853,25-34,Male,UK,Returning,Affiliate,2023-09-26,Bags,Mobile,At Risk,2024-01-09,2024-01-09,1,443.39,133.07,443.39,0,1,142.12,443.39,723,443.39,0.0,0.24272856142508242,0,0,0.4411231884057971,723,1,443.39,1,1,4,114,Hibernating,85,High risk
CUS-01887,25-34,Male,UK,Returning,Meta Ads,2023-02-25,Shoes,Mobile,Hibernating,2024-02-13,2023-07-18,3,392.32,95.49,392.32,0,3,119.46000000000001,130.77333333333334,688,392.32,0.0,0.23342061041853923,1,0,1.052593659942363,688,3,392.32,1,2,3,123,Hibernating,85,High risk
CUS-03047,18-24,Female,UK,Returning,Organic Search,2023-03-04,Jeans,Mobile,Hibernating,2024-01-02,2023-03-09,3,366.28,84.44,366.28,0,3,114.66,122.09333333333332,730,366.28,0.0,0.23840811743668652,1,0,1.0597195357833655,730,3,366.28,1,2,3,123,Hibernating,85,High risk
CUS-04937,25-34,Female,France,Returning,TikTok Ads,2023-09-09,Shoes,Tablet,Hibernating,2024-01-07,2023-10-11,2,320.82,80.5,320.82,0,2,96.1,160.41,725,320.82,0.0,0.23049985608749882,1,0,0.8644970414201183,725,2,320.82,1,1,3,113,Hibernating,85,High risk
CUS-07292,45-54,Female,Poland,Returning,Display Ads,2024-01-15,Jeans,Mobile,Hibernating,2024-05-24,2024-01-20,2,306.76,78.58,306.76,0,2,84.36,153.38,587,306.76,0.0,0.21568827981182245,1,0,1.0188284518828452,587,2,306.76,1,2,3,123,Hibernating,85,High risk
CUS-00675,25-34,Female,France,Returning,Organic Search,2023-03-24,Beauty,Mobile,Hibernating,2023-11-20,2023-05-09,3,299.09,77.76,299.09,0,3,91.16,99.69666666666666,773,299.09,0.0,0.23359385009609224,1,0,1.080621301775148,773,3,299.09,1,2,3,123,Hibernating,85,High risk
CUS-04663,55+,Female,Italy,Returning,Affiliate,2023-11-12,Jeans,Mobile,Discount Seekers,2025-02-15,2024-02-23,2,293.84000000000003,60.83,293.84000000000003,0,2,94.49000000000001,146.92000000000002,320,293.84000000000003,0.0,0.24332397702984573,1,0,0.9353393085787451,320,2,293.84000000000003,2,1,3,213,Hibernating,85,High risk
CUS-07552,35-44,Male,France,Returning,Email,2023-03-18,Dresses,Desktop,At Risk,2024-07-11,2023-09-29,3,293.78000000000003,81.56,293.78000000000003,0,3,85.16,97.92666666666668,539,293.78000000000003,0.0,0.22473214756953602,1,0,1.074264705882353,539,3,293.78000000000003,1,2,3,123,Hibernating,85,High risk
CUS-08845,55+,Male,Italy,Returning,Organic Search,2024-04-01,Jeans,Mobile,At Risk,2025-01-14,2024-05-13,2,283.29,61.52,283.29,0,2,83.76,141.645,352,283.29,0.0,0.22819779321618308,1,0,1.14140625,352,2,283.29,2,2,3,223,Hibernating,85,High risk
CUS-09908,35-44,Male,UK,Returning,Google Search,2023-05-28,Jeans,Desktop,At Risk,2023-12-16,2023-07-16,3,273.14,63.28,273.14,0,3,84.44999999999999,91.04666666666667,747,273.14,0.0,0.2361643222685198,1,0,1.1546364594309801,747,3,273.14,1,3,3,133,At Risk,85,High risk
CUS-01040,25-34,Female,UK,Returning,Google Search,2023-05-31,Shoes,Mobile,Hibernating,2024-06-28,2023-07-30,3,271.46,61.31,271.46,0,3,86.42,90.48666666666666,552,271.46,0.0,0.24147759025371635,1,0,1.1582980972515857,552,3,271.46,1,2,3,123,Hibernating,85,High risk
CUS-02427,35-44,Female,Germany,Returning,Affiliate,2023-09-27,Shoes,Mobile,Hibernating,2024-02-28,2023-12-14,2,267.03999999999996,60.18,267.03999999999996,0,2,89.61,133.51999999999998,673,267.03999999999996,0.0,0.2512547315295107,1,0,0.8833131801692866,673,2,267.03999999999996,1,1,3,113,Hibernating,85,High risk
CUS-08807,18-24,Male,Poland,Returning,Organic Search,2023-05-03,Shoes,Mobile,Hibernating,2023-12-28,2023-06-17,3,265.9,71.98,265.9,0,3,72.28,88.63333333333333,735,265.9,0.0,0.21373233189425753,1,0,1.125,735,3,265.9,1,3,3,133,At Risk,85,High risk
CUS-08718,25-34,Female,Germany,Returning,Email,2023-04-24,Dresses,Desktop,At Risk,2023-11-02,2023-11-02,1,260.65,86.0,260.65,0,1,68.88,260.65,791,260.65,0.0,0.20902497496434316,0,0,0.37156663275686674,791,1,260.65,1,1,3,113,Hibernating,85,High risk
CUS-06862,45-54,Female,UK,Returning,Display Ads,2023-10-07,Shoes,Mobile,Hibernating,2024-11-04,2023-10-15,2,250.73,63.13,250.73,0,2,72.71000000000001,125.365,423,250.73,0.0,0.22480212713331688,1,0,0.8941248470012239,423,2,250.73,1,2,3,123,Hibernating,85,High risk
CUS-09208,55+,Female,Germany,Returning,Email,2023-10-07,Jeans,Mobile,Hibernating,2024-04-10,2023-11-03,2,249.44,46.53,249.44,0,2,77.82,124.72,631,249.44,0.0,0.23779258082258753,1,0,0.8941248470012239,631,2,249.44,1,2,3,123,Hibernating,85,High risk
CUS-04582,25-34,Female,France,Returning,Meta Ads,2023-01-02,Shoes,Mobile,Hibernating,2024-02-19,2023-02-04,3,242.92000000000002,64.55,242.92000000000002,0,3,70.46000000000001,80.97333333333334,682,242.92000000000002,0.0,0.22483885378773377,1,0,1.0006849315068493,682,3,242.92000000000002,1,2,2,122,Hibernating,85,High risk
CUS-03868,18-24,Male,France,Returning,Affiliate,2023-07-10,Shoes,Mobile,Hibernating,2023-12-03,2023-10-03,2,239.88,65.42,239.88,0,2,60.92,119.94,760,239.88,0.0,0.20252659574468085,1,0,0.8062913907284769,760,2,239.88,1,1,2,112,Hibernating,85,High risk
CUS-00360,55+,Male,Italy,Returning,TikTok Ads,2023-06-08,Jeans,Mobile,At Risk,2023-07-29,2023-07-08,2,238.98000000000002,48.25,238.98000000000002,0,2,73.0,119.49000000000001,887,238.98000000000002,0.0,0.2339893582921982,1,0,0.7787846481876333,887,2,238.98000000000002,1,1,2,112,Hibernating,85,High risk
CUS-02572,25-34,Female,Germany,Returning,TikTok Ads,2023-05-11,Shoes,Mobile,At Risk,2024-06-20,2023-06-11,2,235.51,60.32000000000001,235.51,0,2,66.54,117.755,560,235.51,0.0,0.2202946532031121,1,0,0.7562111801242236,560,2,235.51,1,1,2,112,Hibernating,85,High risk
CUS-07605,45-54,Male,Poland,Returning,Organic Search,2023-12-06,Jeans,Mobile,At Risk,2024-05-15,2024-01-05,2,218.63,54.269999999999996,218.63,0,2,65.75,109.315,596,218.63,0.0,0.2312047260707504,1,0,0.964993394980185,596,2,218.63,1,2,2,122,Hibernating,85,High risk
CUS-07662,25-34,Non-binary/Other,Germany,Returning,Google Search,2023-02-01,Jeans,Mobile,Hibernating,2024-01-12,2024-01-12,1,212.96,44.95,212.96,0,1,58.03,212.96,720,212.96,0.0,0.2141407432008561,0,0,0.3429577464788732,720,1,212.96,1,1,2,112,Hibernating,85,High risk
CUS-01046,25-34,Male,Germany,Returning,Organic Search,2023-11-11,Jeans,Desktop,Hibernating,2024-03-12,2023-12-09,2,209.32999999999998,46.53,209.32999999999998,0,2,69.92,104.66499999999999,660,209.32999999999998,0.0,0.2503849597135184,1,0,0.9341432225063938,660,2,209.32999999999998,1,1,2,112,Hibernating,85,High risk
CUS-03600,45-54,Female,Italy,Returning,Email,2023-09-14,Jeans,Mobile,At Risk,2024-05-09,2024-04-30,2,205.83999999999997,44.31,205.83999999999997,0,2,54.71,102.91999999999999,602,205.83999999999997,0.0,0.20997889080790638,1,0,0.8696428571428572,602,2,205.83999999999997,1,1,2,112,Hibernating,85,High risk
CUS-06945,35-44,Male,Germany,Returning,Google Search,2023-05-29,Bags,Mobile,At Risk,2024-06-26,2023-11-21,3,204.79,70.72999999999999,204.79,0,3,51.910000000000004,68.26333333333334,554,204.79,0.0,0.2022204908453448,1,0,1.1558544303797469,554,3,204.79,1,2,2,122,Hibernating,85,High risk
CUS-04531,35-44,Female,Germany,Returning,Google Search,2023-05-08,Jeans,Mobile,Hibernating,2024-02-20,2024-02-14,2,201.95,42.08,201.95,0,2,55.89,100.975,681,201.95,0.0,0.21676233322991004,1,0,0.7538699690402477,681,2,201.95,1,1,2,112,Hibernating,85,High risk
CUS-02778,45-54,Female,Poland,Returning,Meta Ads,2023-10-01,Accessories,Desktop,Hibernating,2024-03-23,2023-11-25,2,192.41,68.07,192.41,0,2,48.72,96.205,649,192.41,0.0,0.202048687430017,1,0,0.8876063183475091,649,2,192.41,1,1,2,112,Hibernating,85,High risk
CUS-09026,25-34,Female,Poland,Returning,Email,2023-01-23,Bags,Mobile,At Risk,2023-11-24,2023-05-09,2,188.25,57.72,188.25,0,2,52.019999999999996,94.125,769,188.25,0.0,0.21650643026595082,1,0,0.6801675977653631,769,2,188.25,1,2,2,122,Hibernating,85,High risk
CUS-06393,45-54,Female,France,Returning,TikTok Ads,2023-04-08,Jeans,Desktop,At Risk,2024-03-27,2024-03-17,2,180.52,43.95,180.52,0,2,47.72,90.26,645,180.52,0.0,0.2090781633368384,1,0,0.7312312312312312,645,2,180.52,1,2,2,122,Hibernating,85,High risk
CUS-03614,18-24,Male,Germany,Returning,Display Ads,2024-01-25,Bags,Mobile,At Risk,2024-09-16,2024-04-10,2,175.32,44.78,175.32,0,2,47.129999999999995,87.66,472,175.32,0.0,0.21186783546864463,1,0,1.0332390381895333,472,2,175.32,1,1,2,112,Hibernating,85,High risk
CUS-07678,55+,Male,Spain,Returning,Meta Ads,2023-06-30,Accessories,Mobile,Hibernating,2024-03-26,2023-08-01,2,174.12,40.760000000000005,174.12,0,2,57.17,87.06,646,174.12,0.0,0.24717886635825154,1,0,0.7974890829694323,646,2,174.12,1,2,2,122,Hibernating,85,High risk
CUS-01146,18-24,Male,Germany,Returning,TikTok Ads,2023-09-07,Jeans,Mobile,Hibernating,2024-08-13,2023-10-31,2,173.93,28.23,173.93,0,2,61.07,86.965,506,173.93,0.0,0.2598723404255319,1,0,0.8624557260920896,506,2,173.93,1,1,2,112,Hibernating,85,High risk
CUS-09367,25-34,Male,France,Returning,Google Search,2023-09-23,Beauty,Desktop,Hibernating,2024-07-07,2024-07-07,1,173.28,33.55,173.28,0,1,59.61,173.28,543,173.28,0.0,0.2559577482931856,0,0,0.4395306859205776,543,1,173.28,1,1,2,112,Hibernating,85,High risk
CUS-03577,35-44,Male,Netherlands,Returning,Organic Search,2023-04-23,Bags,Desktop,At Risk,2024-10-29,2023-08-25,2,172.13,59.919999999999995,172.13,0,2,46.089999999999996,86.065,429,172.13,0.0,0.2112088717807717,1,0,0.7423780487804879,429,2,172.13,1,1,2,112,Hibernating,85,High risk
CUS-04277,25-34,Female,Italy,Returning,Display Ads,2023-01-21,Bags,Desktop,At Risk,2024-06-27,2023-03-07,3,171.98,59.47,171.98,0,3,43.89,57.32666666666666,553,171.98,0.0,0.2033168110436837,1,0,1.0183550185873607,553,3,171.98,1,2,2,122,Hibernating,85,High risk
CUS-06081,25-34,Male,Germany,Returning,Affiliate,2023-04-12,Shoes,Mobile,Hibernating,2024-04-18,2023-09-21,2,171.95,38.59,171.95,0,2,47.13,85.975,623,171.95,0.0,0.21512689428519266,1,0,0.7341708542713568,623,2,171.95,1,2,2,122,Hibernating,85,High risk
CUS-07537,35-44,Female,Italy,Returning,Email,2023-11-04,Dresses,Mobile,At Risk,2024-07-31,2024-01-05,2,168.94,49.81,168.94,0,2,47.65,84.47,519,168.94,0.0,0.2200009234036659,1,0,0.9258555133079849,519,2,168.94,1,2,2,122,Hibernating,85,High risk
CUS-01916,25-34,Male,Germany,Returning,Meta Ads,2024-01-12,Shoes,Mobile,At Risk,2024-02-27,2024-02-05,2,168.14,40.18,168.14,0,2,52.47,84.07,674,168.14,0.0,0.23784053306740402,1,0,1.0145833333333334,674,2,168.14,1,1,2,112,Hibernating,85,High risk
CUS-02287,35-44,Female,France,Returning,Meta Ads,2023-05-21,Bags,Mobile,At Risk,2024-03-30,2024-03-18,2,168.05,56.7,168.05,0,2,42.04,84.025,642,168.05,0.0,0.20010471702603647,1,0,0.7641213389121339,642,2,168.05,1,1,2,112,Hibernating,85,High risk
CUS-05374,18-24,Male,France,Returning,Email,2023-07-12,Shoes,Desktop,At Risk,2024-04-04,2023-07-31,2,164.94,44.46,164.94,0,2,48.629999999999995,82.47,637,164.94,0.0,0.22770051973591796,1,0,0.808075221238938,637,2,164.94,1,1,2,112,Hibernating,85,High risk
CUS-01711,35-44,Female,France,Returning,Organic Search,2023-12-09,Jeans,Mobile,Hibernating,2024-05-01,2024-02-02,2,164.7,28.42,164.7,0,2,55.1,82.35,610,164.7,0.0,0.2506824385805278,1,0,0.9688328912466843,610,2,164.7,1,1,2,112,Hibernating,85,High risk
CUS-08194,35-44,Male,Germany,Returning,Organic Search,2024-01-06,Accessories,Desktop,Hibernating,2024-04-12,2024-04-12,1,164.41,48.55,164.41,0,1,54.19,164.41,629,164.41,0.0,0.24789569990850868,0,0,0.503099173553719,629,1,164.41,1,1,2,112,Hibernating,85,High risk
CUS-06236,35-44,Male,France,Returning,Organic Search,2023-06-11,Bags,Desktop,At Risk,2024-05-26,2023-11-20,2,164.09,51.46,164.09,0,2,48.43,82.045,585,164.09,0.0,0.22788443440617354,1,0,0.7812834224598931,585,2,164.09,1,2,2,122,Hibernating,85,High risk
CUS-09751,25-34,Female,France,Returning,Google Search,2023-04-29,Bags,Mobile,At Risk,2024-05-11,2023-09-12,2,163.88,52.75,163.88,0,2,45.8,81.94,600,163.88,0.0,0.2184280808851583,1,0,0.7469325153374232,600,2,163.88,1,2,2,122,Hibernating,85,High risk
CUS-05605,25-34,Female,Germany,Returning,Meta Ads,2023-11-15,Jeans,Mobile,Hibernating,2024-01-13,2023-12-06,2,162.48000000000002,26.720000000000002,162.48000000000002,0,2,56.480000000000004,81.24000000000001,719,162.48000000000002,0.0,0.257946656923639,1,0,0.9389460154241644,719,2,162.48000000000002,1,2,2,122,Hibernating,85,High risk
CUS-01088,18-24,Non-binary/Other,Netherlands,Returning,Google Search,2023-01-04,Jeans,Mobile,Hibernating,2023-10-30,2023-10-09,2,161.73,32.33,161.73,0,2,46.98,80.865,794,161.73,0.0,0.22509702457956016,1,0,0.6683440073193047,794,2,161.73,1,1,2,112,Hibernating,85,High risk
CUS-06951,25-34,Female,Italy,Returning,Organic Search,2023-06-08,Accessories,Mobile,Hibernating,2024-01-13,2023-07-04,3,161.27,48.129999999999995,161.27,0,3,41.39,53.75666666666667,719,161.27,0.0,0.20423369189775978,1,0,1.16817697228145,719,3,161.27,1,2,2,122,Hibernating,85,High risk
CUS-05323,55+,Non-binary/Other,France,Returning,Organic Search,2023-08-13,Shoes,Desktop,Hibernating,2024-01-18,2023-11-03,2,160.6,43.14,160.6,0,2,41.900000000000006,80.3,714,160.6,0.0,0.20691358024691361,1,0,0.837729357798165,714,2,160.6,1,1,2,112,Hibernating,85,High risk
CUS-03286,18-24,Male,UK,Returning,Email,2023-08-20,Shoes,Mobile,Hibernating,2023-12-17,2023-12-17,1,159.25,31.28,159.25,0,1,61.38,159.25,746,159.25,0.0,0.27820332683678556,0,0,0.42225433526011563,746,1,159.25,1,1,2,112,Hibernating,85,High risk
CUS-09617,35-44,Female,UK,Returning,Affiliate,2023-03-23,Shoes,Mobile,Hibernating,2023-08-03,2023-05-26,2,158.78,45.269999999999996,158.78,0,2,42.26,79.39,882,158.78,0.0,0.21020692399522484,1,0,0.719704433497537,882,2,158.78,1,2,2,122,Hibernating,85,High risk
CUS-07660,25-34,Female,Germany,Returning,Display Ads,2023-03-26,Accessories,Desktop,Hibernating,2023-07-05,2023-04-02,3,157.75,50.010000000000005,157.75,0,3,39.68,52.583333333333336,911,157.75,0.0,0.20098262675378614,1,0,1.0827569169960474,911,3,157.75,1,2,2,122,Hibernating,85,High risk
CUS-01371,35-44,Female,Germany,Returning,Organic Search,2023-09-22,Jeans,Desktop,Hibernating,2024-05-30,2023-09-27,2,157.59,38.379999999999995,157.59,0,2,42.26,78.795,581,157.59,0.0,0.2114585939454591,1,0,0.8780048076923076,581,2,157.59,1,1,2,112,Hibernating,85,High risk
CUS-08665,35-44,Female,Germany,Returning,TikTok Ads,2023-07-01,Shoes,Tablet,Hibernating,2023-12-10,2023-10-25,2,157.1,34.92,157.1,0,2,50.01,78.55,753,157.1,0.0,0.24146588769253055,1,0,0.7983606557377049,753,2,157.1,1,2,2,122,Hibernating,85,High risk
CUS-07282,25-34,Female,Germany,Returning,Email,2024-07-26,Dresses,Desktop,At Risk,2024-09-14,2024-09-14,1,156.05,51.27,156.05,0,1,41.65,156.05,474,156.05,0.0,0.21067273646939805,0,0,0.6970419847328244,474,1,156.05,1,1,2,112,Hibernating,85,High risk
CUS-09819,45-54,Male,Germany,Returning,Organic Search,2024-03-31,Jeans,Mobile,Hibernating,2024-05-20,2024-05-04,2,156.03,32.58,156.03,0,2,43.08,78.015,591,156.03,0.0,0.2163628145246346,1,0,1.139625585023401,591,2,156.03,1,2,2,122,Hibernating,85,High risk
CUS-09359,25-34,Female,Italy,Returning,Organic Search,2023-07-25,Jeans,Mobile,Hibernating,2023-10-10,2023-08-18,2,155.82999999999998,26.4,155.82999999999998,0,2,52.94,77.91499999999999,814,155.82999999999998,0.0,0.2535804952818892,1,0,0.8198653198653199,814,2,155.82999999999998,1,2,2,122,Hibernating,85,High risk
CUS-09025,45-54,Male,France,Returning,TikTok Ads,2023-12-04,Jeans,Mobile,Hibernating,2024-07-29,2024-04-23,2,155.56,45.160000000000004,155.56,0,2,41.61,77.78,521,155.56,0.0,0.21103616168788353,1,0,0.9624505928853755,521,2,155.56,1,2,2,122,Hibernating,85,High risk
CUS-02708,18-24,Male,France,Returning,Google Search,2023-04-30,Dresses,Mobile,At Risk,2024-03-17,2023-06-04,3,154.63,50.05,154.63,0,3,39.02,51.54333333333333,655,154.63,0.0,0.20149754712109477,1,0,1.1215455475946774,655,3,154.63,1,2,2,122,Hibernating,85,High risk
CUS-09531,45-54,Male,Spain,Returning,Google Search,2024-02-08,Accessories,Mobile,Hibernating,2024-03-25,2024-03-03,2,154.62,36.71,154.62,0,2,55.94,77.31,647,154.62,0.0,0.26567249240121577,1,0,1.0541125541125542,647,2,154.62,1,2,2,122,Hibernating,85,High risk
CUS-01191,25-34,Female,Germany,Returning,Meta Ads,2024-02-25,Jeans,Desktop,Hibernating,2024-06-25,2024-03-02,2,154.04,37.81,154.04,0,2,43.54,77.02,555,154.04,0.0,0.22036643384957993,1,0,1.0806213017751478,555,2,154.04,1,1,2,112,Hibernating,85,High risk
CUS-03003,45-54,Male,Germany,Returning,Organic Search,2024-05-30,Jeans,Mobile,At Risk,2025-01-09,2025-01-09,1,153.72,33.87,153.72,0,1,39.59,153.72,357,153.72,0.0,0.20480057938027005,0,0,0.628657487091222,357,1,153.72,2,1,2,212,Hibernating,85,High risk
CUS-03181,25-34,Male,Netherlands,Returning,Organic Search,2023-09-25,Shoes,Desktop,Hibernating,2024-01-12,2023-10-03,2,153.65,35.35,153.65,0,2,45.08,76.825,720,153.65,0.0,0.22684043677351176,1,0,0.8811821471652594,720,2,153.65,1,1,2,112,Hibernating,85,High risk
CUS-04037,25-34,Female,UK,Returning,Google Search,2023-03-31,Dresses,Mobile,At Risk,2023-10-14,2023-07-11,2,152.54000000000002,43.42,152.54000000000002,0,2,41.41,76.27000000000001,810,152.54000000000002,0.0,0.21350863624645525,1,0,0.7254220456802383,810,2,152.54000000000002,1,1,2,112,Hibernating,85,High risk
CUS-02459,18-24,Female,Italy,Returning,Organic Search,2024-08-30,Beauty,Mobile,Hibernating,2024-08-30,2024-08-30,1,151.58,41.61,151.58,0,1,38.03,151.58,489,151.58,0.0,0.20056959021148674,0,0,0.7469325153374232,489,1,151.58,1,1,2,112,Hibernating,85,High risk
CUS-01882,45-54,Male,Germany,Returning,Email,2023-07-02,Shoes,Mobile,Hibernating,2023-11-01,2023-08-30,3,151.3,34.22,151.3,0,3,53.25,50.43333333333334,792,151.3,0.0,0.26032754827670496,1,0,1.198851203501094,792,3,151.3,1,2,2,122,Hibernating,85,High risk
CUS-09982,45-54,Male,Italy,Returning,Meta Ads,2023-02-11,Shoes,Mobile,Hibernating,2024-01-02,2023-06-03,2,151.01999999999998,28.36,151.01999999999998,0,2,53.41,75.50999999999999,730,151.01999999999998,0.0,0.2612630240180013,1,0,0.6924170616113745,730,2,151.01999999999998,1,2,2,122,Hibernating,85,High risk
CUS-02244,18-24,Female,Spain,Returning,Display Ads,2023-11-06,Shoes,Desktop,Hibernating,2024-02-28,2024-01-14,2,147.26,38.32,147.26,0,2,40.57,73.63,673,147.26,0.0,0.21599318532715756,1,0,0.9282083862770013,673,2,147.26,1,1,2,112,Hibernating,85,High risk
CUS-04650,25-34,Male,Italy,Returning,Google Search,2024-03-02,Beauty,Mobile,Hibernating,2024-04-06,2024-04-06,1,144.85,44.72,144.85,0,1,44.07,144.85,635,144.85,0.0,0.23327334321405888,0,0,0.5451492537313433,635,1,144.85,1,1,2,112,Hibernating,85,High risk
CUS-08649,25-34,Male,Italy,Returning,TikTok Ads,2023-08-20,Dresses,Desktop,At Risk,2024-05-09,2024-04-04,2,144.61,42.22,144.61,0,2,39.32,72.305,602,144.61,0.0,0.21377698037296797,1,0,0.8445086705202313,602,2,144.61,1,2,2,122,Hibernating,85,High risk
CUS-03114,35-44,Male,Italy,Returning,Display Ads,2023-05-08,Jeans,Mobile,Hibernating,2023-07-26,2023-07-06,2,144.47,28.04,144.47,0,2,43.33,72.235,890,144.47,0.0,0.2307241746538871,1,0,0.7538699690402477,890,2,144.47,1,1,2,112,Hibernating,85,High risk
CUS-06445,35-44,Male,Poland,Returning,Organic Search,2023-05-28,Shoes,Desktop,Hibernating,2023-07-01,2023-07-01,1,143.27,35.65,143.27,0,1,42.28,143.27,915,143.27,0.0,0.22786310967394233,0,0,0.3848788198103267,915,1,143.27,1,1,2,112,Hibernating,85,High risk
CUS-02677,35-44,Male,UK,Returning,Affiliate,2023-04-30,Shoes,Desktop,Hibernating,2023-10-27,2023-10-27,1,143.2,31.59,143.2,0,1,49.23,143.2,797,143.2,0.0,0.2558332900275425,0,0,0.3738485158648925,797,1,143.2,1,1,2,112,Hibernating,85,High risk
CUS-09190,45-54,Male,Germany,Returning,TikTok Ads,2024-02-13,Shoes,Mobile,Hibernating,2024-04-15,2024-03-10,2,142.8,33.27,142.8,0,2,48.84,71.4,626,142.8,0.0,0.2548528490920476,1,0,1.0617732558139534,626,2,142.8,1,2,2,122,Hibernating,85,High risk
CUS-02281,45-54,Female,Germany,Returning,Organic Search,2024-01-29,Accessories,Mobile,Hibernating,2024-03-29,2024-03-07,2,141.18,35.58,141.18,0,2,44.49,70.59,643,141.18,0.0,0.23961867830021005,1,0,1.039118065433855,643,2,141.18,1,1,2,112,Hibernating,85,High risk
CUS-06720,18-24,Male,France,Returning,TikTok Ads,2024-08-27,Jeans,Mobile,Hibernating,2024-10-10,2024-10-10,1,140.97,23.74,140.97,0,1,48.12,140.97,448,140.97,0.0,0.254481992701888,0,0,0.7423780487804879,448,1,140.97,1,1,2,112,Hibernating,85,High risk
CUS-02105,55+,Female,Poland,Returning,Email,2024-05-31,Jeans,Mobile,At Risk,2024-08-30,2024-08-30,1,140.8,47.44,140.8,0,1,35.35,140.8,489,140.8,0.0,0.20068123758160658,0,0,0.6297413793103449,489,1,140.8,1,1,2,112,Hibernating,85,High risk
CUS-05925,35-44,Female,Spain,Returning,Email,2023-07-25,Bags,Desktop,At Risk,2024-02-06,2023-10-20,2,139.46,38.260000000000005,139.46,0,2,37.97,69.73,695,139.46,0.0,0.21399988727949049,1,0,0.8198653198653199,695,2,139.46,1,2,2,122,Hibernating,85,High risk
CUS-02842,35-44,Female,Germany,Returning,Meta Ads,2023-07-12,Dresses,Mobile,At Risk,2024-03-30,2024-01-28,2,139.04,42.05,139.04,0,2,37.32,69.52,642,139.04,0.0,0.21161261056929012,1,0,0.808075221238938,642,2,139.04,1,1,2,112,Hibernating,85,High risk
CUS-00966,18-24,Male,Spain,Returning,Meta Ads,2024-03-27,Beauty,Mobile,Hibernating,2024-07-31,2024-05-29,2,137.95,37.5,137.95,0,2,39.55,68.975,519,137.95,0.0,0.2228169014084507,1,0,1.1325581395348838,519,2,137.95,1,1,2,112,Hibernating,85,High risk
CUS-02620,25-34,Female,UK,Returning,Google Search,2023-09-16,Accessories,Mobile,Hibernating,2024-05-11,2024-03-13,2,135.36,39.56,135.36,0,2,35.71,67.68,600,135.36,0.0,0.20874495820424385,1,0,0.8717183770883055,600,2,135.36,1,1,2,112,Hibernating,85,High risk
CUS-08048,18-24,Female,Germany,Returning,Email,2023-11-23,Jeans,Desktop,Hibernating,2024-05-27,2024-05-10,2,134.98000000000002,26.16,134.98000000000002,0,2,40.53,67.49000000000001,584,134.98000000000002,0.0,0.23092701270582872,1,0,0.9487012987012987,584,2,134.98000000000002,1,2,2,122,Hibernating,85,High risk
CUS-02845,45-54,Female,UK,Returning,Affiliate,2023-02-19,Bags,Mobile,At Risk,2024-07-22,2023-06-27,2,134.79,39.79,134.79,0,2,35.31,67.395,528,134.79,0.0,0.20758377425044094,1,0,0.6977077363896848,528,2,134.79,1,1,2,112,Hibernating,85,High risk
CUS-08357,25-34,Male,UK,Returning,Organic Search,2023-12-09,Accessories,Mobile,Hibernating,2024-05-29,2024-03-01,2,132.26,34.089999999999996,132.26,0,2,45.72,66.13,582,132.26,0.0,0.25688279581975504,1,0,0.9688328912466843,582,2,132.26,1,2,1,121,Hibernating,85,High risk
CUS-04718,45-54,Male,Germany,Returning,Google Search,2023-09-10,Jeans,Mobile,Hibernating,2023-11-25,2023-11-25,1,131.86,29.24,131.86,0,1,33.66,131.86,768,131.86,0.0,0.2033591106814886,0,0,0.43276066350710896,768,1,131.86,1,1,1,111,Hibernating,85,High risk
CUS-00440,18-24,Female,UK,Returning,Google Search,2023-04-06,Dresses,Desktop,At Risk,2024-07-16,2024-07-16,1,131.13,38.79,131.13,0,1,36.77,131.13,534,131.13,0.0,0.21899940440738536,0,0,0.3648851148851149,534,1,131.13,1,1,1,111,Hibernating,85,High risk
CUS-09423,55+,Male,UK,Returning,TikTok Ads,2024-05-21,Jeans,Mobile,At Risk,2024-08-13,2024-08-13,1,131.08,23.02,131.08,0,1,43.21,131.08,506,131.08,0.0,0.24792013311148084,0,0,0.6190677966101695,506,1,131.08,1,1,1,111,Hibernating,85,High risk
CUS-07116,18-24,Female,Italy,Returning,Meta Ads,2024-02-05,Jeans,Desktop,At Risk,2024-07-23,2024-07-23,1,130.32,26.08,130.32,0,1,37.8,130.32,527,130.32,0.0,0.2248394004282655,0,0,0.5247844827586207,527,1,130.32,1,1,1,111,Hibernating,85,High risk
CUS-07555,45-54,Male,Germany,Returning,Meta Ads,2024-01-21,Shoes,Desktop,At Risk,2024-09-11,2024-05-21,2,130.17000000000002,33.85,130.17000000000002,0,2,35.9,65.08500000000001,477,130.17000000000002,0.0,0.2161739025712049,1,0,1.0274261603375527,477,2,130.17000000000002,1,2,1,121,Hibernating,85,High risk
CUS-08442,35-44,Female,Poland,Returning,Display Ads,2024-08-30,Jeans,Mobile,At Risk,2024-09-09,2024-09-09,1,129.25,33.23,129.25,0,1,36.3,129.25,479,129.25,0.0,0.2192691029900332,0,0,0.7469325153374232,479,1,129.25,1,1,1,111,Hibernating,85,High risk
CUS-03251,35-44,Female,France,Returning,Meta Ads,2023-02-13,Beauty,Desktop,Hibernating,2024-03-26,2023-04-22,2,127.7,34.5,127.7,0,2,32.17,63.85,646,127.7,0.0,0.201225996121849,1,0,0.6937321937321937,646,2,127.7,1,1,1,111,Hibernating,85,High risk
CUS-09254,55+,Female,Poland,Returning,Meta Ads,2024-01-02,Jeans,Mobile,Hibernating,2024-07-07,2024-05-04,2,126.55000000000001,34.21,126.55000000000001,0,2,32.65,63.275000000000006,543,126.55000000000001,0.0,0.20508793969849243,1,0,1.0006849315068493,543,2,126.55000000000001,1,2,1,121,Hibernating,85,High risk
CUS-06264,25-34,Male,France,Returning,Google Search,2024-08-06,Jeans,Mobile,Hibernating,2024-08-06,2024-08-06,1,126.17,25.01,126.17,0,1,36.99,126.17,513,126.17,0.0,0.22670997793576858,0,0,0.7119883040935673,513,1,126.17,1,1,1,111,Hibernating,85,High risk
CUS-02008,18-24,Female,Germany,Returning,Google Search,2023-09-09,Shoes,Mobile,Hibernating,2024-03-26,2023-09-17,2,124.36,33.31,124.36,0,2,36.58,62.18,646,124.36,0.0,0.2272896731701255,1,0,0.8644970414201183,646,2,124.36,1,1,1,111,Hibernating,85,High risk
CUS-05728,18-24,Male,Germany,Returning,Meta Ads,2023-10-23,Jeans,Mobile,Hibernating,2024-06-26,2023-11-14,2,122.63,31.96,122.63,0,2,32.27,61.315,554,122.63,0.0,0.20832795351839897,1,0,0.9119850187265918,554,2,122.63,1,2,1,121,Hibernating,85,High risk
CUS-02215,35-44,Male,Germany,Returning,Meta Ads,2024-04-12,Jeans,Desktop,Hibernating,2024-07-16,2024-07-16,1,122.12,23.77,122.12,0,1,47.45,122.12,534,122.12,0.0,0.27982544082089994,0,0,0.5806836248012719,534,1,122.12,1,1,1,111,Hibernating,85,High risk
CUS-05847,18-24,Female,Spain,Returning,Meta Ads,2023-02-13,Shoes,Mobile,Hibernating,2023-04-07,2023-03-09,2,121.78999999999999,31.86,121.78999999999999,0,2,33.269999999999996,60.894999999999996,1000,121.78999999999999,0.0,0.21456210499161613,1,0,0.6937321937321937,1000,2,121.78999999999999,1,2,1,121,Hibernating,85,High risk
CUS-06924,25-34,Female,Italy,Returning,TikTok Ads,2024-03-26,Accessories,Mobile,Hibernating,2024-05-13,2024-04-30,2,121.63,50.91,121.63,0,2,35.53,60.815,598,121.63,0.0,0.22607533723593792,1,0,1.1308049535603715,598,2,121.63,1,2,1,121,Hibernating,85,High risk
CUS-00679,45-54,Female,Spain,Returning,TikTok Ads,2023-02-26,Jeans,Mobile,Hibernating,2023-03-09,2023-03-09,1,120.99,26.85,120.99,0,1,30.85,120.99,1029,120.99,0.0,0.20317439409905164,0,0,0.3512019230769231,1029,1,120.99,1,1,1,111,Hibernating,85,High risk
CUS-09395,45-54,Male,Germany,Returning,Email,2023-03-17,Jeans,Desktop,Hibernating,2023-09-11,2023-04-26,2,119.6,32.31,119.6,0,2,31.61,59.8,843,119.6,0.0,0.2090470206996892,1,0,0.7154750244857982,843,2,119.6,1,2,1,121,Hibernating,85,High risk
CUS-05359,25-34,Male,Italy,Returning,Organic Search,2023-12-17,Shoes,Desktop,At Risk,2024-07-14,2024-01-05,2,119.0,34.35,119.0,0,2,34.63,59.5,536,119.0,0.0,0.2254117034433379,1,0,0.9792225201072386,536,2,119.0,1,1,1,111,Hibernating,85,High risk
CUS-09965,55+,Male,France,Returning,Email,2024-02-29,Shoes,Desktop,Hibernating,2024-04-11,2024-03-12,2,118.41,24.35,118.41,0,2,38.120000000000005,59.205,630,118.41,0.0,0.24353159138823233,1,0,1.0870535714285714,630,2,118.41,1,2,1,121,Hibernating,85,High risk
CUS-01945,25-34,Male,UK,Returning,Organic Search,2024-02-13,Beauty,Mobile,Hibernating,2024-04-08,2024-03-21,2,118.01,36.69,118.01,0,2,35.8,59.005,633,118.01,0.0,0.23275469735387813,1,0,1.0617732558139534,633,2,118.01,1,1,1,111,Hibernating,85,High risk
CUS-06804,18-24,Female,Germany,Returning,Meta Ads,2023-05-19,Jeans,Tablet,Hibernating,2024-02-18,2023-05-31,3,117.36,23.630000000000003,117.36,0,3,33.82,39.12,683,117.36,0.0,0.22370683952903822,1,0,1.1437891440501045,683,3,117.36,1,2,1,121,Hibernating,85,High risk
CUS-01863,35-44,Female,Italy,Returning,Google Search,2023-03-24,Shoes,Mobile,At Risk,2023-05-25,2023-05-25,1,116.09,36.84,116.09,0,1,33.43,116.09,952,116.09,0.0,0.22358212948100586,0,0,0.360207100591716,952,1,116.09,1,1,1,111,Hibernating,85,High risk
CUS-03682,18-24,Female,UK,Returning,Organic Search,2023-06-07,Accessories,Mobile,Hibernating,2024-03-06,2024-01-01,2,116.08,36.33,116.08,0,2,31.21,58.04,666,116.08,0.0,0.2118949012152896,1,0,0.7779552715654952,666,2,116.08,1,1,1,111,Hibernating,85,High risk
CUS-01618,18-24,Non-binary/Other,Spain,Returning,Google Search,2024-06-10,Shoes,Mobile,Hibernating,2024-06-10,2024-06-10,1,115.28,30.29,115.28,0,1,31.26,115.28,570,115.28,0.0,0.21332059505936948,0,0,0.6407894736842105,570,1,115.28,1,1,1,111,Hibernating,85,High risk
CUS-06546,25-34,Female,UK,Returning,Organic Search,2024-05-18,Shoes,Mobile,Hibernating,2024-05-20,2024-05-20,1,115.1,29.5,115.1,0,1,32.49,115.1,591,115.1,0.0,0.2201368656413036,0,0,0.6159359190556493,591,1,115.1,1,1,1,111,Hibernating,85,High risk
CUS-09534,25-34,Female,Spain,Returning,Meta Ads,2024-05-07,Accessories,Tablet,Hibernating,2024-05-07,2024-05-07,1,114.71,22.75,114.71,0,1,38.56,114.71,604,114.71,0.0,0.25158217524629745,0,0,0.6047185430463576,604,1,114.71,1,1,1,111,Hibernating,85,High risk
CUS-04057,18-24,Female,France,Returning,TikTok Ads,2023-12-18,Jeans,Desktop,Hibernating,2024-01-01,2024-01-01,1,113.13,33.99,113.13,0,1,30.75,113.13,731,113.13,0.0,0.21371976647206006,0,0,0.49026845637583893,731,1,113.13,1,1,1,111,Hibernating,85,High risk
CUS-01197,25-34,Female,France,Returning,Google Search,2024-04-16,Beauty,Mobile,Hibernating,2024-05-07,2024-04-18,2,111.80000000000001,34.62,111.80000000000001,0,2,35.03,55.900000000000006,604,111.80000000000001,0.0,0.23857522304706122,1,0,1.1688,604,2,111.80000000000001,1,1,1,111,Hibernating,85,High risk
CUS-06597,18-24,Female,UK,Returning,Organic Search,2023-03-24,Accessories,Desktop,Hibernating,2023-05-05,2023-03-31,2,109.76,30.88,109.76,0,2,30.87,54.88,972,109.76,0.0,0.21951219512195122,1,0,0.720414201183432,972,2,109.76,1,2,1,121,Hibernating,85,High risk
CUS-01424,25-34,Non-binary/Other,Poland,Returning,Email,2023-06-01,Jeans,Mobile,Hibernating,2023-09-05,2023-06-19,2,106.26,23.700000000000003,106.26,0,2,33.38,53.13,849,106.26,0.0,0.23904325408192495,1,0,0.773015873015873,849,2,106.26,1,1,1,111,Hibernating,85,High risk
CUS-00099,25-34,Female,France,Returning,Email,2023-10-22,Shoes,Mobile,Hibernating,2024-01-27,2024-01-27,1,106.06,22.62,106.06,0,1,40.32,106.06,705,106.06,0.0,0.2754474655007515,0,0,0.45542394014962595,705,1,106.06,1,1,1,111,Hibernating,85,High risk
CUS-01077,25-34,Male,France,Returning,TikTok Ads,2024-01-01,Accessories,Mobile,Hibernating,2024-03-28,2024-03-28,1,105.24,15.78,105.24,0,1,39.04,105.24,644,105.24,0.0,0.27058497366232326,0,0,0.4996580027359781,644,1,105.24,1,1,1,111,Hibernating,85,High risk
CUS-04643,35-44,Female,Germany,Returning,TikTok Ads,2024-01-16,Shoes,Mobile,Hibernating,2024-02-21,2024-02-03,2,103.97999999999999,22.630000000000003,103.97999999999999,0,2,31.97,51.989999999999995,680,103.97999999999999,0.0,0.2351599852887091,1,0,1.0202513966480447,680,2,103.97999999999999,1,1,1,111,Hibernating,85,High risk
CUS-07766,18-24,Female,France,Returning,Meta Ads,2024-06-30,Jeans,Mobile,Hibernating,2024-06-30,2024-06-30,1,102.59,34.56,102.59,0,1,25.77,102.59,550,102.59,0.0,0.20076347771891553,0,0,0.6640909090909091,550,1,102.59,1,1,1,111,Hibernating,85,High risk
CUS-03899,25-34,Female,Germany,Returning,Meta Ads,2023-03-14,Jeans,Mobile,Hibernating,2023-06-23,2023-06-23,1,102.25,30.58,102.25,0,1,32.97,102.25,923,102.25,0.0,0.24382487797663066,0,0,0.356689453125,923,1,102.25,1,1,1,111,Hibernating,85,High risk
CUS-08158,35-44,Male,France,Returning,Organic Search,2023-07-02,Shoes,Mobile,Hibernating,2023-08-04,2023-08-01,2,99.93,32.32,99.93,0,2,30.080000000000002,49.965,881,99.93,0.0,0.23136681793708175,1,0,0.799234135667396,881,2,99.93,1,2,1,121,Hibernating,85,High risk
CUS-01093,25-34,Male,Netherlands,Returning,Meta Ads,2023-10-04,Beauty,Tablet,Hibernating,2024-02-02,2023-11-18,2,99.68,32.26,99.68,0,2,28.409999999999997,49.84,699,99.68,0.0,0.22179717386212816,1,0,0.8908536585365853,699,2,99.68,1,1,1,111,Hibernating,85,High risk
CUS-04349,55+,Female,Netherlands,Returning,Meta Ads,2024-03-24,Beauty,Desktop,Hibernating,2024-06-08,2024-04-27,2,98.6,25.23,98.6,0,2,33.019999999999996,49.3,572,98.6,0.0,0.2508737273970521,1,0,1.1273148148148147,572,2,98.6,1,1,1,111,Hibernating,85,High risk
CUS-01940,35-44,Female,Germany,Returning,Organic Search,2024-02-14,Jeans,Mobile,Hibernating,2024-06-21,2024-02-22,2,98.36,24.380000000000003,98.36,0,2,25.560000000000002,49.18,559,98.36,0.0,0.20626210458360233,1,0,1.0633187772925765,559,2,98.36,1,1,1,111,Hibernating,85,High risk
CUS-01042,45-54,Male,Italy,Returning,Google Search,2023-11-04,Shoes,Mobile,Hibernating,2024-01-02,2024-01-02,1,96.78,25.68,96.78,0,1,25.8,96.78,730,96.78,0.0,0.21047479197258934,0,0,0.46292775665399244,730,1,96.78,1,1,1,111,Hibernating,85,High risk
CUS-08163,25-34,Female,France,Returning,Meta Ads,2024-12-15,Bags,Desktop,At Risk,2025-04-07,2025-04-07,1,96.31,31.94,96.31,0,1,25.14,96.31,269,96.31,0.0,0.20699876492383698,0,0,0.9561518324607329,269,1,96.31,2,1,1,211,Hibernating,85,High risk
CUS-07652,35-44,Male,Spain,Returning,Organic Search,2023-08-24,Jeans,Mobile,Hibernating,2024-03-12,2024-02-20,2,95.83,17.28,95.83,0,2,30.87,47.915,660,95.83,0.0,0.243646408839779,1,0,0.8484320557491289,660,2,95.83,1,2,1,121,Hibernating,85,High risk
CUS-06200,45-54,Male,Italy,Returning,Email,2024-03-27,Dresses,Mobile,Discount Seekers,2025-01-22,2024-09-16,2,95.0,27.89,95.0,0,2,27.02,47.5,344,95.0,0.0,0.22143910834289462,1,0,1.1325581395348838,344,2,95.0,2,2,1,221,Hibernating,85,High risk
CUS-08073,25-34,Female,Italy,Returning,Google Search,2023-07-08,Jeans,Mobile,At Risk,2024-09-10,2024-07-24,2,94.67,20.060000000000002,94.67,0,2,29.8,47.335,478,94.67,0.0,0.23941512010926327,1,0,0.8045154185022027,478,2,94.67,1,2,1,121,Hibernating,85,High risk
CUS-05407,25-34,Male,Germany,Returning,Display Ads,2023-06-22,Accessories,Desktop,Hibernating,2024-05-14,2023-12-07,3,91.56,39.42,91.56,0,3,24.31,30.52,597,91.56,0.0,0.20980409079140414,1,0,1.1858766233766234,597,3,91.56,1,2,1,121,Hibernating,85,High risk
CUS-04936,45-54,Female,Germany,Returning,Organic Search,2024-10-02,Shoes,Mobile,At Risk,2025-01-19,2025-01-19,1,90.69,21.89,90.69,0,1,27.94,90.69,347,90.69,0.0,0.23552221191941333,0,0,0.8009868421052632,347,1,90.69,2,1,1,211,Hibernating,85,High risk
CUS-04382,35-44,Female,UK,Returning,Organic Search,2024-11-06,Shoes,Mobile,Hibernating,2024-11-06,2024-11-06,1,90.67,20.32,90.67,0,1,30.62,90.67,421,90.67,0.0,0.2524527990765933,0,0,0.8675771971496438,421,1,90.67,1,1,1,111,Hibernating,85,High risk
CUS-00793,18-24,Male,France,Returning,Meta Ads,2024-10-06,Shoes,Mobile,Hibernating,2024-10-06,2024-10-06,1,89.84,24.08,89.84,0,1,23.53,89.84,452,89.84,0.0,0.207550498368175,0,0,0.808075221238938,452,1,89.84,1,1,1,111,Hibernating,85,High risk
CUS-08837,35-44,Male,Poland,Returning,Display Ads,2023-09-17,Jeans,Mobile,Hibernating,2024-02-21,2024-02-21,1,89.71,15.64,89.71,0,1,29.75,89.71,680,89.71,0.0,0.2490373346726938,0,0,0.43637992831541217,680,1,89.71,1,1,1,111,Hibernating,85,High risk
CUS-05416,35-44,Female,Germany,Returning,Email,2023-09-13,Jeans,Mobile,Hibernating,2024-04-28,2024-04-28,1,89.55,18.75,89.55,0,1,24.65,89.55,613,89.55,0.0,0.21584938704028023,0,0,0.4343043995243758,613,1,89.55,1,1,1,111,Hibernating,85,High risk
CUS-06411,25-34,Male,Germany,Returning,Email,2023-10-19,Jeans,Mobile,Hibernating,2024-02-13,2024-02-13,1,88.79,15.79,88.79,0,1,28.95,88.79,688,88.79,0.0,0.24588075420417868,0,0,0.45372670807453414,688,1,88.79,1,1,1,111,Hibernating,85,High risk
CUS-00132,18-24,Female,Germany,Returning,Meta Ads,2024-03-12,Shoes,Mobile,Discount Seekers,2024-10-11,2024-10-11,1,88.28,23.52,88.28,0,1,23.38,88.28,447,88.28,0.0,0.2093856349632814,0,0,0.553409090909091,447,1,88.28,1,1,1,111,Hibernating,85,High risk
CUS-07339,35-44,Female,France,Returning,Google Search,2023-02-20,Accessories,Mobile,Hibernating,2023-04-23,2023-03-07,2,88.0,24.6,88.0,0,2,24.28,44.0,984,88.0,0.0,0.2162451015318846,1,0,0.6983747609942639,984,2,88.0,1,2,1,121,Hibernating,85,High risk
CUS-08959,25-34,Male,Germany,Returning,Organic Search,2023-08-25,Accessories,Desktop,Hibernating,2024-04-02,2023-11-30,2,86.64,30.4,86.64,0,2,24.19,43.32,639,86.64,0.0,0.21826220337453758,1,0,0.8494186046511627,639,2,86.64,1,2,1,121,Hibernating,85,High risk
CUS-03844,25-34,Female,UK,Returning,Google Search,2023-01-29,Jeans,Desktop,Hibernating,2023-05-05,2023-05-05,1,84.02,14.66,84.02,0,1,27.85,84.02,972,84.02,0.0,0.2489496737284348,0,0,0.34199438202247195,972,1,84.02,1,1,1,111,Hibernating,85,High risk
CUS-03877,25-34,Female,UK,Returning,Organic Search,2023-07-15,Accessories,Mobile,Hibernating,2024-04-25,2024-04-25,1,83.94,21.72,83.94,0,1,23.33,83.94,616,83.94,0.0,0.21748858021814113,0,0,0.40538290788013315,616,1,83.94,1,1,1,111,Hibernating,85,High risk
CUS-08007,35-44,Female,UK,Returning,Display Ads,2023-12-08,Jeans,Mobile,At Risk,2024-12-23,2024-12-23,1,83.62,14.66,83.62,0,1,27.6,83.62,374,83.62,0.0,0.2481568063297968,0,0,0.4837748344370861,374,1,83.62,2,1,1,211,Hibernating,85,High risk
CUS-05014,35-44,Male,UK,Returning,Organic Search,2023-01-09,Shoes,Mobile,Hibernating,2023-10-21,2023-10-21,1,83.35,20.47,83.35,0,1,25.07,83.35,803,83.35,0.0,0.23123040029514852,0,0,0.3357077205882353,803,1,83.35,1,1,1,111,Hibernating,85,High risk
CUS-06046,25-34,Male,Germany,Returning,Organic Search,2023-06-25,Bags,Mobile,At Risk,2023-08-25,2023-08-25,1,83.05,27.33,83.05,0,1,22.08,83.05,860,83.05,0.0,0.21002568248834774,0,0,0.3965798045602606,860,1,83.05,1,1,1,111,Hibernating,85,High risk
CUS-05873,35-44,Female,Spain,Returning,Organic Search,2023-11-26,Jeans,Mobile,At Risk,2024-07-14,2023-12-30,2,82.38,23.13,82.38,0,2,22.3,41.19,536,82.38,0.0,0.21303018723729464,1,0,0.952411994784876,536,2,82.38,1,2,1,121,Hibernating,85,High risk
CUS-02520,45-54,Female,Italy,Returning,Affiliate,2023-04-24,Accessories,Mobile,Hibernating,2024-05-17,2023-12-28,2,81.98,33.92,81.98,0,2,24.83,40.99,594,81.98,0.0,0.2324688699559966,1,0,0.7431332655137335,594,2,81.98,1,1,1,111,Hibernating,85,High risk
CUS-04405,35-44,Male,Netherlands,Returning,Email,2023-10-25,Jeans,Mobile,Hibernating,2024-05-18,2024-05-18,1,81.87,15.55,81.87,0,1,25.1,81.87,593,81.87,0.0,0.23464522763391607,0,0,0.45713391739674597,593,1,81.87,1,1,1,111,Hibernating,85,High risk
CUS-00025,25-34,Male,Spain,Returning,Google Search,2023-11-06,Accessories,Mobile,Hibernating,2024-01-31,2024-01-31,1,80.95,20.93,80.95,0,1,22.53,80.95,701,80.95,0.0,0.21772323154232703,0,0,0.46410419313850065,701,1,80.95,1,1,1,111,Hibernating,85,High risk
CUS-05696,35-44,Female,Poland,Returning,Organic Search,2023-05-03,Shoes,Desktop,Hibernating,2023-11-13,2023-10-26,2,80.59,25.02,80.59,0,2,21.72,40.295,780,80.59,0.0,0.21229596324894925,1,0,0.75,780,2,80.59,1,2,1,121,Hibernating,85,High risk
CUS-04599,18-24,Male,Germany,Returning,Display Ads,2024-02-20,Shoes,Desktop,Hibernating,2024-03-07,2024-03-07,1,80.05,18.18,80.05,0,1,26.63,80.05,665,80.05,0.0,0.24962504686914136,0,0,0.5363436123348018,665,1,80.05,1,1,1,111,Hibernating,85,High risk
CUS-05264,45-54,Female,Germany,Returning,Google Search,2023-03-23,Bags,Desktop,At Risk,2024-01-01,2024-01-01,1,78.36,23.6,78.36,0,1,24.96,78.36,731,78.36,0.0,0.2415795586527294,0,0,0.3598522167487685,731,1,78.36,1,1,1,111,Hibernating,85,High risk
CUS-03968,25-34,Female,Spain,Returning,Organic Search,2023-12-14,Jeans,Mobile,At Risk,2024-11-07,2024-11-07,1,78.33,13.9,78.33,0,1,25.59,78.33,420,78.33,0.0,0.24624711316397227,0,0,0.4876502002670227,420,1,78.33,1,1,1,111,Hibernating,85,High risk
CUS-02389,35-44,Male,Germany,Returning,TikTok Ads,2023-06-28,Shoes,Mobile,Hibernating,2023-12-06,2023-12-06,1,77.57,16.02,77.57,0,1,28.54,77.57,757,77.57,0.0,0.2689661671849967,0,0,0.3978758169934641,757,1,77.57,1,1,1,111,Hibernating,85,High risk
CUS-09726,55+,Female,UK,Returning,Google Search,2024-08-11,Beauty,Tablet,Hibernating,2024-08-11,2024-08-11,1,76.25,32.57,76.25,0,1,27.75,76.25,508,76.25,0.0,0.2668269230769231,0,0,0.718996062992126,508,1,76.25,1,1,1,111,Hibernating,85,High risk
CUS-05883,35-44,Female,Germany,Returning,Meta Ads,2024-12-13,Dresses,Mobile,At Risk,2025-03-04,2025-03-04,1,75.81,22.35,75.81,0,1,21.38,75.81,303,75.81,0.0,0.21998147957608807,0,0,0.951171875,303,1,75.81,2,1,1,211,Hibernating,85,High risk
CUS-05940,35-44,Male,Germany,Returning,Meta Ads,2024-01-29,Accessories,Mobile,Hibernating,2024-06-21,2024-05-28,2,75.8,32.94,75.8,0,2,19.439999999999998,37.9,559,75.8,0.0,0.20411591768164636,1,0,1.039118065433855,559,2,75.8,1,2,1,121,Hibernating,85,High risk
CUS-08309,25-34,Female,France,Returning,Organic Search,2023-01-09,Shoes,Mobile,Hibernating,2023-12-04,2023-12-04,1,75.62,19.15,75.62,0,1,21.74,75.62,759,75.62,0.0,0.22329498767460967,0,0,0.3357077205882353,759,1,75.62,1,1,1,111,Hibernating,85,High risk
CUS-03279,25-34,Female,Germany,Returning,Meta Ads,2024-11-13,Jeans,Mobile,Hibernating,2024-12-03,2024-12-03,1,74.33,15.96,74.33,0,1,19.82,74.33,394,74.33,0.0,0.2105151354221986,0,0,0.8822463768115942,394,1,74.33,2,1,1,211,Hibernating,85,High risk
CUS-03532,35-44,Male,Germany,Returning,Email,2024-07-11,Accessories,Mobile,Hibernating,2024-08-08,2024-08-08,1,74.17,29.0,74.17,0,1,26.22,74.17,511,74.17,0.0,0.261181392568981,0,0,0.677643784786642,511,1,74.17,1,1,1,111,Hibernating,85,High risk
CUS-04345,18-24,Male,Netherlands,Returning,Meta Ads,2023-05-22,Shoes,Desktop,Hibernating,2023-11-26,2023-11-26,1,73.48,24.1,73.48,0,1,19.68,73.48,767,73.48,0.0,0.21124946328896524,0,0,0.3824607329842932,767,1,73.48,1,1,1,111,Hibernating,85,High risk
CUS-00579,25-34,Female,France,Returning,Meta Ads,2024-04-14,Accessories,Desktop,Hibernating,2024-05-11,2024-05-08,2,73.11,31.369999999999997,73.11,0,2,19.64,36.555,600,73.11,0.0,0.21175202156334233,1,0,1.1650717703349283,600,2,73.11,1,1,1,111,Hibernating,85,High risk
CUS-01078,45-54,Female,Poland,Returning,Organic Search,2024-03-14,Jeans,Mobile,Hibernating,2024-04-16,2024-03-18,2,73.11,18.2,73.11,0,2,25.19,36.555,625,73.11,0.0,0.2562563580874873,1,0,1.1101823708206686,625,2,73.11,1,1,1,111,Hibernating,85,High risk
CUS-04429,55+,Male,Italy,Returning,Organic Search,2023-05-29,Accessories,Mobile,Hibernating,2024-02-19,2023-06-16,2,72.93,31.36,72.93,0,2,23.689999999999998,36.465,682,72.93,0.0,0.2451873318153591,1,0,0.7705696202531646,682,2,72.93,1,1,1,111,Hibernating,85,High risk
CUS-05383,25-34,Female,Germany,Returning,Email,2023-12-01,Beauty,Mobile,Hibernating,2024-01-14,2023-12-01,2,72.75,33.9,72.75,0,2,19.759999999999998,36.375,718,72.75,0.0,0.21359852988866068,1,0,0.9586614173228347,718,2,72.75,1,1,1,111,Hibernating,85,High risk
CUS-07266,25-34,Female,Netherlands,Returning,Organic Search,2023-08-31,Jeans,Desktop,At Risk,2024-08-15,2023-09-15,2,72.59,23.39,72.59,0,2,18.34,36.295,504,72.59,0.0,0.20169361046959197,1,0,0.8553864168618267,504,2,72.59,1,2,1,121,Hibernating,85,High risk
CUS-03775,25-34,Female,Germany,Returning,TikTok Ads,2023-08-18,Accessories,Mobile,Hibernating,2024-02-23,2023-12-21,2,72.28,29.86,72.28,0,2,21.98,36.14,678,72.28,0.0,0.23318480797793337,1,0,0.842560553633218,678,2,72.28,1,1,1,111,Hibernating,85,High risk
CUS-09174,25-34,Female,Germany,Returning,Meta Ads,2023-04-24,Accessories,Mobile,Hibernating,2023-12-06,2023-07-16,2,72.06,30.439999999999998,72.06,0,2,20.43,36.03,757,72.06,0.0,0.2208887447291599,1,0,0.7431332655137335,757,2,72.06,1,2,1,121,Hibernating,85,High risk
CUS-08574,45-54,Male,Germany,Returning,Organic Search,2024-05-13,Bags,Mobile,At Risk,2025-01-11,2025-01-11,1,71.81,22.36,71.81,0,1,21.49,71.81,355,71.81,0.0,0.23033226152197211,0,0,0.6107859531772575,355,1,71.81,2,1,1,211,Hibernating,85,High risk
CUS-00800,35-44,Female,Italy,Returning,Display Ads,2023-07-24,Bags,Mobile,At Risk,2023-12-14,2023-12-14,1,71.75,23.21,71.75,0,1,19.83,71.75,749,71.75,0.0,0.21653199388512775,0,0,0.4094730941704036,749,1,71.75,1,1,1,111,Hibernating,85,High risk
CUS-02634,55+,Male,Italy,Returning,Email,2024-04-10,Beauty,Mobile,Hibernating,2024-04-11,2024-04-11,2,70.53999999999999,32.37,70.53999999999999,0,2,20.35,35.269999999999996,630,70.53999999999999,0.0,0.22389701837385856,1,0,1.1576862123613312,630,2,70.53999999999999,1,1,1,111,Hibernating,85,High risk
CUS-09097,25-34,Non-binary/Other,France,Returning,Meta Ads,2024-06-13,Shoes,Desktop,Hibernating,2024-08-28,2024-08-28,1,70.43,15.59,70.43,0,1,24.12,70.43,491,70.43,0.0,0.2551031200423056,0,0,0.6441798941798942,491,1,70.43,1,1,1,111,Hibernating,85,High risk
CUS-02152,35-44,Female,Poland,Returning,Meta Ads,2023-06-19,Beauty,Mobile,Hibernating,2024-04-01,2023-06-25,2,70.28999999999999,30.84,70.28999999999999,0,2,23.64,35.144999999999996,640,70.28999999999999,0.0,0.25167678058128395,1,0,0.7880258899676376,640,2,70.28999999999999,1,1,1,111,Hibernating,85,High risk
CUS-07509,18-24,Male,Italy,Returning,Meta Ads,2024-05-15,Beauty,Mobile,Hibernating,2024-10-16,2024-10-16,1,69.96,30.51,69.96,0,1,23.97,69.96,442,69.96,0.0,0.2551900351325455,0,0,0.6128355704697986,442,1,69.96,1,1,1,111,Hibernating,85,High risk
CUS-02718,25-34,Male,Netherlands,Returning,Organic Search,2023-03-19,Shoes,Mobile,Hibernating,2023-04-29,2023-04-29,1,69.49,15.97,69.49,0,1,22.78,69.49,978,69.49,0.0,0.2468841443589466,0,0,0.3584396467124632,978,1,69.49,1,1,1,111,Hibernating,85,High risk
CUS-04299,35-44,Male,Spain,Returning,Meta Ads,2024-02-06,Accessories,Mobile,Hibernating,2024-02-16,2024-02-10,2,69.21000000000001,28.97,69.21000000000001,0,2,20.2,34.605000000000004,685,69.21000000000001,0.0,0.22592551168773065,1,0,1.0510791366906473,685,2,69.21000000000001,1,1,1,111,Hibernating,85,High risk
CUS-02532,25-34,Female,UK,Returning,Google Search,2024-06-16,Beauty,Mobile,Hibernating,2024-06-16,2024-06-16,1,69.21,18.64,69.21,0,1,17.98,69.21,564,69.21,0.0,0.20621630920977177,0,0,0.6476063829787234,564,1,69.21,1,1,1,111,Hibernating,85,High risk
CUS-03552,45-54,Female,UK,Returning,Meta Ads,2023-01-30,Jeans,Mobile,At Risk,2023-08-02,2023-08-02,1,69.13,15.96,69.13,0,1,22.54,69.13,883,69.13,0.0,0.245881967928439,0,0,0.3423149015932521,883,1,69.13,1,1,1,111,Hibernating,85,High risk
CUS-02919,35-44,Female,UK,Returning,Organic Search,2023-10-10,Bags,Mobile,At Risk,2024-01-04,2024-01-04,1,69.04,22.58,69.04,0,1,18.61,69.04,728,69.04,0.0,0.21232173416999428,0,0,0.4487100737100737,728,1,69.04,1,1,1,111,Hibernating,85,High risk
CUS-05423,25-34,Male,Netherlands,Returning,Affiliate,2023-07-26,Beauty,Mobile,Hibernating,2024-05-22,2023-09-08,2,68.59,32.53,68.59,0,2,17.26,34.295,589,68.59,0.0,0.20104834012813047,1,0,0.8207865168539326,589,2,68.59,1,1,1,111,Hibernating,85,High risk
CUS-06024,35-44,Male,Italy,Returning,Organic Search,2024-09-16,Jeans,Desktop,At Risk,2025-04-16,2025-04-16,1,68.49,13.68,68.49,0,1,19.91,68.49,260,68.49,0.0,0.22522624434389144,0,0,0.7738347457627118,260,1,68.49,2,1,1,211,Hibernating,85,High risk
CUS-01341,35-44,Male,Germany,Returning,Google Search,2023-01-10,Jeans,Desktop,Hibernating,2023-01-25,2023-01-25,1,68.45,22.09,68.45,0,1,19.03,68.45,1072,68.45,0.0,0.21753543667123915,0,0,0.3360165593376265,1072,1,68.45,1,1,1,111,Hibernating,85,High risk
CUS-05220,35-44,Female,Germany,Returning,TikTok Ads,2024-02-11,Beauty,Mobile,Hibernating,2024-03-23,2024-02-17,2,68.3,32.0,68.3,0,2,18.14,34.15,649,68.3,0.0,0.2098565478944933,1,0,1.058695652173913,649,2,68.3,1,1,1,111,Hibernating,85,High risk
CUS-03632,18-24,Female,France,Returning,Affiliate,2024-01-01,Accessories,Mobile,Hibernating,2024-02-13,2024-02-13,1,67.22,27.15,67.22,0,1,21.82,67.22,688,67.22,0.0,0.2450584007187781,0,0,0.4996580027359781,688,1,67.22,1,1,1,111,Hibernating,85,High risk
CUS-01500,45-54,Non-binary/Other,Italy,Returning,Display Ads,2023-09-14,Jeans,Desktop,At Risk,2024-03-19,2024-03-19,1,66.95,29.01,66.95,0,1,17.37,66.95,653,66.95,0.0,0.2060009487666034,0,0,0.4348214285714286,653,1,66.95,1,1,1,111,Hibernating,85,High risk
CUS-03565,18-24,Female,France,Returning,Google Search,2023-04-15,Jeans,Mobile,At Risk,2024-05-02,2024-05-02,1,66.8,14.7,66.8,0,1,17.23,66.8,609,66.8,0.0,0.20504581697012972,0,0,0.368195564516129,609,1,66.8,1,1,1,111,Hibernating,85,High risk
CUS-02582,25-34,Male,France,Returning,Email,2024-03-24,Beauty,Tablet,Hibernating,2024-04-04,2024-04-04,1,66.7,30.84,66.7,0,1,18.68,66.7,637,66.7,0.0,0.21878660107753573,0,0,0.5636574074074073,637,1,66.7,1,1,1,111,Hibernating,85,High risk
CUS-06157,35-44,Non-binary/Other,Spain,Returning,Email,2023-06-24,Accessories,Mobile,Hibernating,2024-11-18,2024-11-18,1,66.45,25.21,66.45,0,1,25.2,66.45,409,66.45,0.0,0.27495908346972175,0,0,0.39614967462039047,409,1,66.45,1,1,1,111,Hibernating,85,High risk
CUS-04963,18-24,Male,Germany,Returning,Organic Search,2024-02-25,Jeans,Desktop,Discount Seekers,2025-01-13,2025-01-13,1,66.41,14.63,66.41,0,1,17.11,66.41,353,66.41,0.0,0.2048611111111111,0,0,0.5403106508875739,353,1,66.41,2,1,1,211,Hibernating,85,High risk
CUS-06432,45-54,Female,Italy,Returning,Affiliate,2024-07-25,Beauty,Desktop,Hibernating,2024-08-21,2024-08-21,1,66.26,12.91,66.26,0,1,22.65,66.26,498,66.26,0.0,0.2547519964008548,0,0,0.6957142857142857,498,1,66.26,1,1,1,111,Hibernating,85,High risk
CUS-04709,35-44,Female,Netherlands,Returning,Google Search,2023-05-09,Beauty,Mobile,Hibernating,2023-11-21,2023-06-18,3,66.1,30.990000000000002,66.1,0,3,17.47,22.03333333333333,772,66.1,0.0,0.2090463084839057,1,0,1.1319731404958677,772,3,66.1,1,2,1,121,Hibernating,85,High risk
CUS-00552,55+,Male,Italy,Returning,Meta Ads,2023-05-15,Shoes,Desktop,Hibernating,2023-12-06,2023-12-06,1,66.0,14.7,66.0,0,1,22.45,66.0,757,66.0,0.0,0.253815715093273,0,0,0.3796777546777547,757,1,66.0,1,1,1,111,Hibernating,85,High risk
CUS-02999,25-34,Female,Germany,Returning,Display Ads,2023-04-06,Beauty,Desktop,Hibernating,2024-04-11,2024-04-11,1,65.4,29.68,65.4,0,1,19.65,65.4,630,65.4,0.0,0.23104056437389767,0,0,0.3648851148851149,630,1,65.4,1,1,1,111,Hibernating,85,High risk
CUS-08524,25-34,Female,UK,Returning,Organic Search,2023-12-15,Jeans,Desktop,Hibernating,2024-01-24,2024-01-24,1,65.31,13.79,65.31,0,1,17.78,65.31,708,65.31,0.0,0.2139848357203033,0,0,0.4883021390374332,708,1,65.31,1,1,1,111,Hibernating,85,High risk
CUS-04728,25-34,Male,France,Returning,TikTok Ads,2023-09-23,Shoes,Mobile,Hibernating,2024-01-21,2024-01-21,1,64.93,9.81,64.93,0,1,23.97,64.93,711,64.93,0.0,0.2696287964004499,0,0,0.4395306859205776,711,1,64.93,1,1,1,111,Hibernating,85,High risk
CUS-02161,25-34,Female,UK,Returning,Meta Ads,2024-03-22,Accessories,Mobile,Hibernating,2024-06-09,2024-06-09,1,64.92,28.25,64.92,0,1,16.57,64.92,571,64.92,0.0,0.20333783286292795,0,0,0.561923076923077,571,1,64.92,1,1,1,111,Hibernating,85,High risk
CUS-02387,25-34,Female,Poland,Returning,TikTok Ads,2023-05-06,Shoes,Mobile,Hibernating,2023-11-27,2023-11-27,1,64.72,30.44,64.72,0,1,16.89,64.72,766,64.72,0.0,0.20695993138095822,0,0,0.37615859938208035,766,1,64.72,1,1,1,111,Hibernating,85,High risk
CUS-09446,55+,Male,Germany,Returning,Meta Ads,2023-12-20,Jeans,Mobile,At Risk,2024-01-20,2024-01-20,1,64.49,14.15,64.49,0,1,16.71,64.49,712,64.49,0.0,0.2057881773399015,0,0,0.49158815612382234,712,1,64.49,1,1,1,111,Hibernating,85,High risk
CUS-03608,35-44,Male,Germany,Returning,Meta Ads,2023-11-17,Shoes,Desktop,Discount Seekers,2024-06-18,2024-06-18,1,64.44,15.81,64.44,0,1,19.41,64.44,562,64.44,0.0,0.23148479427549196,0,0,0.4706829896907217,562,1,64.44,1,1,1,111,Hibernating,85,High risk
CUS-06730,45-54,Male,Italy,Returning,Organic Search,2023-10-26,Shoes,Mobile,Hibernating,2024-01-14,2024-01-14,1,63.69,17.51,63.69,0,1,20.27,63.69,718,63.69,0.0,0.2414244878513578,0,0,0.45770676691729323,718,1,63.69,1,1,1,111,Hibernating,85,High risk
CUS-01206,45-54,Female,Poland,Returning,Display Ads,2023-03-16,Jeans,Mobile,Hibernating,2024-02-06,2024-02-06,1,63.28,14.23,63.28,0,1,15.83,63.28,695,63.28,0.0,0.2001011250158008,0,0,0.35738747553816047,695,1,63.28,1,1,1,111,Hibernating,85,High risk
CUS-01344,25-34,Female,Poland,Returning,Google Search,2024-11-01,Jeans,Mobile,Hibernating,2024-11-01,2024-11-01,1,62.83,10.51,62.83,0,1,21.56,62.83,426,62.83,0.0,0.25548050716909587,0,0,0.8573943661971831,426,1,62.83,1,1,1,111,Hibernating,85,High risk
CUS-00551,55+,Female,UK,Returning,Organic Search,2024-11-12,Accessories,Desktop,Hibernating,2024-11-12,2024-11-12,1,62.56,24.0,62.56,0,1,23.14,62.56,415,62.56,0.0,0.2700116686114352,0,0,0.880120481927711,415,1,62.56,1,1,1,111,Hibernating,85,High risk
CUS-05823,35-44,Female,UK,Returning,Organic Search,2023-11-18,Jeans,Mobile,Hibernating,2024-03-19,2024-03-19,1,62.38,16.55,62.38,0,1,16.64,62.38,653,62.38,0.0,0.21057960010124016,0,0,0.4712903225806452,653,1,62.38,1,1,1,111,Hibernating,85,High risk
CUS-00244,25-34,Female,Poland,Returning,Meta Ads,2023-06-17,Accessories,Desktop,Hibernating,2023-12-21,2023-08-21,2,62.35,26.96,62.35,0,2,16.310000000000002,31.175,742,62.35,0.0,0.20734808034579205,1,0,0.7863293864370291,742,2,62.35,1,1,1,111,Hibernating,85,High risk
CUS-00628,25-34,Male,Netherlands,Returning,Google Search,2023-10-03,Bags,Mobile,At Risk,2024-06-12,2024-06-12,1,62.15,18.6,62.15,0,1,20.02,62.15,568,62.15,0.0,0.2436412315930388,0,0,0.44488428745432396,568,1,62.15,1,1,1,111,Hibernating,85,High risk
CUS-06651,55+,Male,Germany,Returning,TikTok Ads,2023-06-19,Jeans,Tablet,Hibernating,2024-03-01,2023-11-06,2,61.92,14.96,61.92,0,2,20.490000000000002,30.96,671,61.92,0.0,0.24863487440844562,1,0,0.7880258899676376,671,2,61.92,1,2,1,121,Hibernating,85,High risk
CUS-02786,25-34,Female,UK,Returning,Organic Search,2023-01-31,Accessories,Tablet,Hibernating,2023-11-23,2023-11-23,1,60.76,18.03,60.76,0,1,19.87,60.76,770,60.76,0.0,0.24643432965397497,0,0,0.3426360225140713,770,1,60.76,1,1,1,111,Hibernating,85,High risk
CUS-03524,35-44,Male,Germany,Returning,Google Search,2024-03-21,Dresses,Mobile,At Risk,2024-07-13,2024-07-13,1,60.76,27.21,60.76,0,1,19.12,60.76,537,60.76,0.0,0.23935903855783677,0,0,0.5610599078341014,537,1,60.76,1,1,1,111,Hibernating,85,High risk
CUS-05230,25-34,Male,Netherlands,Returning,Organic Search,2023-05-09,Accessories,Mobile,Hibernating,2024-01-26,2024-01-26,1,59.4,23.28,59.4,0,1,20.87,59.4,706,59.4,0.0,0.2599975084091192,0,0,0.37732438016528924,706,1,59.4,1,1,1,111,Hibernating,85,High risk
CUS-08258,25-34,Female,Poland,Returning,Display Ads,2024-02-26,Accessories,Mobile,Hibernating,2024-03-26,2024-03-26,1,59.13,25.19,59.13,0,1,16.29,59.13,646,59.13,0.0,0.2159904534606205,0,0,0.5411111111111111,646,1,59.13,1,1,1,111,Hibernating,85,High risk
CUS-05934,45-54,Non-binary/Other,Germany,Returning,Meta Ads,2024-07-15,Jeans,Desktop,Hibernating,2024-07-15,2024-07-15,1,59.11,25.21,59.11,0,1,16.23,59.11,535,59.11,0.0,0.21542341385718078,0,0,0.6827102803738317,535,1,59.11,1,1,1,111,Hibernating,85,High risk
CUS-00504,25-34,Female,UK,Returning,Meta Ads,2023-10-08,Beauty,Desktop,Hibernating,2024-01-17,2023-11-17,2,58.760000000000005,26.3,58.760000000000005,0,2,18.52,29.380000000000003,715,58.760000000000005,0.0,0.23964803312629399,1,0,0.8952205882352942,715,2,58.760000000000005,1,1,1,111,Hibernating,85,High risk
CUS-04235,25-34,Male,Germany,Returning,Display Ads,2023-11-29,Jeans,Mobile,At Risk,2024-07-15,2024-07-15,1,58.43,11.39,58.43,0,1,17.45,58.43,535,58.43,0.0,0.22996837111228255,0,0,0.47807591623036644,535,1,58.43,1,1,1,111,Hibernating,85,High risk
CUS-09822,55+,Female,France,Returning,Organic Search,2024-09-21,Accessories,Desktop,Hibernating,2024-09-21,2024-09-21,1,58.2,12.33,58.2,0,1,20.88,58.2,467,58.2,0.0,0.26403641881638845,0,0,0.7821199143468951,467,1,58.2,1,1,1,111,Hibernating,85,High risk
CUS-00612,55+,Female,Spain,Returning,Meta Ads,2023-11-09,Accessories,Mobile,Hibernating,2024-03-01,2024-02-08,2,57.959999999999994,22.8,57.959999999999994,0,2,20.17,28.979999999999997,671,57.959999999999994,0.0,0.25815947779342124,1,0,0.9317602040816326,671,2,57.959999999999994,1,1,1,111,Hibernating,85,High risk
CUS-09757,25-34,Female,France,Returning,TikTok Ads,2023-02-06,Jeans,Mobile,Hibernating,2024-03-14,2024-03-14,1,57.28,11.82,57.28,0,1,16.04,57.28,658,57.28,0.0,0.2187670485542826,0,0,0.3445754716981132,658,1,57.28,1,1,1,111,Hibernating,85,High risk
CUS-07536,25-34,Female,France,Returning,Meta Ads,2024-12-10,Jeans,Mobile,At Risk,2024-12-21,2024-12-21,1,57.16,14.01,57.16,0,1,17.24,57.16,376,57.16,0.0,0.23172043010752688,0,0,0.9437984496124031,376,1,57.16,2,1,1,211,Hibernating,85,High risk
CUS-05136,45-54,Male,UK,Returning,Google Search,2023-08-23,Shoes,Mobile,Hibernating,2023-12-17,2023-12-17,1,56.43,15.07,56.43,0,1,14.89,56.43,746,56.43,0.0,0.20877734155916997,0,0,0.42372389791183296,746,1,56.43,1,1,1,111,Hibernating,85,High risk
CUS-09858,25-34,Female,Spain,Returning,Organic Search,2023-08-24,Beauty,Mobile,Hibernating,2023-11-14,2023-11-14,1,56.25,15.83,56.25,0,1,17.25,56.25,779,56.25,0.0,0.23469387755102042,0,0,0.42421602787456447,779,1,56.25,1,1,1,111,Hibernating,85,High risk
CUS-07512,45-54,Female,Netherlands,Returning,Email,2024-03-13,Accessories,Mobile,Hibernating,2024-05-18,2024-04-08,2,56.21,23.69,56.21,0,2,16.05,28.105,593,56.21,0.0,0.22211458621644062,1,0,1.1084977238239757,593,2,56.21,1,2,1,121,Hibernating,85,High risk
CUS-07078,35-44,Male,Netherlands,Returning,Affiliate,2024-02-03,Beauty,Mobile,Hibernating,2024-03-01,2024-02-14,2,56.17,25.59,56.17,0,2,16.64,28.085,671,56.17,0.0,0.22854003570938058,1,0,1.0465616045845272,671,2,56.17,1,2,1,121,Hibernating,85,High risk
CUS-07690,45-54,Female,France,Returning,Meta Ads,2023-10-16,Jeans,Desktop,Hibernating,2024-06-04,2024-06-04,1,55.18,11.34,55.18,0,1,15.54,55.18,576,55.18,0.0,0.21973981900452488,0,0,0.4520420792079208,576,1,55.18,1,1,1,111,Hibernating,85,High risk
CUS-08507,25-34,Male,Germany,Returning,Email,2023-07-20,Shoes,Desktop,Hibernating,2023-08-01,2023-08-01,1,54.86,12.92,54.86,0,1,17.45,54.86,884,54.86,0.0,0.24132208546535747,0,0,0.4076450892857143,884,1,54.86,1,1,1,111,Hibernating,85,High risk
CUS-08171,25-34,Male,France,Returning,Meta Ads,2023-07-01,Shoes,Desktop,Hibernating,2024-03-13,2024-03-13,1,54.63,12.31,54.63,0,1,19.61,54.63,659,54.63,0.0,0.2641433189655172,0,0,0.39918032786885244,659,1,54.63,1,1,1,111,Hibernating,85,High risk
CUS-06457,45-54,Male,Netherlands,Returning,Meta Ads,2024-04-29,Dresses,Mobile,At Risk,2024-07-17,2024-07-17,1,53.52,15.82,53.52,0,1,15.02,53.52,533,53.52,0.0,0.2191421067989495,0,0,0.5968137254901961,533,1,53.52,1,1,1,111,Hibernating,85,High risk
CUS-05345,25-34,Male,Germany,Returning,Affiliate,2024-06-06,Jeans,Tablet,Hibernating,2024-07-16,2024-07-16,1,53.39,10.93,53.39,0,1,15.1,53.39,534,53.39,0.0,0.22047014162651482,0,0,0.6363240418118468,534,1,53.39,1,1,1,111,Hibernating,85,High risk
CUS-07902,25-34,Male,France,Returning,Display Ads,2024-01-30,Dresses,Mobile,At Risk,2025-01-22,2025-01-22,1,53.28,11.48,53.28,0,1,14.13,53.28,344,53.28,0.0,0.20961281708945262,0,0,0.5202991452991452,344,1,53.28,2,1,1,211,Hibernating,85,High risk
CUS-07161,25-34,Male,UK,Returning,Google Search,2023-05-02,Beauty,Mobile,Hibernating,2023-06-16,2023-06-16,1,53.15,16.57,53.15,0,1,13.35,53.15,930,53.15,0.0,0.20075187969924813,0,0,0.37461538461538463,930,1,53.15,1,1,1,111,Hibernating,85,High risk
CUS-08461,25-34,Male,UK,Returning,Meta Ads,2023-10-19,Jeans,Desktop,At Risk,2023-11-28,2023-11-28,1,53.05,10.25,53.05,0,1,15.98,53.05,765,53.05,0.0,0.23149355352745182,0,0,0.45372670807453414,765,1,53.05,1,1,1,111,Hibernating,85,High risk
CUS-01325,55+,Male,Germany,Returning,Affiliate,2024-03-28,Shoes,Mobile,Hibernating,2024-03-30,2024-03-30,1,52.75,12.15,52.75,0,1,17.26,52.75,642,52.75,0.0,0.24653620911298385,0,0,0.5671583850931677,642,1,52.75,1,1,1,111,Hibernating,85,High risk
CUS-02653,25-34,Male,Spain,Returning,Affiliate,2023-03-05,Beauty,Mobile,Hibernating,2023-10-13,2023-10-03,2,52.42,24.630000000000003,52.42,0,2,13.76,26.21,811,52.42,0.0,0.20791779993955875,1,0,0.707163601161665,811,2,52.42,1,1,1,111,Hibernating,85,High risk
CUS-06220,18-24,Female,Germany,Returning,Affiliate,2023-11-07,Beauty,Mobile,Hibernating,2024-02-05,2024-02-05,1,52.22,15.4,52.22,0,1,14.73,52.22,696,52.22,0.0,0.2200149365197909,0,0,0.46469465648854963,696,1,52.22,1,1,1,111,Hibernating,85,High risk
