customer_id,recency,frequency,monetary,r_score,f_score,m_score,rfm_score,customer_segment,churn_risk_score,churn_risk_label
CUS-00001,678,3,263.9,1,2,3,123,Hibernating,67,High risk
CUS-00002,75,4,354.85,4,3,3,433,Potential Loyalists,20,Low risk
CUS-00003,258,6,480.15999999999997,2,4,4,244,At Risk,65,High risk
CUS-00004,46,2,83.91,5,1,1,511,Potential Loyalists,15,Low risk
CUS-00005,17,3,229.12,5,2,2,522,Potential Loyalists,5,Low risk
CUS-00006,108,3,253.33,3,2,3,323,Potential Loyalists,18,Low risk
CUS-00007,383,4,268.6,2,3,3,233,At Risk,57,Medium risk
CUS-00008,49,13,1841.77,5,5,5,555,High-Value Customers,5,Low risk
CUS-00009,81,6,322.73,4,4,3,443,Loyal Customers,13,Low risk
CUS-00010,57,18,1551.09,4,5,5,455,High-Value Customers,13,Low risk
CUS-00011,531,4,276.54,1,3,3,133,At Risk,82,High risk
CUS-00012,200,1,28.04,2,1,1,211,Hibernating,54,Medium risk
CUS-00013,88,7,459.38,3,4,4,344,Discount Seekers,21,Low risk
CUS-00014,74,9,451.18,4,5,4,454,Champions,13,Low risk
CUS-00015,101,4,237.42,3,3,2,332,Potential Loyalists,18,Low risk
CUS-00016,65,2,293.78,4,1,3,413,Potential Loyalists,5,Low risk
CUS-00017,32,2,242.75,5,1,2,512,Potential Loyalists,5,Low risk
CUS-00018,496,2,236.86,1,1,2,112,Hibernating,67,High risk
CUS-00019,83,6,390.59,3,4,3,343,Loyal Customers,5,Low risk
CUS-00020,58,5,384.78999999999996,4,3,3,433,Potential Loyalists,20,Low risk
CUS-00021,20,10,645.83,5,5,4,554,Champions,21,Low risk
CUS-00022,66,5,383.59999999999997,4,3,3,433,Potential Loyalists,21,Low risk
CUS-00023,35,6,544.57,5,4,4,544,Champions,13,Low risk
CUS-00024,74,10,1490.6299999999999,4,5,5,455,High-Value Customers,13,Low risk
CUS-00025,701,1,80.95,1,1,1,111,Hibernating,85,High risk
CUS-00026,475,3,322.55,1,2,3,123,Hibernating,72,High risk
CUS-00027,399,1,82.19,2,1,1,211,Hibernating,77,High risk
CUS-00028,52,2,86.17,4,1,1,411,Potential Loyalists,5,Low risk
CUS-00029,99,1,80.15,3,1,1,311,Potential Loyalists,18,Low risk
CUS-00030,293,2,278.67,2,1,3,213,Hibernating,92,High risk
CUS-00031,356,3,162.84,2,2,2,222,Hibernating,72,High risk
CUS-00032,60,4,353.4,4,3,3,433,Potential Loyalists,20,Low risk
CUS-00033,25,6,689.71,5,4,5,545,High-Value Customers,5,Low risk
CUS-00034,501,5,379.86,1,3,3,133,At Risk,67,High risk
CUS-00035,177,7,529.18,2,4,4,244,At Risk,44,Medium risk
CUS-00036,130,4,622.03,3,3,4,334,Potential Loyalists,45,Medium risk
CUS-00037,651,1,41.77,1,1,1,111,Hibernating,77,High risk
CUS-00038,30,6,392.77,5,4,3,543,Discount Seekers,21,Low risk
CUS-00039,314,6,472.86,2,4,4,244,At Risk,65,High risk
CUS-00040,107,7,726.96,3,4,5,345,High-Value Customers,26,Low risk
CUS-00041,186,2,44.41,2,1,1,211,Hibernating,54,Medium risk
CUS-00042,378,4,356.32,2,3,3,233,At Risk,57,Medium risk
CUS-00043,48,7,545.04,5,4,4,544,Champions,13,Low risk
CUS-00044,94,5,491.87,3,3,4,334,Potential Loyalists,18,Low risk
CUS-00045,860,3,159.70999999999998,1,2,2,122,Hibernating,92,High risk
CUS-00046,71,4,229.38,4,3,2,432,Potential Loyalists,20,Low risk
CUS-00047,335,3,195.09,2,2,2,222,Hibernating,67,High risk
CUS-00048,104,6,943.71,3,4,5,345,High-Value Customers,33,Low risk
CUS-00049,71,4,379.09000000000003,4,3,3,433,Potential Loyalists,15,Low risk
CUS-00050,64,10,896.4300000000001,4,5,5,455,High-Value Customers,5,Low risk
CUS-00051,22,4,201.42,5,3,2,532,Potential Loyalists,5,Low risk
CUS-00052,538,3,248.72,1,2,3,123,Hibernating,77,High risk
CUS-00053,25,6,468.99,5,4,4,544,Champions,21,Low risk
CUS-00054,193,5,643.78,2,3,4,234,At Risk,54,Medium risk
CUS-00055,87,11,1171.48,3,5,5,355,High-Value Customers,5,Low risk
CUS-00056,64,12,897.5899999999999,4,5,5,455,High-Value Customers,13,Low risk
CUS-00057,574,3,178.24,1,2,2,122,Hibernating,67,High risk
CUS-00058,112,4,275.71000000000004,3,3,3,333,Potential Loyalists,28,Low risk
CUS-00059,84,4,235.14,3,3,2,332,Discount Seekers,30,Low risk
CUS-00060,702,3,373.45000000000005,1,2,3,123,Hibernating,92,High risk
CUS-00061,24,5,342.84000000000003,5,3,3,533,Potential Loyalists,5,Low risk
CUS-00062,50,9,636.4200000000001,4,5,4,454,Champions,20,Low risk
CUS-00063,397,9,535.38,2,5,4,254,At Risk,57,Medium risk
CUS-00064,30,1,20.18,5,1,1,511,Potential Loyalists,5,Low risk
CUS-00065,62,3,161.06,4,2,2,422,Potential Loyalists,5,Low risk
CUS-00066,77,3,283.43,4,2,3,423,Potential Loyalists,5,Low risk
CUS-00067,396,5,435.21,2,3,4,234,At Risk,57,Medium risk
CUS-00068,544,3,193.58,1,2,2,122,Hibernating,67,High risk
CUS-00069,117,7,890.13,3,4,5,345,High-Value Customers,26,Low risk
CUS-00070,155,1,92.21,2,1,1,211,Hibernating,64,Medium risk
CUS-00071,106,1,103.37,3,1,1,311,Potential Loyalists,18,Low risk
CUS-00072,66,4,360.55,4,3,3,433,Potential Loyalists,5,Low risk
CUS-00073,384,1,18.99,2,1,1,211,Hibernating,85,High risk
CUS-00074,75,1,65.34,4,1,1,411,Potential Loyalists,25,Low risk
CUS-00075,107,5,387.34,3,3,3,333,Potential Loyalists,26,Low risk
CUS-00076,41,2,128.91,5,1,1,511,Potential Loyalists,5,Low risk
CUS-00077,21,3,249.25,5,2,3,523,Potential Loyalists,20,Low risk
CUS-00078,40,13,1226.06,5,5,5,555,High-Value Customers,5,Low risk
CUS-00079,706,1,47.49,1,1,1,111,Hibernating,77,High risk
CUS-00080,94,15,1057.32,3,5,5,355,High-Value Customers,18,Low risk
CUS-00081,617,1,22.33,1,1,1,111,Hibernating,77,High risk
CUS-00082,151,6,399.43,2,4,4,244,Discount Seekers,67,High risk
CUS-00083,436,1,26.52,1,1,1,111,Hibernating,85,High risk
CUS-00084,55,4,430.19,4,3,4,434,Potential Loyalists,20,Low risk
CUS-00085,56,3,158.12,4,2,2,422,Potential Loyalists,5,Low risk
CUS-00086,690,3,179.6,1,2,2,122,Hibernating,92,High risk
CUS-00087,416,1,68.44,1,1,1,111,Hibernating,77,High risk
CUS-00088,21,2,145.62,5,1,2,512,Potential Loyalists,5,Low risk
CUS-00089,72,6,616.55,4,4,4,444,Champions,20,Low risk
CUS-00090,44,10,1056.95,5,5,5,555,High-Value Customers,13,Low risk
CUS-00091,20,4,288.81,5,3,3,533,Potential Loyalists,13,Low risk
CUS-00092,42,7,861.17,5,4,5,545,High-Value Customers,5,Low risk
CUS-00093,54,9,627.39,4,5,4,454,Champions,5,Low risk
CUS-00094,51,6,420.14000000000004,4,4,4,444,Champions,5,Low risk
CUS-00095,95,9,1248.53,3,5,5,355,High-Value Customers,18,Low risk
CUS-00096,80,14,1912.08,4,5,5,455,High-Value Customers,5,Low risk
CUS-00097,127,4,402.03999999999996,3,3,4,334,Potential Loyalists,40,Medium risk
CUS-00098,108,2,140.15,3,1,2,312,Potential Loyalists,33,Low risk
CUS-00099,705,1,106.06,1,1,1,111,Hibernating,85,High risk
CUS-00100,191,8,1076.73,2,5,5,255,High-Value Customers,44,Medium risk
CUS-00101,550,4,175.62,1,3,2,132,At Risk,67,High risk
CUS-00102,607,1,154.18,1,1,2,112,Hibernating,77,High risk
CUS-00103,86,1,55.53,3,1,1,311,Potential Loyalists,25,Low risk
CUS-00104,106,7,513.82,3,4,4,344,Loyal Customers,18,Low risk
CUS-00105,70,16,1079.3,4,5,5,455,High-Value Customers,21,Low risk
CUS-00106,898,1,24.14,1,1,1,111,Hibernating,85,High risk
CUS-00107,36,1,76.4,5,1,1,511,Potential Loyalists,5,Low risk
CUS-00108,394,3,87.45,2,2,1,221,Hibernating,57,Medium risk
CUS-00109,36,5,530.47,5,3,4,534,Potential Loyalists,5,Low risk
CUS-00110,64,2,86.03999999999999,4,1,1,411,Potential Loyalists,5,Low risk
CUS-00111,985,3,92.96,1,2,1,121,Hibernating,77,High risk
CUS-00112,26,13,1070.84,5,5,5,555,High-Value Customers,5,Low risk
CUS-00113,431,1,60.96,1,1,1,111,Hibernating,77,High risk
CUS-00114,92,2,155.39,3,1,2,312,Potential Loyalists,33,Low risk
CUS-00115,799,2,135.75,1,1,2,112,Hibernating,77,High risk
CUS-00116,181,2,74.37,2,1,1,211,Hibernating,44,Medium risk
CUS-00117,116,4,588.15,3,3,4,334,Potential Loyalists,43,Medium risk
CUS-00118,67,3,243.51,4,2,2,422,Potential Loyalists,5,Low risk
CUS-00119,101,4,316.53,3,3,3,333,Potential Loyalists,18,Low risk
CUS-00120,615,1,61.48,1,1,1,111,Hibernating,77,High risk
CUS-00121,123,9,518.0699999999999,3,5,4,354,Loyal Customers,30,Low risk
CUS-00122,98,7,935.74,3,4,5,345,High-Value Customers,18,Low risk
CUS-00123,67,6,766.81,4,4,5,445,High-Value Customers,5,Low risk
CUS-00124,54,8,844.95,4,5,5,455,High-Value Customers,5,Low risk
CUS-00125,511,4,100.5,1,3,1,131,At Risk,67,High risk
CUS-00126,35,3,110.22,5,2,1,521,Potential Loyalists,5,Low risk
CUS-00127,205,9,1062.55,2,5,5,255,High-Value Customers,59,Medium risk
CUS-00128,52,5,385.88,4,3,3,433,Potential Loyalists,5,Low risk
CUS-00129,342,7,486.59,2,4,4,244,At Risk,65,High risk
CUS-00130,39,5,450.58000000000004,5,3,4,534,Potential Loyalists,13,Low risk
CUS-00131,56,4,205.58,4,3,2,432,Potential Loyalists,15,Low risk
CUS-00132,447,1,88.28,1,1,1,111,Hibernating,85,High risk
CUS-00133,45,7,847.51,5,4,5,545,High-Value Customers,13,Low risk
CUS-00134,82,5,475.77,4,3,4,434,Discount Seekers,28,Low risk
CUS-00135,87,9,780.73,3,5,5,355,High-Value Customers,20,Low risk
CUS-00136,108,7,679.96,3,4,5,345,High-Value Customers,26,Low risk
CUS-00137,543,2,125.8,1,1,1,111,Hibernating,92,High risk
CUS-00138,467,1,88.53,1,1,1,111,Hibernating,77,High risk
CUS-00139,624,6,179.78,1,4,2,142,At Risk,67,High risk
CUS-00140,42,2,114.81,5,1,1,511,Potential Loyalists,5,Low risk
CUS-00141,45,2,58.95,5,1,1,511,Potential Loyalists,5,Low risk
CUS-00142,420,2,256.94,1,1,3,113,Hibernating,67,High risk
CUS-00143,872,3,213.14,1,2,2,122,Hibernating,77,High risk
CUS-00144,72,9,1512.38,4,5,5,455,High-Value Customers,5,Low risk
CUS-00145,39,17,2558.0699999999997,5,5,5,555,High-Value Customers,5,Low risk
CUS-00146,432,3,219.8,1,2,2,122,Hibernating,67,High risk
CUS-00147,13,4,461.57000000000005,5,3,4,534,Potential Loyalists,20,Low risk
CUS-00148,68,9,780.6,4,5,5,455,High-Value Customers,5,Low risk
CUS-00149,86,6,748.54,3,4,5,345,High-Value Customers,13,Low risk
CUS-00150,445,1,37.58,1,1,1,111,Hibernating,77,High risk
CUS-00151,631,3,251.54000000000002,1,2,3,123,Hibernating,67,High risk
CUS-00152,37,4,242.59,5,3,2,532,Potential Loyalists,5,Low risk
CUS-00153,38,7,541.83,5,4,4,544,Champions,5,Low risk
CUS-00154,84,7,454.02,3,4,4,344,Loyal Customers,5,Low risk
CUS-00155,70,3,291.15,4,2,3,423,Potential Loyalists,5,Low risk
CUS-00156,36,7,612.19,5,4,4,544,Champions,5,Low risk
CUS-00157,34,1,31.94,5,1,1,511,Potential Loyalists,5,Low risk
CUS-00158,595,1,82.65,1,1,1,111,Hibernating,77,High risk
CUS-00159,54,13,1725.81,4,5,5,455,High-Value Customers,5,Low risk
CUS-00160,131,8,786.3499999999999,3,5,5,355,High-Value Customers,30,Low risk
CUS-00161,173,6,710.67,2,4,5,245,High-Value Customers,52,Medium risk
CUS-00162,83,9,546.9200000000001,3,5,4,354,Loyal Customers,13,Low risk
CUS-00163,282,3,138.02,2,2,2,222,Hibernating,77,High risk
CUS-00164,21,8,593.94,5,5,4,554,Champions,20,Low risk
CUS-00165,47,4,406.43,5,3,4,534,Potential Loyalists,23,Low risk
CUS-00166,36,4,162.02,5,3,2,532,Potential Loyalists,5,Low risk
CUS-00167,31,3,259.69,5,2,3,523,Potential Loyalists,5,Low risk
CUS-00168,185,5,365.74,2,3,3,233,At Risk,60,Medium risk
CUS-00169,80,14,1566.74,4,5,5,455,High-Value Customers,13,Low risk
CUS-00170,15,7,496.05,5,4,4,544,Champions,5,Low risk
CUS-00171,724,4,365.94,1,3,3,133,At Risk,67,High risk
CUS-00172,113,7,696.97,3,4,5,345,High-Value Customers,18,Low risk
CUS-00173,400,1,253.66,1,1,3,113,Hibernating,77,High risk
CUS-00174,89,5,462.5,3,3,4,334,Potential Loyalists,13,Low risk
CUS-00175,73,5,708.81,4,3,5,435,Potential Loyalists,5,Low risk
CUS-00176,65,8,614.77,4,5,4,454,Champions,5,Low risk
CUS-00177,43,2,151.7,5,1,2,512,Potential Loyalists,20,Low risk
CUS-00178,116,4,228.88,3,3,2,332,Potential Loyalists,18,Low risk
CUS-00179,62,9,568.88,4,5,4,454,Champions,5,Low risk
CUS-00180,100,6,437.67,3,4,4,344,Discount Seekers,41,Medium risk
CUS-00181,256,6,186.31,2,4,2,242,At Risk,57,Medium risk
CUS-00182,56,6,326.84,4,4,3,443,Loyal Customers,13,Low risk
CUS-00183,38,20,2493.4900000000002,5,5,5,555,High-Value Customers,5,Low risk
CUS-00184,92,6,312.51,3,4,3,343,Loyal Customers,18,Low risk
CUS-00185,186,5,550.9499999999999,2,3,4,234,At Risk,52,Medium risk
CUS-00186,379,6,511.87,2,4,4,244,At Risk,57,Medium risk
CUS-00187,123,9,542.75,3,5,4,354,Loyal Customers,30,Low risk
CUS-00188,188,6,408.81,2,4,4,244,Discount Seekers,52,Medium risk
CUS-00189,98,5,337.27,3,3,3,333,Discount Seekers,26,Low risk
CUS-00190,69,8,718.65,4,5,5,455,High-Value Customers,5,Low risk
CUS-00191,238,6,412.52,2,4,4,244,At Risk,44,Medium risk
CUS-00192,192,3,281.99,2,2,3,223,Hibernating,79,High risk
CUS-00193,270,6,488.43,2,4,4,244,At Risk,57,Medium risk
CUS-00194,75,6,615.26,4,4,4,444,Champions,13,Low risk
CUS-00195,92,6,479.99,3,4,4,344,Discount Seekers,33,Low risk
CUS-00196,576,1,77.07,1,1,1,111,Hibernating,77,High risk
CUS-00197,508,1,35.9,1,1,1,111,Hibernating,85,High risk
CUS-00198,40,2,106.38,5,1,1,511,Potential Loyalists,5,Low risk
CUS-00199,328,3,348.92,2,2,3,223,Hibernating,82,High risk
CUS-00200,162,5,315.88,2,3,3,233,At Risk,44,Medium risk
CUS-00201,30,7,505.04,5,4,4,544,Champions,13,Low risk
CUS-00202,57,1,44.3,4,1,1,411,Potential Loyalists,40,Medium risk
CUS-00203,175,5,281.06,2,3,3,233,Discount Seekers,59,Medium risk
CUS-00204,40,2,218.35,5,1,2,512,Potential Loyalists,5,Low risk
CUS-00205,707,1,72.74,1,1,1,111,Hibernating,77,High risk
CUS-00206,153,12,1126.64,2,5,5,255,High-Value Customers,44,Medium risk
CUS-00207,17,9,1269.01,5,5,5,555,High-Value Customers,5,Low risk
CUS-00208,49,3,240.13,4,2,2,422,Potential Loyalists,20,Low risk
CUS-00209,56,1,89.11,4,1,1,411,Potential Loyalists,5,Low risk
CUS-00210,54,5,925.85,4,3,5,435,Potential Loyalists,13,Low risk
CUS-00211,395,2,137.39,2,1,2,212,Hibernating,77,High risk
CUS-00212,83,5,519.72,3,3,4,334,Potential Loyalists,20,Low risk
CUS-00213,745,3,342.23,1,2,3,123,Hibernating,92,High risk
CUS-00214,109,4,302.28999999999996,3,3,3,333,Potential Loyalists,28,Low risk
CUS-00215,192,3,362.29,2,2,3,223,Hibernating,54,Medium risk
CUS-00216,70,4,247.82999999999998,4,3,3,433,Potential Loyalists,20,Low risk
CUS-00217,112,10,902.27,3,5,5,355,High-Value Customers,18,Low risk
CUS-00218,60,4,266.03,4,3,3,433,Potential Loyalists,13,Low risk
CUS-00219,434,4,274.29,1,3,3,133,At Risk,75,High risk
CUS-00220,72,8,563.99,4,5,4,454,Champions,5,Low risk
CUS-00221,80,8,865.75,4,5,5,455,High-Value Customers,5,Low risk
CUS-00222,68,3,192.49,4,2,2,422,Potential Loyalists,20,Low risk
CUS-00223,768,3,126.39,1,2,1,121,Hibernating,92,High risk
CUS-00224,25,9,815.46,5,5,5,555,High-Value Customers,13,Low risk
CUS-00225,32,10,706.17,5,5,5,555,High-Value Customers,13,Low risk
CUS-00226,219,6,339.78,2,4,3,243,At Risk,52,Medium risk
CUS-00227,10,6,456.18,5,4,4,544,Champions,13,Low risk
CUS-00228,98,2,43.32,3,1,1,311,Potential Loyalists,18,Low risk
CUS-00229,46,2,63.14999999999999,5,1,1,511,Potential Loyalists,5,Low risk
CUS-00230,47,2,135.88,5,1,2,512,Potential Loyalists,5,Low risk
CUS-00231,562,2,209.41,1,1,2,112,Hibernating,77,High risk
CUS-00232,45,2,170.68,5,1,2,512,Potential Loyalists,5,Low risk
CUS-00233,195,6,324.07,2,4,3,243,At Risk,44,Medium risk
CUS-00234,117,4,291.78000000000003,3,3,3,333,Potential Loyalists,33,Low risk
CUS-00235,263,4,361.96,2,3,3,233,At Risk,72,High risk
CUS-00236,30,3,210.99,5,2,2,522,Potential Loyalists,15,Low risk
CUS-00237,276,6,589.29,2,4,4,244,At Risk,57,Medium risk
CUS-00238,542,1,66.52,1,1,1,111,Hibernating,77,High risk
CUS-00239,51,3,231.23000000000002,4,2,2,422,Potential Loyalists,5,Low risk
CUS-00240,92,3,197.88,3,2,2,322,Potential Loyalists,38,Medium risk
CUS-00241,78,2,52.31,4,1,1,411,Potential Loyalists,5,Low risk
CUS-00242,322,3,335.95000000000005,2,2,3,223,Hibernating,57,Medium risk
CUS-00243,62,8,704.59,4,5,5,455,High-Value Customers,5,Low risk
CUS-00244,742,2,62.35,1,1,1,111,Hibernating,85,High risk
CUS-00245,177,9,749.46,2,5,5,255,High-Value Customers,52,Medium risk
CUS-00246,469,5,382.92,1,3,3,133,At Risk,65,High risk
CUS-00247,544,4,408.39,1,3,4,134,At Risk,67,High risk
CUS-00248,107,6,522.7,3,4,4,344,Loyal Customers,18,Low risk
CUS-00249,64,9,688.75,4,5,5,455,High-Value Customers,28,Low risk
CUS-00250,71,6,541.81,4,4,4,444,Champions,5,Low risk
CUS-00251,81,7,438.14,4,4,4,444,Champions,28,Low risk
CUS-00252,22,3,157.71,5,2,2,522,Potential Loyalists,5,Low risk
CUS-00253,108,8,630.51,3,5,4,354,Loyal Customers,18,Low risk
CUS-00254,33,13,2184.45,5,5,5,555,High-Value Customers,13,Low risk
CUS-00255,519,3,236.29,1,2,2,122,Hibernating,92,High risk
CUS-00256,36,3,386.53999999999996,5,2,3,523,Potential Loyalists,5,Low risk
CUS-00257,81,7,1041.85,4,4,5,445,High-Value Customers,20,Low risk
CUS-00258,426,1,38.94,1,1,1,111,Hibernating,77,High risk
CUS-00259,111,12,643.14,3,5,4,354,Discount Seekers,34,Low risk
CUS-00260,13,2,134.74,5,1,2,512,Potential Loyalists,5,Low risk
CUS-00261,39,4,410.65,5,3,4,534,Potential Loyalists,5,Low risk
CUS-00262,78,10,1266.31,4,5,5,455,High-Value Customers,5,Low risk
CUS-00263,473,3,235.28,1,2,2,122,Hibernating,80,High risk
CUS-00264,161,3,269.44,2,2,3,223,Hibernating,64,Medium risk
CUS-00265,63,5,247.27,4,3,2,432,Discount Seekers,13,Low risk
CUS-00266,284,3,177.69,2,2,2,222,Hibernating,57,Medium risk
CUS-00267,57,2,98.34,4,1,1,411,Potential Loyalists,5,Low risk
CUS-00268,289,3,158.32999999999998,2,2,2,222,Hibernating,82,High risk
CUS-00269,58,9,637.59,4,5,4,454,Champions,5,Low risk
CUS-00270,662,2,115.44,1,1,1,111,Hibernating,77,High risk
CUS-00271,29,4,227.16,5,3,2,532,Potential Loyalists,20,Low risk
CUS-00272,43,3,132.2,5,2,1,521,Potential Loyalists,5,Low risk
CUS-00273,64,18,2478.58,4,5,5,455,High-Value Customers,5,Low risk
CUS-00274,53,7,561.97,4,4,4,444,Champions,13,Low risk
CUS-00275,93,7,571.88,3,4,4,344,Discount Seekers,34,Low risk
CUS-00276,77,6,781.55,4,4,5,445,High-Value Customers,13,Low risk
CUS-00277,212,2,142.69,2,1,2,212,Hibernating,54,Medium risk
CUS-00278,85,4,133.9,3,3,2,332,Discount Seekers,35,Medium risk
CUS-00279,114,3,101.58,3,2,1,321,Potential Loyalists,18,Low risk
CUS-00280,78,9,700.0,4,5,5,455,High-Value Customers,5,Low risk
CUS-00281,451,3,87.51,1,2,1,121,Hibernating,65,High risk
CUS-00282,18,1,72.36,5,1,1,511,Potential Loyalists,5,Low risk
CUS-00283,44,4,249.59,5,3,3,533,Potential Loyalists,5,Low risk
CUS-00284,77,9,976.5,4,5,5,455,High-Value Customers,20,Low risk
CUS-00285,372,2,91.44,2,1,1,211,Hibernating,92,High risk
CUS-00286,187,1,43.65,2,1,1,211,Hibernating,62,Medium risk
CUS-00287,246,2,230.48,2,1,2,212,Hibernating,92,High risk
CUS-00288,73,3,171.29000000000002,4,2,2,422,Potential Loyalists,15,Low risk
CUS-00289,80,4,331.81,4,3,3,433,Potential Loyalists,30,Low risk
CUS-00290,858,1,18.59,1,1,1,111,Hibernating,85,High risk
CUS-00291,115,6,521.86,3,4,4,344,Loyal Customers,26,Low risk
CUS-00292,50,7,227.26999999999998,4,4,2,442,Loyal Customers,13,Low risk
CUS-00293,134,4,333.56,3,3,3,333,Potential Loyalists,30,Low risk
CUS-00294,36,2,187.58999999999997,5,1,2,512,Discount Seekers,28,Low risk
CUS-00295,66,11,1059.74,4,5,5,455,High-Value Customers,5,Low risk
CUS-00296,60,3,260.79,4,2,3,423,Potential Loyalists,5,Low risk
CUS-00297,47,3,134.56,5,2,2,522,Potential Loyalists,5,Low risk
CUS-00298,311,4,260.11,2,3,3,233,At Risk,57,Medium risk
CUS-00299,109,3,515.62,3,2,4,324,Potential Loyalists,33,Low risk
CUS-00300,864,2,226.73,1,1,2,112,Hibernating,77,High risk
CUS-00301,108,3,205.39,3,2,2,322,Potential Loyalists,18,Low risk
CUS-00302,239,3,168.91,2,2,2,222,Hibernating,54,Medium risk
CUS-00303,42,6,386.86,5,4,3,543,Loyal Customers,5,Low risk
CUS-00304,30,6,297.09000000000003,5,4,3,543,Loyal Customers,5,Low risk
CUS-00305,53,3,160.16,4,2,2,422,Potential Loyalists,5,Low risk
CUS-00306,110,7,476.07000000000005,3,4,4,344,Loyal Customers,18,Low risk
CUS-00307,48,16,1417.02,5,5,5,555,High-Value Customers,5,Low risk
CUS-00308,343,1,160.91,2,1,2,212,Hibernating,77,High risk
CUS-00309,69,8,629.26,4,5,4,454,Champions,5,Low risk
CUS-00310,26,16,1223.74,5,5,5,555,High-Value Customers,5,Low risk
CUS-00311,15,6,342.07,5,4,3,543,Discount Seekers,13,Low risk
CUS-00312,152,6,409.61,2,4,4,244,At Risk,52,Medium risk
CUS-00313,598,1,22.53,1,1,1,111,Hibernating,77,High risk
CUS-00314,49,8,707.46,4,5,5,455,High-Value Customers,5,Low risk
CUS-00315,58,10,1838.09,4,5,5,455,High-Value Customers,5,Low risk
CUS-00316,613,4,314.19,1,3,3,133,At Risk,82,High risk
CUS-00317,188,6,411.43,2,4,4,244,Discount Seekers,67,High risk
CUS-00318,674,3,392.55,1,2,3,123,Hibernating,77,High risk
CUS-00319,47,1,78.21,5,1,1,511,Potential Loyalists,20,Low risk
CUS-00320,25,2,182.05,5,1,2,512,Potential Loyalists,20,Low risk
CUS-00321,169,5,748.23,2,3,5,235,At Risk,69,High risk
CUS-00322,38,2,90.28,5,1,1,511,Potential Loyalists,5,Low risk
CUS-00323,105,2,244.51999999999998,3,1,2,312,Potential Loyalists,38,Medium risk
CUS-00324,155,5,590.74,2,3,4,234,At Risk,44,Medium risk
CUS-00325,40,9,1057.04,5,5,5,555,High-Value Customers,20,Low risk
CUS-00326,214,1,68.37,2,1,1,211,Hibernating,79,High risk
CUS-00327,383,2,155.95,2,1,2,212,Hibernating,82,High risk
CUS-00328,73,4,304.28999999999996,4,3,3,433,Potential Loyalists,28,Low risk
CUS-00329,158,2,485.2,2,1,4,214,Hibernating,54,Medium risk
CUS-00330,38,6,621.98,5,4,4,544,Champions,28,Low risk
CUS-00331,47,9,634.98,5,5,4,554,Champions,28,Low risk
CUS-00332,152,11,962.01,2,5,5,255,High-Value Customers,52,Medium risk
CUS-00333,86,7,904.52,3,4,5,345,High-Value Customers,20,Low risk
CUS-00334,236,1,62.9,2,1,1,211,Hibernating,72,High risk
CUS-00335,87,14,1189.55,3,5,5,355,High-Value Customers,5,Low risk
CUS-00336,20,4,169.20000000000002,5,3,2,532,Potential Loyalists,5,Low risk
CUS-00337,27,11,717.24,5,5,5,555,High-Value Customers,21,Low risk
CUS-00338,26,3,267.78999999999996,5,2,3,523,Potential Loyalists,5,Low risk
CUS-00339,106,6,341.09,3,4,3,343,Loyal Customers,18,Low risk
CUS-00340,121,1,15.41,3,1,1,311,Potential Loyalists,30,Low risk
CUS-00341,51,21,1885.71,4,5,5,455,High-Value Customers,13,Low risk
CUS-00342,101,7,1024.32,3,4,5,345,High-Value Customers,26,Low risk
CUS-00343,38,5,344.68,5,3,3,533,Potential Loyalists,5,Low risk
CUS-00344,79,4,243.59,4,3,2,432,Potential Loyalists,5,Low risk
CUS-00345,79,5,514.07,4,3,4,434,Potential Loyalists,13,Low risk
CUS-00346,49,12,1281.13,4,5,5,455,High-Value Customers,20,Low risk
CUS-00347,128,4,309.45,3,3,3,333,Potential Loyalists,40,Medium risk
CUS-00348,81,6,409.74,4,4,4,444,Champions,13,Low risk
CUS-00349,701,2,74.44,1,1,1,111,Hibernating,77,High risk
CUS-00350,62,3,279.58,4,2,3,423,Potential Loyalists,30,Low risk
CUS-00351,64,9,1213.01,4,5,5,455,High-Value Customers,5,Low risk
CUS-00352,29,6,428.91999999999996,5,4,4,544,Champions,28,Low risk
CUS-00353,204,5,357.15,2,3,3,233,At Risk,52,Medium risk
CUS-00354,65,8,589.87,4,5,4,454,Champions,20,Low risk
CUS-00355,676,2,145.62,1,1,2,112,Hibernating,77,High risk
CUS-00356,26,2,132.41,5,1,2,512,Potential Loyalists,5,Low risk
CUS-00357,31,3,372.93,5,2,3,523,Potential Loyalists,20,Low risk
CUS-00358,35,9,562.91,5,5,4,554,Champions,20,Low risk
CUS-00359,91,6,516.78,3,4,4,344,Loyal Customers,18,Low risk
CUS-00360,887,2,238.98000000000002,1,1,2,112,Hibernating,85,High risk
CUS-00361,34,1,73.59,5,1,1,511,Potential Loyalists,5,Low risk
CUS-00362,42,3,301.52,5,2,3,523,Potential Loyalists,20,Low risk
CUS-00363,228,3,292.98,2,2,3,223,Hibernating,54,Medium risk
CUS-00364,80,1,51.44,4,1,1,411,Potential Loyalists,25,Low risk
CUS-00365,175,3,394.79,2,2,3,223,Hibernating,44,Medium risk
CUS-00366,34,13,1261.64,5,5,5,555,High-Value Customers,5,Low risk
CUS-00367,102,10,967.59,3,5,5,355,High-Value Customers,18,Low risk
CUS-00368,581,5,329.82,1,3,3,133,At Risk,57,Medium risk
CUS-00369,20,2,284.33,5,1,3,513,Potential Loyalists,5,Low risk
CUS-00370,92,4,352.84000000000003,3,3,3,333,Discount Seekers,41,Medium risk
CUS-00371,451,9,481.66,1,5,4,154,At Risk,57,Medium risk
CUS-00372,149,8,516.02,2,5,4,254,At Risk,30,Low risk
CUS-00373,149,9,1058.18,2,5,5,255,High-Value Customers,45,Medium risk
CUS-00374,76,7,793.99,4,4,5,445,High-Value Customers,20,Low risk
CUS-00375,74,16,2071.38,4,5,5,455,High-Value Customers,20,Low risk
CUS-00376,52,7,635.99,4,4,4,444,Champions,13,Low risk
CUS-00377,26,3,223.76999999999998,5,2,2,522,Potential Loyalists,5,Low risk
CUS-00378,115,3,153.55,3,2,2,322,Discount Seekers,26,Low risk
CUS-00379,128,12,1292.22,3,5,5,355,High-Value Customers,30,Low risk
CUS-00380,80,11,801.95,4,5,5,455,High-Value Customers,20,Low risk
CUS-00381,65,11,1288.02,4,5,5,455,High-Value Customers,20,Low risk
CUS-00382,48,6,208.89999999999998,5,4,2,542,Loyal Customers,5,Low risk
CUS-00383,30,5,993.62,5,3,5,535,Potential Loyalists,5,Low risk
CUS-00384,24,7,532.37,5,4,4,544,Champions,13,Low risk
CUS-00385,12,2,53.75,5,1,1,511,Potential Loyalists,5,Low risk
CUS-00386,46,8,570.71,5,5,4,554,Champions,28,Low risk
CUS-00387,18,4,514.11,5,3,4,534,Potential Loyalists,20,Low risk
CUS-00388,305,2,319.96,2,1,3,213,Hibernating,67,High risk
CUS-00389,218,9,468.36,2,5,4,254,At Risk,44,Medium risk
CUS-00390,502,1,57.98,1,1,1,111,Hibernating,77,High risk
CUS-00391,497,4,226.59,1,3,2,132,At Risk,82,High risk
CUS-00392,105,7,536.76,3,4,4,344,Discount Seekers,34,Low risk
CUS-00393,28,3,82.41,5,2,1,521,Discount Seekers,20,Low risk
CUS-00394,433,6,366.04999999999995,1,4,3,143,At Risk,57,Medium risk
CUS-00395,96,10,814.4200000000001,3,5,5,355,High-Value Customers,18,Low risk
CUS-00396,267,1,50.88,2,1,1,211,Hibernating,77,High risk
CUS-00397,44,1,18.45,5,1,1,511,Potential Loyalists,5,Low risk
CUS-00398,159,6,455.09000000000003,2,4,4,244,Discount Seekers,60,Medium risk
CUS-00399,220,4,499.88,2,3,4,234,At Risk,44,Medium risk
CUS-00400,417,3,112.39,1,2,1,121,Hibernating,67,High risk
CUS-00401,116,1,29.65,3,1,1,311,Potential Loyalists,28,Low risk
CUS-00402,73,6,461.0,4,4,4,444,Champions,23,Low risk
CUS-00403,106,12,1125.9,3,5,5,355,High-Value Customers,18,Low risk
CUS-00404,654,2,373.05999999999995,1,1,3,113,Hibernating,77,High risk
CUS-00405,405,1,79.82,1,1,1,111,Hibernating,77,High risk
CUS-00406,68,4,224.23000000000002,4,3,2,432,Potential Loyalists,5,Low risk
CUS-00407,99,5,366.99,3,3,3,333,Potential Loyalists,26,Low risk
CUS-00408,348,4,194.70000000000002,2,3,2,232,At Risk,57,Medium risk
CUS-00409,21,5,195.99,5,3,2,532,Potential Loyalists,15,Low risk
CUS-00410,88,6,426.65,3,4,4,344,Loyal Customers,21,Low risk
CUS-00411,65,8,549.0600000000001,4,5,4,454,Champions,5,Low risk
CUS-00412,49,7,633.66,4,4,4,444,Champions,20,Low risk
CUS-00413,20,3,251.24,5,2,3,523,Potential Loyalists,5,Low risk
CUS-00414,34,2,269.0,5,1,3,513,Potential Loyalists,5,Low risk
CUS-00415,18,3,246.10999999999999,5,2,2,522,Potential Loyalists,28,Low risk
CUS-00416,83,1,70.97,3,1,1,311,Potential Loyalists,13,Low risk
CUS-00417,91,8,754.63,3,5,5,355,High-Value Customers,33,Low risk
CUS-00418,38,5,196.53,5,3,2,532,Potential Loyalists,13,Low risk
CUS-00419,18,2,113.59,5,1,1,511,Potential Loyalists,5,Low risk
CUS-00420,43,3,238.81,5,2,2,522,Potential Loyalists,5,Low risk
CUS-00421,147,7,838.8100000000001,2,4,5,245,High-Value Customers,45,Medium risk
CUS-00422,709,2,451.5,1,1,4,114,Hibernating,77,High risk
CUS-00423,27,4,360.33000000000004,5,3,3,533,Potential Loyalists,5,Low risk
CUS-00424,408,6,500.99,1,4,4,144,At Risk,65,High risk
CUS-00425,58,7,710.53,4,4,5,445,High-Value Customers,5,Low risk
CUS-00426,132,8,753.6899999999999,3,5,5,355,High-Value Customers,30,Low risk
CUS-00427,41,3,159.01999999999998,5,2,2,522,Potential Loyalists,5,Low risk
CUS-00428,122,4,198.93,3,3,2,332,Discount Seekers,48,Medium risk
CUS-00429,84,2,68.56,3,1,1,311,Potential Loyalists,5,Low risk
CUS-00430,141,8,604.98,2,5,4,254,At Risk,30,Low risk
CUS-00431,773,1,24.8,1,1,1,111,Hibernating,77,High risk
CUS-00432,262,7,610.7,2,4,4,244,At Risk,57,Medium risk
CUS-00433,992,1,158.71,1,1,2,112,Hibernating,92,High risk
CUS-00434,102,2,47.59,3,1,1,311,Potential Loyalists,18,Low risk
CUS-00435,239,6,501.5,2,4,4,244,At Risk,44,Medium risk
CUS-00436,26,7,502.24,5,4,4,544,Champions,21,Low risk
CUS-00437,500,2,130.62,1,1,1,111,Hibernating,77,High risk
CUS-00438,100,4,293.98,3,3,3,333,Potential Loyalists,18,Low risk
CUS-00439,697,4,410.72,1,3,4,134,At Risk,82,High risk
CUS-00440,534,1,131.13,1,1,1,111,Hibernating,85,High risk
CUS-00441,82,6,704.0,4,4,5,445,High-Value Customers,20,Low risk
CUS-00442,225,6,575.58,2,4,4,244,At Risk,44,Medium risk
CUS-00443,37,2,99.44999999999999,5,1,1,511,Potential Loyalists,5,Low risk
CUS-00444,797,3,85.93,1,2,1,121,Hibernating,92,High risk
CUS-00445,98,1,52.04,3,1,1,311,Potential Loyalists,28,Low risk
CUS-00446,760,2,106.27,1,1,1,111,Hibernating,77,High risk
CUS-00447,50,2,120.71000000000001,4,1,1,411,Potential Loyalists,5,Low risk
CUS-00448,95,5,398.15,3,3,3,333,Potential Loyalists,26,Low risk
CUS-00449,587,2,127.53,1,1,1,111,Hibernating,67,High risk
CUS-00450,84,7,317.33,3,4,3,343,Loyal Customers,5,Low risk
CUS-00451,67,5,488.85,4,3,4,434,Potential Loyalists,15,Low risk
CUS-00452,672,5,377.14,1,3,3,133,At Risk,82,High risk
CUS-00453,464,2,50.260000000000005,1,1,1,111,Hibernating,82,High risk
CUS-00454,64,6,457.2,4,4,4,444,Champions,21,Low risk
CUS-00455,156,5,260.90999999999997,2,3,3,233,At Risk,44,Medium risk
CUS-00456,143,6,469.83000000000004,2,4,4,244,At Risk,30,Low risk
CUS-00457,75,11,1173.5900000000001,4,5,5,455,High-Value Customers,13,Low risk
CUS-00458,145,8,512.86,2,5,4,254,At Risk,30,Low risk
CUS-00459,175,6,212.6,2,4,2,242,At Risk,44,Medium risk
CUS-00460,91,8,300.26,3,5,3,353,Loyal Customers,18,Low risk
CUS-00461,114,2,223.14000000000001,3,1,2,312,Potential Loyalists,33,Low risk
CUS-00462,172,4,185.31,2,3,2,232,Discount Seekers,52,Medium risk
CUS-00463,434,1,31.01,1,1,1,111,Hibernating,85,High risk
CUS-00464,606,2,129.59,1,1,1,111,Hibernating,92,High risk
CUS-00465,57,7,559.97,4,4,4,444,Champions,5,Low risk
CUS-00466,231,4,346.3,2,3,3,233,At Risk,44,Medium risk
CUS-00467,14,3,194.74,5,2,2,522,Potential Loyalists,5,Low risk
CUS-00468,52,5,585.94,4,3,4,434,Potential Loyalists,5,Low risk
CUS-00469,69,6,294.03,4,4,3,443,Loyal Customers,5,Low risk
CUS-00470,163,1,150.35,2,1,2,212,Hibernating,64,Medium risk
CUS-00471,17,12,1117.82,5,5,5,555,High-Value Customers,13,Low risk
CUS-00472,5,2,279.26,5,1,3,513,Potential Loyalists,20,Low risk
CUS-00473,236,4,258.01,2,3,3,233,At Risk,44,Medium risk
CUS-00474,158,12,1530.05,2,5,5,255,High-Value Customers,44,Medium risk
CUS-00475,194,1,89.56,2,1,1,211,Hibernating,54,Medium risk
CUS-00476,795,1,74.77,1,1,1,111,Hibernating,77,High risk
CUS-00477,776,1,211.75,1,1,2,112,Hibernating,77,High risk
CUS-00478,530,1,28.31,1,1,1,111,Hibernating,77,High risk
CUS-00479,35,3,252.39,5,2,3,523,Potential Loyalists,5,Low risk
CUS-00480,595,2,279.36,1,1,3,113,Hibernating,92,High risk
CUS-00481,52,4,270.31,4,3,3,433,Potential Loyalists,15,Low risk
CUS-00482,121,8,493.44,3,5,4,354,Loyal Customers,45,Medium risk
CUS-00483,280,3,173.07,2,2,2,222,Hibernating,82,High risk
CUS-00484,21,3,139.64,5,2,2,522,Potential Loyalists,5,Low risk
CUS-00485,176,2,100.16,2,1,1,211,Hibernating,54,Medium risk
CUS-00486,71,9,726.87,4,5,5,455,High-Value Customers,5,Low risk
CUS-00487,700,4,430.5,1,3,4,134,Discount Seekers,90,High risk
CUS-00488,236,6,229.9,2,4,2,242,At Risk,44,Medium risk
CUS-00489,54,5,283.63,4,3,3,433,Potential Loyalists,5,Low risk
CUS-00490,49,10,911.4,4,5,5,455,High-Value Customers,13,Low risk
CUS-00491,19,5,352.8,5,3,3,533,Potential Loyalists,13,Low risk
CUS-00492,43,2,195.11,5,1,2,512,Potential Loyalists,15,Low risk
CUS-00493,225,4,138.44,2,3,2,232,At Risk,59,Medium risk
CUS-00494,91,7,877.77,3,4,5,345,High-Value Customers,18,Low risk
CUS-00495,376,6,423.9,2,4,4,244,At Risk,57,Medium risk
CUS-00496,101,3,290.9,3,2,3,323,Potential Loyalists,36,Medium risk
CUS-00497,49,3,312.77,4,2,3,423,Potential Loyalists,5,Low risk
CUS-00498,368,4,426.78,2,3,4,234,At Risk,67,High risk
CUS-00499,151,8,994.73,2,5,5,255,High-Value Customers,52,Medium risk
CUS-00500,16,2,203.95999999999998,5,1,2,512,Potential Loyalists,25,Low risk
CUS-00501,287,7,301.43,2,4,3,243,At Risk,72,High risk
CUS-00502,147,1,47.1,2,1,1,211,Hibernating,65,High risk
CUS-00503,174,4,317.95,2,3,3,233,Discount Seekers,77,High risk
CUS-00504,715,2,58.760000000000005,1,1,1,111,Hibernating,85,High risk
CUS-00505,56,4,167.41,4,3,2,432,Potential Loyalists,5,Low risk
CUS-00506,427,3,261.35,1,2,3,123,Hibernating,82,High risk
CUS-00507,28,13,1596.69,5,5,5,555,High-Value Customers,5,Low risk
CUS-00508,44,3,296.52,5,2,3,523,Potential Loyalists,5,Low risk
CUS-00509,49,1,299.54,4,1,3,413,Potential Loyalists,15,Low risk
CUS-00510,54,12,956.44,4,5,5,455,High-Value Customers,5,Low risk
CUS-00511,50,3,208.64,4,2,2,422,Potential Loyalists,5,Low risk
CUS-00512,188,1,33.92,2,1,1,211,Hibernating,54,Medium risk
CUS-00513,234,1,79.35,2,1,1,211,Hibernating,79,High risk
CUS-00514,46,3,175.20999999999998,5,2,2,522,Potential Loyalists,20,Low risk
CUS-00515,42,9,680.31,5,5,5,555,High-Value Customers,5,Low risk
CUS-00516,572,1,51.31,1,1,1,111,Hibernating,77,High risk
CUS-00517,61,10,531.45,4,5,4,454,Champions,13,Low risk
CUS-00518,84,12,835.64,3,5,5,355,High-Value Customers,5,Low risk
CUS-00519,66,3,120.98,4,2,1,421,Discount Seekers,13,Low risk
CUS-00520,43,9,694.24,5,5,5,555,High-Value Customers,20,Low risk
CUS-00521,88,3,101.02,3,2,1,321,Potential Loyalists,5,Low risk
CUS-00522,175,4,277.93,2,3,3,233,At Risk,69,High risk
CUS-00523,33,12,971.33,5,5,5,555,High-Value Customers,5,Low risk
CUS-00524,513,3,233.62,1,2,2,122,Hibernating,92,High risk
CUS-00525,298,3,365.09000000000003,2,2,3,223,Hibernating,82,High risk
CUS-00526,234,3,334.09000000000003,2,2,3,223,Hibernating,44,Medium risk
CUS-00527,55,3,174.95,4,2,2,422,Potential Loyalists,20,Low risk
CUS-00528,215,2,67.05,2,1,1,211,Hibernating,64,Medium risk
CUS-00529,100,7,520.64,3,4,4,344,Loyal Customers,18,Low risk
CUS-00530,153,6,373.07,2,4,3,243,At Risk,52,Medium risk
CUS-00531,91,10,931.02,3,5,5,355,High-Value Customers,18,Low risk
CUS-00532,176,4,205.81,2,3,2,232,At Risk,62,Medium risk
CUS-00533,14,8,848.62,5,5,5,555,High-Value Customers,5,Low risk
CUS-00534,49,7,435.96999999999997,4,4,4,444,Champions,21,Low risk
CUS-00535,218,5,457.36,2,3,4,234,At Risk,44,Medium risk
CUS-00536,90,5,281.91,3,3,3,333,Potential Loyalists,13,Low risk
CUS-00537,72,10,1122.24,4,5,5,455,High-Value Customers,5,Low risk
CUS-00538,785,2,94.25,1,1,1,111,Hibernating,77,High risk
CUS-00539,94,4,318.3,3,3,3,333,Potential Loyalists,43,Medium risk
CUS-00540,110,4,330.88,3,3,3,333,Discount Seekers,36,Medium risk
CUS-00541,16,5,309.17,5,3,3,533,Potential Loyalists,5,Low risk
CUS-00542,390,9,642.27,2,5,4,254,At Risk,57,Medium risk
CUS-00543,485,5,397.65,1,3,3,133,At Risk,75,High risk
CUS-00544,26,8,659.88,5,5,5,555,High-Value Customers,5,Low risk
CUS-00545,173,6,366.49,2,4,3,243,At Risk,52,Medium risk
CUS-00546,59,5,689.3,4,3,5,435,Potential Loyalists,15,Low risk
CUS-00547,44,3,254.02,5,2,3,523,Potential Loyalists,15,Low risk
CUS-00548,96,3,82.58,3,2,1,321,Potential Loyalists,33,Low risk
CUS-00549,38,4,328.65999999999997,5,3,3,533,Potential Loyalists,5,Low risk
CUS-00550,41,10,415.89,5,5,4,554,Champions,13,Low risk
CUS-00551,415,1,62.56,1,1,1,111,Hibernating,85,High risk
CUS-00552,757,1,66.0,1,1,1,111,Hibernating,85,High risk
CUS-00553,250,3,249.17000000000002,2,2,3,223,Hibernating,57,Medium risk
CUS-00554,183,7,332.72,2,4,3,243,Discount Seekers,52,Medium risk
CUS-00555,136,5,440.03999999999996,3,3,4,334,Potential Loyalists,30,Low risk
CUS-00556,79,10,1169.0,4,5,5,455,High-Value Customers,5,Low risk
CUS-00557,36,4,399.21,5,3,4,534,Potential Loyalists,5,Low risk
CUS-00558,55,12,886.86,4,5,5,455,High-Value Customers,5,Low risk
CUS-00559,96,6,639.52,3,4,4,344,Loyal Customers,33,Low risk
CUS-00560,22,4,270.7,5,3,3,533,Potential Loyalists,5,Low risk
CUS-00561,32,7,467.38,5,4,4,544,Champions,5,Low risk
CUS-00562,656,2,75.91,1,1,1,111,Hibernating,77,High risk
CUS-00563,50,11,896.38,4,5,5,455,High-Value Customers,5,Low risk
CUS-00564,105,2,122.0,3,1,1,311,Potential Loyalists,33,Low risk
CUS-00565,466,1,55.65,1,1,1,111,Hibernating,77,High risk
CUS-00566,183,5,287.92,2,3,3,233,At Risk,54,Medium risk
CUS-00567,81,8,901.73,4,5,5,455,High-Value Customers,20,Low risk
CUS-00568,70,7,551.73,4,4,4,444,Champions,5,Low risk
CUS-00569,119,6,276.7,3,4,3,343,Loyal Customers,18,Low risk
CUS-00570,84,3,198.36,3,2,2,322,Potential Loyalists,5,Low risk
CUS-00571,95,6,624.38,3,4,4,344,Discount Seekers,33,Low risk
CUS-00572,437,3,305.02,1,2,3,123,Hibernating,67,High risk
CUS-00573,379,3,265.8,2,2,3,223,Hibernating,77,High risk
CUS-00574,57,12,1437.17,4,5,5,455,High-Value Customers,13,Low risk
CUS-00575,116,7,411.83000000000004,3,4,4,344,Loyal Customers,26,Low risk
CUS-00576,82,3,181.93,4,2,2,422,Potential Loyalists,25,Low risk
CUS-00577,52,13,982.72,4,5,5,455,High-Value Customers,13,Low risk
CUS-00578,73,8,447.53,4,5,4,454,Champions,5,Low risk
CUS-00579,600,2,73.11,1,1,1,111,Hibernating,85,High risk
CUS-00580,582,1,31.45,1,1,1,111,Hibernating,85,High risk
CUS-00581,216,6,807.6800000000001,2,4,5,245,High-Value Customers,44,Medium risk
CUS-00582,43,5,150.70000000000002,5,3,2,532,Potential Loyalists,5,Low risk
CUS-00583,90,5,353.43,3,3,3,333,Potential Loyalists,5,Low risk
CUS-00584,23,8,669.37,5,5,5,555,High-Value Customers,5,Low risk
CUS-00585,29,3,221.69,5,2,2,522,Potential Loyalists,5,Low risk
CUS-00586,91,8,1033.6799999999998,3,5,5,355,High-Value Customers,18,Low risk
CUS-00587,460,4,187.99,1,3,2,132,At Risk,57,Medium risk
CUS-00588,56,6,479.69,4,4,4,444,Champions,13,Low risk
CUS-00589,894,1,122.56,1,1,1,111,Hibernating,77,High risk
CUS-00590,160,9,844.3000000000001,2,5,5,255,High-Value Customers,44,Medium risk
CUS-00591,89,6,326.21000000000004,3,4,3,343,Loyal Customers,13,Low risk
CUS-00592,84,10,776.43,3,5,5,355,High-Value Customers,5,Low risk
CUS-00593,85,8,658.53,3,5,5,355,High-Value Customers,5,Low risk
CUS-00594,122,5,383.75,3,3,3,333,Discount Seekers,46,Medium risk
CUS-00595,500,4,339.53,1,3,3,133,At Risk,67,High risk
CUS-00596,93,4,242.01,3,3,2,332,Potential Loyalists,33,Low risk
CUS-00597,201,1,54.81,2,1,1,211,Hibernating,72,High risk
CUS-00598,101,4,322.75,3,3,3,333,Potential Loyalists,33,Low risk
CUS-00599,33,13,1344.78,5,5,5,555,High-Value Customers,13,Low risk
CUS-00600,173,4,417.6,2,3,4,234,At Risk,69,High risk
CUS-00601,473,8,619.6099999999999,1,5,4,154,At Risk,57,Medium risk
CUS-00602,406,2,57.51,1,1,1,111,Hibernating,67,High risk
CUS-00603,143,9,894.18,2,5,5,255,High-Value Customers,30,Low risk
CUS-00604,60,8,616.53,4,5,4,454,Champions,13,Low risk
CUS-00605,49,9,603.49,4,5,4,454,Champions,13,Low risk
CUS-00606,98,3,268.4,3,2,3,323,Discount Seekers,58,Medium risk
CUS-00607,86,6,414.98,3,4,4,344,Loyal Customers,13,Low risk
CUS-00608,132,11,923.02,3,5,5,355,High-Value Customers,30,Low risk
CUS-00609,20,6,460.81,5,4,4,544,Champions,21,Low risk
CUS-00610,48,5,329.08,5,3,3,533,Potential Loyalists,13,Low risk
CUS-00611,374,6,459.23,2,4,4,244,At Risk,72,High risk
CUS-00612,671,2,57.959999999999994,1,1,1,111,Hibernating,85,High risk
CUS-00613,25,7,706.04,5,4,5,545,High-Value Customers,5,Low risk
CUS-00614,469,3,163.48000000000002,1,2,2,122,Hibernating,75,High risk
CUS-00615,73,6,329.75,4,4,3,443,Discount Seekers,13,Low risk
CUS-00616,836,2,136.73,1,1,2,112,Hibernating,92,High risk
CUS-00617,31,3,172.22,5,2,2,522,Potential Loyalists,5,Low risk
CUS-00618,161,6,665.1,2,4,5,245,High-Value Customers,67,High risk
CUS-00619,43,7,661.09,5,4,5,545,High-Value Customers,5,Low risk
CUS-00620,367,1,34.0,2,1,1,211,Hibernating,77,High risk
CUS-00621,480,1,51.67,1,1,1,111,Hibernating,77,High risk
CUS-00622,1068,1,44.72,1,1,1,111,Hibernating,77,High risk
CUS-00623,92,9,374.24,3,5,3,353,Loyal Customers,18,Low risk
CUS-00624,72,6,591.1,4,4,4,444,Champions,5,Low risk
CUS-00625,139,8,742.93,2,5,5,255,High-Value Customers,30,Low risk
CUS-00626,14,2,104.02000000000001,5,1,1,511,Potential Loyalists,5,Low risk
CUS-00627,49,2,162.98,4,1,2,412,Potential Loyalists,5,Low risk
CUS-00628,568,1,62.15,1,1,1,111,Hibernating,85,High risk
CUS-00629,41,3,291.24,5,2,3,523,Potential Loyalists,15,Low risk
CUS-00630,361,2,97.75999999999999,2,1,1,211,Hibernating,77,High risk
CUS-00631,76,7,663.56,4,4,5,445,High-Value Customers,28,Low risk
CUS-00632,25,14,1395.65,5,5,5,555,High-Value Customers,5,Low risk
CUS-00633,499,2,178.45,1,1,2,112,Hibernating,67,High risk
CUS-00634,325,5,717.04,2,3,5,235,At Risk,72,High risk
CUS-00635,44,3,146.68,5,2,2,522,Potential Loyalists,13,Low risk
CUS-00636,172,5,221.66,2,3,2,232,At Risk,44,Medium risk
CUS-00637,596,1,49.33,1,1,1,111,Hibernating,85,High risk
CUS-00638,152,10,1460.13,2,5,5,255,High-Value Customers,59,Medium risk
CUS-00639,430,3,307.62,1,2,3,123,Hibernating,82,High risk
CUS-00640,12,5,412.11,5,3,4,534,Discount Seekers,21,Low risk
CUS-00641,22,5,689.6800000000001,5,3,5,535,Potential Loyalists,13,Low risk
CUS-00642,22,1,182.44,5,1,2,512,Potential Loyalists,25,Low risk
CUS-00643,585,4,340.08,1,3,3,133,At Risk,67,High risk
CUS-00644,45,2,70.46000000000001,5,1,1,511,Potential Loyalists,5,Low risk
CUS-00645,191,4,292.61,2,3,3,233,At Risk,54,Medium risk
CUS-00646,50,5,602.76,4,3,4,434,Potential Loyalists,23,Low risk
CUS-00647,98,6,589.22,3,4,4,344,Loyal Customers,33,Low risk
CUS-00648,59,4,280.78999999999996,4,3,3,433,Discount Seekers,28,Low risk
CUS-00649,50,5,316.81,4,3,3,433,Potential Loyalists,23,Low risk
CUS-00650,836,1,31.18,1,1,1,111,Hibernating,77,High risk
CUS-00651,343,4,241.3,2,3,2,232,At Risk,72,High risk
CUS-00652,161,7,751.16,2,4,5,245,High-Value Customers,52,Medium risk
CUS-00653,118,6,322.77,3,4,3,343,Discount Seekers,26,Low risk
CUS-00654,454,1,33.96,1,1,1,111,Hibernating,77,High risk
CUS-00655,567,3,262.26,1,2,3,123,Hibernating,67,High risk
CUS-00656,131,8,703.15,3,5,5,355,High-Value Customers,45,Medium risk
CUS-00657,248,4,270.7,2,3,3,233,At Risk,72,High risk
CUS-00658,388,6,752.84,2,4,5,245,High-Value Customers,65,High risk
CUS-00659,723,5,216.03,1,3,2,132,At Risk,67,High risk
CUS-00660,105,5,428.12,3,3,4,334,Potential Loyalists,18,Low risk
CUS-00661,96,8,438.96999999999997,3,5,4,354,Loyal Customers,18,Low risk
CUS-00662,531,2,246.06,1,1,2,112,Hibernating,67,High risk
CUS-00663,18,3,94.34,5,2,1,521,Potential Loyalists,5,Low risk
CUS-00664,27,2,74.16,5,1,1,511,Potential Loyalists,5,Low risk
CUS-00665,229,10,801.85,2,5,5,255,High-Value Customers,59,Medium risk
CUS-00666,470,3,199.64999999999998,1,2,2,122,Hibernating,67,High risk
CUS-00667,50,12,807.8,4,5,5,455,High-Value Customers,13,Low risk
CUS-00668,76,5,600.28,4,3,4,434,Potential Loyalists,5,Low risk
CUS-00669,85,4,365.19,3,3,3,333,Potential Loyalists,20,Low risk
CUS-00670,87,10,738.6899999999999,3,5,5,355,High-Value Customers,13,Low risk
CUS-00671,99,8,1022.3,3,5,5,355,High-Value Customers,18,Low risk
CUS-00672,705,1,124.46,1,1,1,111,Hibernating,77,High risk
CUS-00673,81,4,254.97,4,3,3,433,Potential Loyalists,5,Low risk
CUS-00674,74,6,422.72,4,4,4,444,Champions,13,Low risk
CUS-00675,773,3,299.09,1,2,3,123,Hibernating,85,High risk
CUS-00676,27,8,750.5,5,5,5,555,High-Value Customers,13,Low risk
CUS-00677,75,8,500.36,4,5,4,454,Champions,5,Low risk
CUS-00678,15,2,244.7,5,1,2,512,Potential Loyalists,5,Low risk
CUS-00679,1029,1,120.99,1,1,1,111,Hibernating,85,High risk
CUS-00680,73,8,664.0699999999999,4,5,5,455,High-Value Customers,5,Low risk
CUS-00681,123,5,361.63,3,3,3,333,Potential Loyalists,30,Low risk
CUS-00682,26,20,2016.41,5,5,5,555,High-Value Customers,13,Low risk
CUS-00683,61,7,1677.85,4,4,5,445,High-Value Customers,13,Low risk
CUS-00684,639,2,110.69999999999999,1,1,1,111,Hibernating,77,High risk
CUS-00685,441,5,569.51,1,3,4,134,At Risk,65,High risk
CUS-00686,554,2,141.31,1,1,2,112,Hibernating,75,High risk
CUS-00687,23,1,172.17,5,1,2,512,Potential Loyalists,13,Low risk
CUS-00688,32,4,364.49,5,3,3,533,Potential Loyalists,5,Low risk
CUS-00689,18,3,420.97,5,2,4,524,Potential Loyalists,5,Low risk
CUS-00690,269,3,284.42,2,2,3,223,Hibernating,57,Medium risk
CUS-00691,124,5,499.53999999999996,3,3,4,334,Potential Loyalists,45,Medium risk
CUS-00692,103,9,586.41,3,5,4,354,Discount Seekers,41,Medium risk
CUS-00693,791,4,121.36,1,3,1,131,At Risk,67,High risk
CUS-00694,77,3,164.45,4,2,2,422,Potential Loyalists,20,Low risk
CUS-00695,28,5,380.49,5,3,3,533,Potential Loyalists,20,Low risk
CUS-00696,119,4,153.73,3,3,2,332,Potential Loyalists,18,Low risk
CUS-00697,262,6,654.6,2,4,4,244,At Risk,65,High risk
CUS-00698,77,6,700.65,4,4,5,445,High-Value Customers,21,Low risk
CUS-00699,31,7,595.25,5,4,4,544,Champions,21,Low risk
CUS-00700,165,1,38.43,2,1,1,211,Hibernating,79,High risk
CUS-00701,125,7,476.55,3,4,4,344,Loyal Customers,45,Medium risk
CUS-00702,95,7,782.52,3,4,5,345,High-Value Customers,18,Low risk
CUS-00703,63,12,1449.74,4,5,5,455,High-Value Customers,20,Low risk
CUS-00704,118,3,209.02,3,2,2,322,Potential Loyalists,28,Low risk
CUS-00705,113,8,891.25,3,5,5,355,High-Value Customers,18,Low risk
CUS-00706,99,6,956.0699999999999,3,4,5,345,High-Value Customers,18,Low risk
CUS-00707,63,6,678.91,4,4,5,445,High-Value Customers,5,Low risk
CUS-00708,58,8,621.03,4,5,4,454,Champions,20,Low risk
CUS-00709,956,2,182.39,1,1,2,112,Hibernating,92,High risk
CUS-00710,516,1,164.09,1,1,2,112,Hibernating,92,High risk
CUS-00711,820,2,39.94,1,1,1,111,Hibernating,100,High risk
CUS-00712,384,1,76.28,2,1,1,211,Hibernating,77,High risk
CUS-00713,37,13,1007.59,5,5,5,555,High-Value Customers,28,Low risk
CUS-00714,388,4,257.65,2,3,3,233,At Risk,82,High risk
CUS-00715,58,4,549.05,4,3,4,434,Potential Loyalists,5,Low risk
CUS-00716,425,2,219.12,1,1,2,112,Hibernating,75,High risk
CUS-00717,62,1,116.18,4,1,1,411,Potential Loyalists,5,Low risk
CUS-00718,564,2,87.28,1,1,1,111,Hibernating,77,High risk
CUS-00719,50,4,276.49,4,3,3,433,Potential Loyalists,5,Low risk
CUS-00720,45,9,1033.16,5,5,5,555,High-Value Customers,20,Low risk
CUS-00721,636,5,212.69,1,3,2,132,At Risk,67,High risk
CUS-00722,91,4,228.38,3,3,2,332,Potential Loyalists,28,Low risk
CUS-00723,53,10,737.3299999999999,4,5,5,455,High-Value Customers,5,Low risk
CUS-00724,54,3,245.89,4,2,2,422,Potential Loyalists,5,Low risk
CUS-00725,43,5,296.08,5,3,3,533,Potential Loyalists,13,Low risk
CUS-00726,39,5,190.73000000000002,5,3,2,532,Potential Loyalists,5,Low risk
CUS-00727,375,2,287.9,2,1,3,213,Hibernating,67,High risk
CUS-00728,49,8,523.5,4,5,4,454,Champions,28,Low risk
CUS-00729,102,7,497.91,3,4,4,344,Loyal Customers,26,Low risk
CUS-00730,734,2,118.5,1,1,1,111,Hibernating,77,High risk
CUS-00731,38,9,497.9,5,5,4,554,Champions,5,Low risk
CUS-00732,35,7,611.42,5,4,4,544,Champions,5,Low risk
CUS-00733,658,3,238.41000000000003,1,2,2,122,Hibernating,67,High risk
CUS-00734,99,1,81.48,3,1,1,311,Discount Seekers,58,Medium risk
CUS-00735,149,4,232.10000000000002,2,3,2,232,At Risk,40,Medium risk
CUS-00736,15,6,381.82,5,4,3,543,Loyal Customers,5,Low risk
CUS-00737,76,4,209.27,4,3,2,432,Potential Loyalists,20,Low risk
CUS-00738,24,6,470.95,5,4,4,544,Champions,5,Low risk
CUS-00739,500,7,654.27,1,4,4,144,At Risk,72,High risk
CUS-00740,271,3,175.01,2,2,2,222,Hibernating,65,High risk
CUS-00741,661,4,259.32,1,3,3,133,At Risk,67,High risk
CUS-00742,33,12,1282.07,5,5,5,555,High-Value Customers,20,Low risk
CUS-00743,246,8,770.88,2,5,5,255,High-Value Customers,72,High risk
CUS-00744,349,3,268.69,2,2,3,223,Hibernating,67,High risk
CUS-00745,517,1,68.51,1,1,1,111,Hibernating,77,High risk
CUS-00746,97,6,429.57,3,4,4,344,Loyal Customers,36,Medium risk
CUS-00747,44,3,105.17,5,2,1,521,Potential Loyalists,5,Low risk
CUS-00748,403,4,243.70000000000002,1,3,2,132,At Risk,57,Medium risk
CUS-00749,77,10,965.94,4,5,5,455,High-Value Customers,5,Low risk
CUS-00750,88,9,847.3,3,5,5,355,High-Value Customers,20,Low risk
CUS-00751,112,1,71.08,3,1,1,311,Potential Loyalists,18,Low risk
CUS-00752,485,2,136.54,1,1,2,112,Hibernating,67,High risk
CUS-00753,28,5,441.46999999999997,5,3,4,534,Potential Loyalists,13,Low risk
CUS-00754,527,3,189.38,1,2,2,122,Hibernating,67,High risk
CUS-00755,57,1,59.97,4,1,1,411,Potential Loyalists,23,Low risk
CUS-00756,563,3,95.37,1,2,1,121,Hibernating,67,High risk
CUS-00757,40,2,52.43,5,1,1,511,Potential Loyalists,5,Low risk
CUS-00758,15,2,86.3,5,1,1,511,Potential Loyalists,5,Low risk
CUS-00759,513,2,132.51,1,1,2,112,Hibernating,77,High risk
CUS-00760,292,2,77.46000000000001,2,1,1,211,Hibernating,92,High risk
CUS-00761,15,3,128.6,5,2,1,521,Potential Loyalists,5,Low risk
CUS-00762,23,6,455.12,5,4,4,544,Champions,13,Low risk
CUS-00763,478,5,330.0,1,3,3,133,At Risk,65,High risk
CUS-00764,900,1,98.9,1,1,1,111,Hibernating,77,High risk
CUS-00765,34,11,1229.08,5,5,5,555,High-Value Customers,5,Low risk
CUS-00766,43,2,119.23,5,1,1,511,Potential Loyalists,5,Low risk
CUS-00767,55,1,91.79,4,1,1,411,Potential Loyalists,15,Low risk
CUS-00768,103,3,190.07999999999998,3,2,2,322,Potential Loyalists,36,Medium risk
CUS-00769,28,3,120.73,5,2,1,521,Potential Loyalists,20,Low risk
CUS-00770,57,3,142.26,4,2,2,422,Potential Loyalists,5,Low risk
CUS-00771,166,5,453.92,2,3,4,234,At Risk,62,Medium risk
CUS-00772,37,1,25.03,5,1,1,511,Potential Loyalists,5,Low risk
CUS-00773,285,6,236.25,2,4,2,242,At Risk,67,High risk
CUS-00774,38,3,319.75,5,2,3,523,Potential Loyalists,25,Low risk
CUS-00775,67,8,798.49,4,5,5,455,High-Value Customers,5,Low risk
CUS-00776,51,12,1552.6399999999999,4,5,5,455,High-Value Customers,5,Low risk
CUS-00777,39,5,328.57,5,3,3,533,Potential Loyalists,5,Low risk
CUS-00778,408,3,375.63,1,2,3,123,Hibernating,57,Medium risk
CUS-00779,943,1,66.23,1,1,1,111,Hibernating,77,High risk
CUS-00780,32,5,306.46000000000004,5,3,3,533,Potential Loyalists,5,Low risk
CUS-00781,12,3,329.27,5,2,3,523,Potential Loyalists,5,Low risk
CUS-00782,136,6,623.04,3,4,4,344,Loyal Customers,40,Medium risk
CUS-00783,206,6,649.7,2,4,4,244,At Risk,60,Medium risk
CUS-00784,72,12,1207.01,4,5,5,455,High-Value Customers,20,Low risk
CUS-00785,291,5,473.44,2,3,4,234,At Risk,72,High risk
CUS-00786,93,4,450.86,3,3,4,334,Potential Loyalists,18,Low risk
CUS-00787,482,2,369.70000000000005,1,1,3,113,Hibernating,77,High risk
CUS-00788,267,2,207.18,2,1,2,212,Hibernating,82,High risk
CUS-00789,764,1,60.57,1,1,1,111,Hibernating,92,High risk
CUS-00790,51,5,480.7,4,3,4,434,Potential Loyalists,5,Low risk
CUS-00791,14,13,950.14,5,5,5,555,High-Value Customers,13,Low risk
CUS-00792,103,5,199.02,3,3,2,332,Potential Loyalists,26,Low risk
CUS-00793,452,1,89.84,1,1,1,111,Hibernating,85,High risk
CUS-00794,59,6,402.99,4,4,4,444,Champions,21,Low risk
CUS-00795,90,6,448.19,3,4,4,344,Loyal Customers,13,Low risk
CUS-00796,68,10,956.2,4,5,5,455,High-Value Customers,5,Low risk
CUS-00797,120,3,250.71999999999997,3,2,3,323,Potential Loyalists,28,Low risk
CUS-00798,80,5,387.4,4,3,3,433,Potential Loyalists,23,Low risk
CUS-00799,85,17,782.29,3,5,5,355,High-Value Customers,5,Low risk
CUS-00800,749,1,71.75,1,1,1,111,Hibernating,85,High risk
CUS-00801,45,10,1194.31,5,5,5,555,High-Value Customers,5,Low risk
CUS-00802,64,13,1212.43,4,5,5,455,High-Value Customers,20,Low risk
CUS-00803,52,2,86.55,4,1,1,411,Potential Loyalists,5,Low risk
CUS-00804,308,2,280.8,2,1,3,213,Hibernating,67,High risk
CUS-00805,50,4,425.76000000000005,4,3,4,434,Discount Seekers,30,Low risk
CUS-00806,76,6,394.83000000000004,4,4,3,443,Discount Seekers,20,Low risk
CUS-00807,65,10,827.05,4,5,5,455,High-Value Customers,5,Low risk
CUS-00808,135,2,138.9,3,1,2,312,Potential Loyalists,30,Low risk
CUS-00809,59,8,693.79,4,5,5,455,High-Value Customers,13,Low risk
CUS-00810,199,3,326.33000000000004,2,2,3,223,Hibernating,54,Medium risk
CUS-00811,17,3,282.42,5,2,3,523,Potential Loyalists,20,Low risk
CUS-00812,68,9,1008.95,4,5,5,455,High-Value Customers,20,Low risk
CUS-00813,50,11,829.67,4,5,5,455,High-Value Customers,5,Low risk
CUS-00814,357,2,220.95,2,1,2,212,Hibernating,92,High risk
CUS-00815,872,2,72.48,1,1,1,111,Hibernating,77,High risk
CUS-00816,119,8,737.8299999999999,3,5,5,355,High-Value Customers,18,Low risk
CUS-00817,69,2,64.63,4,1,1,411,Potential Loyalists,25,Low risk
CUS-00818,29,2,108.72999999999999,5,1,1,511,Potential Loyalists,20,Low risk
CUS-00819,100,1,110.51,3,1,1,311,Potential Loyalists,28,Low risk
CUS-00820,67,4,408.09000000000003,4,3,4,434,Potential Loyalists,5,Low risk
CUS-00821,252,3,256.32,2,2,3,223,Hibernating,57,Medium risk
CUS-00822,437,3,199.23000000000002,1,2,2,122,Hibernating,82,High risk
CUS-00823,696,1,48.82,1,1,1,111,Hibernating,77,High risk
CUS-00824,104,4,460.96000000000004,3,3,4,334,Potential Loyalists,33,Low risk
CUS-00825,57,4,141.44,4,3,2,432,Potential Loyalists,20,Low risk
CUS-00826,110,5,580.1800000000001,3,3,4,334,Potential Loyalists,26,Low risk
CUS-00827,45,4,393.99,5,3,3,533,Potential Loyalists,5,Low risk
CUS-00828,115,10,768.65,3,5,5,355,High-Value Customers,48,Medium risk
CUS-00829,68,2,55.379999999999995,4,1,1,411,Potential Loyalists,5,Low risk
CUS-00830,103,5,306.94,3,3,3,333,Potential Loyalists,33,Low risk
CUS-00831,685,3,480.73,1,2,4,124,Hibernating,75,High risk
CUS-00832,38,2,114.45,5,1,1,511,Potential Loyalists,5,Low risk
CUS-00833,143,4,274.71999999999997,2,3,3,233,At Risk,30,Low risk
CUS-00834,133,2,113.72,3,1,1,311,Potential Loyalists,30,Low risk
CUS-00835,141,6,463.09000000000003,2,4,4,244,At Risk,40,Medium risk
CUS-00836,298,2,221.95,2,1,2,212,Hibernating,75,High risk
CUS-00837,106,4,406.45,3,3,4,334,Potential Loyalists,18,Low risk
CUS-00838,122,3,230.45,3,2,2,322,Potential Loyalists,65,High risk
CUS-00839,148,13,1290.6399999999999,2,5,5,255,High-Value Customers,45,Medium risk
CUS-00840,299,4,313.34000000000003,2,3,3,233,At Risk,67,High risk
CUS-00841,81,13,1876.8400000000001,4,5,5,455,High-Value Customers,13,Low risk
CUS-00842,204,2,163.32,2,1,2,212,Hibernating,64,Medium risk
CUS-00843,88,10,424.49,3,5,4,354,Loyal Customers,5,Low risk
CUS-00844,690,5,520.64,1,3,4,134,At Risk,67,High risk
CUS-00845,47,4,341.85,5,3,3,533,Potential Loyalists,5,Low risk
CUS-00846,43,5,217.47,5,3,2,532,Potential Loyalists,13,Low risk
CUS-00847,19,5,599.25,5,3,4,534,Potential Loyalists,13,Low risk
CUS-00848,513,1,189.51,1,1,2,112,Hibernating,100,High risk
CUS-00849,81,5,490.93,4,3,4,434,Potential Loyalists,28,Low risk
CUS-00850,75,11,1377.51,4,5,5,455,High-Value Customers,5,Low risk
CUS-00851,76,2,230.58,4,1,2,412,Potential Loyalists,25,Low risk
CUS-00852,105,9,591.47,3,5,4,354,Loyal Customers,26,Low risk
CUS-00853,52,3,167.99,4,2,2,422,Potential Loyalists,5,Low risk
CUS-00854,104,6,343.2,3,4,3,343,Loyal Customers,18,Low risk
CUS-00855,108,7,918.98,3,4,5,345,High-Value Customers,18,Low risk
CUS-00856,411,3,257.53999999999996,1,2,3,123,Hibernating,67,High risk
CUS-00857,767,1,52.15,1,1,1,111,Hibernating,85,High risk
CUS-00858,353,7,467.04,2,4,4,244,At Risk,72,High risk
CUS-00859,32,11,1768.57,5,5,5,555,High-Value Customers,20,Low risk
CUS-00860,35,3,453.93,5,2,4,524,Potential Loyalists,5,Low risk
CUS-00861,40,4,216.87,5,3,2,532,Potential Loyalists,30,Low risk
CUS-00862,108,2,209.16,3,1,2,312,Potential Loyalists,18,Low risk
CUS-00863,89,6,545.26,3,4,4,344,Loyal Customers,20,Low risk
CUS-00864,54,8,584.4,4,5,4,454,Champions,5,Low risk
CUS-00865,44,11,1361.58,5,5,5,555,High-Value Customers,5,Low risk
CUS-00866,180,4,187.43,2,3,2,232,At Risk,44,Medium risk
CUS-00867,825,2,154.24,1,1,2,112,Hibernating,77,High risk
CUS-00868,41,7,814.38,5,4,5,545,High-Value Customers,13,Low risk
CUS-00869,150,1,55.9,2,1,1,211,Hibernating,40,Medium risk
CUS-00870,413,3,201.35,1,2,2,122,Hibernating,67,High risk
CUS-00871,405,3,279.69,1,2,3,123,Hibernating,67,High risk
CUS-00872,516,3,106.93,1,2,1,121,Hibernating,67,High risk
CUS-00873,376,4,230.42,2,3,2,232,At Risk,72,High risk
CUS-00874,353,2,198.16000000000003,2,1,2,212,Hibernating,67,High risk
CUS-00875,26,9,541.02,5,5,4,554,Champions,5,Low risk
CUS-00876,47,2,225.16,5,1,2,512,Potential Loyalists,5,Low risk
CUS-00877,606,3,354.98,1,2,3,123,Hibernating,82,High risk
CUS-00878,119,4,499.07,3,3,4,334,Potential Loyalists,33,Low risk
CUS-00879,216,8,693.57,2,5,5,255,High-Value Customers,44,Medium risk
CUS-00880,64,6,946.16,4,4,5,445,High-Value Customers,5,Low risk
CUS-00881,49,2,250.93,4,1,3,413,Potential Loyalists,5,Low risk
CUS-00882,100,2,96.03999999999999,3,1,1,311,Potential Loyalists,38,Medium risk
CUS-00883,235,2,60.62,2,1,1,211,Hibernating,64,Medium risk
CUS-00884,364,2,120.65,2,1,1,211,Hibernating,75,High risk
CUS-00885,78,5,398.37,4,3,4,434,Potential Loyalists,20,Low risk
CUS-00886,133,11,725.44,3,5,5,355,High-Value Customers,30,Low risk
CUS-00887,76,3,140.2,4,2,2,422,Potential Loyalists,38,Medium risk
CUS-00888,45,6,572.04,5,4,4,544,Champions,15,Low risk
CUS-00889,17,7,446.84000000000003,5,4,4,544,Champions,13,Low risk
CUS-00890,48,10,1184.2,5,5,5,555,High-Value Customers,5,Low risk
CUS-00891,69,15,2595.69,4,5,5,455,High-Value Customers,13,Low risk
CUS-00892,832,2,114.19,1,1,1,111,Hibernating,77,High risk
CUS-00893,105,9,1169.04,3,5,5,355,High-Value Customers,18,Low risk
CUS-00894,78,7,355.32,4,4,3,443,Discount Seekers,13,Low risk
CUS-00895,31,17,2554.59,5,5,5,555,High-Value Customers,5,Low risk
CUS-00896,25,3,142.64999999999998,5,2,2,522,Potential Loyalists,5,Low risk
CUS-00897,78,19,1973.02,4,5,5,455,High-Value Customers,5,Low risk
CUS-00898,75,9,587.63,4,5,4,454,Champions,13,Low risk
CUS-00899,327,3,260.19,2,2,3,223,Hibernating,67,High risk
CUS-00900,434,2,277.63,1,1,3,113,Hibernating,67,High risk
CUS-00901,70,10,641.69,4,5,4,454,Champions,5,Low risk
CUS-00902,22,4,362.96000000000004,5,3,3,533,Potential Loyalists,5,Low risk
CUS-00903,71,5,352.47,4,3,3,433,Potential Loyalists,15,Low risk
CUS-00904,655,2,235.23,1,1,2,112,Hibernating,77,High risk
CUS-00905,44,18,1482.62,5,5,5,555,High-Value Customers,5,Low risk
CUS-00906,497,3,159.60000000000002,1,2,2,122,Hibernating,90,High risk
CUS-00907,14,7,432.07,5,4,4,544,Champions,20,Low risk
CUS-00908,62,3,311.64,4,2,3,423,Potential Loyalists,5,Low risk
CUS-00909,52,2,78.03,4,1,1,411,Potential Loyalists,5,Low risk
CUS-00910,82,11,405.58,3,5,4,354,Loyal Customers,5,Low risk
CUS-00911,77,10,1303.6299999999999,4,5,5,455,High-Value Customers,20,Low risk
CUS-00912,425,2,131.07,1,1,1,111,Hibernating,82,High risk
CUS-00913,118,7,478.70000000000005,3,4,4,344,Loyal Customers,18,Low risk
CUS-00914,88,7,698.25,3,4,5,345,High-Value Customers,5,Low risk
CUS-00915,280,2,145.07,2,1,2,212,Hibernating,77,High risk
CUS-00916,129,1,76.29,3,1,1,311,Potential Loyalists,30,Low risk
CUS-00917,41,6,727.88,5,4,5,545,High-Value Customers,5,Low risk
CUS-00918,382,1,27.72,2,1,1,211,Hibernating,77,High risk
CUS-00919,65,6,529.8,4,4,4,444,Champions,5,Low risk
CUS-00920,60,6,382.57,4,4,3,443,Discount Seekers,21,Low risk
CUS-00921,258,4,217.86,2,3,2,232,At Risk,67,High risk
CUS-00922,52,4,224.07999999999998,4,3,2,432,Discount Seekers,30,Low risk
CUS-00923,66,7,904.0,4,4,5,445,High-Value Customers,13,Low risk
CUS-00924,360,5,422.06,2,3,4,234,At Risk,65,High risk
CUS-00925,108,6,391.79,3,4,3,343,Discount Seekers,34,Low risk
CUS-00926,206,8,832.46,2,5,5,255,High-Value Customers,59,Medium risk
CUS-00927,242,4,303.04,2,3,3,233,At Risk,57,Medium risk
CUS-00928,84,6,629.28,3,4,4,344,Loyal Customers,5,Low risk
CUS-00929,150,5,383.84,2,3,3,233,At Risk,30,Low risk
CUS-00930,117,8,938.1899999999999,3,5,5,355,High-Value Customers,33,Low risk
CUS-00931,380,2,355.97999999999996,2,1,3,213,Hibernating,67,High risk
CUS-00932,112,5,519.65,3,3,4,334,Potential Loyalists,26,Low risk
CUS-00933,39,6,577.0699999999999,5,4,4,544,Champions,5,Low risk
CUS-00934,6,6,226.1,5,4,2,542,Loyal Customers,5,Low risk
CUS-00935,512,1,31.49,1,1,1,111,Hibernating,100,High risk
CUS-00936,123,3,230.5,3,2,2,322,Potential Loyalists,40,Medium risk
CUS-00937,224,1,99.87,2,1,1,211,Hibernating,54,Medium risk
CUS-00938,110,4,335.05,3,3,3,333,Discount Seekers,26,Low risk
CUS-00939,56,2,174.77,4,1,2,412,Potential Loyalists,5,Low risk
CUS-00940,37,4,228.0,5,3,2,532,Potential Loyalists,13,Low risk
CUS-00941,19,3,142.69,5,2,2,522,Potential Loyalists,5,Low risk
CUS-00942,109,5,800.61,3,3,5,335,Potential Loyalists,26,Low risk
CUS-00943,458,2,160.12,1,1,2,112,Hibernating,77,High risk
CUS-00944,50,4,297.48,4,3,3,433,Potential Loyalists,30,Low risk
CUS-00945,180,2,100.92,2,1,1,211,Hibernating,62,Medium risk
CUS-00946,73,1,144.27,4,1,2,412,Potential Loyalists,5,Low risk
CUS-00947,205,8,801.1,2,5,5,255,High-Value Customers,44,Medium risk
CUS-00948,123,4,336.98,3,3,3,333,Potential Loyalists,45,Medium risk
CUS-00949,581,1,143.0,1,1,2,112,Hibernating,77,High risk
CUS-00950,104,17,2224.04,3,5,5,355,High-Value Customers,18,Low risk
CUS-00951,33,2,50.19,5,1,1,511,Potential Loyalists,15,Low risk
CUS-00952,60,8,628.36,4,5,4,454,Champions,5,Low risk
CUS-00953,10,2,65.1,5,1,1,511,Potential Loyalists,5,Low risk
CUS-00954,113,6,324.77,3,4,3,343,Loyal Customers,26,Low risk
CUS-00955,39,1,142.21,5,1,2,512,Potential Loyalists,5,Low risk
CUS-00956,300,1,51.43,2,1,1,211,Hibernating,77,High risk
CUS-00957,124,5,565.32,3,3,4,334,Potential Loyalists,48,Medium risk
CUS-00958,268,3,181.72,2,2,2,222,Hibernating,72,High risk
CUS-00959,189,7,660.28,2,4,5,245,High-Value Customers,52,Medium risk
CUS-00960,311,3,189.05,2,2,2,222,Hibernating,82,High risk
CUS-00961,22,6,401.82,5,4,4,544,Champions,5,Low risk
CUS-00962,139,7,636.01,2,4,4,244,At Risk,30,Low risk
CUS-00963,8,9,582.1700000000001,5,5,4,554,Champions,5,Low risk
CUS-00964,29,2,140.98,5,1,2,512,Potential Loyalists,20,Low risk
CUS-00965,103,4,227.64,3,3,2,332,Potential Loyalists,28,Low risk
CUS-00966,519,2,137.95,1,1,2,112,Hibernating,85,High risk
CUS-00967,27,8,461.97999999999996,5,5,4,554,Champions,5,Low risk
CUS-00968,20,3,311.42,5,2,3,523,Potential Loyalists,5,Low risk
CUS-00969,318,4,256.63,2,3,3,233,At Risk,57,Medium risk
CUS-00970,101,5,455.62,3,3,4,334,Potential Loyalists,26,Low risk
CUS-00971,38,2,76.65,5,1,1,511,Potential Loyalists,5,Low risk
CUS-00972,458,4,237.79000000000002,1,3,2,132,At Risk,82,High risk
CUS-00973,21,6,260.56,5,4,3,543,Loyal Customers,5,Low risk
CUS-00974,53,11,794.9499999999999,4,5,5,455,High-Value Customers,13,Low risk
CUS-00975,703,2,107.14,1,1,1,111,Hibernating,92,High risk
CUS-00976,43,6,467.17,5,4,4,544,Champions,13,Low risk
CUS-00977,88,8,625.88,3,5,4,354,Loyal Customers,5,Low risk
CUS-00978,454,7,538.14,1,4,4,144,At Risk,57,Medium risk
CUS-00979,684,2,71.63999999999999,1,1,1,111,Hibernating,77,High risk
CUS-00980,247,1,25.36,2,1,1,211,Hibernating,77,High risk
CUS-00981,702,2,238.42000000000002,1,1,2,112,Hibernating,77,High risk
CUS-00982,713,3,211.43,1,2,2,122,Hibernating,67,High risk
CUS-00983,105,1,81.89,3,1,1,311,Potential Loyalists,38,Medium risk
CUS-00984,23,13,1676.18,5,5,5,555,High-Value Customers,20,Low risk
CUS-00985,154,9,1045.86,2,5,5,255,High-Value Customers,44,Medium risk
CUS-00986,75,2,303.02,4,1,3,413,Potential Loyalists,5,Low risk
CUS-00987,78,4,289.13,4,3,3,433,Potential Loyalists,5,Low risk
CUS-00988,127,4,442.89,3,3,4,334,Potential Loyalists,30,Low risk
CUS-00989,160,4,213.34,2,3,2,232,At Risk,44,Medium risk
CUS-00990,58,6,769.63,4,4,5,445,High-Value Customers,13,Low risk
CUS-00991,173,9,788.99,2,5,5,255,High-Value Customers,44,Medium risk
CUS-00992,24,4,210.49,5,3,2,532,Potential Loyalists,5,Low risk
CUS-00993,89,4,210.73,3,3,2,332,Discount Seekers,23,Low risk
CUS-00994,95,3,250.18,3,2,3,323,Potential Loyalists,28,Low risk
CUS-00995,26,3,169.11,5,2,2,522,Potential Loyalists,5,Low risk
CUS-00996,48,13,1587.46,5,5,5,555,High-Value Customers,20,Low risk
CUS-00997,18,2,103.50999999999999,5,1,1,511,Potential Loyalists,5,Low risk
CUS-00998,161,5,344.28999999999996,2,3,3,233,At Risk,44,Medium risk
CUS-00999,27,12,1416.79,5,5,5,555,High-Value Customers,5,Low risk
CUS-01000,156,3,343.78999999999996,2,2,3,223,Hibernating,69,High risk
CUS-01001,60,5,535.69,4,3,4,434,Potential Loyalists,5,Low risk
CUS-01002,105,2,106.55000000000001,3,1,1,311,Potential Loyalists,18,Low risk
CUS-01003,251,5,887.85,2,3,5,235,At Risk,57,Medium risk
CUS-01004,58,3,131.1,4,2,1,421,Potential Loyalists,5,Low risk
CUS-01005,34,4,210.29000000000002,5,3,2,532,Potential Loyalists,28,Low risk
CUS-01006,65,2,164.54,4,1,2,412,Potential Loyalists,20,Low risk
CUS-01007,71,10,1005.58,4,5,5,455,High-Value Customers,5,Low risk
CUS-01008,78,12,718.27,4,5,5,455,High-Value Customers,5,Low risk
CUS-01009,48,2,153.3,5,1,2,512,Potential Loyalists,5,Low risk
CUS-01010,165,6,625.6899999999999,2,4,4,244,At Risk,60,Medium risk
CUS-01011,55,3,93.07,4,2,1,421,Potential Loyalists,5,Low risk
CUS-01012,36,2,158.91,5,1,2,512,Potential Loyalists,20,Low risk
CUS-01013,87,4,222.94,3,3,2,332,Potential Loyalists,5,Low risk
CUS-01014,67,6,410.32,4,4,4,444,Champions,5,Low risk
CUS-01015,28,2,214.57,5,1,2,512,Potential Loyalists,5,Low risk
CUS-01016,176,5,550.8299999999999,2,3,4,234,At Risk,44,Medium risk
CUS-01017,162,2,164.6,2,1,2,212,Hibernating,64,Medium risk
CUS-01018,136,3,186.8,3,2,2,322,Potential Loyalists,40,Medium risk
CUS-01019,18,15,1947.15,5,5,5,555,High-Value Customers,5,Low risk
CUS-01020,112,10,891.44,3,5,5,355,High-Value Customers,18,Low risk
CUS-01021,184,7,698.66,2,4,5,245,High-Value Customers,52,Medium risk
CUS-01022,351,6,793.9,2,4,5,245,High-Value Customers,65,High risk
CUS-01023,46,8,650.36,5,5,4,554,Champions,5,Low risk
CUS-01024,303,2,269.45,2,1,3,213,Hibernating,77,High risk
CUS-01025,58,6,255.07,4,4,3,443,Loyal Customers,5,Low risk
CUS-01026,26,9,648.73,5,5,4,554,Champions,5,Low risk
CUS-01027,67,6,321.89,4,4,3,443,Loyal Customers,13,Low risk
CUS-01028,690,2,170.85999999999999,1,1,2,112,Hibernating,77,High risk
CUS-01029,44,3,211.95,5,2,2,522,Potential Loyalists,20,Low risk
CUS-01030,168,1,49.74,2,1,1,211,Hibernating,79,High risk
CUS-01031,206,1,59.47,2,1,1,211,Hibernating,64,Medium risk
CUS-01032,57,4,212.1,4,3,2,432,Potential Loyalists,20,Low risk
CUS-01033,26,4,239.89,5,3,2,532,Potential Loyalists,20,Low risk
CUS-01034,76,5,416.53,4,3,4,434,Potential Loyalists,13,Low risk
CUS-01035,64,4,141.32999999999998,4,3,2,432,Potential Loyalists,5,Low risk
CUS-01036,62,8,1078.48,4,5,5,455,High-Value Customers,5,Low risk
CUS-01037,66,1,29.57,4,1,1,411,Potential Loyalists,5,Low risk
CUS-01038,66,7,735.71,4,4,5,445,High-Value Customers,5,Low risk
CUS-01039,94,7,407.58,3,4,4,344,Loyal Customers,33,Low risk
CUS-01040,552,3,271.46,1,2,3,123,Hibernating,85,High risk
CUS-01041,92,13,1312.23,3,5,5,355,High-Value Customers,18,Low risk
CUS-01042,730,1,96.78,1,1,1,111,Hibernating,85,High risk
CUS-01043,79,5,350.21000000000004,4,3,3,433,Potential Loyalists,13,Low risk
CUS-01044,300,2,130.48,2,1,1,211,Hibernating,67,High risk
CUS-01045,409,2,77.78,1,1,1,111,Hibernating,67,High risk
CUS-01046,660,2,209.32999999999998,1,1,2,112,Hibernating,85,High risk
CUS-01047,56,7,850.53,4,4,5,445,High-Value Customers,5,Low risk
CUS-01048,221,4,268.8,2,3,3,233,At Risk,54,Medium risk
CUS-01049,95,3,430.90000000000003,3,2,4,324,Potential Loyalists,18,Low risk
CUS-01050,44,2,214.02,5,1,2,512,Potential Loyalists,5,Low risk
CUS-01051,35,3,172.58,5,2,2,522,Potential Loyalists,20,Low risk
CUS-01052,130,3,353.84000000000003,3,2,3,323,Potential Loyalists,50,Medium risk
CUS-01053,287,5,352.28,2,3,3,233,At Risk,72,High risk
CUS-01054,84,11,1331.91,3,5,5,355,High-Value Customers,5,Low risk
CUS-01055,26,4,466.3,5,3,4,534,Discount Seekers,30,Low risk
CUS-01056,103,7,660.1899999999999,3,4,5,345,High-Value Customers,33,Low risk
CUS-01057,108,10,814.91,3,5,5,355,High-Value Customers,18,Low risk
CUS-01058,85,7,625.51,3,4,4,344,Loyal Customers,5,Low risk
CUS-01059,50,8,866.98,4,5,5,455,High-Value Customers,5,Low risk
CUS-01060,176,4,376.1,2,3,3,233,At Risk,54,Medium risk
CUS-01061,32,7,1036.05,5,4,5,545,High-Value Customers,5,Low risk
CUS-01062,596,3,214.18,1,2,2,122,Hibernating,67,High risk
CUS-01063,164,6,347.41,2,4,3,243,At Risk,59,Medium risk
CUS-01064,339,5,295.68,2,3,3,233,At Risk,57,Medium risk
CUS-01065,91,1,41.6,3,1,1,311,Potential Loyalists,38,Medium risk
CUS-01066,26,5,250.66,5,3,3,533,Potential Loyalists,15,Low risk
CUS-01067,117,5,217.09,3,3,2,332,Potential Loyalists,18,Low risk
CUS-01068,13,9,895.28,5,5,5,555,High-Value Customers,5,Low risk
CUS-01069,64,5,515.28,4,3,4,434,Potential Loyalists,13,Low risk
CUS-01070,61,8,795.11,4,5,5,455,High-Value Customers,5,Low risk
CUS-01071,371,1,31.05,2,1,1,211,Hibernating,77,High risk
CUS-01072,89,7,825.8,3,4,5,345,High-Value Customers,13,Low risk
CUS-01073,95,6,404.71999999999997,3,4,4,344,Loyal Customers,26,Low risk
CUS-01074,80,2,115.25,4,1,1,411,Potential Loyalists,5,Low risk
CUS-01075,42,1,134.52,5,1,2,512,Potential Loyalists,5,Low risk
CUS-01076,58,3,187.63,4,2,2,422,Potential Loyalists,30,Low risk
CUS-01077,644,1,105.24,1,1,1,111,Hibernating,85,High risk
CUS-01078,625,2,73.11,1,1,1,111,Hibernating,85,High risk
CUS-01079,121,6,353.74,3,4,3,343,Discount Seekers,46,Medium risk
CUS-01080,236,3,150.13,2,2,2,222,Hibernating,77,High risk
CUS-01081,51,1,29.48,4,1,1,411,Potential Loyalists,15,Low risk
CUS-01082,762,5,485.76,1,3,4,134,At Risk,75,High risk
CUS-01083,501,3,155.46,1,2,2,122,Hibernating,82,High risk
CUS-01084,101,7,243.04,3,4,2,342,Loyal Customers,26,Low risk
CUS-01085,114,4,399.26,3,3,4,334,Discount Seekers,41,Medium risk
CUS-01086,154,9,736.53,2,5,5,255,High-Value Customers,44,Medium risk
CUS-01087,89,7,1315.47,3,4,5,345,High-Value Customers,13,Low risk
CUS-01088,794,2,161.73,1,1,2,112,Hibernating,85,High risk
CUS-01089,109,17,1523.85,3,5,5,355,High-Value Customers,26,Low risk
CUS-01090,571,6,488.95000000000005,1,4,4,144,At Risk,65,High risk
CUS-01091,150,2,195.38,2,1,2,212,Hibernating,40,Medium risk
CUS-01092,503,2,101.46,1,1,1,111,Hibernating,77,High risk
CUS-01093,699,2,99.68,1,1,1,111,Hibernating,85,High risk
CUS-01094,985,1,89.84,1,1,1,111,Hibernating,77,High risk
CUS-01095,112,5,405.13,3,3,4,334,Discount Seekers,51,Medium risk
CUS-01096,84,9,581.04,3,5,4,354,Loyal Customers,5,Low risk
CUS-01097,70,2,134.32,4,1,2,412,Potential Loyalists,15,Low risk
CUS-01098,64,5,243.76,4,3,2,432,Potential Loyalists,23,Low risk
CUS-01099,96,11,837.5,3,5,5,355,High-Value Customers,18,Low risk
CUS-01100,7,4,376.89,5,3,3,533,Potential Loyalists,5,Low risk
CUS-01101,47,8,1035.07,5,5,5,555,High-Value Customers,5,Low risk
CUS-01102,82,8,1005.9300000000001,3,5,5,355,High-Value Customers,20,Low risk
CUS-01103,22,2,170.19,5,1,2,512,Potential Loyalists,5,Low risk
CUS-01104,49,11,858.89,4,5,5,455,High-Value Customers,28,Low risk
CUS-01105,274,3,281.65000000000003,2,2,3,223,Hibernating,67,High risk
CUS-01106,172,4,332.83000000000004,2,3,3,233,At Risk,67,High risk
CUS-01107,68,5,461.82,4,3,4,434,Potential Loyalists,5,Low risk
CUS-01108,198,4,278.9,2,3,3,233,At Risk,44,Medium risk
CUS-01109,37,2,134.79,5,1,2,512,Potential Loyalists,5,Low risk
CUS-01110,89,2,86.94,3,1,1,311,Potential Loyalists,25,Low risk
CUS-01111,104,6,526.76,3,4,4,344,Loyal Customers,33,Low risk
CUS-01112,74,3,328.31,4,2,3,423,Potential Loyalists,20,Low risk
CUS-01113,160,9,1117.73,2,5,5,255,High-Value Customers,44,Medium risk
CUS-01114,239,4,246.48,2,3,2,232,At Risk,54,Medium risk
CUS-01115,11,3,242.53,5,2,2,522,Potential Loyalists,5,Low risk
CUS-01116,34,6,757.9200000000001,5,4,5,545,High-Value Customers,5,Low risk
CUS-01117,581,1,97.6,1,1,1,111,Hibernating,77,High risk
CUS-01118,174,2,144.39,2,1,2,212,Hibernating,54,Medium risk
CUS-01119,63,14,1535.99,4,5,5,455,High-Value Customers,13,Low risk
CUS-01120,876,1,68.96,1,1,1,111,Hibernating,92,High risk
CUS-01121,202,6,719.9399999999999,2,4,5,245,High-Value Customers,44,Medium risk
CUS-01122,80,8,537.22,4,5,4,454,Champions,20,Low risk
CUS-01123,29,10,809.22,5,5,5,555,High-Value Customers,5,Low risk
CUS-01124,49,5,346.45,4,3,3,433,Potential Loyalists,5,Low risk
CUS-01125,54,7,405.47,4,4,4,444,Champions,5,Low risk
CUS-01126,367,1,78.5,2,1,1,211,Hibernating,77,High risk
CUS-01127,477,9,802.0,1,5,5,155,High-Value Customers,57,Medium risk
CUS-01128,74,8,427.75,4,5,4,454,Champions,5,Low risk
CUS-01129,110,6,419.44,3,4,4,344,Loyal Customers,34,Low risk
CUS-01130,116,6,467.83,3,4,4,344,Loyal Customers,18,Low risk
CUS-01131,131,2,85.46000000000001,3,1,1,311,Potential Loyalists,30,Low risk
CUS-01132,605,2,125.85000000000001,1,1,1,111,Hibernating,77,High risk
CUS-01133,41,13,1065.88,5,5,5,555,High-Value Customers,20,Low risk
CUS-01134,403,2,135.91,1,1,2,112,Hibernating,67,High risk
CUS-01135,358,3,140.13,2,2,2,222,Hibernating,65,High risk
CUS-01136,58,11,803.0699999999999,4,5,5,455,High-Value Customers,13,Low risk
CUS-01137,68,2,231.35,4,1,2,412,Potential Loyalists,20,Low risk
CUS-01138,209,7,850.42,2,4,5,245,High-Value Customers,52,Medium risk
CUS-01139,618,3,324.76,1,2,3,123,Hibernating,92,High risk
CUS-01140,37,16,946.5500000000001,5,5,5,555,High-Value Customers,5,Low risk
CUS-01141,52,7,447.88,4,4,4,444,Champions,21,Low risk
CUS-01142,57,10,661.19,4,5,5,455,High-Value Customers,21,Low risk
CUS-01143,183,4,291.03,2,3,3,233,At Risk,54,Medium risk
CUS-01144,208,5,875.4,2,3,5,235,At Risk,54,Medium risk
CUS-01145,338,3,271.87,2,2,3,223,Hibernating,57,Medium risk
CUS-01146,506,2,173.93,1,1,2,112,Hibernating,85,High risk
CUS-01147,71,2,232.21,4,1,2,412,Potential Loyalists,5,Low risk
CUS-01148,81,6,497.13,4,4,4,444,Champions,5,Low risk
CUS-01149,75,7,481.28,4,4,4,444,Champions,13,Low risk
CUS-01150,91,7,866.57,3,4,5,345,High-Value Customers,18,Low risk
CUS-01151,52,1,183.66,4,1,2,412,Potential Loyalists,20,Low risk
CUS-01152,71,4,337.56,4,3,3,433,Discount Seekers,23,Low risk
CUS-01153,101,3,173.36,3,2,2,322,Potential Loyalists,18,Low risk
CUS-01154,68,3,220.57,4,2,2,422,Discount Seekers,38,Medium risk
CUS-01155,225,2,233.83,2,1,2,212,Hibernating,54,Medium risk
CUS-01156,18,5,499.18,5,3,4,534,Potential Loyalists,13,Low risk
CUS-01157,154,6,406.58,2,4,4,244,Discount Seekers,52,Medium risk
CUS-01158,106,5,282.94,3,3,3,333,Discount Seekers,41,Medium risk
CUS-01159,227,2,100.95,2,1,1,211,Hibernating,54,Medium risk
CUS-01160,91,4,270.32,3,3,3,333,Potential Loyalists,18,Low risk
CUS-01161,60,2,116.22999999999999,4,1,1,411,Potential Loyalists,5,Low risk
CUS-01162,171,7,456.90999999999997,2,4,4,244,At Risk,52,Medium risk
CUS-01163,74,4,177.85,4,3,2,432,Potential Loyalists,5,Low risk
CUS-01164,68,7,384.52000000000004,4,4,3,443,Loyal Customers,13,Low risk
CUS-01165,60,15,1480.68,4,5,5,455,High-Value Customers,5,Low risk
CUS-01166,360,2,194.85000000000002,2,1,2,212,Hibernating,82,High risk
CUS-01167,33,8,1375.6599999999999,5,5,5,555,High-Value Customers,20,Low risk
CUS-01168,53,9,1245.1200000000001,4,5,5,455,High-Value Customers,20,Low risk
CUS-01169,500,6,562.23,1,4,4,144,At Risk,57,Medium risk
CUS-01170,356,3,174.35,2,2,2,222,Hibernating,67,High risk
CUS-01171,431,3,224.98,1,2,2,122,Hibernating,67,High risk
CUS-01172,50,17,1415.18,4,5,5,455,High-Value Customers,5,Low risk
CUS-01173,78,5,470.76,4,3,4,434,Potential Loyalists,21,Low risk
CUS-01174,613,2,258.40999999999997,1,1,3,113,Hibernating,77,High risk
CUS-01175,18,6,392.44,5,4,3,543,Loyal Customers,21,Low risk
CUS-01176,89,7,405.42,3,4,4,344,Loyal Customers,5,Low risk
CUS-01177,440,3,139.92000000000002,1,2,2,122,Hibernating,67,High risk
CUS-01178,86,4,276.01,3,3,3,333,Potential Loyalists,30,Low risk
CUS-01179,17,3,481.22999999999996,5,2,4,524,Potential Loyalists,20,Low risk
CUS-01180,133,4,341.59000000000003,3,3,3,333,Potential Loyalists,30,Low risk
CUS-01181,56,10,1103.6399999999999,4,5,5,455,High-Value Customers,5,Low risk
CUS-01182,110,4,214.0,3,3,2,332,Potential Loyalists,18,Low risk
CUS-01183,178,3,229.68,2,2,2,222,Hibernating,54,Medium risk
CUS-01184,129,3,143.69,3,2,2,322,Potential Loyalists,55,Medium risk
CUS-01185,92,6,558.0,3,4,4,344,Loyal Customers,18,Low risk
CUS-01186,269,3,201.74,2,2,2,222,Hibernating,67,High risk
CUS-01187,381,4,448.68,2,3,4,234,At Risk,57,Medium risk
CUS-01188,314,5,163.21,2,3,2,232,At Risk,67,High risk
CUS-01189,288,3,335.26,2,2,3,223,Hibernating,67,High risk
CUS-01190,126,3,331.46,3,2,3,323,Potential Loyalists,45,Medium risk
CUS-01191,555,2,154.04,1,1,2,112,Hibernating,85,High risk
CUS-01192,130,2,90.4,3,1,1,311,Potential Loyalists,30,Low risk
CUS-01193,568,2,118.21,1,1,1,111,Hibernating,77,High risk
CUS-01194,89,6,539.39,3,4,4,344,Loyal Customers,20,Low risk
CUS-01195,130,3,175.01999999999998,3,2,2,322,Potential Loyalists,30,Low risk
CUS-01196,116,4,323.55,3,3,3,333,Potential Loyalists,43,Medium risk
CUS-01197,604,2,111.80000000000001,1,1,1,111,Hibernating,85,High risk
CUS-01198,83,10,1249.45,3,5,5,355,High-Value Customers,5,Low risk
CUS-01199,26,4,194.7,5,3,2,532,Potential Loyalists,5,Low risk
CUS-01200,565,4,480.45000000000005,1,3,4,134,At Risk,67,High risk
CUS-01201,91,10,1321.3400000000001,3,5,5,355,High-Value Customers,26,Low risk
CUS-01202,60,1,68.28,4,1,1,411,Potential Loyalists,5,Low risk
CUS-01203,248,6,683.39,2,4,5,245,High-Value Customers,57,Medium risk
CUS-01204,90,2,57.5,3,1,1,311,Potential Loyalists,5,Low risk
CUS-01205,102,6,486.92,3,4,4,344,Loyal Customers,33,Low risk
CUS-01206,695,1,63.28,1,1,1,111,Hibernating,85,High risk
CUS-01207,57,1,107.61,4,1,1,411,Potential Loyalists,5,Low risk
CUS-01208,611,1,19.19,1,1,1,111,Hibernating,85,High risk
CUS-01209,40,6,575.64,5,4,4,544,Champions,21,Low risk
CUS-01210,745,3,186.21,1,2,2,122,Hibernating,82,High risk
CUS-01211,457,2,228.25,1,1,2,112,Hibernating,82,High risk
CUS-01212,625,3,295.97,1,2,3,123,Hibernating,75,High risk
CUS-01213,142,4,192.89,2,3,2,232,Discount Seekers,63,Medium risk
CUS-01214,107,6,322.39,3,4,3,343,Discount Seekers,41,Medium risk
CUS-01215,168,8,1000.29,2,5,5,255,High-Value Customers,59,Medium risk
CUS-01216,92,2,197.28,3,1,2,312,Potential Loyalists,18,Low risk
CUS-01217,70,10,923.31,4,5,5,455,High-Value Customers,5,Low risk
CUS-01218,41,8,577.11,5,5,4,554,Champions,13,Low risk
CUS-01219,461,2,152.32,1,1,2,112,Hibernating,100,High risk
CUS-01220,117,2,89.48,3,1,1,311,Potential Loyalists,18,Low risk
CUS-01221,79,7,620.64,4,4,4,444,Champions,5,Low risk
CUS-01222,92,7,550.31,3,4,4,344,Loyal Customers,18,Low risk
CUS-01223,753,1,46.29,1,1,1,111,Hibernating,92,High risk
CUS-01224,51,12,1032.17,4,5,5,455,High-Value Customers,20,Low risk
CUS-01225,63,12,1306.8600000000001,4,5,5,455,High-Value Customers,5,Low risk
CUS-01226,30,6,474.23,5,4,4,544,Champions,35,Medium risk
CUS-01227,682,2,59.15,1,1,1,111,Hibernating,77,High risk
CUS-01228,62,15,1128.65,4,5,5,455,High-Value Customers,13,Low risk
CUS-01229,288,3,309.31,2,2,3,223,Hibernating,67,High risk
CUS-01230,28,20,1523.51,5,5,5,555,High-Value Customers,5,Low risk
CUS-01231,705,3,507.92,1,2,4,124,Hibernating,77,High risk
CUS-01232,263,8,624.99,2,5,4,254,At Risk,57,Medium risk
CUS-01233,379,1,29.82,2,1,1,211,Hibernating,77,High risk
CUS-01234,108,6,219.34,3,4,2,342,Loyal Customers,26,Low risk
CUS-01235,233,6,838.96,2,4,5,245,High-Value Customers,62,Medium risk
CUS-01236,688,2,113.35,1,1,1,111,Hibernating,77,High risk
CUS-01237,130,1,84.73,3,1,1,311,Potential Loyalists,50,Medium risk
CUS-01238,239,2,392.84000000000003,2,1,3,213,Hibernating,64,Medium risk
CUS-01239,808,2,143.12,1,1,2,112,Hibernating,77,High risk
CUS-01240,49,8,591.74,4,5,4,454,Champions,13,Low risk
CUS-01241,686,2,122.28,1,1,1,111,Hibernating,77,High risk
CUS-01242,46,4,336.40000000000003,5,3,3,533,Potential Loyalists,5,Low risk
CUS-01243,107,1,48.72,3,1,1,311,Potential Loyalists,18,Low risk
CUS-01244,57,2,88.34,4,1,1,411,Potential Loyalists,5,Low risk
CUS-01245,103,8,880.63,3,5,5,355,High-Value Customers,18,Low risk
CUS-01246,60,4,258.72,4,3,3,433,Potential Loyalists,20,Low risk
CUS-01247,34,2,285.85,5,1,3,513,Potential Loyalists,5,Low risk
CUS-01248,262,4,424.27,2,3,4,234,At Risk,72,High risk
CUS-01249,129,7,524.71,3,4,4,344,Loyal Customers,53,Medium risk
CUS-01250,78,5,484.8,4,3,4,434,Potential Loyalists,5,Low risk
CUS-01251,61,9,913.5,4,5,5,455,High-Value Customers,20,Low risk
CUS-01252,110,6,651.85,3,4,4,344,Loyal Customers,33,Low risk
CUS-01253,31,4,288.8,5,3,3,533,Potential Loyalists,20,Low risk
CUS-01254,88,5,444.03999999999996,3,3,4,334,Potential Loyalists,20,Low risk
CUS-01255,480,1,100.07,1,1,1,111,Hibernating,77,High risk
CUS-01256,304,3,281.84,2,2,3,223,Hibernating,67,High risk
CUS-01257,731,2,130.56,1,1,1,111,Hibernating,77,High risk
CUS-01258,22,2,95.32,5,1,1,511,Potential Loyalists,5,Low risk
CUS-01259,98,8,339.19,3,5,3,353,Discount Seekers,26,Low risk
CUS-01260,121,11,1322.33,3,5,5,355,High-Value Customers,30,Low risk
CUS-01261,45,10,702.54,5,5,5,555,High-Value Customers,5,Low risk
CUS-01262,80,7,806.2299999999999,4,4,5,445,High-Value Customers,13,Low risk
CUS-01263,215,10,1158.6100000000001,2,5,5,255,High-Value Customers,44,Medium risk
CUS-01264,53,6,292.51,4,4,3,443,Loyal Customers,13,Low risk
CUS-01265,215,6,475.97,2,4,4,244,At Risk,44,Medium risk
CUS-01266,89,8,400.46000000000004,3,5,4,354,Loyal Customers,5,Low risk
CUS-01267,123,4,423.18,3,3,4,334,Potential Loyalists,40,Medium risk
CUS-01268,36,7,532.2,5,4,4,544,Champions,20,Low risk
CUS-01269,75,1,118.5,4,1,1,411,Potential Loyalists,30,Low risk
CUS-01270,436,1,45.03,1,1,1,111,Hibernating,77,High risk
CUS-01271,85,5,184.57999999999998,3,3,2,332,Potential Loyalists,5,Low risk
CUS-01272,839,1,23.68,1,1,1,111,Hibernating,85,High risk
CUS-01273,83,5,637.04,3,3,4,334,Potential Loyalists,20,Low risk
CUS-01274,26,3,148.57,5,2,2,522,Potential Loyalists,20,Low risk
CUS-01275,370,4,288.18,2,3,3,233,At Risk,72,High risk
CUS-01276,24,4,164.37,5,3,2,532,Discount Seekers,20,Low risk
CUS-01277,167,6,416.38,2,4,4,244,At Risk,52,Medium risk
CUS-01278,46,5,343.61,5,3,3,533,Potential Loyalists,5,Low risk
CUS-01279,255,6,685.64,2,4,5,245,High-Value Customers,57,Medium risk
CUS-01280,170,6,420.19,2,4,4,244,At Risk,52,Medium risk
CUS-01281,177,5,464.88,2,3,4,234,At Risk,44,Medium risk
CUS-01282,588,4,325.43,1,3,3,133,At Risk,67,High risk
CUS-01283,107,8,591.6800000000001,3,5,4,354,Loyal Customers,18,Low risk
CUS-01284,854,2,66.1,1,1,1,111,Hibernating,77,High risk
CUS-01285,175,6,491.51,2,4,4,244,At Risk,62,Medium risk
CUS-01286,68,6,353.69,4,4,3,443,Discount Seekers,21,Low risk
CUS-01287,46,10,620.13,5,5,4,554,Champions,21,Low risk
CUS-01288,66,5,465.87,4,3,4,434,Potential Loyalists,13,Low risk
CUS-01289,75,5,447.48,4,3,4,434,Potential Loyalists,5,Low risk
CUS-01290,75,12,1070.8899999999999,4,5,5,455,High-Value Customers,5,Low risk
CUS-01291,31,5,277.46000000000004,5,3,3,533,Discount Seekers,28,Low risk
CUS-01292,72,5,577.95,4,3,4,434,Potential Loyalists,15,Low risk
CUS-01293,176,1,26.59,2,1,1,211,Hibernating,54,Medium risk
CUS-01294,33,4,356.1,5,3,3,533,Potential Loyalists,5,Low risk
CUS-01295,424,4,256.68,1,3,3,133,At Risk,57,Medium risk
CUS-01296,51,2,146.61,4,1,2,412,Potential Loyalists,20,Low risk
CUS-01297,56,4,315.63,4,3,3,433,Potential Loyalists,20,Low risk
CUS-01298,96,5,759.56,3,3,5,335,Potential Loyalists,28,Low risk
CUS-01299,126,9,747.62,3,5,5,355,High-Value Customers,30,Low risk
CUS-01300,97,8,735.71,3,5,5,355,High-Value Customers,48,Medium risk
CUS-01301,159,5,632.0699999999999,2,3,4,234,At Risk,62,Medium risk
CUS-01302,27,5,532.38,5,3,4,534,Potential Loyalists,13,Low risk
CUS-01303,77,3,163.52,4,2,2,422,Discount Seekers,13,Low risk
CUS-01304,364,5,340.42,2,3,3,233,At Risk,57,Medium risk
CUS-01305,306,2,244.10000000000002,2,1,2,212,Hibernating,82,High risk
CUS-01306,141,9,582.17,2,5,4,254,At Risk,45,Medium risk
CUS-01307,112,3,306.34000000000003,3,2,3,323,Potential Loyalists,33,Low risk
CUS-01308,43,5,195.11,5,3,2,532,Potential Loyalists,5,Low risk
CUS-01309,54,3,328.1,4,2,3,423,Potential Loyalists,5,Low risk
CUS-01310,58,4,292.71000000000004,4,3,3,433,Potential Loyalists,5,Low risk
CUS-01311,99,7,523.3,3,4,4,344,Loyal Customers,26,Low risk
CUS-01312,885,1,41.53,1,1,1,111,Hibernating,77,High risk
CUS-01313,75,4,272.87,4,3,3,433,Potential Loyalists,20,Low risk
CUS-01314,78,3,180.2,4,2,2,422,Potential Loyalists,5,Low risk
CUS-01315,54,7,674.89,4,4,5,445,High-Value Customers,13,Low risk
CUS-01316,87,6,414.71,3,4,4,344,Discount Seekers,13,Low risk
CUS-01317,510,5,428.48,1,3,4,134,At Risk,75,High risk
CUS-01318,62,8,692.64,4,5,5,455,High-Value Customers,5,Low risk
CUS-01319,702,2,133.83,1,1,2,112,Hibernating,77,High risk
CUS-01320,102,5,265.82,3,3,3,333,Discount Seekers,44,Medium risk
CUS-01321,78,9,505.85,4,5,4,454,Champions,5,Low risk
CUS-01322,92,3,256.52,3,2,3,323,Potential Loyalists,33,Low risk
CUS-01323,85,15,1262.43,3,5,5,355,High-Value Customers,5,Low risk
CUS-01324,80,11,1512.2,4,5,5,455,High-Value Customers,5,Low risk
CUS-01325,642,1,52.75,1,1,1,111,Hibernating,85,High risk
CUS-01326,113,4,602.74,3,3,4,334,Potential Loyalists,28,Low risk
CUS-01327,86,9,1680.2,3,5,5,355,High-Value Customers,5,Low risk
CUS-01328,555,1,26.46,1,1,1,111,Hibernating,85,High risk
CUS-01329,159,10,817.13,2,5,5,255,High-Value Customers,44,Medium risk
CUS-01330,372,6,411.12,2,4,4,244,At Risk,73,High risk
CUS-01331,751,2,180.94,1,1,2,112,Hibernating,77,High risk
CUS-01332,178,8,1027.56,2,5,5,255,High-Value Customers,44,Medium risk
CUS-01333,86,7,753.0699999999999,3,4,5,345,High-Value Customers,13,Low risk
CUS-01334,359,2,87.76,2,1,1,211,Hibernating,67,High risk
CUS-01335,67,13,1664.6599999999999,4,5,5,455,High-Value Customers,13,Low risk
CUS-01336,44,5,243.04000000000002,5,3,2,532,Potential Loyalists,5,Low risk
CUS-01337,65,5,424.78999999999996,4,3,4,434,Potential Loyalists,13,Low risk
CUS-01338,71,5,276.96000000000004,4,3,3,433,Potential Loyalists,23,Low risk
CUS-01339,40,2,159.34,5,1,2,512,Potential Loyalists,5,Low risk
CUS-01340,436,3,151.44,1,2,2,122,Hibernating,77,High risk
CUS-01341,1072,1,68.45,1,1,1,111,Hibernating,85,High risk
CUS-01342,461,1,89.86,1,1,1,111,Hibernating,77,High risk
CUS-01343,87,2,117.01,3,1,1,311,Discount Seekers,45,Medium risk
CUS-01344,426,1,62.83,1,1,1,111,Hibernating,85,High risk
CUS-01345,152,7,313.34000000000003,2,4,3,243,At Risk,59,Medium risk
CUS-01346,63,2,137.06,4,1,2,412,Potential Loyalists,5,Low risk
CUS-01347,375,4,412.12,2,3,4,234,At Risk,57,Medium risk
CUS-01348,425,3,177.26999999999998,1,2,2,122,Hibernating,67,High risk
CUS-01349,57,6,464.95,4,4,4,444,Champions,21,Low risk
CUS-01350,178,3,188.53,2,2,2,222,Hibernating,44,Medium risk
CUS-01351,162,5,710.5600000000001,2,3,5,235,At Risk,54,Medium risk
CUS-01352,556,1,62.24,1,1,1,111,Hibernating,77,High risk
CUS-01353,65,2,87.7,4,1,1,411,Potential Loyalists,5,Low risk
CUS-01354,61,2,89.14,4,1,1,411,Potential Loyalists,5,Low risk
CUS-01355,68,10,929.62,4,5,5,455,High-Value Customers,13,Low risk
CUS-01356,45,6,725.93,5,4,5,545,High-Value Customers,13,Low risk
CUS-01357,18,2,105.13999999999999,5,1,1,511,Potential Loyalists,5,Low risk
CUS-01358,74,12,1277.09,4,5,5,455,High-Value Customers,5,Low risk
CUS-01359,178,1,52.72,2,1,1,211,Hibernating,79,High risk
CUS-01360,112,10,740.57,3,5,5,355,High-Value Customers,26,Low risk
CUS-01361,97,8,785.29,3,5,5,355,High-Value Customers,33,Low risk
CUS-01362,478,1,78.75,1,1,1,111,Hibernating,77,High risk
CUS-01363,28,5,499.14,5,3,4,534,Potential Loyalists,13,Low risk
CUS-01364,114,4,259.54,3,3,3,333,Discount Seekers,26,Low risk
CUS-01365,759,2,42.53,1,1,1,111,Hibernating,92,High risk
CUS-01366,87,9,1317.58,3,5,5,355,High-Value Customers,5,Low risk
CUS-01367,636,2,178.89,1,1,2,112,Hibernating,92,High risk
CUS-01368,538,4,381.01,1,3,3,133,At Risk,75,High risk
CUS-01369,415,3,154.69,1,2,2,122,Hibernating,57,Medium risk
CUS-01370,660,1,65.31,1,1,1,111,Hibernating,77,High risk
CUS-01371,581,2,157.59,1,1,2,112,Hibernating,85,High risk
CUS-01372,538,2,163.42000000000002,1,1,2,112,Hibernating,92,High risk
CUS-01373,58,6,373.76,4,4,3,443,Loyal Customers,5,Low risk
CUS-01374,378,9,793.83,2,5,5,255,High-Value Customers,57,Medium risk
CUS-01375,131,10,715.0600000000001,3,5,5,355,High-Value Customers,30,Low risk
CUS-01376,289,6,576.47,2,4,4,244,At Risk,72,High risk
CUS-01377,381,3,190.04000000000002,2,2,2,222,Hibernating,65,High risk
CUS-01378,40,2,158.89,5,1,2,512,Potential Loyalists,5,Low risk
CUS-01379,532,1,66.43,1,1,1,111,Hibernating,77,High risk
CUS-01380,66,12,1505.56,4,5,5,455,High-Value Customers,20,Low risk
CUS-01381,75,7,522.89,4,4,4,444,Champions,5,Low risk
CUS-01382,95,11,1158.42,3,5,5,355,High-Value Customers,18,Low risk
CUS-01383,58,3,147.1,4,2,2,422,Potential Loyalists,5,Low risk
CUS-01384,90,1,64.08,3,1,1,311,Potential Loyalists,15,Low risk
CUS-01385,7,2,100.96000000000001,5,1,1,511,Potential Loyalists,5,Low risk
CUS-01386,28,6,492.19000000000005,5,4,4,544,Champions,13,Low risk
CUS-01387,92,3,148.29,3,2,2,322,Potential Loyalists,18,Low risk
CUS-01388,531,2,178.53,1,1,2,112,Hibernating,67,High risk
CUS-01389,529,3,206.03,1,2,2,122,Hibernating,77,High risk
CUS-01390,483,3,209.59,1,2,2,122,Hibernating,77,High risk
CUS-01391,733,4,372.86999999999995,1,3,3,133,At Risk,82,High risk
CUS-01392,344,4,345.49,2,3,3,233,At Risk,72,High risk
CUS-01393,733,5,174.03,1,3,2,132,At Risk,67,High risk
CUS-01394,653,1,70.17,1,1,1,111,Hibernating,77,High risk
CUS-01395,45,4,387.11,5,3,3,533,Potential Loyalists,20,Low risk
CUS-01396,711,3,219.98,1,2,2,122,Hibernating,100,High risk
CUS-01397,221,4,451.86,2,3,4,234,At Risk,54,Medium risk
CUS-01398,167,4,357.52,2,3,3,233,At Risk,44,Medium risk
CUS-01399,32,1,51.64,5,1,1,511,Potential Loyalists,15,Low risk
CUS-01400,72,3,359.0,4,2,3,423,Potential Loyalists,38,Medium risk
CUS-01401,286,2,154.9,2,1,2,212,Hibernating,82,High risk
CUS-01402,39,12,1108.83,5,5,5,555,High-Value Customers,5,Low risk
CUS-01403,480,4,304.46000000000004,1,3,3,133,At Risk,82,High risk
CUS-01404,58,3,217.5,4,2,2,422,Potential Loyalists,5,Low risk
CUS-01405,525,1,49.64,1,1,1,111,Hibernating,77,High risk
CUS-01406,761,1,65.79,1,1,1,111,Hibernating,77,High risk
CUS-01407,307,5,345.46000000000004,2,3,3,233,At Risk,67,High risk
CUS-01408,317,2,78.45,2,1,1,211,Hibernating,82,High risk
CUS-01409,90,6,254.41,3,4,3,343,Loyal Customers,5,Low risk
CUS-01410,48,2,99.19,5,1,1,511,Potential Loyalists,5,Low risk
CUS-01411,45,6,418.65,5,4,4,544,Champions,21,Low risk
CUS-01412,652,1,78.98,1,1,1,111,Hibernating,77,High risk
CUS-01413,32,4,246.17000000000002,5,3,2,532,Potential Loyalists,5,Low risk
CUS-01414,135,4,243.20000000000002,3,3,2,332,Potential Loyalists,30,Low risk
CUS-01415,83,7,700.36,3,4,5,345,High-Value Customers,5,Low risk
CUS-01416,103,5,450.67999999999995,3,3,4,334,Potential Loyalists,28,Low risk
CUS-01417,39,12,735.4,5,5,5,555,High-Value Customers,5,Low risk
CUS-01418,362,3,423.31000000000006,2,2,4,224,Hibernating,67,High risk
CUS-01419,75,8,626.7,4,5,4,454,Champions,13,Low risk
CUS-01420,43,5,685.04,5,3,5,535,Potential Loyalists,5,Low risk
CUS-01421,59,24,2377.12,4,5,5,455,High-Value Customers,13,Low risk
CUS-01422,145,8,602.3,2,5,4,254,At Risk,45,Medium risk
CUS-01423,426,2,222.62,1,1,2,112,Hibernating,67,High risk
CUS-01424,849,2,106.26,1,1,1,111,Hibernating,85,High risk
CUS-01425,108,5,325.96,3,3,3,333,Potential Loyalists,18,Low risk
CUS-01426,643,3,320.72,1,2,3,123,Hibernating,67,High risk
CUS-01427,853,2,150.63,1,1,2,112,Hibernating,92,High risk
CUS-01428,106,6,634.23,3,4,4,344,Loyal Customers,26,Low risk
CUS-01429,623,2,112.03999999999999,1,1,1,111,Hibernating,77,High risk
CUS-01430,197,9,768.3199999999999,2,5,5,255,High-Value Customers,59,Medium risk
CUS-01431,41,5,400.46,5,3,4,534,Potential Loyalists,13,Low risk
CUS-01432,22,17,2219.06,5,5,5,555,High-Value Customers,20,Low risk
CUS-01433,142,9,682.89,2,5,5,255,High-Value Customers,38,Medium risk
CUS-01434,98,8,549.53,3,5,4,354,Discount Seekers,26,Low risk
CUS-01435,30,6,442.72,5,4,4,544,Champions,5,Low risk
CUS-01436,26,1,33.85,5,1,1,511,Potential Loyalists,5,Low risk
CUS-01437,162,2,131.56,2,1,1,211,Hibernating,64,Medium risk
CUS-01438,565,5,194.44000000000003,1,3,2,132,At Risk,75,High risk
CUS-01439,3,3,86.07,5,2,1,521,Potential Loyalists,5,Low risk
CUS-01440,190,6,561.79,2,4,4,244,At Risk,52,Medium risk
CUS-01441,437,2,172.63,1,1,2,112,Hibernating,67,High risk
CUS-01442,269,6,508.57,2,4,4,244,At Risk,57,Medium risk
CUS-01443,502,1,29.83,1,1,1,111,Hibernating,77,High risk
CUS-01444,52,7,891.8,4,4,5,445,High-Value Customers,5,Low risk
CUS-01445,98,5,387.47,3,3,3,333,Potential Loyalists,18,Low risk
CUS-01446,273,4,297.77,2,3,3,233,At Risk,75,High risk
CUS-01447,77,8,623.14,4,5,4,454,Champions,5,Low risk
CUS-01448,32,5,296.53000000000003,5,3,3,533,Potential Loyalists,5,Low risk
CUS-01449,315,2,178.45999999999998,2,1,2,212,Hibernating,82,High risk
CUS-01450,54,1,77.43,4,1,1,411,Potential Loyalists,15,Low risk
CUS-01451,184,2,53.81,2,1,1,211,Hibernating,44,Medium risk
CUS-01452,37,2,193.2,5,1,2,512,Potential Loyalists,30,Low risk
CUS-01453,103,7,691.37,3,4,5,345,High-Value Customers,18,Low risk
CUS-01454,42,9,1193.67,5,5,5,555,High-Value Customers,5,Low risk
CUS-01455,103,3,227.08,3,2,2,322,Discount Seekers,51,Medium risk
CUS-01456,82,3,275.91999999999996,3,2,3,323,Potential Loyalists,15,Low risk
CUS-01457,204,9,1170.77,2,5,5,255,High-Value Customers,44,Medium risk
CUS-01458,32,1,71.09,5,1,1,511,Potential Loyalists,5,Low risk
CUS-01459,65,5,490.98,4,3,4,434,Potential Loyalists,15,Low risk
CUS-01460,53,8,957.8499999999999,4,5,5,455,High-Value Customers,5,Low risk
CUS-01461,32,3,333.83,5,2,3,523,Potential Loyalists,20,Low risk
CUS-01462,108,4,355.65999999999997,3,3,3,333,Potential Loyalists,43,Medium risk
CUS-01463,410,4,224.3,1,3,2,132,At Risk,57,Medium risk
CUS-01464,98,5,293.84000000000003,3,3,3,333,Discount Seekers,26,Low risk
CUS-01465,81,12,1277.41,4,5,5,455,High-Value Customers,13,Low risk
CUS-01466,18,5,541.72,5,3,4,534,Discount Seekers,38,Medium risk
CUS-01467,70,5,468.39,4,3,4,434,Potential Loyalists,13,Low risk
CUS-01468,650,3,253.38,1,2,3,123,Hibernating,75,High risk
CUS-01469,449,4,343.72,1,3,3,133,At Risk,82,High risk
CUS-01470,550,6,394.18,1,4,3,143,At Risk,65,High risk
CUS-01471,340,3,135.49,2,2,2,222,Hibernating,67,High risk
CUS-01472,391,4,349.38,2,3,3,233,At Risk,57,Medium risk
CUS-01473,185,9,1011.5999999999999,2,5,5,255,High-Value Customers,44,Medium risk
CUS-01474,285,3,251.65,2,2,3,223,Hibernating,67,High risk
CUS-01475,387,2,313.21,2,1,3,213,Hibernating,92,High risk
CUS-01476,325,1,34.89,2,1,1,211,Hibernating,85,High risk
CUS-01477,48,5,229.46,5,3,2,532,Potential Loyalists,13,Low risk
CUS-01478,88,9,826.82,3,5,5,355,High-Value Customers,5,Low risk
CUS-01479,24,4,311.4,5,3,3,533,Potential Loyalists,5,Low risk
CUS-01480,20,1,78.09,5,1,1,511,Potential Loyalists,5,Low risk
CUS-01481,105,2,137.31,3,1,2,312,Potential Loyalists,18,Low risk
CUS-01482,165,2,105.5,2,1,1,211,Hibernating,54,Medium risk
CUS-01483,128,11,506.01,3,5,4,354,Loyal Customers,30,Low risk
CUS-01484,34,2,96.39,5,1,1,511,Potential Loyalists,5,Low risk
CUS-01485,91,6,365.8,3,4,3,343,Loyal Customers,18,Low risk
CUS-01486,112,6,479.61,3,4,4,344,Loyal Customers,26,Low risk
CUS-01487,149,6,520.72,2,4,4,244,At Risk,38,Medium risk
CUS-01488,54,9,476.75,4,5,4,454,Champions,5,Low risk
CUS-01489,217,4,319.97,2,3,3,233,At Risk,44,Medium risk
CUS-01490,27,3,332.42,5,2,3,523,Potential Loyalists,5,Low risk
CUS-01491,103,2,119.49000000000001,3,1,1,311,Potential Loyalists,18,Low risk
CUS-01492,937,2,187.93,1,1,2,112,Hibernating,77,High risk
CUS-01493,73,7,707.47,4,4,5,445,High-Value Customers,13,Low risk
CUS-01494,53,9,897.9100000000001,4,5,5,455,High-Value Customers,5,Low risk
CUS-01495,265,2,154.15,2,1,2,212,Hibernating,67,High risk
CUS-01496,100,10,1326.27,3,5,5,355,High-Value Customers,26,Low risk
CUS-01497,167,3,218.14999999999998,2,2,2,222,Hibernating,44,Medium risk
CUS-01498,19,3,137.04000000000002,5,2,2,522,Potential Loyalists,5,Low risk
CUS-01499,25,6,386.95,5,4,3,543,Loyal Customers,5,Low risk
CUS-01500,653,1,66.95,1,1,1,111,Hibernating,85,High risk
CUS-01501,751,3,275.02,1,2,3,123,Hibernating,77,High risk
CUS-01502,678,3,166.12,1,2,2,122,Hibernating,67,High risk
CUS-01503,88,1,84.88,3,1,1,311,Potential Loyalists,5,Low risk
CUS-01504,355,3,550.37,2,2,4,224,Hibernating,67,High risk
CUS-01505,189,6,429.19,2,4,4,244,At Risk,44,Medium risk
CUS-01506,51,9,984.22,4,5,5,455,High-Value Customers,20,Low risk
CUS-01507,43,8,1098.48,5,5,5,555,High-Value Customers,5,Low risk
CUS-01508,461,2,97.4,1,1,1,111,Hibernating,67,High risk
CUS-01509,46,7,776.17,5,4,5,545,High-Value Customers,20,Low risk
CUS-01510,465,4,667.7,1,3,5,135,At Risk,82,High risk
CUS-01511,98,2,78.78,3,1,1,311,Potential Loyalists,18,Low risk
CUS-01512,875,2,86.5,1,1,1,111,Hibernating,77,High risk
CUS-01513,820,1,59.51,1,1,1,111,Hibernating,77,High risk
CUS-01514,14,3,308.46,5,2,3,523,Potential Loyalists,20,Low risk
CUS-01515,307,5,609.05,2,3,4,234,At Risk,65,High risk
CUS-01516,613,2,186.28,1,1,2,112,Hibernating,77,High risk
CUS-01517,87,3,121.97000000000001,3,2,1,321,Potential Loyalists,23,Low risk
CUS-01518,156,7,584.7099999999999,2,4,4,244,At Risk,44,Medium risk
CUS-01519,27,2,177.04,5,1,2,512,Potential Loyalists,23,Low risk
CUS-01520,26,5,341.93,5,3,3,533,Potential Loyalists,5,Low risk
CUS-01521,69,6,339.7,4,4,3,443,Loyal Customers,21,Low risk
CUS-01522,59,14,1905.39,4,5,5,455,High-Value Customers,20,Low risk
CUS-01523,63,6,394.84,4,4,3,443,Loyal Customers,15,Low risk
CUS-01524,3,5,486.42,5,3,4,534,Potential Loyalists,5,Low risk
CUS-01525,13,3,246.88,5,2,2,522,Potential Loyalists,20,Low risk
CUS-01526,65,5,391.33,4,3,3,433,Potential Loyalists,5,Low risk
CUS-01527,177,3,215.29000000000002,2,2,2,222,Hibernating,54,Medium risk
CUS-01528,160,2,147.84,2,1,2,212,Hibernating,44,Medium risk
CUS-01529,125,5,386.58,3,3,3,333,Potential Loyalists,30,Low risk
CUS-01530,464,4,158.21,1,3,2,132,At Risk,57,Medium risk
CUS-01531,37,8,654.85,5,5,4,554,Champions,28,Low risk
CUS-01532,546,5,406.28,1,3,4,134,At Risk,67,High risk
CUS-01533,80,10,1151.17,4,5,5,455,High-Value Customers,13,Low risk
CUS-01534,32,8,438.53999999999996,5,5,4,554,Champions,5,Low risk
CUS-01535,210,4,191.03,2,3,2,232,At Risk,77,High risk
CUS-01536,25,22,2356.88,5,5,5,555,High-Value Customers,5,Low risk
CUS-01537,236,5,357.87,2,3,3,233,At Risk,44,Medium risk
CUS-01538,24,8,573.68,5,5,4,554,Champions,13,Low risk
CUS-01539,61,9,1210.6,4,5,5,455,High-Value Customers,5,Low risk
CUS-01540,246,6,418.16,2,4,4,244,At Risk,57,Medium risk
CUS-01541,516,4,336.63,1,3,3,133,At Risk,67,High risk
CUS-01542,19,3,172.74,5,2,2,522,Potential Loyalists,5,Low risk
CUS-01543,678,1,57.97,1,1,1,111,Hibernating,92,High risk
CUS-01544,77,17,1807.63,4,5,5,455,High-Value Customers,5,Low risk
CUS-01545,96,3,210.38,3,2,2,322,Potential Loyalists,28,Low risk
CUS-01546,586,1,22.98,1,1,1,111,Hibernating,85,High risk
CUS-01547,42,6,612.65,5,4,4,544,Champions,13,Low risk
CUS-01548,342,2,144.62,2,1,2,212,Hibernating,67,High risk
CUS-01549,165,4,186.37,2,3,2,232,At Risk,54,Medium risk
CUS-01550,39,13,963.92,5,5,5,555,High-Value Customers,21,Low risk
CUS-01551,529,1,87.94,1,1,1,111,Hibernating,77,High risk
CUS-01552,144,3,126.61000000000001,2,2,1,221,Hibernating,30,Low risk
CUS-01553,613,2,225.95999999999998,1,1,2,112,Hibernating,92,High risk
CUS-01554,57,5,587.74,4,3,4,434,Potential Loyalists,20,Low risk
CUS-01555,19,5,430.29,5,3,4,534,Potential Loyalists,5,Low risk
CUS-01556,83,9,401.63,3,5,4,354,Loyal Customers,20,Low risk
CUS-01557,147,9,687.24,2,5,5,255,High-Value Customers,38,Medium risk
CUS-01558,701,2,181.85000000000002,1,1,2,112,Hibernating,92,High risk
CUS-01559,45,10,938.4300000000001,5,5,5,555,High-Value Customers,28,Low risk
CUS-01560,99,3,229.76999999999998,3,2,2,322,Discount Seekers,26,Low risk
CUS-01561,22,10,1364.49,5,5,5,555,High-Value Customers,5,Low risk
CUS-01562,103,7,355.09000000000003,3,4,3,343,Loyal Customers,18,Low risk
CUS-01563,22,6,416.63,5,4,4,544,Champions,21,Low risk
CUS-01564,91,3,231.69,3,2,2,322,Potential Loyalists,18,Low risk
CUS-01565,74,1,27.05,4,1,1,411,Potential Loyalists,5,Low risk
CUS-01566,36,2,51.519999999999996,5,1,1,511,Potential Loyalists,5,Low risk
CUS-01567,351,3,160.49,2,2,2,222,Hibernating,82,High risk
CUS-01568,62,2,190.81,4,1,2,412,Potential Loyalists,30,Low risk
CUS-01569,66,3,256.09000000000003,4,2,3,423,Potential Loyalists,20,Low risk
CUS-01570,62,11,1157.17,4,5,5,455,High-Value Customers,5,Low risk
CUS-01571,52,3,119.29,4,2,1,421,Potential Loyalists,5,Low risk
CUS-01572,57,5,551.3,4,3,4,434,Potential Loyalists,13,Low risk
CUS-01573,791,1,60.9,1,1,1,111,Hibernating,77,High risk
CUS-01574,13,3,279.06,5,2,3,523,Potential Loyalists,20,Low risk
CUS-01575,37,2,148.55,5,1,2,512,Potential Loyalists,5,Low risk
CUS-01576,32,2,80.8,5,1,1,511,Potential Loyalists,20,Low risk
CUS-01577,71,7,503.03,4,4,4,444,Champions,13,Low risk
CUS-01578,455,2,129.35,1,1,1,111,Hibernating,67,High risk
CUS-01579,83,7,607.16,3,4,4,344,Loyal Customers,5,Low risk
CUS-01580,516,1,75.92,1,1,1,111,Hibernating,92,High risk
CUS-01581,913,1,67.38,1,1,1,111,Hibernating,77,High risk
CUS-01582,28,3,87.2,5,2,1,521,Potential Loyalists,5,Low risk
CUS-01583,70,3,370.39,4,2,3,423,Discount Seekers,38,Medium risk
CUS-01584,82,4,298.6,3,3,3,333,Potential Loyalists,5,Low risk
CUS-01585,58,5,333.84,4,3,3,433,Discount Seekers,28,Low risk
CUS-01586,483,3,127.63,1,2,1,121,Hibernating,65,High risk
CUS-01587,637,2,93.37,1,1,1,111,Hibernating,77,High risk
CUS-01588,211,5,253.89999999999998,2,3,3,233,At Risk,52,Medium risk
CUS-01589,135,6,698.78,3,4,5,345,High-Value Customers,53,Medium risk
CUS-01590,3,5,389.64,5,3,3,533,Potential Loyalists,5,Low risk
CUS-01591,83,2,326.82,3,1,3,313,Potential Loyalists,20,Low risk
CUS-01592,377,1,60.99,2,1,1,211,Hibernating,77,High risk
CUS-01593,969,1,67.24,1,1,1,111,Hibernating,77,High risk
CUS-01594,32,6,358.88,5,4,3,543,Loyal Customers,13,Low risk
CUS-01595,75,5,326.01,4,3,3,433,Discount Seekers,13,Low risk
CUS-01596,149,2,96.28,2,1,1,211,Hibernating,40,Medium risk
CUS-01597,73,4,311.08,4,3,3,433,Potential Loyalists,5,Low risk
CUS-01598,154,10,877.32,2,5,5,255,High-Value Customers,44,Medium risk
CUS-01599,478,2,97.88999999999999,1,1,1,111,Hibernating,92,High risk
CUS-01600,67,7,643.3,4,4,4,444,Champions,28,Low risk
CUS-01601,245,2,200.9,2,1,2,212,Hibernating,67,High risk
CUS-01602,65,4,407.46,4,3,4,434,Potential Loyalists,20,Low risk
CUS-01603,127,2,202.31,3,1,2,312,Potential Loyalists,40,Medium risk
CUS-01604,37,1,42.22,5,1,1,511,Potential Loyalists,5,Low risk
CUS-01605,469,1,50.58,1,1,1,111,Hibernating,77,High risk
CUS-01606,47,11,1245.21,5,5,5,555,High-Value Customers,35,Medium risk
CUS-01607,119,5,794.62,3,3,5,335,Potential Loyalists,36,Medium risk
CUS-01608,25,2,131.57999999999998,5,1,1,511,Potential Loyalists,5,Low risk
CUS-01609,96,3,235.42000000000002,3,2,2,322,Potential Loyalists,18,Low risk
CUS-01610,367,4,459.09,2,3,4,234,At Risk,67,High risk
CUS-01611,39,1,23.83,5,1,1,511,Potential Loyalists,13,Low risk
CUS-01612,256,3,308.57,2,2,3,223,Hibernating,57,Medium risk
CUS-01613,41,1,117.88,5,1,1,511,Potential Loyalists,5,Low risk
CUS-01614,556,4,294.46,1,3,3,133,At Risk,82,High risk
CUS-01615,57,3,376.04999999999995,4,2,3,423,Potential Loyalists,5,Low risk
CUS-01616,42,5,413.88,5,3,4,534,Potential Loyalists,13,Low risk
CUS-01617,641,2,376.46,1,1,3,113,Hibernating,77,High risk
CUS-01618,570,1,115.28,1,1,1,111,Hibernating,85,High risk
CUS-01619,163,2,54.650000000000006,2,1,1,211,Hibernating,44,Medium risk
CUS-01620,882,3,174.39,1,2,2,122,Hibernating,77,High risk
CUS-01621,34,9,559.1,5,5,4,554,Champions,28,Low risk
CUS-01622,53,9,872.0600000000001,4,5,5,455,High-Value Customers,20,Low risk
CUS-01623,418,5,622.24,1,3,4,134,At Risk,57,Medium risk
CUS-01624,317,3,317.28,2,2,3,223,Hibernating,82,High risk
CUS-01625,331,3,157.12,2,2,2,222,Hibernating,67,High risk
CUS-01626,41,11,539.5,5,5,4,554,Champions,5,Low risk
CUS-01627,368,4,329.21,2,3,3,233,At Risk,67,High risk
CUS-01628,290,5,441.49,2,3,4,234,At Risk,67,High risk
CUS-01629,40,5,296.98,5,3,3,533,Potential Loyalists,5,Low risk
CUS-01630,22,3,137.06,5,2,2,522,Discount Seekers,13,Low risk
CUS-01631,119,4,325.43,3,3,3,333,Potential Loyalists,33,Low risk
CUS-01632,81,4,214.24,4,3,2,432,Discount Seekers,28,Low risk
CUS-01633,102,9,626.87,3,5,4,354,Loyal Customers,18,Low risk
CUS-01634,75,6,366.66,4,4,3,443,Loyal Customers,13,Low risk
CUS-01635,168,6,597.88,2,4,4,244,At Risk,44,Medium risk
CUS-01636,810,2,87.82,1,1,1,111,Hibernating,77,High risk
CUS-01637,70,9,618.14,4,5,4,454,Champions,5,Low risk
CUS-01638,195,1,34.44,2,1,1,211,Hibernating,64,Medium risk
CUS-01639,208,3,219.82,2,2,2,222,Hibernating,62,Medium risk
CUS-01640,668,2,152.03,1,1,2,112,Hibernating,77,High risk
CUS-01641,79,4,395.62,4,3,3,433,Potential Loyalists,5,Low risk
CUS-01642,196,2,182.68,2,1,2,212,Hibernating,69,High risk
CUS-01643,417,1,88.16,1,1,1,111,Hibernating,77,High risk
CUS-01644,310,4,230.87,2,3,2,232,At Risk,72,High risk
CUS-01645,107,2,255.62,3,1,3,313,Potential Loyalists,18,Low risk
CUS-01646,74,6,354.08000000000004,4,4,3,443,Loyal Customers,13,Low risk
CUS-01647,100,7,551.93,3,4,4,344,Loyal Customers,26,Low risk
CUS-01648,78,6,367.69,4,4,3,443,Loyal Customers,5,Low risk
CUS-01649,548,4,303.28,1,3,3,133,At Risk,82,High risk
CUS-01650,58,4,330.38000000000005,4,3,3,433,Potential Loyalists,5,Low risk
CUS-01651,220,7,653.79,2,4,4,244,At Risk,44,Medium risk
CUS-01652,35,11,1377.31,5,5,5,555,High-Value Customers,13,Low risk
CUS-01653,19,7,887.0699999999999,5,4,5,545,High-Value Customers,13,Low risk
CUS-01654,32,13,873.14,5,5,5,555,High-Value Customers,13,Low risk
CUS-01655,128,7,631.58,3,4,4,344,Loyal Customers,30,Low risk
CUS-01656,39,3,353.12,5,2,3,523,Potential Loyalists,5,Low risk
CUS-01657,26,10,928.6,5,5,5,555,High-Value Customers,5,Low risk
CUS-01658,53,13,1107.5,4,5,5,455,High-Value Customers,5,Low risk
CUS-01659,29,2,104.5,5,1,1,511,Potential Loyalists,5,Low risk
CUS-01660,46,3,173.65,5,2,2,522,Potential Loyalists,20,Low risk
CUS-01661,953,1,117.7,1,1,1,111,Hibernating,77,High risk
CUS-01662,92,6,238.5,3,4,2,342,Loyal Customers,18,Low risk
CUS-01663,243,6,257.63,2,4,3,243,At Risk,57,Medium risk
CUS-01664,18,6,472.94,5,4,4,544,Champions,5,Low risk
CUS-01665,777,1,25.47,1,1,1,111,Hibernating,77,High risk
CUS-01666,438,2,82.22,1,1,1,111,Hibernating,67,High risk
CUS-01667,22,4,252.95,5,3,3,533,Potential Loyalists,20,Low risk
CUS-01668,75,4,194.82,4,3,2,432,Potential Loyalists,20,Low risk
CUS-01669,53,5,454.35,4,3,4,434,Potential Loyalists,13,Low risk
CUS-01670,48,7,702.86,5,4,5,545,High-Value Customers,13,Low risk
CUS-01671,60,4,246.59,4,3,2,432,Potential Loyalists,5,Low risk
CUS-01672,49,1,29.22,4,1,1,411,Potential Loyalists,5,Low risk
CUS-01673,88,6,615.01,3,4,4,344,Loyal Customers,5,Low risk
CUS-01674,104,2,136.3,3,1,2,312,Potential Loyalists,18,Low risk
CUS-01675,40,2,157.4,5,1,2,512,Potential Loyalists,5,Low risk
CUS-01676,116,6,453.02,3,4,4,344,Loyal Customers,26,Low risk
CUS-01677,32,3,266.64,5,2,3,523,Potential Loyalists,20,Low risk
CUS-01678,518,2,108.39,1,1,1,111,Hibernating,77,High risk
CUS-01679,45,4,152.32999999999998,5,3,2,532,Potential Loyalists,5,Low risk
CUS-01680,76,16,1893.15,4,5,5,455,High-Value Customers,5,Low risk
CUS-01681,111,3,210.02,3,2,2,322,Discount Seekers,48,Medium risk
CUS-01682,273,1,119.39,2,1,1,211,Hibernating,77,High risk
CUS-01683,918,2,97.65,1,1,1,111,Hibernating,77,High risk
CUS-01684,116,8,630.25,3,5,4,354,Loyal Customers,33,Low risk
CUS-01685,552,4,355.64,1,3,3,133,At Risk,90,High risk
CUS-01686,100,5,346.81,3,3,3,333,Potential Loyalists,28,Low risk
CUS-01687,159,8,616.55,2,5,4,254,At Risk,44,Medium risk
CUS-01688,31,3,185.99,5,2,2,522,Potential Loyalists,5,Low risk
CUS-01689,109,13,839.45,3,5,5,355,High-Value Customers,18,Low risk
CUS-01690,73,7,554.0999999999999,4,4,4,444,Champions,20,Low risk
CUS-01691,767,1,27.83,1,1,1,111,Hibernating,92,High risk
CUS-01692,57,10,875.6800000000001,4,5,5,455,High-Value Customers,13,Low risk
CUS-01693,107,10,1027.46,3,5,5,355,High-Value Customers,26,Low risk
CUS-01694,42,10,673.04,5,5,5,555,High-Value Customers,13,Low risk
CUS-01695,665,2,211.45000000000002,1,1,2,112,Hibernating,77,High risk
CUS-01696,55,7,784.9,4,4,5,445,High-Value Customers,20,Low risk
CUS-01697,421,5,550.68,1,3,4,134,At Risk,75,High risk
CUS-01698,404,2,109.96000000000001,1,1,1,111,Hibernating,77,High risk
CUS-01699,49,4,209.54,4,3,2,432,Potential Loyalists,5,Low risk
CUS-01700,809,2,180.63,1,1,2,112,Hibernating,92,High risk
CUS-01701,248,2,119.12,2,1,1,211,Hibernating,67,High risk
CUS-01702,138,3,213.18,2,2,2,222,Hibernating,55,Medium risk
CUS-01703,77,9,819.99,4,5,5,455,High-Value Customers,20,Low risk
CUS-01704,166,8,709.96,2,5,5,255,High-Value Customers,44,Medium risk
CUS-01705,90,3,164.60999999999999,3,2,2,322,Potential Loyalists,15,Low risk
CUS-01706,82,2,108.35,3,1,1,311,Potential Loyalists,20,Low risk
CUS-01707,353,3,150.09,2,2,2,222,Hibernating,57,Medium risk
CUS-01708,120,4,361.09000000000003,3,3,3,333,Discount Seekers,41,Medium risk
CUS-01709,26,12,1218.3,5,5,5,555,High-Value Customers,13,Low risk
CUS-01710,25,10,773.4,5,5,5,555,High-Value Customers,5,Low risk
CUS-01711,610,2,164.7,1,1,2,112,Hibernating,85,High risk
CUS-01712,65,2,177.55,4,1,2,412,Potential Loyalists,13,Low risk
CUS-01713,224,3,168.45,2,2,2,222,Hibernating,44,Medium risk
CUS-01714,854,1,69.41,1,1,1,111,Hibernating,92,High risk
CUS-01715,152,2,140.38,2,1,2,212,Hibernating,54,Medium risk
CUS-01716,292,10,1038.12,2,5,5,255,High-Value Customers,57,Medium risk
CUS-01717,140,1,92.84,2,1,1,211,Hibernating,30,Low risk
CUS-01718,150,7,721.28,2,4,5,245,High-Value Customers,30,Low risk
CUS-01719,45,3,273.37,5,2,3,523,Potential Loyalists,15,Low risk
CUS-01720,170,10,968.98,2,5,5,255,High-Value Customers,44,Medium risk
CUS-01721,42,10,826.4,5,5,5,555,High-Value Customers,5,Low risk
CUS-01722,426,2,169.82,1,1,2,112,Hibernating,92,High risk
CUS-01723,97,4,349.47,3,3,3,333,Potential Loyalists,18,Low risk
CUS-01724,65,6,733.95,4,4,5,445,High-Value Customers,5,Low risk
CUS-01725,558,2,116.1,1,1,1,111,Hibernating,92,High risk
CUS-01726,746,1,50.45,1,1,1,111,Hibernating,77,High risk
CUS-01727,47,3,243.23,5,2,2,522,Potential Loyalists,5,Low risk
CUS-01728,133,4,181.72,3,3,2,332,Potential Loyalists,55,Medium risk
CUS-01729,89,4,315.53000000000003,3,3,3,333,Potential Loyalists,5,Low risk
CUS-01730,111,5,299.0,3,3,3,333,Discount Seekers,26,Low risk
CUS-01731,23,6,828.96,5,4,5,545,High-Value Customers,15,Low risk
CUS-01732,754,2,38.89,1,1,1,111,Hibernating,92,High risk
CUS-01733,197,2,201.60000000000002,2,1,2,212,Hibernating,69,High risk
CUS-01734,113,2,79.71000000000001,3,1,1,311,Discount Seekers,43,Medium risk
CUS-01735,18,5,244.41,5,3,2,532,Potential Loyalists,5,Low risk
CUS-01736,704,4,323.24,1,3,3,133,At Risk,82,High risk
CUS-01737,130,4,253.17,3,3,3,333,Potential Loyalists,45,Medium risk
CUS-01738,291,4,460.2,2,3,4,234,At Risk,57,Medium risk
CUS-01739,752,2,203.45999999999998,1,1,2,112,Hibernating,77,High risk
CUS-01740,71,7,760.52,4,4,5,445,High-Value Customers,5,Low risk
CUS-01741,58,1,27.81,4,1,1,411,Potential Loyalists,5,Low risk
CUS-01742,80,9,703.1,4,5,5,455,High-Value Customers,5,Low risk
CUS-01743,262,4,228.87,2,3,2,232,At Risk,57,Medium risk
CUS-01744,116,11,712.93,3,5,5,355,High-Value Customers,18,Low risk
CUS-01745,51,7,713.19,4,4,5,445,High-Value Customers,5,Low risk
CUS-01746,124,4,364.82,3,3,3,333,Potential Loyalists,45,Medium risk
CUS-01747,592,2,94.38999999999999,1,1,1,111,Hibernating,100,High risk
CUS-01748,76,5,547.96,4,3,4,434,Potential Loyalists,13,Low risk
CUS-01749,178,3,269.79,2,2,3,223,Hibernating,54,Medium risk
CUS-01750,61,16,1828.58,4,5,5,455,High-Value Customers,13,Low risk
CUS-01751,31,6,419.45,5,4,4,544,Champions,21,Low risk
CUS-01752,205,3,238.64999999999998,2,2,2,222,Hibernating,44,Medium risk
CUS-01753,45,12,1434.01,5,5,5,555,High-Value Customers,13,Low risk
CUS-01754,127,5,722.92,3,3,5,335,Potential Loyalists,48,Medium risk
CUS-01755,54,1,22.28,4,1,1,411,Potential Loyalists,5,Low risk
CUS-01756,73,4,422.34,4,3,4,434,Potential Loyalists,20,Low risk
CUS-01757,551,2,125.14,1,1,1,111,Hibernating,77,High risk
CUS-01758,46,2,84.99000000000001,5,1,1,511,Potential Loyalists,5,Low risk
CUS-01759,90,1,45.08,3,1,1,311,Potential Loyalists,15,Low risk
CUS-01760,181,3,192.47,2,2,2,222,Hibernating,69,High risk
CUS-01761,523,1,89.58,1,1,1,111,Hibernating,77,High risk
CUS-01762,39,8,630.63,5,5,4,554,Champions,5,Low risk
CUS-01763,57,11,1374.18,4,5,5,455,High-Value Customers,5,Low risk
CUS-01764,44,9,935.83,5,5,5,555,High-Value Customers,5,Low risk
CUS-01765,705,1,131.7,1,1,1,111,Hibernating,92,High risk
CUS-01766,37,1,36.41,5,1,1,511,Potential Loyalists,5,Low risk
CUS-01767,158,3,174.34,2,2,2,222,Hibernating,79,High risk
CUS-01768,427,4,116.77,1,3,1,131,At Risk,80,High risk
CUS-01769,666,1,28.76,1,1,1,111,Hibernating,77,High risk
CUS-01770,100,9,672.26,3,5,5,355,High-Value Customers,18,Low risk
CUS-01771,91,3,242.91,3,2,2,322,Potential Loyalists,33,Low risk
CUS-01772,38,8,462.17,5,5,4,554,Champions,5,Low risk
CUS-01773,735,2,200.76,1,1,2,112,Hibernating,77,High risk
CUS-01774,317,4,402.02,2,3,4,234,At Risk,72,High risk
CUS-01775,314,5,286.23,2,3,3,233,At Risk,65,High risk
CUS-01776,307,1,102.85,2,1,1,211,Hibernating,77,High risk
CUS-01777,263,7,670.7,2,4,5,245,High-Value Customers,57,Medium risk
CUS-01778,257,3,179.11,2,2,2,222,Hibernating,57,Medium risk
CUS-01779,5,4,427.89,5,3,4,534,Potential Loyalists,5,Low risk
CUS-01780,428,1,151.19,1,1,2,112,Hibernating,92,High risk
CUS-01781,200,1,70.47,2,1,1,211,Hibernating,62,Medium risk
CUS-01782,15,3,308.93,5,2,3,523,Potential Loyalists,5,Low risk
CUS-01783,91,10,1047.25,3,5,5,355,High-Value Customers,18,Low risk
CUS-01784,40,6,325.3,5,4,3,543,Loyal Customers,5,Low risk
CUS-01785,638,3,154.01999999999998,1,2,2,122,Hibernating,67,High risk
CUS-01786,124,3,420.8,3,2,4,324,Potential Loyalists,40,Medium risk
CUS-01787,107,11,1290.35,3,5,5,355,High-Value Customers,18,Low risk
CUS-01788,548,1,87.35,1,1,1,111,Hibernating,77,High risk
CUS-01789,257,3,258.92,2,2,3,223,Hibernating,67,High risk
CUS-01790,120,3,144.71,3,2,2,322,Potential Loyalists,18,Low risk
CUS-01791,7,4,351.96,5,3,3,533,Potential Loyalists,5,Low risk
CUS-01792,629,2,287.89,1,1,3,113,Hibernating,77,High risk
CUS-01793,333,6,178.19,2,4,2,242,At Risk,65,High risk
CUS-01794,594,2,183.92000000000002,1,1,2,112,Hibernating,77,High risk
CUS-01795,129,8,382.59,3,5,3,353,Discount Seekers,45,Medium risk
CUS-01796,354,7,728.15,2,4,5,245,High-Value Customers,65,High risk
CUS-01797,51,2,162.39999999999998,4,1,2,412,Potential Loyalists,5,Low risk
CUS-01798,742,1,130.4,1,1,1,111,Hibernating,77,High risk
CUS-01799,51,2,55.91,4,1,1,411,Potential Loyalists,5,Low risk
CUS-01800,769,2,174.53,1,1,2,112,Hibernating,77,High risk
CUS-01801,104,3,382.18,3,2,3,323,Potential Loyalists,33,Low risk
CUS-01802,105,2,54.21000000000001,3,1,1,311,Potential Loyalists,28,Low risk
CUS-01803,183,3,97.11,2,2,1,221,Hibernating,64,Medium risk
CUS-01804,237,2,87.04,2,1,1,211,Hibernating,54,Medium risk
CUS-01805,40,11,970.95,5,5,5,555,High-Value Customers,20,Low risk
CUS-01806,59,4,208.48,4,3,2,432,Potential Loyalists,5,Low risk
CUS-01807,98,1,52.71,3,1,1,311,Potential Loyalists,18,Low risk
CUS-01808,58,7,466.32,4,4,4,444,Champions,13,Low risk
CUS-01809,83,5,483.45,3,3,4,334,Potential Loyalists,13,Low risk
CUS-01810,511,4,182.12,1,3,2,132,At Risk,72,High risk
CUS-01811,47,3,94.66999999999999,5,2,1,521,Potential Loyalists,5,Low risk
CUS-01812,77,3,249.76999999999998,4,2,3,423,Potential Loyalists,25,Low risk
CUS-01813,69,8,946.66,4,5,5,455,High-Value Customers,5,Low risk
CUS-01814,155,2,154.79,2,1,2,212,Hibernating,79,High risk
CUS-01815,51,6,386.53,4,4,3,443,Loyal Customers,5,Low risk
CUS-01816,91,3,236.96,3,2,2,322,Potential Loyalists,18,Low risk
CUS-01817,437,1,16.71,1,1,1,111,Hibernating,77,High risk
CUS-01818,49,1,28.22,4,1,1,411,Potential Loyalists,5,Low risk
CUS-01819,72,10,832.69,4,5,5,455,High-Value Customers,5,Low risk
CUS-01820,126,9,1019.76,3,5,5,355,High-Value Customers,45,Medium risk
CUS-01821,104,7,927.16,3,4,5,345,High-Value Customers,26,Low risk
CUS-01822,42,2,129.6,5,1,1,511,Potential Loyalists,20,Low risk
CUS-01823,90,14,1318.72,3,5,5,355,High-Value Customers,5,Low risk
CUS-01824,24,3,132.08,5,2,1,521,Potential Loyalists,20,Low risk
CUS-01825,103,5,368.11,3,3,3,333,Potential Loyalists,26,Low risk
CUS-01826,14,18,2890.34,5,5,5,555,High-Value Customers,13,Low risk
CUS-01827,75,5,270.24,4,3,3,433,Potential Loyalists,21,Low risk
CUS-01828,237,7,318.26,2,4,3,243,At Risk,44,Medium risk
CUS-01829,67,8,549.7,4,5,4,454,Champions,20,Low risk
CUS-01830,134,7,619.31,3,4,4,344,Loyal Customers,38,Medium risk
CUS-01831,85,15,2064.35,3,5,5,355,High-Value Customers,5,Low risk
CUS-01832,303,6,649.09,2,4,4,244,At Risk,57,Medium risk
CUS-01833,667,3,225.66000000000003,1,2,2,122,Hibernating,77,High risk
CUS-01834,66,13,1243.12,4,5,5,455,High-Value Customers,20,Low risk
CUS-01835,72,10,1395.7,4,5,5,455,High-Value Customers,5,Low risk
CUS-01836,70,6,614.7,4,4,4,444,Champions,5,Low risk
CUS-01837,10,12,1136.28,5,5,5,555,High-Value Customers,5,Low risk
CUS-01838,305,2,192.41,2,1,2,212,Hibernating,67,High risk
CUS-01839,57,3,279.81,4,2,3,423,Potential Loyalists,5,Low risk
CUS-01840,287,3,131.61,2,2,1,221,Hibernating,82,High risk
CUS-01841,80,5,327.99,4,3,3,433,Potential Loyalists,13,Low risk
CUS-01842,35,5,408.2,5,3,4,534,Potential Loyalists,23,Low risk
CUS-01843,57,4,502.09000000000003,4,3,4,434,Potential Loyalists,20,Low risk
CUS-01844,131,2,50.800000000000004,3,1,1,311,Potential Loyalists,40,Medium risk
CUS-01845,722,2,253.51000000000002,1,1,3,113,Hibernating,77,High risk
CUS-01846,97,1,107.13,3,1,1,311,Potential Loyalists,38,Medium risk
CUS-01847,81,18,1374.53,4,5,5,455,High-Value Customers,5,Low risk
CUS-01848,91,3,259.15,3,2,3,323,Potential Loyalists,53,Medium risk
CUS-01849,43,4,284.38,5,3,3,533,Potential Loyalists,20,Low risk
CUS-01850,461,2,177.82,1,1,2,112,Hibernating,67,High risk
CUS-01851,84,12,790.88,3,5,5,355,High-Value Customers,5,Low risk
CUS-01852,58,4,403.13,4,3,4,434,Potential Loyalists,20,Low risk
CUS-01853,705,1,45.26,1,1,1,111,Hibernating,92,High risk
CUS-01854,61,3,223.59,4,2,2,422,Potential Loyalists,5,Low risk
CUS-01855,172,6,652.67,2,4,4,244,At Risk,52,Medium risk
CUS-01856,218,7,711.34,2,4,5,245,High-Value Customers,52,Medium risk
CUS-01857,76,8,461.85,4,5,4,454,Champions,28,Low risk
CUS-01858,105,8,811.02,3,5,5,355,High-Value Customers,33,Low risk
CUS-01859,306,3,298.32,2,2,3,223,Hibernating,77,High risk
CUS-01860,76,11,899.74,4,5,5,455,High-Value Customers,13,Low risk
CUS-01861,83,6,464.55,3,4,4,344,Loyal Customers,20,Low risk
CUS-01862,77,5,391.01,4,3,3,433,Potential Loyalists,5,Low risk
CUS-01863,952,1,116.09,1,1,1,111,Hibernating,85,High risk
CUS-01864,78,7,617.2,4,4,4,444,Champions,20,Low risk
CUS-01865,243,4,513.25,2,3,4,234,At Risk,57,Medium risk
CUS-01866,575,4,309.25,1,3,3,133,At Risk,67,High risk
CUS-01867,268,3,400.13,2,2,4,224,Hibernating,82,High risk
CUS-01868,346,2,122.86,2,1,1,211,Hibernating,67,High risk
CUS-01869,393,3,271.93,2,2,3,223,Hibernating,82,High risk
CUS-01870,403,1,156.19,1,1,2,112,Hibernating,77,High risk
CUS-01871,128,2,56.66,3,1,1,311,Potential Loyalists,40,Medium risk
CUS-01872,20,4,216.15,5,3,2,532,Potential Loyalists,5,Low risk
CUS-01873,77,5,322.01,4,3,3,433,Discount Seekers,28,Low risk
CUS-01874,453,4,301.11,1,3,3,133,At Risk,67,High risk
CUS-01875,19,2,60.33,5,1,1,511,Potential Loyalists,5,Low risk
CUS-01876,142,2,111.66,2,1,1,211,Hibernating,40,Medium risk
CUS-01877,90,7,620.36,3,4,4,344,Loyal Customers,5,Low risk
CUS-01878,172,5,373.45,2,3,3,233,At Risk,44,Medium risk
CUS-01879,92,9,1184.01,3,5,5,355,High-Value Customers,18,Low risk
CUS-01880,105,8,880.17,3,5,5,355,High-Value Customers,18,Low risk
CUS-01881,102,4,207.89999999999998,3,3,2,332,Potential Loyalists,28,Low risk
CUS-01882,792,3,151.3,1,2,2,122,Hibernating,85,High risk
CUS-01883,84,7,559.3199999999999,3,4,4,344,Loyal Customers,5,Low risk
CUS-01884,115,6,499.93,3,4,4,344,Loyal Customers,18,Low risk
CUS-01885,130,6,746.52,3,4,5,345,High-Value Customers,30,Low risk
CUS-01886,120,6,513.28,3,4,4,344,Loyal Customers,18,Low risk
CUS-01887,688,3,392.32,1,2,3,123,Hibernating,85,High risk
CUS-01888,173,11,1012.98,2,5,5,255,High-Value Customers,59,Medium risk
CUS-01889,18,9,469.98,5,5,4,554,Champions,13,Low risk
CUS-01890,105,4,324.7,3,3,3,333,Potential Loyalists,33,Low risk
CUS-01891,571,3,197.48000000000002,1,2,2,122,Hibernating,67,High risk
CUS-01892,164,9,794.39,2,5,5,255,High-Value Customers,44,Medium risk
CUS-01893,69,3,134.44,4,2,2,422,Discount Seekers,23,Low risk
CUS-01894,39,2,53.01,5,1,1,511,Potential Loyalists,5,Low risk
CUS-01895,128,4,197.95,3,3,2,332,Potential Loyalists,45,Medium risk
CUS-01896,56,11,555.38,4,5,4,454,Champions,5,Low risk
CUS-01897,65,8,641.0799999999999,4,5,4,454,Champions,5,Low risk
CUS-01898,81,6,382.65,4,4,3,443,Loyal Customers,20,Low risk
CUS-01899,95,8,587.64,3,5,4,354,Discount Seekers,26,Low risk
CUS-01900,373,1,49.59,2,1,1,211,Hibernating,85,High risk
CUS-01901,32,7,491.91,5,4,4,544,Champions,5,Low risk
CUS-01902,43,6,482.08000000000004,5,4,4,544,Champions,5,Low risk
CUS-01903,538,2,85.75999999999999,1,1,1,111,Hibernating,77,High risk
CUS-01904,64,7,482.14,4,4,4,444,Champions,5,Low risk
CUS-01905,17,2,85.00999999999999,5,1,1,511,Potential Loyalists,5,Low risk
CUS-01906,110,1,63.61,3,1,1,311,Potential Loyalists,28,Low risk
CUS-01907,92,7,397.21,3,4,3,343,Loyal Customers,26,Low risk
CUS-01908,56,3,616.22,4,2,4,424,Potential Loyalists,20,Low risk
CUS-01909,94,7,397.07,3,4,3,343,Loyal Customers,33,Low risk
CUS-01910,33,3,135.2,5,2,2,522,Potential Loyalists,5,Low risk
CUS-01911,284,4,494.76,2,3,4,234,At Risk,57,Medium risk
CUS-01912,169,2,236.34,2,1,2,212,Hibernating,69,High risk
CUS-01913,86,5,463.24,3,3,4,334,Discount Seekers,28,Low risk
CUS-01914,42,4,306.97,5,3,3,533,Potential Loyalists,5,Low risk
CUS-01915,354,2,59.07,2,1,1,211,Hibernating,67,High risk
CUS-01916,674,2,168.14,1,1,2,112,Hibernating,85,High risk
CUS-01917,595,2,156.49,1,1,2,112,Hibernating,77,High risk
CUS-01918,554,1,55.57,1,1,1,111,Hibernating,77,High risk
CUS-01919,91,9,701.18,3,5,5,355,High-Value Customers,41,Medium risk
CUS-01920,431,9,726.41,1,5,5,155,High-Value Customers,57,Medium risk
CUS-01921,246,3,313.65999999999997,2,2,3,223,Hibernating,67,High risk
CUS-01922,88,8,872.45,3,5,5,355,High-Value Customers,5,Low risk
CUS-01923,634,4,246.32999999999998,1,3,2,132,At Risk,67,High risk
CUS-01924,120,7,654.98,3,4,4,344,Loyal Customers,26,Low risk
CUS-01925,91,4,486.69,3,3,4,334,Potential Loyalists,18,Low risk
CUS-01926,146,14,1680.84,2,5,5,255,High-Value Customers,30,Low risk
CUS-01927,31,1,25.42,5,1,1,511,Potential Loyalists,5,Low risk
CUS-01928,99,11,1112.83,3,5,5,355,High-Value Customers,18,Low risk
CUS-01929,743,1,55.36,1,1,1,111,Hibernating,77,High risk
CUS-01930,357,2,73.93,2,1,1,211,Hibernating,67,High risk
CUS-01931,1026,1,21.13,1,1,1,111,Hibernating,77,High risk
CUS-01932,240,6,511.96,2,4,4,244,At Risk,44,Medium risk
CUS-01933,23,4,260.52,5,3,3,533,Potential Loyalists,5,Low risk
CUS-01934,32,1,20.86,5,1,1,511,Potential Loyalists,5,Low risk
CUS-01935,60,2,225.26,4,1,2,412,Potential Loyalists,5,Low risk
CUS-01936,441,4,353.32,1,3,3,133,At Risk,67,High risk
CUS-01937,194,2,235.89,2,1,2,212,Hibernating,69,High risk
CUS-01938,118,7,696.99,3,4,5,345,High-Value Customers,26,Low risk
CUS-01939,151,7,573.48,2,4,4,244,At Risk,44,Medium risk
CUS-01940,559,2,98.36,1,1,1,111,Hibernating,85,High risk
CUS-01941,783,2,118.58,1,1,1,111,Hibernating,92,High risk
CUS-01942,44,8,616.0600000000001,5,5,4,554,Champions,20,Low risk
CUS-01943,672,2,134.33999999999997,1,1,2,112,Hibernating,92,High risk
CUS-01944,47,11,1716.88,5,5,5,555,High-Value Customers,13,Low risk
CUS-01945,633,2,118.01,1,1,1,111,Hibernating,85,High risk
CUS-01946,461,3,224.99,1,2,2,122,Hibernating,82,High risk
CUS-01947,39,4,298.32,5,3,3,533,Potential Loyalists,30,Low risk
CUS-01948,30,9,547.9300000000001,5,5,4,554,Champions,5,Low risk
CUS-01949,429,2,78.88,1,1,1,111,Hibernating,82,High risk
CUS-01950,159,4,173.32,2,3,2,232,At Risk,54,Medium risk
CUS-01951,94,8,297.53,3,5,3,353,Discount Seekers,33,Low risk
CUS-01952,730,2,201.36,1,1,2,112,Hibernating,77,High risk
CUS-01953,630,1,68.86,1,1,1,111,Hibernating,92,High risk
CUS-01954,154,3,173.79000000000002,2,2,2,222,Hibernating,59,Medium risk
CUS-01955,269,9,749.25,2,5,5,255,High-Value Customers,57,Medium risk
CUS-01956,37,3,135.14,5,2,2,522,Discount Seekers,13,Low risk
CUS-01957,114,6,787.88,3,4,5,345,High-Value Customers,18,Low risk
CUS-01958,57,3,231.96,4,2,2,422,Potential Loyalists,5,Low risk
CUS-01959,208,6,400.11,2,4,4,244,At Risk,59,Medium risk
CUS-01960,119,2,84.99,3,1,1,311,Potential Loyalists,38,Medium risk
CUS-01961,614,2,64.0,1,1,1,111,Hibernating,77,High risk
CUS-01962,64,3,142.75,4,2,2,422,Potential Loyalists,5,Low risk
CUS-01963,35,1,113.53,5,1,1,511,Potential Loyalists,5,Low risk
CUS-01964,135,7,455.35,3,4,4,344,Loyal Customers,38,Medium risk
CUS-01965,86,5,503.44,3,3,4,334,Potential Loyalists,5,Low risk
CUS-01966,33,9,958.3299999999999,5,5,5,555,High-Value Customers,20,Low risk
CUS-01967,71,6,326.68,4,4,3,443,Discount Seekers,28,Low risk
CUS-01968,611,7,571.12,1,4,4,144,At Risk,65,High risk
CUS-01969,240,5,464.67999999999995,2,3,4,234,At Risk,44,Medium risk
CUS-01970,795,2,121.03,1,1,1,111,Hibernating,77,High risk
CUS-01971,37,8,462.23,5,5,4,554,Champions,5,Low risk
CUS-01972,41,9,1172.05,5,5,5,555,High-Value Customers,5,Low risk
CUS-01973,40,12,856.96,5,5,5,555,High-Value Customers,5,Low risk
CUS-01974,105,15,1879.05,3,5,5,355,High-Value Customers,33,Low risk
CUS-01975,319,4,478.36,2,3,4,234,At Risk,82,High risk
CUS-01976,582,3,167.28,1,2,2,122,Hibernating,82,High risk
CUS-01977,74,8,994.97,4,5,5,455,High-Value Customers,5,Low risk
CUS-01978,263,5,333.16,2,3,3,233,At Risk,65,High risk
CUS-01979,355,4,195.12,2,3,2,232,At Risk,72,High risk
CUS-01980,109,4,398.17999999999995,3,3,3,333,Potential Loyalists,33,Low risk
CUS-01981,59,5,251.19,4,3,3,433,Discount Seekers,21,Low risk
CUS-01982,748,2,116.72,1,1,1,111,Hibernating,77,High risk
CUS-01983,20,9,615.36,5,5,4,554,Champions,5,Low risk
CUS-01984,732,2,146.35,1,1,2,112,Hibernating,77,High risk
CUS-01985,99,5,269.65000000000003,3,3,3,333,Potential Loyalists,26,Low risk
CUS-01986,25,3,102.08,5,2,1,521,Potential Loyalists,5,Low risk
CUS-01987,356,5,435.9,2,3,4,234,At Risk,65,High risk
CUS-01988,57,7,483.5,4,4,4,444,Champions,20,Low risk
CUS-01989,112,14,1111.99,3,5,5,355,High-Value Customers,18,Low risk
CUS-01990,31,5,457.6,5,3,4,534,Potential Loyalists,31,Low risk
CUS-01991,71,4,406.35,4,3,4,434,Potential Loyalists,5,Low risk
CUS-01992,451,2,140.79,1,1,2,112,Hibernating,77,High risk
CUS-01993,612,1,49.38,1,1,1,111,Hibernating,77,High risk
CUS-01994,674,4,275.74,1,3,3,133,At Risk,82,High risk
CUS-01995,28,2,73.77,5,1,1,511,Potential Loyalists,5,Low risk
CUS-01996,378,10,1294.3999999999999,2,5,5,255,High-Value Customers,57,Medium risk
CUS-01997,233,5,561.43,2,3,4,234,At Risk,69,High risk
CUS-01998,74,10,541.35,4,5,4,454,Champions,5,Low risk
CUS-01999,165,6,450.01,2,4,4,244,At Risk,52,Medium risk
CUS-02000,436,7,518.01,1,4,4,144,At Risk,57,Medium risk
CUS-02001,98,1,56.64,3,1,1,311,Potential Loyalists,28,Low risk
CUS-02002,90,6,437.64,3,4,4,344,Loyal Customers,30,Low risk
CUS-02003,54,7,482.04,4,4,4,444,Champions,21,Low risk
CUS-02004,78,15,1162.69,4,5,5,455,High-Value Customers,5,Low risk
CUS-02005,8,3,210.49,5,2,2,522,Potential Loyalists,20,Low risk
CUS-02006,63,4,224.14,4,3,2,432,Potential Loyalists,5,Low risk
CUS-02007,109,5,707.06,3,3,5,335,Potential Loyalists,26,Low risk
CUS-02008,646,2,124.36,1,1,1,111,Hibernating,85,High risk
CUS-02009,8,6,231.61,5,4,2,542,Loyal Customers,5,Low risk
CUS-02010,85,25,2820.83,3,5,5,355,High-Value Customers,5,Low risk
CUS-02011,246,6,480.13,2,4,4,244,At Risk,57,Medium risk
CUS-02012,404,3,210.17000000000002,1,2,2,122,Hibernating,57,Medium risk
CUS-02013,693,2,222.48999999999998,1,1,2,112,Hibernating,77,High risk
CUS-02014,74,7,569.44,4,4,4,444,Champions,28,Low risk
CUS-02015,242,6,378.08000000000004,2,4,3,243,At Risk,65,High risk
CUS-02016,76,4,212.60000000000002,4,3,2,432,Potential Loyalists,20,Low risk
CUS-02017,544,2,272.27,1,1,3,113,Hibernating,77,High risk
CUS-02018,546,2,215.35000000000002,1,1,2,112,Hibernating,92,High risk
CUS-02019,76,7,629.9399999999999,4,4,4,444,Champions,5,Low risk
CUS-02020,149,4,204.14999999999998,2,3,2,232,At Risk,55,Medium risk
CUS-02021,106,10,822.63,3,5,5,355,High-Value Customers,18,Low risk
CUS-02022,503,1,170.56,1,1,2,112,Hibernating,77,High risk
CUS-02023,470,1,127.97,1,1,1,111,Hibernating,77,High risk
CUS-02024,399,3,102.22,1,2,1,121,Hibernating,65,High risk
CUS-02025,45,7,336.52,5,4,3,543,Loyal Customers,5,Low risk
CUS-02026,135,3,258.62,3,2,3,323,Potential Loyalists,50,Medium risk
CUS-02027,47,4,356.31,5,3,3,533,Potential Loyalists,5,Low risk
CUS-02028,57,2,198.54,4,1,2,412,Potential Loyalists,5,Low risk
CUS-02029,96,6,354.24,3,4,3,343,Discount Seekers,34,Low risk
CUS-02030,54,4,487.94,4,3,4,434,Potential Loyalists,38,Medium risk
CUS-02031,38,7,449.61,5,4,4,544,Champions,13,Low risk
CUS-02032,44,7,412.38,5,4,4,544,Champions,21,Low risk
CUS-02033,55,5,523.91,4,3,4,434,Potential Loyalists,5,Low risk
CUS-02034,62,1,25.33,4,1,1,411,Potential Loyalists,5,Low risk
CUS-02035,60,8,716.83,4,5,5,455,High-Value Customers,5,Low risk
CUS-02036,59,8,812.35,4,5,5,455,High-Value Customers,5,Low risk
CUS-02037,252,4,215.94,2,3,2,232,At Risk,67,High risk
CUS-02038,89,6,279.68,3,4,3,343,Loyal Customers,5,Low risk
CUS-02039,58,8,690.42,4,5,5,455,High-Value Customers,5,Low risk
CUS-02040,65,8,956.48,4,5,5,455,High-Value Customers,5,Low risk
CUS-02041,31,9,610.87,5,5,4,554,Champions,20,Low risk
CUS-02042,105,11,1054.51,3,5,5,355,High-Value Customers,18,Low risk
CUS-02043,398,1,289.86,2,1,3,213,Hibernating,77,High risk
CUS-02044,811,2,99.76,1,1,1,111,Hibernating,92,High risk
CUS-02045,545,1,78.51,1,1,1,111,Hibernating,77,High risk
CUS-02046,176,4,261.39,2,3,3,233,At Risk,44,Medium risk
CUS-02047,917,2,217.54,1,1,2,112,Hibernating,77,High risk
CUS-02048,128,12,1184.21,3,5,5,355,High-Value Customers,30,Low risk
CUS-02049,56,9,615.81,4,5,4,454,Champions,28,Low risk
CUS-02050,185,5,525.5699999999999,2,3,4,234,At Risk,44,Medium risk
CUS-02051,143,2,106.68,2,1,1,211,Hibernating,40,Medium risk
CUS-02052,517,4,265.75,1,3,3,133,At Risk,57,Medium risk
CUS-02053,486,3,210.07999999999998,1,2,2,122,Hibernating,82,High risk
CUS-02054,19,3,220.66,5,2,2,522,Potential Loyalists,5,Low risk
CUS-02055,468,4,263.41,1,3,3,133,At Risk,57,Medium risk
CUS-02056,49,4,265.1,4,3,3,433,Potential Loyalists,5,Low risk
CUS-02057,637,5,416.07,1,3,4,134,At Risk,67,High risk
CUS-02058,178,2,110.35,2,1,1,211,Hibernating,54,Medium risk
CUS-02059,13,5,236.24,5,3,2,532,Potential Loyalists,13,Low risk
CUS-02060,75,9,802.74,4,5,5,455,High-Value Customers,5,Low risk
CUS-02061,94,9,644.02,3,5,4,354,Loyal Customers,18,Low risk
CUS-02062,103,2,88.84,3,1,1,311,Potential Loyalists,38,Medium risk
CUS-02063,14,2,204.89,5,1,2,512,Potential Loyalists,5,Low risk
CUS-02064,135,6,405.15999999999997,3,4,4,344,Loyal Customers,38,Medium risk
CUS-02065,43,7,598.74,5,4,4,544,Champions,5,Low risk
CUS-02066,125,3,230.82,3,2,2,322,Potential Loyalists,30,Low risk
CUS-02067,94,5,411.14,3,3,4,334,Potential Loyalists,26,Low risk
CUS-02068,399,1,59.3,1,1,1,111,Hibernating,92,High risk
CUS-02069,104,3,285.18,3,2,3,323,Potential Loyalists,51,Medium risk
CUS-02070,38,3,84.41000000000001,5,2,1,521,Potential Loyalists,5,Low risk
CUS-02071,78,9,504.62,4,5,4,454,Champions,13,Low risk
CUS-02072,205,2,284.77,2,1,3,213,Hibernating,64,Medium risk
CUS-02073,66,7,683.31,4,4,5,445,High-Value Customers,5,Low risk
CUS-02074,498,2,116.08,1,1,1,111,Hibernating,67,High risk
CUS-02075,605,3,226.16,1,2,2,122,Hibernating,92,High risk
CUS-02076,72,3,210.68,4,2,2,422,Discount Seekers,30,Low risk
CUS-02077,24,9,886.54,5,5,5,555,High-Value Customers,5,Low risk
CUS-02078,553,2,362.88,1,1,3,113,Hibernating,77,High risk
CUS-02079,153,2,111.15,2,1,1,211,Hibernating,69,High risk
CUS-02080,115,5,255.75,3,3,3,333,Potential Loyalists,18,Low risk
CUS-02081,105,8,904.13,3,5,5,355,High-Value Customers,33,Low risk
CUS-02082,92,7,731.85,3,4,5,345,High-Value Customers,18,Low risk
CUS-02083,63,5,959.7,4,3,5,435,Potential Loyalists,13,Low risk
CUS-02084,450,2,195.12,1,1,2,112,Hibernating,77,High risk
CUS-02085,379,3,127.03,2,2,1,221,Hibernating,67,High risk
CUS-02086,437,2,176.41,1,1,2,112,Hibernating,67,High risk
CUS-02087,530,4,168.32999999999998,1,3,2,132,At Risk,67,High risk
CUS-02088,33,4,248.76,5,3,3,533,Potential Loyalists,28,Low risk
CUS-02089,139,6,473.31,2,4,4,244,At Risk,40,Medium risk
CUS-02090,73,4,388.27,4,3,3,433,Potential Loyalists,20,Low risk
CUS-02091,382,2,118.04,2,1,1,211,Hibernating,77,High risk
CUS-02092,98,7,691.11,3,4,5,345,High-Value Customers,18,Low risk
CUS-02093,17,8,384.42,5,5,3,553,Loyal Customers,5,Low risk
CUS-02094,118,11,1026.61,3,5,5,355,High-Value Customers,18,Low risk
CUS-02095,169,4,210.28,2,3,2,232,At Risk,44,Medium risk
CUS-02096,60,14,1511.32,4,5,5,455,High-Value Customers,13,Low risk
CUS-02097,124,4,342.24,3,3,3,333,Potential Loyalists,40,Medium risk
CUS-02098,28,9,781.49,5,5,5,555,High-Value Customers,28,Low risk
CUS-02099,108,6,502.74,3,4,4,344,Loyal Customers,18,Low risk
CUS-02100,45,9,1405.42,5,5,5,555,High-Value Customers,5,Low risk
CUS-02101,156,5,423.25,2,3,4,234,At Risk,52,Medium risk
CUS-02102,138,5,438.91,2,3,4,234,At Risk,40,Medium risk
CUS-02103,884,1,95.93,1,1,1,111,Hibernating,77,High risk
CUS-02104,546,3,200.39999999999998,1,2,2,122,Hibernating,77,High risk
CUS-02105,489,1,140.8,1,1,2,112,Hibernating,85,High risk
CUS-02106,24,6,507.78,5,4,4,544,Champions,5,Low risk
CUS-02107,117,8,507.96,3,5,4,354,Loyal Customers,33,Low risk
CUS-02108,100,5,451.56,3,3,4,334,Potential Loyalists,26,Low risk
CUS-02109,351,3,393.51,2,2,3,223,Hibernating,82,High risk
CUS-02110,93,11,2148.46,3,5,5,355,High-Value Customers,18,Low risk
CUS-02111,409,5,417.64,1,3,4,134,At Risk,67,High risk
CUS-02112,382,2,55.0,2,1,1,211,Hibernating,67,High risk
CUS-02113,132,6,609.12,3,4,4,344,Loyal Customers,55,Medium risk
CUS-02114,613,4,314.94,1,3,3,133,At Risk,67,High risk
CUS-02115,93,4,593.04,3,3,4,334,Potential Loyalists,28,Low risk
CUS-02116,155,6,391.68,2,4,3,243,Discount Seekers,59,Medium risk
CUS-02117,25,5,389.74,5,3,3,533,Potential Loyalists,13,Low risk
CUS-02118,60,9,1241.81,4,5,5,455,High-Value Customers,5,Low risk
CUS-02119,45,2,71.21000000000001,5,1,1,511,Potential Loyalists,5,Low risk
CUS-02120,32,5,462.62,5,3,4,534,Potential Loyalists,13,Low risk
CUS-02121,100,5,331.17,3,3,3,333,Potential Loyalists,28,Low risk
CUS-02122,58,4,450.18,4,3,4,434,Potential Loyalists,5,Low risk
CUS-02123,110,4,292.67,3,3,3,333,Potential Loyalists,18,Low risk
CUS-02124,142,10,1374.08,2,5,5,255,High-Value Customers,30,Low risk
CUS-02125,26,10,1108.87,5,5,5,555,High-Value Customers,13,Low risk
CUS-02126,933,1,47.63,1,1,1,111,Hibernating,92,High risk
CUS-02127,89,6,429.26,3,4,4,344,Loyal Customers,21,Low risk
CUS-02128,250,5,346.68,2,3,3,233,At Risk,67,High risk
CUS-02129,105,5,391.66999999999996,3,3,3,333,Potential Loyalists,33,Low risk
CUS-02130,15,3,222.97,5,2,2,522,Potential Loyalists,25,Low risk
CUS-02131,39,6,682.33,5,4,5,545,High-Value Customers,20,Low risk
CUS-02132,22,1,53.47,5,1,1,511,Potential Loyalists,5,Low risk
CUS-02133,450,3,148.34,1,2,2,122,Hibernating,75,High risk
CUS-02134,351,5,465.01,2,3,4,234,At Risk,57,Medium risk
CUS-02135,60,5,377.76,4,3,3,433,Potential Loyalists,5,Low risk
CUS-02136,50,4,317.27,4,3,3,433,Potential Loyalists,5,Low risk
CUS-02137,52,10,1185.8,4,5,5,455,High-Value Customers,5,Low risk
CUS-02138,70,7,782.29,4,4,5,445,High-Value Customers,13,Low risk
CUS-02139,96,6,388.41,3,4,3,343,Discount Seekers,41,Medium risk
CUS-02140,633,1,19.09,1,1,1,111,Hibernating,77,High risk
CUS-02141,17,5,190.8,5,3,2,532,Discount Seekers,21,Low risk
CUS-02142,266,2,84.62,2,1,1,211,Hibernating,92,High risk
CUS-02143,314,4,454.03,2,3,4,234,At Risk,82,High risk
CUS-02144,136,5,511.71,3,3,4,334,Discount Seekers,46,Medium risk
CUS-02145,143,5,311.83000000000004,2,3,3,233,At Risk,30,Low risk
CUS-02146,74,10,1038.45,4,5,5,455,High-Value Customers,20,Low risk
CUS-02147,53,7,883.3100000000001,4,4,5,445,High-Value Customers,5,Low risk
CUS-02148,77,6,498.61,4,4,4,444,Champions,5,Low risk
CUS-02149,42,16,1528.19,5,5,5,555,High-Value Customers,20,Low risk
CUS-02150,152,4,402.65,2,3,4,234,At Risk,44,Medium risk
CUS-02151,694,1,71.27,1,1,1,111,Hibernating,77,High risk
CUS-02152,640,2,70.28999999999999,1,1,1,111,Hibernating,85,High risk
CUS-02153,678,3,252.89999999999998,1,2,3,123,Hibernating,77,High risk
CUS-02154,86,3,202.86,3,2,2,322,Potential Loyalists,30,Low risk
CUS-02155,396,1,37.93,2,1,1,211,Hibernating,77,High risk
CUS-02156,397,2,130.54,2,1,1,211,Hibernating,77,High risk
CUS-02157,153,5,311.94,2,3,3,233,At Risk,44,Medium risk
CUS-02158,223,4,218.27,2,3,2,232,At Risk,59,Medium risk
CUS-02159,76,4,166.21,4,3,2,432,Potential Loyalists,5,Low risk
CUS-02160,116,7,580.25,3,4,4,344,Loyal Customers,26,Low risk
CUS-02161,571,1,64.92,1,1,1,111,Hibernating,85,High risk
CUS-02162,570,1,15.57,1,1,1,111,Hibernating,85,High risk
CUS-02163,772,3,221.97000000000003,1,2,2,122,Hibernating,67,High risk
CUS-02164,79,10,951.03,4,5,5,455,High-Value Customers,5,Low risk
CUS-02165,364,2,206.70999999999998,2,1,2,212,Hibernating,75,High risk
CUS-02166,372,2,338.32,2,1,3,213,Hibernating,77,High risk
CUS-02167,234,2,124.69999999999999,2,1,1,211,Hibernating,64,Medium risk
CUS-02168,550,4,310.99,1,3,3,133,At Risk,67,High risk
CUS-02169,35,3,257.81,5,2,3,523,Potential Loyalists,5,Low risk
CUS-02170,56,1,55.58,4,1,1,411,Potential Loyalists,5,Low risk
CUS-02171,26,13,725.1800000000001,5,5,5,555,High-Value Customers,5,Low risk
CUS-02172,28,3,254.32,5,2,3,523,Potential Loyalists,5,Low risk
CUS-02173,26,8,885.7,5,5,5,555,High-Value Customers,20,Low risk
CUS-02174,54,4,157.47,4,3,2,432,Potential Loyalists,15,Low risk
CUS-02175,213,4,266.65999999999997,2,3,3,233,At Risk,54,Medium risk
CUS-02176,49,10,1645.8,4,5,5,455,High-Value Customers,5,Low risk
CUS-02177,109,3,98.09,3,2,1,321,Potential Loyalists,18,Low risk
CUS-02178,92,7,382.22,3,4,3,343,Loyal Customers,26,Low risk
CUS-02179,129,7,459.42,3,4,4,344,Loyal Customers,38,Medium risk
CUS-02180,68,2,66.22999999999999,4,1,1,411,Discount Seekers,28,Low risk
CUS-02181,56,5,402.54999999999995,4,3,4,434,Potential Loyalists,20,Low risk
CUS-02182,132,12,1031.54,3,5,5,355,High-Value Customers,46,Medium risk
CUS-02183,79,4,453.19,4,3,4,434,Potential Loyalists,30,Low risk
CUS-02184,244,5,278.88,2,3,3,233,At Risk,75,High risk
CUS-02185,39,3,160.97,5,2,2,522,Potential Loyalists,5,Low risk
CUS-02186,144,5,489.32,2,3,4,234,At Risk,38,Medium risk
CUS-02187,960,1,20.83,1,1,1,111,Hibernating,85,High risk
CUS-02188,31,8,437.63,5,5,4,554,Champions,13,Low risk
CUS-02189,9,8,476.99,5,5,4,554,Champions,5,Low risk
CUS-02190,88,9,995.18,3,5,5,355,High-Value Customers,5,Low risk
CUS-02191,55,2,172.65,4,1,2,412,Potential Loyalists,5,Low risk
CUS-02192,59,6,287.34000000000003,4,4,3,443,Loyal Customers,13,Low risk
CUS-02193,172,1,53.89,2,1,1,211,Hibernating,62,Medium risk
CUS-02194,43,8,864.9200000000001,5,5,5,555,High-Value Customers,5,Low risk
CUS-02195,756,1,26.14,1,1,1,111,Hibernating,77,High risk
CUS-02196,183,4,303.69,2,3,3,233,At Risk,54,Medium risk
CUS-02197,147,5,175.10000000000002,2,3,2,232,At Risk,40,Medium risk
CUS-02198,29,1,56.47,5,1,1,511,Potential Loyalists,5,Low risk
CUS-02199,107,10,986.59,3,5,5,355,High-Value Customers,18,Low risk
CUS-02200,12,10,1021.98,5,5,5,555,High-Value Customers,5,Low risk
CUS-02201,707,1,32.91,1,1,1,111,Hibernating,77,High risk
CUS-02202,78,16,1966.31,4,5,5,455,High-Value Customers,5,Low risk
CUS-02203,30,5,330.03,5,3,3,533,Potential Loyalists,13,Low risk
CUS-02204,112,2,139.57999999999998,3,1,2,312,Potential Loyalists,28,Low risk
CUS-02205,231,2,160.72,2,1,2,212,Hibernating,64,Medium risk
CUS-02206,33,5,456.95,5,3,4,534,Potential Loyalists,13,Low risk
CUS-02207,523,1,63.72,1,1,1,111,Hibernating,77,High risk
CUS-02208,38,12,1422.3899999999999,5,5,5,555,High-Value Customers,20,Low risk
CUS-02209,159,8,601.17,2,5,4,254,At Risk,44,Medium risk
CUS-02210,120,7,662.95,3,4,5,345,High-Value Customers,18,Low risk
CUS-02211,458,3,311.65,1,2,3,123,Hibernating,67,High risk
CUS-02212,684,3,282.71,1,2,3,123,Hibernating,77,High risk
CUS-02213,547,4,447.68,1,3,4,134,At Risk,67,High risk
CUS-02214,274,5,434.84000000000003,2,3,4,234,At Risk,65,High risk
CUS-02215,534,1,122.12,1,1,1,111,Hibernating,85,High risk
CUS-02216,166,1,204.88,2,1,2,212,Hibernating,54,Medium risk
CUS-02217,21,2,132.41,5,1,2,512,Potential Loyalists,20,Low risk
CUS-02218,105,6,504.56,3,4,4,344,Loyal Customers,18,Low risk
CUS-02219,95,5,392.89,3,3,3,333,Potential Loyalists,18,Low risk
CUS-02220,292,4,362.99,2,3,3,233,At Risk,57,Medium risk
CUS-02221,62,7,561.9300000000001,4,4,4,444,Champions,5,Low risk
CUS-02222,108,3,119.9,3,2,1,321,Potential Loyalists,33,Low risk
CUS-02223,51,10,624.02,4,5,4,454,Champions,13,Low risk
CUS-02224,315,5,296.14,2,3,3,233,At Risk,75,High risk
CUS-02225,469,4,313.93,1,3,3,133,At Risk,67,High risk
CUS-02226,507,3,186.34,1,2,2,122,Hibernating,92,High risk
CUS-02227,83,4,340.63,3,3,3,333,Potential Loyalists,5,Low risk
CUS-02228,111,9,1102.85,3,5,5,355,High-Value Customers,18,Low risk
CUS-02229,102,2,141.89,3,1,2,312,Potential Loyalists,33,Low risk
CUS-02230,258,4,524.68,2,3,4,234,At Risk,72,High risk
CUS-02231,354,1,84.62,2,1,1,211,Hibernating,77,High risk
CUS-02232,13,9,684.58,5,5,5,555,High-Value Customers,5,Low risk
CUS-02233,34,3,313.53,5,2,3,523,Potential Loyalists,20,Low risk
CUS-02234,28,6,527.82,5,4,4,544,Champions,13,Low risk
CUS-02235,58,10,1011.62,4,5,5,455,High-Value Customers,20,Low risk
CUS-02236,574,3,354.34000000000003,1,2,3,123,Hibernating,75,High risk
CUS-02237,14,2,110.45,5,1,1,511,Potential Loyalists,20,Low risk
CUS-02238,174,2,147.16,2,1,2,212,Hibernating,44,Medium risk
CUS-02239,59,4,409.25,4,3,4,434,Potential Loyalists,20,Low risk
CUS-02240,81,9,796.8299999999999,4,5,5,455,High-Value Customers,28,Low risk
CUS-02241,111,6,246.1,3,4,2,342,Loyal Customers,26,Low risk
CUS-02242,49,10,973.49,4,5,5,455,High-Value Customers,13,Low risk
CUS-02243,100,7,534.83,3,4,4,344,Loyal Customers,18,Low risk
CUS-02244,673,2,147.26,1,1,2,112,Hibernating,85,High risk
CUS-02245,47,12,2388.06,5,5,5,555,High-Value Customers,5,Low risk
CUS-02246,90,15,1955.6200000000001,3,5,5,355,High-Value Customers,13,Low risk
CUS-02247,109,19,2572.29,3,5,5,355,High-Value Customers,26,Low risk
CUS-02248,398,4,467.42999999999995,2,3,4,234,At Risk,90,High risk
CUS-02249,61,7,429.52,4,4,4,444,Champions,13,Low risk
CUS-02250,99,5,299.81,3,3,3,333,Discount Seekers,33,Low risk
CUS-02251,116,4,261.03999999999996,3,3,3,333,Discount Seekers,51,Medium risk
CUS-02252,53,2,90.47999999999999,4,1,1,411,Potential Loyalists,5,Low risk
CUS-02253,607,2,152.01,1,1,2,112,Hibernating,77,High risk
CUS-02254,53,6,295.65,4,4,3,443,Loyal Customers,5,Low risk
CUS-02255,96,8,694.54,3,5,5,355,High-Value Customers,18,Low risk
CUS-02256,796,2,117.56,1,1,1,111,Hibernating,77,High risk
CUS-02257,188,3,321.1,2,2,3,223,Hibernating,54,Medium risk
CUS-02258,124,13,1478.32,3,5,5,355,High-Value Customers,30,Low risk
CUS-02259,212,5,396.94,2,3,3,233,At Risk,44,Medium risk
CUS-02260,16,9,1290.28,5,5,5,555,High-Value Customers,5,Low risk
CUS-02261,22,1,27.67,5,1,1,511,Potential Loyalists,5,Low risk
CUS-02262,661,3,237.4,1,2,2,122,Hibernating,92,High risk
CUS-02263,465,1,106.89,1,1,1,111,Hibernating,100,High risk
CUS-02264,365,6,531.95,2,4,4,244,At Risk,72,High risk
CUS-02265,38,7,464.78,5,4,4,544,Champions,13,Low risk
CUS-02266,107,13,706.63,3,5,5,355,High-Value Customers,18,Low risk
CUS-02267,119,4,262.66999999999996,3,3,3,333,Discount Seekers,41,Medium risk
CUS-02268,88,1,64.33,3,1,1,311,Potential Loyalists,13,Low risk
CUS-02269,160,4,270.96000000000004,2,3,3,233,At Risk,69,High risk
CUS-02270,8,9,1048.95,5,5,5,555,High-Value Customers,28,Low risk
CUS-02271,179,5,187.32,2,3,2,232,At Risk,44,Medium risk
CUS-02272,157,12,1334.43,2,5,5,255,High-Value Customers,44,Medium risk
CUS-02273,38,5,410.07,5,3,4,534,Potential Loyalists,5,Low risk
CUS-02274,271,6,499.36,2,4,4,244,At Risk,65,High risk
CUS-02275,79,4,381.24,4,3,3,433,Potential Loyalists,5,Low risk
CUS-02276,40,1,86.35,5,1,1,511,Potential Loyalists,5,Low risk
CUS-02277,27,8,494.15,5,5,4,554,Champions,13,Low risk
CUS-02278,180,3,154.26,2,2,2,222,Hibernating,64,Medium risk
CUS-02279,33,1,23.02,5,1,1,511,Potential Loyalists,15,Low risk
CUS-02280,105,6,294.34000000000003,3,4,3,343,Loyal Customers,26,Low risk
CUS-02281,643,2,141.18,1,1,2,112,Hibernating,85,High risk
CUS-02282,60,9,710.14,4,5,5,455,High-Value Customers,5,Low risk
CUS-02283,70,8,515.19,4,5,4,454,Champions,20,Low risk
CUS-02284,58,1,199.15,4,1,2,412,Potential Loyalists,20,Low risk
CUS-02285,418,7,597.22,1,4,4,144,At Risk,57,Medium risk
CUS-02286,764,2,91.22,1,1,1,111,Hibernating,77,High risk
CUS-02287,642,2,168.05,1,1,2,112,Hibernating,85,High risk
CUS-02288,444,4,254.76,1,3,3,133,At Risk,72,High risk
CUS-02289,13,8,593.66,5,5,4,554,Champions,5,Low risk
CUS-02290,21,9,942.84,5,5,5,555,High-Value Customers,20,Low risk
CUS-02291,147,6,402.94,2,4,4,244,At Risk,38,Medium risk
CUS-02292,130,14,1335.31,3,5,5,355,High-Value Customers,45,Medium risk
CUS-02293,163,5,442.37,2,3,4,234,At Risk,44,Medium risk
CUS-02294,32,2,136.12,5,1,2,512,Potential Loyalists,5,Low risk
CUS-02295,73,6,762.36,4,4,5,445,High-Value Customers,5,Low risk
CUS-02296,66,1,24.35,4,1,1,411,Potential Loyalists,5,Low risk
CUS-02297,69,2,272.31,4,1,3,413,Potential Loyalists,20,Low risk
CUS-02298,623,2,159.7,1,1,2,112,Hibernating,77,High risk
CUS-02299,435,3,220.13,1,2,2,122,Hibernating,67,High risk
CUS-02300,99,2,294.66,3,1,3,313,Potential Loyalists,18,Low risk
CUS-02301,137,3,197.42,3,2,2,322,Potential Loyalists,30,Low risk
CUS-02302,523,3,228.83999999999997,1,2,2,122,Hibernating,92,High risk
CUS-02303,497,3,215.4,1,2,2,122,Hibernating,67,High risk
CUS-02304,103,3,261.1,3,2,3,323,Potential Loyalists,28,Low risk
CUS-02305,94,6,352.83000000000004,3,4,3,343,Loyal Customers,18,Low risk
CUS-02306,646,7,551.35,1,4,4,144,At Risk,65,High risk
CUS-02307,285,7,671.88,2,4,5,245,High-Value Customers,72,High risk
CUS-02308,150,2,134.92,2,1,2,212,Hibernating,65,High risk
CUS-02309,52,5,292.25,4,3,3,433,Potential Loyalists,5,Low risk
CUS-02310,106,5,496.01,3,3,4,334,Discount Seekers,34,Low risk
CUS-02311,100,4,292.34000000000003,3,3,3,333,Potential Loyalists,28,Low risk
CUS-02312,132,8,785.42,3,5,5,355,High-Value Customers,38,Medium risk
CUS-02313,122,11,549.63,3,5,4,354,Loyal Customers,30,Low risk
CUS-02314,35,4,153.05,5,3,2,532,Potential Loyalists,20,Low risk
CUS-02315,27,3,270.7,5,2,3,523,Potential Loyalists,20,Low risk
CUS-02316,82,14,1348.54,3,5,5,355,High-Value Customers,5,Low risk
CUS-02317,127,2,154.45,3,1,2,312,Potential Loyalists,58,Medium risk
CUS-02318,45,3,543.64,5,2,4,524,Potential Loyalists,5,Low risk
CUS-02319,89,10,905.6,3,5,5,355,High-Value Customers,5,Low risk
CUS-02320,62,5,219.52,4,3,2,432,Potential Loyalists,5,Low risk
CUS-02321,67,4,223.88,4,3,2,432,Potential Loyalists,28,Low risk
CUS-02322,98,8,530.18,3,5,4,354,Discount Seekers,26,Low risk
CUS-02323,8,5,172.3,5,3,2,532,Potential Loyalists,5,Low risk
CUS-02324,122,10,719.11,3,5,5,355,High-Value Customers,30,Low risk
CUS-02325,718,3,363.73,1,2,3,123,Hibernating,77,High risk
CUS-02326,69,1,23.41,4,1,1,411,Potential Loyalists,5,Low risk
CUS-02327,74,8,590.76,4,5,4,454,Champions,13,Low risk
CUS-02328,81,1,43.21,4,1,1,411,Potential Loyalists,5,Low risk
CUS-02329,34,9,701.24,5,5,5,555,High-Value Customers,5,Low risk
CUS-02330,128,10,858.34,3,5,5,355,High-Value Customers,30,Low risk
CUS-02331,542,3,263.96,1,2,3,123,Hibernating,67,High risk
CUS-02332,140,15,2319.64,2,5,5,255,High-Value Customers,30,Low risk
CUS-02333,51,10,1075.1399999999999,4,5,5,455,High-Value Customers,5,Low risk
CUS-02334,665,1,98.48,1,1,1,111,Hibernating,77,High risk
CUS-02335,87,7,680.14,3,4,5,345,High-Value Customers,13,Low risk
CUS-02336,99,13,2097.41,3,5,5,355,High-Value Customers,33,Low risk
CUS-02337,76,10,776.86,4,5,5,455,High-Value Customers,5,Low risk
CUS-02338,293,4,254.44,2,3,3,233,At Risk,75,High risk
CUS-02339,319,3,224.76,2,2,2,222,Hibernating,67,High risk
CUS-02340,118,18,1437.6,3,5,5,355,High-Value Customers,26,Low risk
CUS-02341,106,4,236.71,3,3,2,332,Discount Seekers,51,Medium risk
CUS-02342,62,2,138.04000000000002,4,1,2,412,Potential Loyalists,5,Low risk
CUS-02343,127,1,55.48,3,1,1,311,Potential Loyalists,65,High risk
CUS-02344,58,7,542.12,4,4,4,444,Champions,21,Low risk
CUS-02345,571,1,25.76,1,1,1,111,Hibernating,85,High risk
CUS-02346,45,4,328.28,5,3,3,533,Potential Loyalists,20,Low risk
CUS-02347,35,14,1344.46,5,5,5,555,High-Value Customers,5,Low risk
CUS-02348,86,2,171.34,3,1,2,312,Potential Loyalists,20,Low risk
CUS-02349,83,8,748.39,3,5,5,355,High-Value Customers,20,Low risk
CUS-02350,802,2,152.0,1,1,2,112,Hibernating,92,High risk
CUS-02351,62,5,348.48,4,3,3,433,Potential Loyalists,13,Low risk
CUS-02352,24,2,69.65,5,1,1,511,Potential Loyalists,5,Low risk
CUS-02353,38,9,1076.33,5,5,5,555,High-Value Customers,5,Low risk
CUS-02354,169,9,957.78,2,5,5,255,High-Value Customers,44,Medium risk
CUS-02355,20,8,691.48,5,5,5,555,High-Value Customers,5,Low risk
CUS-02356,489,2,113.72,1,1,1,111,Hibernating,77,High risk
CUS-02357,559,1,85.53,1,1,1,111,Hibernating,77,High risk
CUS-02358,16,12,1262.77,5,5,5,555,High-Value Customers,5,Low risk
CUS-02359,119,2,132.5,3,1,2,312,Potential Loyalists,36,Medium risk
CUS-02360,91,7,486.89,3,4,4,344,Discount Seekers,34,Low risk
CUS-02361,24,7,667.58,5,4,5,545,High-Value Customers,5,Low risk
CUS-02362,376,4,468.01,2,3,4,234,At Risk,57,Medium risk
CUS-02363,161,4,330.06,2,3,3,233,At Risk,44,Medium risk
CUS-02364,61,11,494.66,4,5,4,454,Champions,5,Low risk
CUS-02365,10,3,156.6,5,2,2,522,Potential Loyalists,5,Low risk
CUS-02366,38,13,1147.93,5,5,5,555,High-Value Customers,13,Low risk
CUS-02367,169,7,563.73,2,4,4,244,At Risk,67,High risk
CUS-02368,164,4,167.79,2,3,2,232,Discount Seekers,77,High risk
CUS-02369,419,4,244.11,1,3,2,132,At Risk,67,High risk
CUS-02370,136,1,67.27,3,1,1,311,Potential Loyalists,40,Medium risk
CUS-02371,11,2,110.58,5,1,1,511,Potential Loyalists,5,Low risk
CUS-02372,99,5,706.46,3,3,5,335,Potential Loyalists,36,Medium risk
CUS-02373,72,3,499.15999999999997,4,2,4,424,Potential Loyalists,5,Low risk
CUS-02374,32,5,853.9100000000001,5,3,5,535,Potential Loyalists,13,Low risk
CUS-02375,45,2,120.12,5,1,1,511,Potential Loyalists,5,Low risk
CUS-02376,118,5,165.87,3,3,2,332,Potential Loyalists,18,Low risk
CUS-02377,64,4,305.58000000000004,4,3,3,433,Potential Loyalists,5,Low risk
CUS-02378,117,11,849.1,3,5,5,355,High-Value Customers,18,Low risk
CUS-02379,715,2,108.64,1,1,1,111,Hibernating,77,High risk
CUS-02380,86,8,610.59,3,5,4,354,Loyal Customers,5,Low risk
CUS-02381,79,4,344.71000000000004,4,3,3,433,Potential Loyalists,5,Low risk
CUS-02382,92,12,993.76,3,5,5,355,High-Value Customers,18,Low risk
CUS-02383,153,3,212.55,2,2,2,222,Hibernating,44,Medium risk
CUS-02384,74,12,763.3,4,5,5,455,High-Value Customers,28,Low risk
CUS-02385,153,5,316.97,2,3,3,233,At Risk,44,Medium risk
CUS-02386,273,4,274.81,2,3,3,233,At Risk,57,Medium risk
CUS-02387,766,1,64.72,1,1,1,111,Hibernating,85,High risk
CUS-02388,168,8,792.02,2,5,5,255,High-Value Customers,44,Medium risk
CUS-02389,757,1,77.57,1,1,1,111,Hibernating,85,High risk
CUS-02390,682,2,132.09,1,1,1,111,Hibernating,92,High risk
CUS-02391,88,2,172.54,3,1,2,312,Potential Loyalists,5,Low risk
CUS-02392,57,15,1347.23,4,5,5,455,High-Value Customers,5,Low risk
CUS-02393,111,5,501.62,3,3,4,334,Potential Loyalists,36,Medium risk
CUS-02394,64,10,1459.76,4,5,5,455,High-Value Customers,5,Low risk
CUS-02395,754,1,135.32,1,1,2,112,Hibernating,77,High risk
CUS-02396,192,8,745.39,2,5,5,255,High-Value Customers,52,Medium risk
CUS-02397,237,1,61.3,2,1,1,211,Hibernating,72,High risk
CUS-02398,81,15,1681.81,4,5,5,455,High-Value Customers,20,Low risk
CUS-02399,790,1,37.51,1,1,1,111,Hibernating,77,High risk
CUS-02400,61,1,171.25,4,1,2,412,Potential Loyalists,5,Low risk
CUS-02401,446,1,50.34,1,1,1,111,Hibernating,85,High risk
CUS-02402,72,4,328.44,4,3,3,433,Potential Loyalists,5,Low risk
CUS-02403,327,6,577.27,2,4,4,244,At Risk,57,Medium risk
CUS-02404,626,3,104.16,1,2,1,121,Hibernating,75,High risk
CUS-02405,697,2,64.71,1,1,1,111,Hibernating,92,High risk
CUS-02406,608,3,226.10999999999999,1,2,2,122,Hibernating,67,High risk
CUS-02407,238,3,123.12,2,2,1,221,Hibernating,69,High risk
CUS-02408,13,5,254.47,5,3,3,533,Potential Loyalists,5,Low risk
CUS-02409,196,4,425.03000000000003,2,3,4,234,At Risk,69,High risk
CUS-02410,38,2,79.03999999999999,5,1,1,511,Potential Loyalists,20,Low risk
CUS-02411,42,2,89.77,5,1,1,511,Potential Loyalists,5,Low risk
CUS-02412,67,2,392.65999999999997,4,1,3,413,Potential Loyalists,5,Low risk
CUS-02413,161,1,81.5,2,1,1,211,Hibernating,64,Medium risk
CUS-02414,50,3,327.58,4,2,3,423,Potential Loyalists,20,Low risk
CUS-02415,36,1,66.9,5,1,1,511,Potential Loyalists,5,Low risk
CUS-02416,463,3,155.76,1,2,2,122,Hibernating,92,High risk
CUS-02417,56,7,497.14,4,4,4,444,Champions,21,Low risk
CUS-02418,111,7,356.68,3,4,3,343,Loyal Customers,41,Medium risk
CUS-02419,42,1,76.47,5,1,1,511,Potential Loyalists,5,Low risk
CUS-02420,29,1,102.25,5,1,1,511,Potential Loyalists,15,Low risk
CUS-02421,731,3,140.3,1,2,2,122,Hibernating,92,High risk
CUS-02422,80,7,633.3399999999999,4,4,4,444,Champions,21,Low risk
CUS-02423,38,2,174.72,5,1,2,512,Potential Loyalists,5,Low risk
CUS-02424,287,3,247.64,2,2,3,223,Hibernating,67,High risk
CUS-02425,521,3,193.47,1,2,2,122,Hibernating,82,High risk
CUS-02426,235,4,512.0999999999999,2,3,4,234,At Risk,67,High risk
CUS-02427,673,2,267.03999999999996,1,1,3,113,Hibernating,85,High risk
CUS-02428,176,3,175.03,2,2,2,222,Hibernating,54,Medium risk
CUS-02429,20,5,587.79,5,3,4,534,Potential Loyalists,5,Low risk
CUS-02430,650,5,452.44,1,3,4,134,At Risk,67,High risk
CUS-02431,32,17,1567.03,5,5,5,555,High-Value Customers,5,Low risk
CUS-02432,59,5,500.0,4,3,4,434,Discount Seekers,28,Low risk
CUS-02433,604,2,167.51,1,1,2,112,Hibernating,77,High risk
CUS-02434,69,3,237.86,4,2,2,422,Potential Loyalists,15,Low risk
CUS-02435,813,1,64.08,1,1,1,111,Hibernating,77,High risk
CUS-02436,896,1,169.14,1,1,2,112,Hibernating,77,High risk
CUS-02437,574,2,79.28,1,1,1,111,Hibernating,77,High risk
CUS-02438,71,4,273.54,4,3,3,433,Potential Loyalists,5,Low risk
CUS-02439,99,7,486.2,3,4,4,344,Discount Seekers,34,Low risk
CUS-02440,181,7,580.25,2,4,4,244,At Risk,44,Medium risk
CUS-02441,66,4,234.81,4,3,2,432,Potential Loyalists,20,Low risk
CUS-02442,99,17,1816.42,3,5,5,355,High-Value Customers,18,Low risk
CUS-02443,204,4,383.49,2,3,3,233,At Risk,44,Medium risk
CUS-02444,575,2,137.16,1,1,2,112,Hibernating,77,High risk
CUS-02445,78,1,24.45,4,1,1,411,Potential Loyalists,15,Low risk
CUS-02446,32,1,85.28,5,1,1,511,Potential Loyalists,15,Low risk
CUS-02447,424,4,221.95999999999998,1,3,2,132,At Risk,57,Medium risk
CUS-02448,359,1,97.58,2,1,1,211,Hibernating,77,High risk
CUS-02449,533,3,77.2,1,2,1,121,Hibernating,67,High risk
CUS-02450,149,4,324.82,2,3,3,233,At Risk,40,Medium risk
CUS-02451,441,1,48.31,1,1,1,111,Hibernating,77,High risk
CUS-02452,96,9,1273.73,3,5,5,355,High-Value Customers,18,Low risk
CUS-02453,68,15,1663.94,4,5,5,455,High-Value Customers,5,Low risk
CUS-02454,51,9,736.28,4,5,5,455,High-Value Customers,13,Low risk
CUS-02455,463,4,269.14,1,3,3,133,At Risk,57,Medium risk
CUS-02456,269,3,340.41,2,2,3,223,Hibernating,57,Medium risk
CUS-02457,70,7,400.43,4,4,4,444,Champions,13,Low risk
CUS-02458,86,2,134.99,3,1,2,312,Potential Loyalists,5,Low risk
CUS-02459,489,1,151.58,1,1,2,112,Hibernating,85,High risk
CUS-02460,87,2,191.03,3,1,2,312,Potential Loyalists,5,Low risk
CUS-02461,74,7,709.59,4,4,5,445,High-Value Customers,35,Medium risk
CUS-02462,195,3,264.42,2,2,3,223,Hibernating,54,Medium risk
CUS-02463,50,5,354.37,4,3,3,433,Potential Loyalists,5,Low risk
CUS-02464,25,3,202.98,5,2,2,522,Potential Loyalists,5,Low risk
CUS-02465,102,2,81.7,3,1,1,311,Potential Loyalists,18,Low risk
CUS-02466,214,7,467.93,2,4,4,244,At Risk,52,Medium risk
CUS-02467,71,7,507.58000000000004,4,4,4,444,Champions,5,Low risk
CUS-02468,164,15,1218.66,2,5,5,255,High-Value Customers,52,Medium risk
CUS-02469,68,2,252.08,4,1,3,413,Potential Loyalists,5,Low risk
CUS-02470,122,22,3318.63,3,5,5,355,High-Value Customers,38,Medium risk
CUS-02471,137,10,1666.29,3,5,5,355,High-Value Customers,45,Medium risk
CUS-02472,76,4,281.08,4,3,3,433,Potential Loyalists,20,Low risk
CUS-02473,25,7,212.29000000000002,5,4,2,542,Loyal Customers,5,Low risk
CUS-02474,206,4,388.62,2,3,3,233,At Risk,67,High risk
CUS-02475,717,2,238.81,1,1,2,112,Hibernating,92,High risk
CUS-02476,68,5,459.63000000000005,4,3,4,434,Potential Loyalists,23,Low risk
CUS-02477,533,3,220.67000000000002,1,2,2,122,Hibernating,77,High risk
CUS-02478,18,8,324.94,5,5,3,553,Loyal Customers,5,Low risk
CUS-02479,136,2,226.34,3,1,2,312,Potential Loyalists,30,Low risk
CUS-02480,175,7,619.14,2,4,4,244,At Risk,60,Medium risk
CUS-02481,23,2,185.24,5,1,2,512,Potential Loyalists,5,Low risk
CUS-02482,54,4,307.98,4,3,3,433,Discount Seekers,28,Low risk
CUS-02483,40,3,217.48,5,2,2,522,Potential Loyalists,15,Low risk
CUS-02484,304,5,367.59000000000003,2,3,3,233,At Risk,65,High risk
CUS-02485,10,4,205.21,5,3,2,532,Potential Loyalists,20,Low risk
CUS-02486,57,3,141.26,4,2,2,422,Potential Loyalists,5,Low risk
CUS-02487,140,4,443.46999999999997,2,3,4,234,At Risk,45,Medium risk
CUS-02488,76,7,582.63,4,4,4,444,Champions,13,Low risk
CUS-02489,96,5,256.21,3,3,3,333,Discount Seekers,58,Medium risk
CUS-02490,163,14,1091.76,2,5,5,255,High-Value Customers,60,Medium risk
CUS-02491,45,2,90.62,5,1,1,511,Potential Loyalists,20,Low risk
CUS-02492,214,3,196.92,2,2,2,222,Hibernating,44,Medium risk
CUS-02493,56,3,273.57,4,2,3,423,Potential Loyalists,5,Low risk
CUS-02494,143,3,246.03,2,2,2,222,Hibernating,40,Medium risk
CUS-02495,651,2,41.8,1,1,1,111,Hibernating,77,High risk
CUS-02496,71,2,111.16,4,1,1,411,Potential Loyalists,20,Low risk
CUS-02497,60,5,262.36,4,3,3,433,Discount Seekers,21,Low risk
CUS-02498,285,4,450.14,2,3,4,234,At Risk,72,High risk
CUS-02499,116,1,26.72,3,1,1,311,Potential Loyalists,18,Low risk
CUS-02500,756,1,33.39,1,1,1,111,Hibernating,77,High risk
CUS-02501,26,1,28.69,5,1,1,511,Potential Loyalists,5,Low risk
CUS-02502,240,3,162.81,2,2,2,222,Hibernating,69,High risk
CUS-02503,68,3,192.97,4,2,2,422,Potential Loyalists,5,Low risk
CUS-02504,21,5,600.89,5,3,4,534,Potential Loyalists,5,Low risk
CUS-02505,655,2,199.02,1,1,2,112,Hibernating,100,High risk
CUS-02506,282,5,275.16,2,3,3,233,Discount Seekers,65,High risk
CUS-02507,57,5,276.78,4,3,3,433,Potential Loyalists,5,Low risk
CUS-02508,43,10,621.27,5,5,4,554,Champions,21,Low risk
CUS-02509,170,8,567.19,2,5,4,254,At Risk,59,Medium risk
CUS-02510,455,1,273.85,1,1,3,113,Hibernating,77,High risk
CUS-02511,111,6,372.67999999999995,3,4,3,343,Loyal Customers,33,Low risk
CUS-02512,119,6,648.35,3,4,4,344,Loyal Customers,33,Low risk
CUS-02513,16,4,280.55,5,3,3,533,Potential Loyalists,5,Low risk
CUS-02514,196,5,311.84000000000003,2,3,3,233,At Risk,59,Medium risk
CUS-02515,102,4,283.13,3,3,3,333,Potential Loyalists,33,Low risk
CUS-02516,497,1,91.2,1,1,1,111,Hibernating,77,High risk
CUS-02517,170,10,600.77,2,5,4,254,At Risk,44,Medium risk
CUS-02518,480,2,134.57999999999998,1,1,2,112,Hibernating,77,High risk
CUS-02519,101,9,1320.8,3,5,5,355,High-Value Customers,18,Low risk
CUS-02520,594,2,81.98,1,1,1,111,Hibernating,85,High risk
CUS-02521,867,1,37.8,1,1,1,111,Hibernating,85,High risk
CUS-02522,439,1,98.65,1,1,1,111,Hibernating,92,High risk
CUS-02523,711,4,229.68,1,3,2,132,At Risk,67,High risk
CUS-02524,136,3,134.72,3,2,2,322,Discount Seekers,55,Medium risk
CUS-02525,557,1,160.8,1,1,2,112,Hibernating,77,High risk
CUS-02526,100,9,608.84,3,5,4,354,Loyal Customers,18,Low risk
CUS-02527,64,2,169.06,4,1,2,412,Potential Loyalists,5,Low risk
CUS-02528,794,3,379.79,1,2,3,123,Hibernating,75,High risk
CUS-02529,154,7,371.13,2,4,3,243,At Risk,44,Medium risk
CUS-02530,491,1,25.77,1,1,1,111,Hibernating,85,High risk
CUS-02531,414,2,63.64,1,1,1,111,Hibernating,77,High risk
CUS-02532,564,1,69.21,1,1,1,111,Hibernating,85,High risk
CUS-02533,60,7,960.63,4,4,5,445,High-Value Customers,13,Low risk
CUS-02534,180,5,303.52,2,3,3,233,At Risk,54,Medium risk
CUS-02535,41,8,734.77,5,5,5,555,High-Value Customers,5,Low risk
CUS-02536,12,7,420.09000000000003,5,4,4,544,Champions,28,Low risk
CUS-02537,32,4,228.51999999999998,5,3,2,532,Discount Seekers,35,Medium risk
CUS-02538,201,8,794.62,2,5,5,255,High-Value Customers,44,Medium risk
CUS-02539,61,2,83.1,4,1,1,411,Potential Loyalists,5,Low risk
CUS-02540,103,6,274.1,3,4,3,343,Loyal Customers,33,Low risk
CUS-02541,71,4,472.63,4,3,4,434,Potential Loyalists,30,Low risk
CUS-02542,32,1,51.09,5,1,1,511,Potential Loyalists,20,Low risk
CUS-02543,164,7,838.33,2,4,5,245,High-Value Customers,44,Medium risk
CUS-02544,26,5,222.94,5,3,2,532,Discount Seekers,13,Low risk
CUS-02545,42,9,1145.63,5,5,5,555,High-Value Customers,5,Low risk
CUS-02546,64,17,848.51,4,5,5,455,High-Value Customers,5,Low risk
CUS-02547,130,3,192.1,3,2,2,322,Potential Loyalists,50,Medium risk
CUS-02548,80,3,270.64,4,2,3,423,Potential Loyalists,5,Low risk
CUS-02549,35,2,163.61,5,1,2,512,Potential Loyalists,40,Medium risk
CUS-02550,639,2,275.65000000000003,1,1,3,113,Hibernating,100,High risk
CUS-02551,250,6,503.75,2,4,4,244,At Risk,65,High risk
CUS-02552,412,3,151.18,1,2,2,122,Hibernating,77,High risk
CUS-02553,161,3,193.53,2,2,2,222,Hibernating,62,Medium risk
CUS-02554,403,3,216.07,1,2,2,122,Hibernating,82,High risk
CUS-02555,386,2,158.29,2,1,2,212,Hibernating,67,High risk
CUS-02556,427,2,67.17,1,1,1,111,Hibernating,77,High risk
CUS-02557,50,8,633.69,4,5,4,454,Champions,5,Low risk
CUS-02558,517,2,105.5,1,1,1,111,Hibernating,77,High risk
CUS-02559,119,9,941.11,3,5,5,355,High-Value Customers,18,Low risk
CUS-02560,346,7,639.68,2,4,4,244,At Risk,57,Medium risk
CUS-02561,60,3,198.76999999999998,4,2,2,422,Potential Loyalists,5,Low risk
CUS-02562,73,2,77.08,4,1,1,411,Potential Loyalists,5,Low risk
CUS-02563,74,4,251.2,4,3,3,433,Potential Loyalists,28,Low risk
CUS-02564,486,2,84.77000000000001,1,1,1,111,Hibernating,77,High risk
CUS-02565,83,2,60.95,3,1,1,311,Potential Loyalists,5,Low risk
CUS-02566,39,3,131.44,5,2,1,521,Discount Seekers,20,Low risk
CUS-02567,333,1,20.09,2,1,1,211,Hibernating,77,High risk
CUS-02568,401,2,135.73000000000002,1,1,2,112,Hibernating,67,High risk
CUS-02569,36,5,506.03999999999996,5,3,4,534,Potential Loyalists,13,Low risk
CUS-02570,174,3,256.08,2,2,3,223,Hibernating,54,Medium risk
CUS-02571,15,8,669.45,5,5,5,555,High-Value Customers,5,Low risk
CUS-02572,560,2,235.51,1,1,2,112,Hibernating,85,High risk
CUS-02573,135,4,241.56,3,3,2,332,Potential Loyalists,30,Low risk
CUS-02574,587,4,440.39,1,3,4,134,At Risk,67,High risk
CUS-02575,66,9,1053.86,4,5,5,455,High-Value Customers,5,Low risk
CUS-02576,739,3,242.07999999999998,1,2,2,122,Hibernating,77,High risk
CUS-02577,33,5,559.83,5,3,4,534,Potential Loyalists,13,Low risk
CUS-02578,419,5,335.03,1,3,3,133,At Risk,73,High risk
CUS-02579,57,3,168.07,4,2,2,422,Potential Loyalists,5,Low risk
CUS-02580,95,5,339.99,3,3,3,333,Potential Loyalists,26,Low risk
CUS-02581,74,9,1026.87,4,5,5,455,High-Value Customers,20,Low risk
CUS-02582,637,1,66.7,1,1,1,111,Hibernating,85,High risk
CUS-02583,77,6,539.8,4,4,4,444,Champions,5,Low risk
CUS-02584,142,5,487.02,2,3,4,234,At Risk,30,Low risk
CUS-02585,459,2,47.25,1,1,1,111,Hibernating,75,High risk
CUS-02586,195,6,426.18,2,4,4,244,At Risk,52,Medium risk
CUS-02587,115,2,174.54,3,1,2,312,Potential Loyalists,43,Medium risk
CUS-02588,178,3,272.82,2,2,3,223,Hibernating,59,Medium risk
CUS-02589,68,9,709.6999999999999,4,5,5,455,High-Value Customers,13,Low risk
CUS-02590,112,3,186.08,3,2,2,322,Potential Loyalists,28,Low risk
CUS-02591,80,12,980.12,4,5,5,455,High-Value Customers,13,Low risk
CUS-02592,121,3,84.93,3,2,1,321,Potential Loyalists,55,Medium risk
CUS-02593,203,11,881.9,2,5,5,255,High-Value Customers,52,Medium risk
CUS-02594,232,5,296.21000000000004,2,3,3,233,At Risk,54,Medium risk
CUS-02595,174,14,1286.6,2,5,5,255,High-Value Customers,44,Medium risk
CUS-02596,30,11,1043.19,5,5,5,555,High-Value Customers,5,Low risk
CUS-02597,82,2,72.6,3,1,1,311,Potential Loyalists,15,Low risk
CUS-02598,82,7,413.42,3,4,4,344,Loyal Customers,28,Low risk
CUS-02599,98,9,1259.25,3,5,5,355,High-Value Customers,33,Low risk
CUS-02600,155,6,632.59,2,4,4,244,At Risk,52,Medium risk
CUS-02601,69,4,385.27,4,3,3,433,Potential Loyalists,28,Low risk
CUS-02602,142,3,208.41,2,2,2,222,Hibernating,48,Medium risk
CUS-02603,302,5,379.59000000000003,2,3,3,233,At Risk,57,Medium risk
CUS-02604,189,5,312.48,2,3,3,233,At Risk,52,Medium risk
CUS-02605,166,4,253.07,2,3,3,233,At Risk,59,Medium risk
CUS-02606,37,14,1194.45,5,5,5,555,High-Value Customers,5,Low risk
CUS-02607,127,8,973.0699999999999,3,5,5,355,High-Value Customers,30,Low risk
CUS-02608,546,1,70.08,1,1,1,111,Hibernating,77,High risk
CUS-02609,27,4,395.27,5,3,3,533,Potential Loyalists,20,Low risk
CUS-02610,368,1,51.59,2,1,1,211,Hibernating,77,High risk
CUS-02611,719,2,112.5,1,1,1,111,Hibernating,77,High risk
CUS-02612,195,3,273.24,2,2,3,223,Hibernating,44,Medium risk
CUS-02613,95,6,314.44,3,4,3,343,Loyal Customers,18,Low risk
CUS-02614,592,3,159.14000000000001,1,2,2,122,Hibernating,67,High risk
CUS-02615,145,10,878.01,2,5,5,255,High-Value Customers,38,Medium risk
CUS-02616,42,3,115.47,5,2,1,521,Potential Loyalists,5,Low risk
CUS-02617,42,3,166.44,5,2,2,522,Potential Loyalists,5,Low risk
CUS-02618,228,2,165.57999999999998,2,1,2,212,Hibernating,79,High risk
CUS-02619,54,8,672.91,4,5,5,455,High-Value Customers,20,Low risk
CUS-02620,600,2,135.36,1,1,2,112,Hibernating,85,High risk
CUS-02621,91,3,336.02,3,2,3,323,Potential Loyalists,28,Low risk
CUS-02622,21,1,85.95,5,1,1,511,Potential Loyalists,5,Low risk
CUS-02623,28,1,22.84,5,1,1,511,Potential Loyalists,5,Low risk
CUS-02624,56,11,544.52,4,5,4,454,Champions,5,Low risk
CUS-02625,140,15,1742.68,2,5,5,255,High-Value Customers,30,Low risk
CUS-02626,204,5,322.65000000000003,2,3,3,233,At Risk,62,Medium risk
CUS-02627,14,11,1348.96,5,5,5,555,High-Value Customers,13,Low risk
CUS-02628,742,3,190.87,1,2,2,122,Hibernating,100,High risk
CUS-02629,158,5,256.53,2,3,3,233,At Risk,44,Medium risk
CUS-02630,160,10,782.23,2,5,5,255,High-Value Customers,44,Medium risk
CUS-02631,893,2,180.14,1,1,2,112,Hibernating,77,High risk
CUS-02632,159,7,480.21,2,4,4,244,At Risk,59,Medium risk
CUS-02633,51,6,505.28,4,4,4,444,Champions,13,Low risk
CUS-02634,630,2,70.53999999999999,1,1,1,111,Hibernating,85,High risk
CUS-02635,73,2,136.18,4,1,2,412,Potential Loyalists,5,Low risk
CUS-02636,26,6,252.86,5,4,3,543,Loyal Customers,13,Low risk
CUS-02637,52,13,2291.37,4,5,5,455,High-Value Customers,5,Low risk
CUS-02638,94,7,499.56,3,4,4,344,Loyal Customers,18,Low risk
CUS-02639,50,4,209.94,4,3,2,432,Potential Loyalists,20,Low risk
CUS-02640,106,9,580.35,3,5,4,354,Discount Seekers,26,Low risk
CUS-02641,73,11,1167.97,4,5,5,455,High-Value Customers,13,Low risk
CUS-02642,31,2,119.02,5,1,1,511,Potential Loyalists,5,Low risk
CUS-02643,602,4,450.99,1,3,4,134,At Risk,67,High risk
CUS-02644,140,2,141.07,2,1,2,212,Hibernating,50,Medium risk
CUS-02645,70,7,522.4,4,4,4,444,Champions,13,Low risk
CUS-02646,275,4,169.91,2,3,2,232,At Risk,67,High risk
CUS-02647,959,1,110.23,1,1,1,111,Hibernating,77,High risk
CUS-02648,69,2,148.22,4,1,2,412,Potential Loyalists,5,Low risk
CUS-02649,922,1,60.27,1,1,1,111,Hibernating,77,High risk
CUS-02650,59,4,246.75,4,3,2,432,Potential Loyalists,38,Medium risk
CUS-02651,521,2,435.94,1,1,4,114,Hibernating,77,High risk
CUS-02652,101,11,1553.72,3,5,5,355,High-Value Customers,18,Low risk
CUS-02653,811,2,52.42,1,1,1,111,Hibernating,85,High risk
CUS-02654,86,6,602.55,3,4,4,344,Discount Seekers,21,Low risk
CUS-02655,197,3,164.65,2,2,2,222,Hibernating,62,Medium risk
CUS-02656,405,3,348.54,1,2,3,123,Hibernating,72,High risk
CUS-02657,587,1,31.04,1,1,1,111,Hibernating,100,High risk
CUS-02658,220,1,65.8,2,1,1,211,Hibernating,79,High risk
CUS-02659,78,2,143.95999999999998,4,1,2,412,Potential Loyalists,5,Low risk
CUS-02660,187,3,447.96000000000004,2,2,4,224,Hibernating,44,Medium risk
CUS-02661,34,2,61.3,5,1,1,511,Potential Loyalists,5,Low risk
CUS-02662,110,5,378.73,3,3,3,333,Discount Seekers,34,Low risk
CUS-02663,63,2,220.39000000000001,4,1,2,412,Potential Loyalists,28,Low risk
CUS-02664,436,1,28.19,1,1,1,111,Hibernating,77,High risk
CUS-02665,377,3,188.62,2,2,2,222,Hibernating,67,High risk
CUS-02666,81,9,1087.87,4,5,5,455,High-Value Customers,5,Low risk
CUS-02667,41,7,560.29,5,4,4,544,Champions,13,Low risk
CUS-02668,609,3,260.98,1,2,3,123,Hibernating,92,High risk
CUS-02669,710,1,27.49,1,1,1,111,Hibernating,77,High risk
CUS-02670,20,3,182.62,5,2,2,522,Discount Seekers,28,Low risk
CUS-02671,66,9,547.7,4,5,4,454,Champions,13,Low risk
CUS-02672,53,1,53.68,4,1,1,411,Potential Loyalists,5,Low risk
CUS-02673,61,3,237.07999999999998,4,2,2,422,Potential Loyalists,5,Low risk
CUS-02674,57,6,492.67,4,4,4,444,Champions,5,Low risk
CUS-02675,64,15,1604.79,4,5,5,455,High-Value Customers,13,Low risk
CUS-02676,106,5,258.31,3,3,3,333,Potential Loyalists,18,Low risk
CUS-02677,797,1,143.2,1,1,2,112,Hibernating,85,High risk
CUS-02678,629,1,51.67,1,1,1,111,Hibernating,85,High risk
CUS-02679,152,1,46.29,2,1,1,211,Hibernating,44,Medium risk
CUS-02680,90,6,496.27,3,4,4,344,Loyal Customers,20,Low risk
CUS-02681,50,3,368.23,4,2,3,423,Potential Loyalists,25,Low risk
CUS-02682,62,8,509.07,4,5,4,454,Champions,28,Low risk
CUS-02683,29,3,148.92000000000002,5,2,2,522,Potential Loyalists,5,Low risk
CUS-02684,124,12,1954.64,3,5,5,355,High-Value Customers,38,Medium risk
CUS-02685,581,3,212.45,1,2,2,122,Hibernating,67,High risk
CUS-02686,370,5,382.98,2,3,3,233,At Risk,75,High risk
CUS-02687,91,6,492.15999999999997,3,4,4,344,Discount Seekers,33,Low risk
CUS-02688,199,2,61.43,2,1,1,211,Hibernating,54,Medium risk
CUS-02689,38,6,634.97,5,4,4,544,Champions,13,Low risk
CUS-02690,102,14,1268.02,3,5,5,355,High-Value Customers,26,Low risk
CUS-02691,113,1,124.4,3,1,1,311,Potential Loyalists,18,Low risk
CUS-02692,53,4,374.58,4,3,3,433,Potential Loyalists,5,Low risk
CUS-02693,468,1,36.21,1,1,1,111,Hibernating,77,High risk
CUS-02694,104,2,146.57999999999998,3,1,2,312,Potential Loyalists,18,Low risk
CUS-02695,67,6,422.22,4,4,4,444,Champions,5,Low risk
CUS-02696,80,7,604.67,4,4,4,444,Champions,5,Low risk
CUS-02697,190,3,372.89,2,2,3,223,Hibernating,54,Medium risk
CUS-02698,99,8,527.1800000000001,3,5,4,354,Discount Seekers,41,Medium risk
CUS-02699,108,6,740.78,3,4,5,345,High-Value Customers,18,Low risk
CUS-02700,45,8,783.89,5,5,5,555,High-Value Customers,5,Low risk
CUS-02701,206,2,276.97,2,1,3,213,Hibernating,44,Medium risk
CUS-02702,73,10,782.32,4,5,5,455,High-Value Customers,13,Low risk
CUS-02703,141,7,847.75,2,4,5,245,High-Value Customers,45,Medium risk
CUS-02704,36,15,1538.15,5,5,5,555,High-Value Customers,5,Low risk
CUS-02705,580,2,92.11,1,1,1,111,Hibernating,77,High risk
CUS-02706,21,2,115.21000000000001,5,1,1,511,Potential Loyalists,5,Low risk
CUS-02707,19,6,401.59000000000003,5,4,4,544,Champions,20,Low risk
CUS-02708,655,3,154.63,1,2,2,122,Hibernating,85,High risk
CUS-02709,411,2,78.17,1,1,1,111,Hibernating,67,High risk
CUS-02710,31,14,968.34,5,5,5,555,High-Value Customers,21,Low risk
CUS-02711,5,7,642.5,5,4,4,544,Champions,13,Low risk
CUS-02712,434,3,274.31,1,2,3,123,Hibernating,82,High risk
CUS-02713,743,2,194.66,1,1,2,112,Hibernating,77,High risk
CUS-02714,388,2,91.71,2,1,1,211,Hibernating,67,High risk
CUS-02715,46,3,162.35000000000002,5,2,2,522,Potential Loyalists,20,Low risk
CUS-02716,871,2,170.42000000000002,1,1,2,112,Hibernating,77,High risk
CUS-02717,39,11,716.49,5,5,5,555,High-Value Customers,13,Low risk
CUS-02718,978,1,69.49,1,1,1,111,Hibernating,85,High risk
CUS-02719,189,2,198.45,2,1,2,212,Hibernating,54,Medium risk
CUS-02720,70,8,774.45,4,5,5,455,High-Value Customers,5,Low risk
CUS-02721,124,4,279.01,3,3,3,333,Potential Loyalists,45,Medium risk
CUS-02722,88,9,825.08,3,5,5,355,High-Value Customers,5,Low risk
CUS-02723,184,5,220.27,2,3,2,232,At Risk,54,Medium risk
CUS-02724,15,2,143.85999999999999,5,1,2,512,Potential Loyalists,5,Low risk
CUS-02725,93,2,125.44,3,1,1,311,Discount Seekers,68,High risk
CUS-02726,100,4,756.81,3,3,5,335,Potential Loyalists,18,Low risk
CUS-02727,35,8,532.17,5,5,4,554,Champions,20,Low risk
CUS-02728,60,8,393.40999999999997,4,5,3,453,Loyal Customers,5,Low risk
CUS-02729,298,5,323.53000000000003,2,3,3,233,At Risk,65,High risk
CUS-02730,62,13,1005.75,4,5,5,455,High-Value Customers,13,Low risk
CUS-02731,271,2,63.38,2,1,1,211,Hibernating,92,High risk
CUS-02732,103,5,457.09000000000003,3,3,4,334,Potential Loyalists,33,Low risk
CUS-02733,42,8,694.8100000000001,5,5,5,555,High-Value Customers,20,Low risk
CUS-02734,152,2,206.51999999999998,2,1,2,212,Hibernating,44,Medium risk
CUS-02735,659,5,343.92,1,3,3,133,At Risk,75,High risk
CUS-02736,600,1,141.76,1,1,2,112,Hibernating,77,High risk
CUS-02737,802,2,146.29,1,1,2,112,Hibernating,77,High risk
CUS-02738,163,6,366.4,2,4,3,243,At Risk,52,Medium risk
CUS-02739,171,5,256.68,2,3,3,233,At Risk,44,Medium risk
CUS-02740,60,5,527.37,4,3,4,434,Potential Loyalists,5,Low risk
CUS-02741,215,3,200.56,2,2,2,222,Hibernating,54,Medium risk
CUS-02742,268,2,70.41,2,1,1,211,Hibernating,67,High risk
CUS-02743,339,4,604.59,2,3,4,234,At Risk,82,High risk
CUS-02744,19,9,585.25,5,5,4,554,Champions,5,Low risk
CUS-02745,79,13,1169.78,4,5,5,455,High-Value Customers,20,Low risk
CUS-02746,876,4,292.85,1,3,3,133,At Risk,82,High risk
CUS-02747,569,2,150.5,1,1,2,112,Hibernating,77,High risk
CUS-02748,106,4,264.82,3,3,3,333,Discount Seekers,41,Medium risk
CUS-02749,870,3,153.64,1,2,2,122,Hibernating,77,High risk
CUS-02750,62,1,37.87,4,1,1,411,Potential Loyalists,13,Low risk
CUS-02751,53,12,1263.15,4,5,5,455,High-Value Customers,20,Low risk
CUS-02752,45,4,229.27999999999997,5,3,2,532,Potential Loyalists,5,Low risk
CUS-02753,89,10,1005.36,3,5,5,355,High-Value Customers,5,Low risk
CUS-02754,16,3,646.85,5,2,4,524,Potential Loyalists,5,Low risk
CUS-02755,109,4,169.49,3,3,2,332,Potential Loyalists,28,Low risk
CUS-02756,43,5,741.3100000000001,5,3,5,535,Potential Loyalists,5,Low risk
CUS-02757,61,7,483.34000000000003,4,4,4,444,Champions,5,Low risk
CUS-02758,468,3,198.96,1,2,2,122,Hibernating,82,High risk
CUS-02759,22,9,548.16,5,5,4,554,Champions,28,Low risk
CUS-02760,549,2,50.879999999999995,1,1,1,111,Hibernating,85,High risk
CUS-02761,443,4,334.65,1,3,3,133,At Risk,67,High risk
CUS-02762,59,2,162.43,4,1,2,412,Potential Loyalists,5,Low risk
CUS-02763,26,10,760.04,5,5,5,555,High-Value Customers,5,Low risk
CUS-02764,466,3,373.35,1,2,3,123,Hibernating,57,Medium risk
CUS-02765,51,4,370.71,4,3,3,433,Potential Loyalists,5,Low risk
CUS-02766,85,2,280.40999999999997,3,1,3,313,Potential Loyalists,15,Low risk
CUS-02767,103,4,373.84999999999997,3,3,3,333,Potential Loyalists,28,Low risk
CUS-02768,97,4,200.41,3,3,2,332,Discount Seekers,41,Medium risk
CUS-02769,322,6,555.11,2,4,4,244,At Risk,57,Medium risk
CUS-02770,17,4,225.64000000000001,5,3,2,532,Potential Loyalists,5,Low risk
CUS-02771,197,9,852.88,2,5,5,255,High-Value Customers,44,Medium risk
CUS-02772,97,6,651.75,3,4,4,344,Loyal Customers,18,Low risk
CUS-02773,13,3,253.32,5,2,3,523,Potential Loyalists,5,Low risk
CUS-02774,161,2,170.85,2,1,2,212,Hibernating,59,Medium risk
CUS-02775,22,6,596.89,5,4,4,544,Champions,5,Low risk
CUS-02776,254,3,182.81,2,2,2,222,Hibernating,72,High risk
CUS-02777,56,8,928.59,4,5,5,455,High-Value Customers,5,Low risk
CUS-02778,649,2,192.41,1,1,2,112,Hibernating,85,High risk
CUS-02779,150,8,823.01,2,5,5,255,High-Value Customers,30,Low risk
CUS-02780,251,3,347.46000000000004,2,2,3,223,Hibernating,72,High risk
CUS-02781,455,3,266.66,1,2,3,123,Hibernating,67,High risk
CUS-02782,554,5,415.49,1,3,4,134,At Risk,72,High risk
CUS-02783,251,7,501.4,2,4,4,244,At Risk,73,High risk
CUS-02784,35,13,1006.5799999999999,5,5,5,555,High-Value Customers,20,Low risk
CUS-02785,7,4,275.53999999999996,5,3,3,533,Potential Loyalists,5,Low risk
CUS-02786,770,1,60.76,1,1,1,111,Hibernating,85,High risk
CUS-02787,478,3,219.04,1,2,2,122,Hibernating,67,High risk
CUS-02788,84,5,371.87,3,3,3,333,Potential Loyalists,20,Low risk
CUS-02789,71,5,378.21,4,3,3,433,Potential Loyalists,20,Low risk
CUS-02790,57,3,190.39,4,2,2,422,Potential Loyalists,5,Low risk
CUS-02791,101,11,339.93,3,5,3,353,Loyal Customers,18,Low risk
CUS-02792,392,2,161.17000000000002,2,1,2,212,Hibernating,67,High risk
CUS-02793,83,5,586.23,3,3,4,334,Potential Loyalists,5,Low risk
CUS-02794,415,4,315.28,1,3,3,133,At Risk,67,High risk
CUS-02795,166,7,690.8299999999999,2,4,5,245,High-Value Customers,44,Medium risk
CUS-02796,729,2,137.42000000000002,1,1,2,112,Hibernating,77,High risk
CUS-02797,56,4,471.72999999999996,4,3,4,434,Potential Loyalists,5,Low risk
CUS-02798,526,3,225.70000000000002,1,2,2,122,Hibernating,67,High risk
CUS-02799,93,9,864.25,3,5,5,355,High-Value Customers,18,Low risk
CUS-02800,67,6,270.12,4,4,3,443,Loyal Customers,20,Low risk
CUS-02801,110,7,675.7,3,4,5,345,High-Value Customers,18,Low risk
CUS-02802,355,4,259.88,2,3,3,233,At Risk,72,High risk
CUS-02803,133,3,196.1,3,2,2,322,Potential Loyalists,30,Low risk
CUS-02804,72,4,304.03,4,3,3,433,Potential Loyalists,38,Medium risk
CUS-02805,271,3,261.8,2,2,3,223,Hibernating,57,Medium risk
CUS-02806,20,2,92.22,5,1,1,511,Potential Loyalists,5,Low risk
CUS-02807,76,6,522.96,4,4,4,444,Champions,5,Low risk
CUS-02808,710,1,28.03,1,1,1,111,Hibernating,85,High risk
CUS-02809,18,2,76.97,5,1,1,511,Potential Loyalists,5,Low risk
CUS-02810,75,3,80.85,4,2,1,421,Potential Loyalists,5,Low risk
CUS-02811,219,3,256.15999999999997,2,2,3,223,Hibernating,64,Medium risk
CUS-02812,103,3,183.79,3,2,2,322,Potential Loyalists,28,Low risk
CUS-02813,27,21,1915.1200000000001,5,5,5,555,High-Value Customers,13,Low risk
CUS-02814,74,7,791.33,4,4,5,445,High-Value Customers,5,Low risk
CUS-02815,130,7,463.81,3,4,4,344,Loyal Customers,30,Low risk
CUS-02816,98,15,1639.96,3,5,5,355,High-Value Customers,33,Low risk
CUS-02817,154,6,540.97,2,4,4,244,At Risk,44,Medium risk
CUS-02818,96,9,938.72,3,5,5,355,High-Value Customers,33,Low risk
CUS-02819,261,3,276.33,2,2,3,223,Hibernating,82,High risk
CUS-02820,564,1,25.39,1,1,1,111,Hibernating,85,High risk
CUS-02821,71,8,591.29,4,5,4,454,Champions,28,Low risk
CUS-02822,443,2,230.92000000000002,1,1,2,112,Hibernating,67,High risk
CUS-02823,68,5,303.23,4,3,3,433,Potential Loyalists,5,Low risk
CUS-02824,67,12,1349.12,4,5,5,455,High-Value Customers,5,Low risk
CUS-02825,159,10,927.98,2,5,5,255,High-Value Customers,44,Medium risk
CUS-02826,129,7,575.65,3,4,4,344,Loyal Customers,30,Low risk
CUS-02827,129,2,86.33,3,1,1,311,Discount Seekers,65,High risk
CUS-02828,140,5,464.16999999999996,2,3,4,234,Discount Seekers,46,Medium risk
CUS-02829,133,8,658.85,3,5,5,355,High-Value Customers,45,Medium risk
CUS-02830,75,7,736.0,4,4,5,445,High-Value Customers,13,Low risk
CUS-02831,230,4,455.13,2,3,4,234,At Risk,52,Medium risk
CUS-02832,41,4,285.53,5,3,3,533,Potential Loyalists,5,Low risk
CUS-02833,32,3,225.95000000000002,5,2,2,522,Potential Loyalists,5,Low risk
CUS-02834,92,5,296.16,3,3,3,333,Discount Seekers,34,Low risk
CUS-02835,364,5,333.29,2,3,3,233,At Risk,65,High risk
CUS-02836,61,8,426.82,4,5,4,454,Champions,5,Low risk
CUS-02837,193,5,455.14,2,3,4,234,At Risk,44,Medium risk
CUS-02838,483,1,76.08,1,1,1,111,Hibernating,77,High risk
CUS-02839,64,5,562.61,4,3,4,434,Potential Loyalists,5,Low risk
CUS-02840,142,9,778.77,2,5,5,255,High-Value Customers,30,Low risk
CUS-02841,772,1,35.14,1,1,1,111,Hibernating,85,High risk
CUS-02842,642,2,139.04,1,1,2,112,Hibernating,85,High risk
CUS-02843,28,2,512.25,5,1,4,514,Potential Loyalists,5,Low risk
CUS-02844,169,6,465.44,2,4,4,244,At Risk,44,Medium risk
CUS-02845,528,2,134.79,1,1,2,112,Hibernating,85,High risk
CUS-02846,565,3,140.91,1,2,2,122,Hibernating,82,High risk
CUS-02847,33,3,223.29000000000002,5,2,2,522,Discount Seekers,28,Low risk
CUS-02848,54,2,47.120000000000005,4,1,1,411,Potential Loyalists,5,Low risk
CUS-02849,719,2,169.43,1,1,2,112,Hibernating,77,High risk
CUS-02850,18,4,289.15,5,3,3,533,Potential Loyalists,5,Low risk
CUS-02851,85,1,33.17,3,1,1,311,Potential Loyalists,15,Low risk
CUS-02852,125,2,143.27,3,1,2,312,Discount Seekers,53,Medium risk
CUS-02853,138,6,928.83,2,4,5,245,High-Value Customers,30,Low risk
CUS-02854,57,8,497.24,4,5,4,454,Champions,5,Low risk
CUS-02855,107,3,316.29,3,2,3,323,Potential Loyalists,18,Low risk
CUS-02856,40,4,586.98,5,3,4,534,Potential Loyalists,5,Low risk
CUS-02857,31,6,407.4,5,4,4,544,Champions,5,Low risk
CUS-02858,701,2,74.43,1,1,1,111,Hibernating,92,High risk
CUS-02859,30,1,72.41,5,1,1,511,Potential Loyalists,5,Low risk
CUS-02860,63,6,400.32,4,4,4,444,Champions,13,Low risk
CUS-02861,31,9,667.8,5,5,5,555,High-Value Customers,13,Low risk
CUS-02862,314,1,50.42,2,1,1,211,Hibernating,77,High risk
CUS-02863,66,4,173.82999999999998,4,3,2,432,Potential Loyalists,38,Medium risk
CUS-02864,48,9,715.0,5,5,5,555,High-Value Customers,5,Low risk
CUS-02865,31,2,110.16,5,1,1,511,Potential Loyalists,20,Low risk
CUS-02866,63,1,73.37,4,1,1,411,Potential Loyalists,20,Low risk
CUS-02867,395,1,59.08,2,1,1,211,Hibernating,77,High risk
CUS-02868,37,6,591.5699999999999,5,4,4,544,Champions,5,Low risk
CUS-02869,122,7,512.06,3,4,4,344,Discount Seekers,46,Medium risk
CUS-02870,109,1,25.07,3,1,1,311,Potential Loyalists,28,Low risk
CUS-02871,644,4,255.36999999999998,1,3,3,133,At Risk,82,High risk
CUS-02872,15,1,88.46,5,1,1,511,Potential Loyalists,5,Low risk
CUS-02873,252,7,559.86,2,4,4,244,At Risk,57,Medium risk
CUS-02874,30,2,111.97,5,1,1,511,Potential Loyalists,5,Low risk
CUS-02875,75,9,657.79,4,5,4,454,Champions,5,Low risk
CUS-02876,768,2,64.14,1,1,1,111,Hibernating,77,High risk
CUS-02877,442,4,370.22,1,3,3,133,At Risk,67,High risk
CUS-02878,48,1,70.29,5,1,1,511,Potential Loyalists,5,Low risk
CUS-02879,41,15,1450.82,5,5,5,555,High-Value Customers,5,Low risk
CUS-02880,79,6,497.15999999999997,4,4,4,444,Champions,5,Low risk
CUS-02881,68,5,169.7,4,3,2,432,Potential Loyalists,13,Low risk
CUS-02882,108,11,752.1,3,5,5,355,High-Value Customers,33,Low risk
CUS-02883,785,3,416.62,1,2,4,124,Hibernating,92,High risk
CUS-02884,102,5,449.11,3,3,4,334,Potential Loyalists,18,Low risk
CUS-02885,45,9,936.2,5,5,5,555,High-Value Customers,28,Low risk
CUS-02886,109,2,128.81,3,1,1,311,Potential Loyalists,43,Medium risk
CUS-02887,16,2,148.61,5,1,2,512,Potential Loyalists,40,Medium risk
CUS-02888,71,5,424.78,4,3,4,434,Discount Seekers,21,Low risk
CUS-02889,213,2,115.29,2,1,1,211,Hibernating,54,Medium risk
CUS-02890,37,3,192.86,5,2,2,522,Potential Loyalists,5,Low risk
CUS-02891,77,7,730.97,4,4,5,445,High-Value Customers,13,Low risk
CUS-02892,63,7,536.0400000000001,4,4,4,444,Champions,28,Low risk
CUS-02893,899,1,19.72,1,1,1,111,Hibernating,77,High risk
CUS-02894,71,11,1350.98,4,5,5,455,High-Value Customers,20,Low risk
CUS-02895,351,4,254.51999999999998,2,3,3,233,At Risk,65,High risk
CUS-02896,244,6,488.03000000000003,2,4,4,244,At Risk,72,High risk
CUS-02897,115,4,234.32999999999998,3,3,2,332,Discount Seekers,48,Medium risk
CUS-02898,23,5,315.17,5,3,3,533,Potential Loyalists,15,Low risk
CUS-02899,54,5,154.76,4,3,2,432,Potential Loyalists,23,Low risk
CUS-02900,113,5,557.45,3,3,4,334,Potential Loyalists,26,Low risk
CUS-02901,101,4,248.02,3,3,3,333,Potential Loyalists,33,Low risk
CUS-02902,608,2,217.39,1,1,2,112,Hibernating,77,High risk
CUS-02903,50,10,907.7,4,5,5,455,High-Value Customers,13,Low risk
CUS-02904,323,7,311.21,2,4,3,243,At Risk,57,Medium risk
CUS-02905,109,5,495.25,3,3,4,334,Potential Loyalists,43,Medium risk
CUS-02906,96,2,83.2,3,1,1,311,Potential Loyalists,18,Low risk
CUS-02907,57,10,663.75,4,5,5,455,High-Value Customers,5,Low risk
CUS-02908,84,1,67.92,3,1,1,311,Potential Loyalists,5,Low risk
CUS-02909,87,4,420.41999999999996,3,3,4,334,Potential Loyalists,20,Low risk
CUS-02910,47,10,1053.08,5,5,5,555,High-Value Customers,5,Low risk
CUS-02911,42,8,757.3,5,5,5,555,High-Value Customers,5,Low risk
CUS-02912,22,3,368.46000000000004,5,2,3,523,Potential Loyalists,5,Low risk
CUS-02913,89,5,466.47,3,3,4,334,Potential Loyalists,5,Low risk
CUS-02914,100,8,554.85,3,5,4,354,Loyal Customers,18,Low risk
CUS-02915,11,3,149.56,5,2,2,522,Potential Loyalists,25,Low risk
CUS-02916,50,14,1381.97,4,5,5,455,High-Value Customers,13,Low risk
CUS-02917,86,8,959.55,3,5,5,355,High-Value Customers,20,Low risk
CUS-02918,27,4,134.29,5,3,2,532,Potential Loyalists,5,Low risk
CUS-02919,728,1,69.04,1,1,1,111,Hibernating,85,High risk
CUS-02920,83,20,2340.11,3,5,5,355,High-Value Customers,5,Low risk
CUS-02921,47,3,120.05000000000001,5,2,1,521,Potential Loyalists,5,Low risk
CUS-02922,766,1,36.41,1,1,1,111,Hibernating,85,High risk
CUS-02923,42,8,925.87,5,5,5,555,High-Value Customers,5,Low risk
CUS-02924,278,5,447.35,2,3,4,234,At Risk,57,Medium risk
CUS-02925,65,6,500.02,4,4,4,444,Champions,5,Low risk
CUS-02926,73,5,445.34999999999997,4,3,4,434,Potential Loyalists,23,Low risk
CUS-02927,63,2,104.69,4,1,1,411,Potential Loyalists,5,Low risk
CUS-02928,87,11,1097.79,3,5,5,355,High-Value Customers,13,Low risk
CUS-02929,109,7,786.74,3,4,5,345,High-Value Customers,33,Low risk
CUS-02930,114,8,630.81,3,5,4,354,Loyal Customers,33,Low risk
CUS-02931,112,1,89.3,3,1,1,311,Potential Loyalists,28,Low risk
CUS-02932,96,10,1456.9,3,5,5,355,High-Value Customers,26,Low risk
CUS-02933,55,4,420.94,4,3,4,434,Potential Loyalists,20,Low risk
CUS-02934,107,7,498.29999999999995,3,4,4,344,Loyal Customers,18,Low risk
CUS-02935,71,14,1311.58,4,5,5,455,High-Value Customers,5,Low risk
CUS-02936,126,16,2650.44,3,5,5,355,High-Value Customers,30,Low risk
CUS-02937,31,3,135.09,5,2,2,522,Potential Loyalists,5,Low risk
CUS-02938,278,3,238.93,2,2,2,222,Hibernating,57,Medium risk
CUS-02939,469,3,344.44,1,2,3,123,Hibernating,92,High risk
CUS-02940,385,2,205.01999999999998,2,1,2,212,Hibernating,75,High risk
CUS-02941,154,7,338.48,2,4,3,243,At Risk,44,Medium risk
CUS-02942,171,6,369.5,2,4,3,243,Discount Seekers,74,High risk
CUS-02943,89,6,431.86,3,4,4,344,Loyal Customers,23,Low risk
CUS-02944,28,5,220.11,5,3,2,532,Potential Loyalists,5,Low risk
CUS-02945,121,8,647.3100000000001,3,5,4,354,Loyal Customers,30,Low risk
CUS-02946,28,1,164.01,5,1,2,512,Potential Loyalists,5,Low risk
CUS-02947,62,8,621.73,4,5,4,454,Champions,5,Low risk
CUS-02948,49,7,710.42,4,4,5,445,High-Value Customers,5,Low risk
CUS-02949,378,5,551.81,2,3,4,234,At Risk,67,High risk
CUS-02950,8,3,152.45,5,2,2,522,Potential Loyalists,15,Low risk
CUS-02951,137,6,543.37,3,4,4,344,Loyal Customers,30,Low risk
CUS-02952,32,11,688.78,5,5,5,555,High-Value Customers,28,Low risk
CUS-02953,103,10,1207.8100000000002,3,5,5,355,High-Value Customers,18,Low risk
CUS-02954,36,5,500.25,5,3,4,534,Potential Loyalists,5,Low risk
CUS-02955,44,2,53.41,5,1,1,511,Potential Loyalists,5,Low risk
CUS-02956,20,14,1028.24,5,5,5,555,High-Value Customers,13,Low risk
CUS-02957,38,2,97.50999999999999,5,1,1,511,Potential Loyalists,5,Low risk
CUS-02958,47,7,762.17,5,4,5,545,High-Value Customers,20,Low risk
CUS-02959,491,3,245.61,1,2,2,122,Hibernating,75,High risk
CUS-02960,48,5,507.25,5,3,4,534,Potential Loyalists,5,Low risk
CUS-02961,110,8,809.92,3,5,5,355,High-Value Customers,33,Low risk
CUS-02962,5,5,532.17,5,3,4,534,Potential Loyalists,5,Low risk
CUS-02963,80,7,497.19,4,4,4,444,Champions,13,Low risk
CUS-02964,315,4,167.22,2,3,2,232,At Risk,57,Medium risk
CUS-02965,64,3,102.47999999999999,4,2,1,421,Discount Seekers,30,Low risk
CUS-02966,351,4,319.42,2,3,3,233,At Risk,72,High risk
CUS-02967,336,2,89.85,2,1,1,211,Hibernating,67,High risk
CUS-02968,60,1,59.87,4,1,1,411,Potential Loyalists,5,Low risk
CUS-02969,100,3,233.87,3,2,2,322,Potential Loyalists,26,Low risk
CUS-02970,186,1,77.53,2,1,1,211,Hibernating,54,Medium risk
CUS-02971,329,3,198.57999999999998,2,2,2,222,Hibernating,67,High risk
CUS-02972,616,5,349.57,1,3,3,133,At Risk,82,High risk
CUS-02973,13,6,326.03999999999996,5,4,3,543,Loyal Customers,5,Low risk
CUS-02974,65,4,216.26999999999998,4,3,2,432,Potential Loyalists,20,Low risk
CUS-02975,67,4,219.10000000000002,4,3,2,432,Potential Loyalists,5,Low risk
CUS-02976,87,4,175.28,3,3,2,332,Potential Loyalists,5,Low risk
CUS-02977,157,2,120.37,2,1,1,211,Hibernating,74,High risk
CUS-02978,98,7,414.4,3,4,4,344,Loyal Customers,18,Low risk
CUS-02979,969,4,133.26,1,3,2,132,At Risk,67,High risk
CUS-02980,59,2,121.47,4,1,1,411,Potential Loyalists,5,Low risk
CUS-02981,740,1,42.63,1,1,1,111,Hibernating,77,High risk
CUS-02982,41,8,830.3,5,5,5,555,High-Value Customers,5,Low risk
CUS-02983,64,8,665.5699999999999,4,5,5,455,High-Value Customers,13,Low risk
CUS-02984,82,1,95.99,3,1,1,311,Potential Loyalists,5,Low risk
CUS-02985,81,4,205.82,4,3,2,432,Potential Loyalists,5,Low risk
CUS-02986,175,4,322.59,2,3,3,233,At Risk,54,Medium risk
CUS-02987,122,9,861.03,3,5,5,355,High-Value Customers,30,Low risk
CUS-02988,176,5,245.87,2,3,2,232,At Risk,44,Medium risk
CUS-02989,869,2,183.94,1,1,2,112,Hibernating,77,High risk
CUS-02990,64,6,543.62,4,4,4,444,Champions,13,Low risk
CUS-02991,572,3,169.84,1,2,2,122,Hibernating,67,High risk
CUS-02992,145,1,62.6,2,1,1,211,Hibernating,40,Medium risk
CUS-02993,52,2,281.14,4,1,3,413,Potential Loyalists,5,Low risk
CUS-02994,482,3,262.12,1,2,3,123,Hibernating,82,High risk
CUS-02995,88,2,138.07,3,1,2,312,Potential Loyalists,15,Low risk
CUS-02996,105,7,587.2,3,4,4,344,Loyal Customers,26,Low risk
CUS-02997,79,7,1281.3600000000001,4,4,5,445,High-Value Customers,5,Low risk
CUS-02998,86,1,135.8,3,1,2,312,Potential Loyalists,15,Low risk
CUS-02999,630,1,65.4,1,1,1,111,Hibernating,85,High risk
CUS-03000,117,8,663.4,3,5,5,355,High-Value Customers,18,Low risk
CUS-03001,299,2,132.8,2,1,2,212,Hibernating,67,High risk
CUS-03002,52,14,936.44,4,5,5,455,High-Value Customers,5,Low risk
CUS-03003,357,1,153.72,2,1,2,212,Hibernating,85,High risk
CUS-03004,144,6,449.26,2,4,4,244,At Risk,30,Low risk
CUS-03005,436,1,122.09,1,1,1,111,Hibernating,77,High risk
CUS-03006,188,4,256.25,2,3,3,233,At Risk,69,High risk
CUS-03007,686,7,535.04,1,4,4,144,At Risk,57,Medium risk
CUS-03008,172,9,725.48,2,5,5,255,High-Value Customers,52,Medium risk
CUS-03009,96,6,470.04,3,4,4,344,Loyal Customers,26,Low risk
CUS-03010,74,5,312.8,4,3,3,433,Potential Loyalists,5,Low risk
CUS-03011,265,6,502.93,2,4,4,244,At Risk,65,High risk
CUS-03012,279,3,185.57,2,2,2,222,Hibernating,67,High risk
CUS-03013,140,4,336.9,2,3,3,233,At Risk,45,Medium risk
CUS-03014,24,12,1841.2,5,5,5,555,High-Value Customers,13,Low risk
CUS-03015,69,3,231.08999999999997,4,2,2,422,Potential Loyalists,15,Low risk
CUS-03016,492,4,266.34999999999997,1,3,3,133,At Risk,82,High risk
CUS-03017,46,1,17.11,5,1,1,511,Potential Loyalists,5,Low risk
CUS-03018,86,9,652.8,3,5,4,354,Loyal Customers,20,Low risk
CUS-03019,90,6,406.96,3,4,4,344,Loyal Customers,5,Low risk
CUS-03020,82,7,569.48,3,4,4,344,Loyal Customers,13,Low risk
CUS-03021,137,2,74.68,3,1,1,311,Potential Loyalists,55,Medium risk
CUS-03022,443,1,104.12,1,1,1,111,Hibernating,77,High risk
CUS-03023,111,5,266.59000000000003,3,3,3,333,Potential Loyalists,18,Low risk
CUS-03024,103,2,100.15,3,1,1,311,Potential Loyalists,18,Low risk
CUS-03025,129,4,211.59,3,3,2,332,Discount Seekers,63,Medium risk
CUS-03026,47,4,364.95,5,3,3,533,Potential Loyalists,20,Low risk
CUS-03027,577,8,466.19,1,5,4,154,At Risk,57,Medium risk
CUS-03028,130,4,348.86,3,3,3,333,Potential Loyalists,45,Medium risk
CUS-03029,48,5,431.34000000000003,5,3,4,534,Potential Loyalists,5,Low risk
CUS-03030,41,9,1271.21,5,5,5,555,High-Value Customers,5,Low risk
CUS-03031,681,2,185.01,1,1,2,112,Hibernating,77,High risk
CUS-03032,42,10,553.34,5,5,4,554,Champions,21,Low risk
CUS-03033,114,4,289.57,3,3,3,333,Potential Loyalists,28,Low risk
CUS-03034,42,6,580.1,5,4,4,544,Champions,5,Low risk
CUS-03035,120,2,60.81,3,1,1,311,Potential Loyalists,38,Medium risk
CUS-03036,501,4,298.26,1,3,3,133,At Risk,67,High risk
CUS-03037,631,3,414.40000000000003,1,2,4,124,Hibernating,92,High risk
CUS-03038,251,6,608.77,2,4,4,244,At Risk,65,High risk
CUS-03039,239,3,236.34,2,2,2,222,Hibernating,62,Medium risk
CUS-03040,130,3,140.17,3,2,2,322,Potential Loyalists,30,Low risk
CUS-03041,417,3,245.41000000000003,1,2,2,122,Hibernating,82,High risk
CUS-03042,55,2,80.88,4,1,1,411,Potential Loyalists,5,Low risk
CUS-03043,81,4,322.44,4,3,3,433,Potential Loyalists,5,Low risk
CUS-03044,64,6,481.44,4,4,4,444,Champions,21,Low risk
CUS-03045,50,6,747.0799999999999,4,4,5,445,High-Value Customers,13,Low risk
CUS-03046,381,2,80.53999999999999,2,1,1,211,Hibernating,67,High risk
CUS-03047,730,3,366.28,1,2,3,123,Hibernating,85,High risk
CUS-03048,86,4,267.03000000000003,3,3,3,333,Discount Seekers,20,Low risk
CUS-03049,61,1,28.36,4,1,1,411,Potential Loyalists,13,Low risk
CUS-03050,189,2,107.59,2,1,1,211,Hibernating,64,Medium risk
CUS-03051,580,2,112.81,1,1,1,111,Hibernating,67,High risk
CUS-03052,596,2,73.11,1,1,1,111,Hibernating,92,High risk
CUS-03053,47,2,305.9,5,1,3,513,Potential Loyalists,5,Low risk
CUS-03054,648,1,49.51,1,1,1,111,Hibernating,85,High risk
CUS-03055,120,3,141.28,3,2,2,322,Potential Loyalists,43,Medium risk
CUS-03056,357,3,480.03,2,2,4,224,Hibernating,67,High risk
CUS-03057,103,3,210.41000000000003,3,2,2,322,Discount Seekers,36,Medium risk
CUS-03058,82,6,298.22,3,4,3,343,Loyal Customers,20,Low risk
CUS-03059,8,2,119.31,5,1,1,511,Potential Loyalists,5,Low risk
CUS-03060,70,8,752.8,4,5,5,455,High-Value Customers,5,Low risk
CUS-03061,405,2,127.19,1,1,1,111,Hibernating,92,High risk
CUS-03062,138,5,285.29,2,3,3,233,At Risk,30,Low risk
CUS-03063,179,4,538.77,2,3,4,234,At Risk,54,Medium risk
CUS-03064,87,10,975.09,3,5,5,355,High-Value Customers,13,Low risk
CUS-03065,40,4,555.3,5,3,4,534,Potential Loyalists,5,Low risk
CUS-03066,40,2,136.5,5,1,2,512,Potential Loyalists,20,Low risk
CUS-03067,42,3,259.97,5,2,3,523,Potential Loyalists,20,Low risk
CUS-03068,650,2,183.98000000000002,1,1,2,112,Hibernating,77,High risk
CUS-03069,77,6,700.0,4,4,5,445,High-Value Customers,21,Low risk
CUS-03070,714,2,115.59,1,1,1,111,Hibernating,77,High risk
CUS-03071,332,2,130.57,2,1,1,211,Hibernating,92,High risk
CUS-03072,34,3,163.12,5,2,2,522,Potential Loyalists,5,Low risk
CUS-03073,9,1,85.49,5,1,1,511,Potential Loyalists,5,Low risk
CUS-03074,62,2,244.36,4,1,2,412,Potential Loyalists,5,Low risk
CUS-03075,60,13,1492.06,4,5,5,455,High-Value Customers,5,Low risk
CUS-03076,22,3,143.37,5,2,2,522,Potential Loyalists,5,Low risk
CUS-03077,77,9,575.38,4,5,4,454,Champions,28,Low risk
CUS-03078,517,2,146.0,1,1,2,112,Hibernating,92,High risk
CUS-03079,521,2,58.17,1,1,1,111,Hibernating,67,High risk
CUS-03080,264,4,328.12,2,3,3,233,At Risk,57,Medium risk
CUS-03081,22,1,68.79,5,1,1,511,Potential Loyalists,5,Low risk
CUS-03082,34,9,990.2,5,5,5,555,High-Value Customers,5,Low risk
CUS-03083,160,6,237.35000000000002,2,4,2,242,At Risk,44,Medium risk
CUS-03084,33,1,19.2,5,1,1,511,Potential Loyalists,5,Low risk
CUS-03085,76,5,397.76,4,3,3,433,Potential Loyalists,15,Low risk
CUS-03086,250,3,343.18,2,2,3,223,Hibernating,67,High risk
CUS-03087,911,2,265.81,1,1,3,113,Hibernating,77,High risk
CUS-03088,69,2,113.89,4,1,1,411,Potential Loyalists,5,Low risk
CUS-03089,230,4,311.98,2,3,3,233,At Risk,54,Medium risk
CUS-03090,12,10,762.86,5,5,5,555,High-Value Customers,5,Low risk
CUS-03091,75,4,198.87,4,3,2,432,Potential Loyalists,5,Low risk
CUS-03092,61,3,191.35,4,2,2,422,Potential Loyalists,5,Low risk
CUS-03093,52,2,138.51,4,1,2,412,Potential Loyalists,5,Low risk
CUS-03094,475,4,320.32,1,3,3,133,At Risk,82,High risk
CUS-03095,48,6,512.87,5,4,4,544,Champions,13,Low risk
CUS-03096,56,10,902.59,4,5,5,455,High-Value Customers,13,Low risk
CUS-03097,56,10,1304.34,4,5,5,455,High-Value Customers,5,Low risk
CUS-03098,145,1,87.04,2,1,1,211,Hibernating,30,Low risk
CUS-03099,63,4,203.79000000000002,4,3,2,432,Potential Loyalists,20,Low risk
CUS-03100,163,2,169.29000000000002,2,1,2,212,Hibernating,44,Medium risk
CUS-03101,108,8,426.14,3,5,4,354,Loyal Customers,18,Low risk
CUS-03102,74,6,417.34000000000003,4,4,4,444,Champions,28,Low risk
CUS-03103,68,7,365.44,4,4,3,443,Loyal Customers,5,Low risk
CUS-03104,336,3,239.12,2,2,2,222,Hibernating,67,High risk
CUS-03105,61,6,650.83,4,4,4,444,Champions,5,Low risk
CUS-03106,134,10,2161.62,3,5,5,355,High-Value Customers,38,Medium risk
CUS-03107,284,2,56.57,2,1,1,211,Hibernating,67,High risk
CUS-03108,29,1,170.61,5,1,2,512,Potential Loyalists,5,Low risk
CUS-03109,24,1,94.05,5,1,1,511,Potential Loyalists,5,Low risk
CUS-03110,40,8,1089.94,5,5,5,555,High-Value Customers,5,Low risk
CUS-03111,726,2,390.38,1,1,3,113,Hibernating,77,High risk
CUS-03112,50,9,941.11,4,5,5,455,High-Value Customers,5,Low risk
CUS-03113,42,2,66.12,5,1,1,511,Potential Loyalists,5,Low risk
CUS-03114,890,2,144.47,1,1,2,112,Hibernating,85,High risk
CUS-03115,43,3,224.98,5,2,2,522,Potential Loyalists,5,Low risk
CUS-03116,315,3,317.15,2,2,3,223,Hibernating,57,Medium risk
CUS-03117,43,13,1938.45,5,5,5,555,High-Value Customers,5,Low risk
CUS-03118,750,4,335.09,1,3,3,133,At Risk,67,High risk
CUS-03119,179,10,734.9,2,5,5,255,High-Value Customers,60,Medium risk
CUS-03120,643,2,308.95,1,1,3,113,Hibernating,77,High risk
CUS-03121,110,5,491.9,3,3,4,334,Potential Loyalists,18,Low risk
CUS-03122,284,3,230.14999999999998,2,2,2,222,Hibernating,82,High risk
CUS-03123,48,2,358.51,5,1,3,513,Potential Loyalists,5,Low risk
CUS-03124,37,13,1058.95,5,5,5,555,High-Value Customers,28,Low risk
CUS-03125,674,1,19.79,1,1,1,111,Hibernating,77,High risk
CUS-03126,31,9,761.49,5,5,5,555,High-Value Customers,20,Low risk
CUS-03127,80,5,522.77,4,3,4,434,Potential Loyalists,13,Low risk
CUS-03128,86,8,902.63,3,5,5,355,High-Value Customers,5,Low risk
CUS-03129,18,1,26.98,5,1,1,511,Potential Loyalists,5,Low risk
CUS-03130,70,6,703.61,4,4,5,445,High-Value Customers,13,Low risk
CUS-03131,956,1,48.63,1,1,1,111,Hibernating,77,High risk
CUS-03132,121,1,184.56,3,1,2,312,Potential Loyalists,30,Low risk
CUS-03133,78,6,329.28000000000003,4,4,3,443,Discount Seekers,28,Low risk
CUS-03134,74,3,560.71,4,2,4,424,Potential Loyalists,15,Low risk
CUS-03135,56,1,70.3,4,1,1,411,Potential Loyalists,5,Low risk
CUS-03136,336,2,192.26999999999998,2,1,2,212,Hibernating,92,High risk
CUS-03137,219,5,458.08,2,3,4,234,Discount Seekers,60,Medium risk
CUS-03138,46,7,629.4599999999999,5,4,4,544,Champions,13,Low risk
CUS-03139,39,3,300.94,5,2,3,523,Potential Loyalists,15,Low risk
CUS-03140,199,4,293.81,2,3,3,233,At Risk,54,Medium risk
CUS-03141,914,1,47.58,1,1,1,111,Hibernating,77,High risk
CUS-03142,154,4,370.7,2,3,3,233,At Risk,59,Medium risk
CUS-03143,271,3,192.31,2,2,2,222,Hibernating,80,High risk
CUS-03144,444,2,110.03,1,1,1,111,Hibernating,67,High risk
CUS-03145,416,3,139.23000000000002,1,2,2,122,Hibernating,67,High risk
CUS-03146,66,6,655.0,4,4,4,444,Champions,15,Low risk
CUS-03147,70,5,629.87,4,3,4,434,Potential Loyalists,13,Low risk
CUS-03148,20,4,223.38,5,3,2,532,Potential Loyalists,5,Low risk
CUS-03149,133,3,200.13,3,2,2,322,Potential Loyalists,30,Low risk
CUS-03150,521,3,300.69,1,2,3,123,Hibernating,67,High risk
CUS-03151,27,4,394.98,5,3,3,533,Potential Loyalists,15,Low risk
CUS-03152,44,3,386.39,5,2,3,523,Potential Loyalists,5,Low risk
CUS-03153,187,3,139.2,2,2,2,222,Hibernating,54,Medium risk
CUS-03154,26,2,116.02000000000001,5,1,1,511,Potential Loyalists,5,Low risk
CUS-03155,6,11,1247.43,5,5,5,555,High-Value Customers,13,Low risk
CUS-03156,580,4,478.84,1,3,4,134,At Risk,82,High risk
CUS-03157,48,7,538.07,5,4,4,544,Champions,13,Low risk
CUS-03158,37,8,1195.98,5,5,5,555,High-Value Customers,5,Low risk
CUS-03159,339,4,376.04,2,3,3,233,At Risk,72,High risk
CUS-03160,89,10,795.68,3,5,5,355,High-Value Customers,5,Low risk
CUS-03161,33,22,2689.79,5,5,5,555,High-Value Customers,5,Low risk
CUS-03162,436,1,31.77,1,1,1,111,Hibernating,77,High risk
CUS-03163,64,8,759.7,4,5,5,455,High-Value Customers,20,Low risk
CUS-03164,72,3,190.06,4,2,2,422,Potential Loyalists,5,Low risk
CUS-03165,243,3,287.55,2,2,3,223,Hibernating,75,High risk
CUS-03166,231,6,805.89,2,4,5,245,High-Value Customers,52,Medium risk
CUS-03167,20,7,548.35,5,4,4,544,Champions,13,Low risk
CUS-03168,38,3,136.07999999999998,5,2,2,522,Potential Loyalists,5,Low risk
CUS-03169,83,8,1109.28,3,5,5,355,High-Value Customers,5,Low risk
CUS-03170,76,7,681.81,4,4,5,445,High-Value Customers,13,Low risk
CUS-03171,82,13,1568.76,3,5,5,355,High-Value Customers,5,Low risk
CUS-03172,710,2,73.16,1,1,1,111,Hibernating,77,High risk
CUS-03173,1024,1,71.49,1,1,1,111,Hibernating,100,High risk
CUS-03174,65,6,589.79,4,4,4,444,Champions,20,Low risk
CUS-03175,50,11,1004.76,4,5,5,455,High-Value Customers,13,Low risk
CUS-03176,183,2,320.51,2,1,3,213,Hibernating,79,High risk
CUS-03177,40,4,344.53,5,3,3,533,Potential Loyalists,5,Low risk
CUS-03178,61,3,378.31,4,2,3,423,Potential Loyalists,5,Low risk
CUS-03179,537,3,169.76,1,2,2,122,Hibernating,82,High risk
CUS-03180,421,1,124.48,1,1,1,111,Hibernating,92,High risk
CUS-03181,720,2,153.65,1,1,2,112,Hibernating,85,High risk
CUS-03182,35,4,253.04000000000002,5,3,3,533,Potential Loyalists,5,Low risk
CUS-03183,69,3,224.51,4,2,2,422,Potential Loyalists,20,Low risk
CUS-03184,352,3,209.98,2,2,2,222,Hibernating,82,High risk
CUS-03185,153,6,470.93,2,4,4,244,At Risk,52,Medium risk
CUS-03186,136,8,452.85,3,5,4,354,Loyal Customers,38,Medium risk
CUS-03187,113,6,1147.68,3,4,5,345,High-Value Customers,26,Low risk
CUS-03188,90,5,326.91,3,3,3,333,Potential Loyalists,5,Low risk
CUS-03189,563,4,447.0,1,3,4,134,At Risk,67,High risk
CUS-03190,103,7,323.03999999999996,3,4,3,343,Loyal Customers,26,Low risk
CUS-03191,97,4,463.32,3,3,4,334,Potential Loyalists,43,Medium risk
CUS-03192,61,12,1362.81,4,5,5,455,High-Value Customers,13,Low risk
CUS-03193,22,2,201.64999999999998,5,1,2,512,Potential Loyalists,5,Low risk
CUS-03194,164,4,242.26,2,3,2,232,At Risk,77,High risk
CUS-03195,91,5,495.36,3,3,4,334,Potential Loyalists,26,Low risk
CUS-03196,89,15,1728.15,3,5,5,355,High-Value Customers,5,Low risk
CUS-03197,37,6,347.21000000000004,5,4,3,543,Loyal Customers,20,Low risk
CUS-03198,98,14,1569.54,3,5,5,355,High-Value Customers,18,Low risk
CUS-03199,120,1,42.96,3,1,1,311,Potential Loyalists,18,Low risk
CUS-03200,57,5,434.4,4,3,4,434,Potential Loyalists,5,Low risk
CUS-03201,67,6,457.81,4,4,4,444,Champions,28,Low risk
CUS-03202,144,7,290.77,2,4,3,243,At Risk,30,Low risk
CUS-03203,565,1,78.29,1,1,1,111,Hibernating,77,High risk
CUS-03204,503,1,91.63,1,1,1,111,Hibernating,77,High risk
CUS-03205,50,3,271.94,4,2,3,423,Potential Loyalists,5,Low risk
CUS-03206,76,7,522.07,4,4,4,444,Champions,13,Low risk
CUS-03207,764,4,219.91,1,3,2,132,At Risk,67,High risk
CUS-03208,576,4,173.53,1,3,2,132,At Risk,57,Medium risk
CUS-03209,870,2,81.9,1,1,1,111,Hibernating,92,High risk
CUS-03210,78,11,1094.5,4,5,5,455,High-Value Customers,20,Low risk
CUS-03211,24,5,335.79,5,3,3,533,Potential Loyalists,13,Low risk
CUS-03212,463,4,189.12,1,3,2,132,At Risk,57,Medium risk
CUS-03213,153,9,564.39,2,5,4,254,At Risk,52,Medium risk
CUS-03214,41,4,407.17,5,3,4,534,Potential Loyalists,30,Low risk
CUS-03215,96,15,1673.54,3,5,5,355,High-Value Customers,18,Low risk
CUS-03216,81,3,247.0,4,2,2,422,Potential Loyalists,20,Low risk
CUS-03217,110,3,315.9,3,2,3,323,Discount Seekers,26,Low risk
CUS-03218,98,4,118.72,3,3,1,331,Potential Loyalists,18,Low risk
CUS-03219,216,4,381.92999999999995,2,3,3,233,At Risk,44,Medium risk
CUS-03220,95,10,1436.49,3,5,5,355,High-Value Customers,26,Low risk
CUS-03221,97,2,99.62,3,1,1,311,Potential Loyalists,53,Medium risk
CUS-03222,429,3,259.16999999999996,1,2,3,123,Hibernating,75,High risk
CUS-03223,57,2,72.16,4,1,1,411,Potential Loyalists,15,Low risk
CUS-03224,82,4,424.84999999999997,3,3,4,334,Discount Seekers,28,Low risk
CUS-03225,102,7,515.48,3,4,4,344,Loyal Customers,26,Low risk
CUS-03226,37,4,459.67,5,3,4,534,Discount Seekers,35,Medium risk
CUS-03227,87,6,631.35,3,4,4,344,Loyal Customers,13,Low risk
CUS-03228,54,10,1498.76,4,5,5,455,High-Value Customers,5,Low risk
CUS-03229,282,3,261.55,2,2,3,223,Hibernating,92,High risk
CUS-03230,163,7,776.58,2,4,5,245,High-Value Customers,52,Medium risk
CUS-03231,299,3,378.86,2,2,3,223,Hibernating,77,High risk
CUS-03232,109,4,340.03999999999996,3,3,3,333,Potential Loyalists,28,Low risk
CUS-03233,715,3,125.93,1,2,1,121,Hibernating,92,High risk
CUS-03234,493,1,43.2,1,1,1,111,Hibernating,85,High risk
CUS-03235,94,7,388.39,3,4,3,343,Loyal Customers,18,Low risk
CUS-03236,100,4,298.31,3,3,3,333,Potential Loyalists,33,Low risk
CUS-03237,514,3,288.78999999999996,1,2,3,123,Hibernating,82,High risk
CUS-03238,41,1,76.34,5,1,1,511,Potential Loyalists,5,Low risk
CUS-03239,405,6,616.22,1,4,4,144,At Risk,65,High risk
CUS-03240,52,2,96.6,4,1,1,411,Potential Loyalists,5,Low risk
CUS-03241,1010,1,46.02,1,1,1,111,Hibernating,85,High risk
CUS-03242,135,5,564.09,3,3,4,334,Potential Loyalists,45,Medium risk
CUS-03243,111,7,384.36,3,4,3,343,Loyal Customers,18,Low risk
CUS-03244,64,20,2173.44,4,5,5,455,High-Value Customers,5,Low risk
CUS-03245,50,6,388.3,4,4,3,443,Loyal Customers,13,Low risk
CUS-03246,67,4,344.29999999999995,4,3,3,433,Potential Loyalists,20,Low risk
CUS-03247,78,5,594.47,4,3,4,434,Potential Loyalists,13,Low risk
CUS-03248,78,2,97.36,4,1,1,411,Discount Seekers,13,Low risk
CUS-03249,757,4,458.87,1,3,4,134,At Risk,82,High risk
CUS-03250,106,1,67.07,3,1,1,311,Potential Loyalists,33,Low risk
CUS-03251,646,2,127.7,1,1,1,111,Hibernating,85,High risk
CUS-03252,47,10,875.08,5,5,5,555,High-Value Customers,5,Low risk
CUS-03253,683,3,220.92000000000002,1,2,2,122,Hibernating,82,High risk
CUS-03254,76,6,919.3,4,4,5,445,High-Value Customers,5,Low risk
CUS-03255,258,6,377.19,2,4,3,243,At Risk,72,High risk
CUS-03256,222,5,318.67,2,3,3,233,At Risk,52,Medium risk
CUS-03257,855,2,78.33,1,1,1,111,Hibernating,77,High risk
CUS-03258,124,1,41.76,3,1,1,311,Potential Loyalists,65,High risk
CUS-03259,107,7,700.39,3,4,5,345,High-Value Customers,18,Low risk
CUS-03260,551,2,154.98,1,1,2,112,Hibernating,77,High risk
CUS-03261,38,2,41.42,5,1,1,511,Potential Loyalists,5,Low risk
CUS-03262,517,3,166.92000000000002,1,2,2,122,Hibernating,67,High risk
CUS-03263,127,7,878.89,3,4,5,345,High-Value Customers,38,Medium risk
CUS-03264,98,4,218.01,3,3,2,332,Potential Loyalists,28,Low risk
CUS-03265,42,1,136.1,5,1,2,512,Potential Loyalists,5,Low risk
CUS-03266,22,13,1218.04,5,5,5,555,High-Value Customers,5,Low risk
CUS-03267,748,3,183.21,1,2,2,122,Hibernating,67,High risk
CUS-03268,170,5,475.71999999999997,2,3,4,234,Discount Seekers,52,Medium risk
CUS-03269,59,6,502.51,4,4,4,444,Champions,21,Low risk
CUS-03270,28,9,677.92,5,5,5,555,High-Value Customers,5,Low risk
CUS-03271,57,12,674.35,4,5,5,455,High-Value Customers,21,Low risk
CUS-03272,46,20,1879.04,5,5,5,555,High-Value Customers,13,Low risk
CUS-03273,30,4,153.1,5,3,2,532,Potential Loyalists,5,Low risk
CUS-03274,9,9,670.87,5,5,5,555,High-Value Customers,13,Low risk
CUS-03275,130,9,983.92,3,5,5,355,High-Value Customers,30,Low risk
CUS-03276,91,15,1985.84,3,5,5,355,High-Value Customers,26,Low risk
CUS-03277,230,9,848.08,2,5,5,255,High-Value Customers,44,Medium risk
CUS-03278,31,2,106.15,5,1,1,511,Potential Loyalists,5,Low risk
CUS-03279,394,1,74.33,2,1,1,211,Hibernating,85,High risk
CUS-03280,114,3,289.64,3,2,3,323,Potential Loyalists,28,Low risk
CUS-03281,113,5,436.77,3,3,4,334,Potential Loyalists,28,Low risk
CUS-03282,49,1,83.12,4,1,1,411,Potential Loyalists,5,Low risk
CUS-03283,69,7,588.36,4,4,4,444,Champions,13,Low risk
CUS-03284,463,2,143.95,1,1,2,112,Hibernating,92,High risk
CUS-03285,86,7,478.68,3,4,4,344,Loyal Customers,28,Low risk
CUS-03286,746,1,159.25,1,1,2,112,Hibernating,85,High risk
CUS-03287,14,7,505.08000000000004,5,4,4,544,Champions,28,Low risk
CUS-03288,184,1,95.73,2,1,1,211,Hibernating,54,Medium risk
CUS-03289,67,6,449.52,4,4,4,444,Champions,21,Low risk
CUS-03290,53,20,1684.24,4,5,5,455,High-Value Customers,20,Low risk
CUS-03291,84,11,1074.23,3,5,5,355,High-Value Customers,13,Low risk
CUS-03292,330,2,153.07,2,1,2,212,Hibernating,67,High risk
CUS-03293,66,10,1680.6,4,5,5,455,High-Value Customers,13,Low risk
CUS-03294,55,5,373.05,4,3,3,433,Potential Loyalists,5,Low risk
CUS-03295,513,3,332.46000000000004,1,2,3,123,Hibernating,77,High risk
CUS-03296,180,3,552.04,2,2,4,224,Hibernating,54,Medium risk
CUS-03297,101,3,207.39999999999998,3,2,2,322,Potential Loyalists,18,Low risk
CUS-03298,130,3,238.28,3,2,2,322,Potential Loyalists,30,Low risk
CUS-03299,919,2,94.08,1,1,1,111,Hibernating,77,High risk
CUS-03300,46,8,467.40999999999997,5,5,4,554,Champions,5,Low risk
CUS-03301,59,2,205.78,4,1,2,412,Potential Loyalists,5,Low risk
CUS-03302,281,1,53.62,2,1,1,211,Hibernating,92,High risk
CUS-03303,124,7,658.75,3,4,5,345,High-Value Customers,38,Medium risk
CUS-03304,678,2,126.97,1,1,1,111,Hibernating,92,High risk
CUS-03305,116,7,665.6,3,4,5,345,High-Value Customers,33,Low risk
CUS-03306,32,4,194.16000000000003,5,3,2,532,Potential Loyalists,5,Low risk
CUS-03307,461,6,489.62,1,4,4,144,At Risk,67,High risk
CUS-03308,16,8,397.40999999999997,5,5,3,553,Loyal Customers,5,Low risk
CUS-03309,36,2,153.37,5,1,2,512,Potential Loyalists,5,Low risk
CUS-03310,79,4,289.67,4,3,3,433,Potential Loyalists,30,Low risk
CUS-03311,58,11,1006.02,4,5,5,455,High-Value Customers,5,Low risk
CUS-03312,127,2,264.73,3,1,3,313,Potential Loyalists,30,Low risk
CUS-03313,91,12,1499.11,3,5,5,355,High-Value Customers,18,Low risk
CUS-03314,209,3,211.29000000000002,2,2,2,222,Hibernating,59,Medium risk
CUS-03315,61,3,377.87,4,2,3,423,Potential Loyalists,5,Low risk
CUS-03316,889,1,68.21,1,1,1,111,Hibernating,77,High risk
CUS-03317,103,3,335.78999999999996,3,2,3,323,Potential Loyalists,33,Low risk
CUS-03318,120,1,121.9,3,1,1,311,Discount Seekers,53,Medium risk
CUS-03319,59,11,1238.23,4,5,5,455,High-Value Customers,13,Low risk
CUS-03320,34,3,240.46,5,2,2,522,Potential Loyalists,5,Low risk
CUS-03321,72,6,259.81,4,4,3,443,Loyal Customers,5,Low risk
CUS-03322,133,5,306.78000000000003,3,3,3,333,Potential Loyalists,40,Medium risk
CUS-03323,44,3,207.45,5,2,2,522,Potential Loyalists,5,Low risk
CUS-03324,153,9,913.39,2,5,5,255,High-Value Customers,52,Medium risk
CUS-03325,124,5,393.15999999999997,3,3,3,333,Discount Seekers,38,Medium risk
CUS-03326,112,6,386.7,3,4,3,343,Loyal Customers,18,Low risk
CUS-03327,39,9,1074.25,5,5,5,555,High-Value Customers,20,Low risk
CUS-03328,757,1,33.46,1,1,1,111,Hibernating,85,High risk
CUS-03329,395,6,562.21,2,4,4,244,At Risk,72,High risk
CUS-03330,55,7,701.37,4,4,5,445,High-Value Customers,13,Low risk
CUS-03331,433,4,339.65,1,3,3,133,At Risk,67,High risk
CUS-03332,61,1,173.01,4,1,2,412,Potential Loyalists,15,Low risk
CUS-03333,484,3,261.09,1,2,3,123,Hibernating,92,High risk
CUS-03334,397,5,173.39,2,3,2,232,At Risk,57,Medium risk
CUS-03335,54,3,74.45,4,2,1,421,Potential Loyalists,5,Low risk
CUS-03336,68,4,240.49,4,3,2,432,Potential Loyalists,15,Low risk
CUS-03337,768,2,44.2,1,1,1,111,Hibernating,85,High risk
CUS-03338,146,8,729.42,2,5,5,255,High-Value Customers,30,Low risk
CUS-03339,557,1,40.62,1,1,1,111,Hibernating,85,High risk
CUS-03340,690,1,20.68,1,1,1,111,Hibernating,77,High risk
CUS-03341,380,4,368.34000000000003,2,3,3,233,At Risk,80,High risk
CUS-03342,60,15,2118.83,4,5,5,455,High-Value Customers,5,Low risk
CUS-03343,71,2,89.73,4,1,1,411,Potential Loyalists,5,Low risk
CUS-03344,24,6,540.84,5,4,4,544,Champions,13,Low risk
CUS-03345,595,4,307.45,1,3,3,133,At Risk,75,High risk
CUS-03346,70,3,199.87,4,2,2,422,Discount Seekers,45,Medium risk
CUS-03347,62,9,630.02,4,5,4,454,Champions,20,Low risk
CUS-03348,137,8,634.67,3,5,4,354,Loyal Customers,38,Medium risk
CUS-03349,81,7,625.1600000000001,4,4,4,444,Champions,5,Low risk
CUS-03350,57,3,169.83,4,2,2,422,Potential Loyalists,5,Low risk
CUS-03351,22,20,2558.5,5,5,5,555,High-Value Customers,13,Low risk
CUS-03352,572,1,34.5,1,1,1,111,Hibernating,77,High risk
CUS-03353,51,10,867.74,4,5,5,455,High-Value Customers,20,Low risk
CUS-03354,84,10,993.5600000000001,3,5,5,355,High-Value Customers,5,Low risk
CUS-03355,724,3,138.3,1,2,2,122,Hibernating,67,High risk
CUS-03356,38,1,26.48,5,1,1,511,Potential Loyalists,5,Low risk
CUS-03357,16,8,1075.45,5,5,5,555,High-Value Customers,20,Low risk
CUS-03358,94,4,281.43,3,3,3,333,Potential Loyalists,43,Medium risk
CUS-03359,46,1,22.1,5,1,1,511,Potential Loyalists,5,Low risk
CUS-03360,166,5,157.26,2,3,2,232,At Risk,54,Medium risk
CUS-03361,81,5,284.59,4,3,3,433,Potential Loyalists,15,Low risk
CUS-03362,326,6,447.88,2,4,4,244,At Risk,65,High risk
CUS-03363,106,5,254.74,3,3,3,333,Potential Loyalists,26,Low risk
CUS-03364,443,2,181.92000000000002,1,1,2,112,Hibernating,77,High risk
CUS-03365,143,2,57.84,2,1,1,211,Hibernating,40,Medium risk
CUS-03366,84,8,614.25,3,5,4,354,Loyal Customers,5,Low risk
CUS-03367,25,14,1276.76,5,5,5,555,High-Value Customers,13,Low risk
CUS-03368,176,6,670.4200000000001,2,4,5,245,High-Value Customers,44,Medium risk
CUS-03369,235,5,683.12,2,3,5,235,At Risk,52,Medium risk
CUS-03370,103,3,93.24,3,2,1,321,Potential Loyalists,33,Low risk
CUS-03371,86,6,406.58000000000004,3,4,4,344,Loyal Customers,21,Low risk
CUS-03372,72,9,639.72,4,5,4,454,Champions,28,Low risk
CUS-03373,203,1,104.09,2,1,1,211,Hibernating,64,Medium risk
CUS-03374,69,2,42.51,4,1,1,411,Potential Loyalists,5,Low risk
CUS-03375,28,6,504.63,5,4,4,544,Champions,5,Low risk
CUS-03376,913,2,71.72,1,1,1,111,Hibernating,77,High risk
CUS-03377,96,2,296.01,3,1,3,313,Potential Loyalists,28,Low risk
CUS-03378,253,1,36.18,2,1,1,211,Hibernating,77,High risk
CUS-03379,124,7,477.85,3,4,4,344,Loyal Customers,45,Medium risk
CUS-03380,101,14,1942.23,3,5,5,355,High-Value Customers,18,Low risk
CUS-03381,174,2,93.53,2,1,1,211,Hibernating,54,Medium risk
CUS-03382,128,5,295.18,3,3,3,333,Discount Seekers,63,Medium risk
CUS-03383,71,6,539.44,4,4,4,444,Champions,21,Low risk
CUS-03384,162,6,627.54,2,4,4,244,At Risk,52,Medium risk
CUS-03385,82,3,162.37,3,2,2,322,Potential Loyalists,5,Low risk
CUS-03386,97,5,275.39,3,3,3,333,Potential Loyalists,18,Low risk
CUS-03387,55,4,309.36,4,3,3,433,Potential Loyalists,20,Low risk
CUS-03388,28,4,256.02,5,3,3,533,Potential Loyalists,5,Low risk
CUS-03389,33,8,764.94,5,5,5,555,High-Value Customers,20,Low risk
CUS-03390,153,2,194.35999999999999,2,1,2,212,Hibernating,52,Medium risk
CUS-03391,84,7,924.89,3,4,5,345,High-Value Customers,5,Low risk
CUS-03392,347,3,189.27,2,2,2,222,Hibernating,82,High risk
CUS-03393,238,2,125.37,2,1,1,211,Hibernating,54,Medium risk
CUS-03394,54,1,45.56,4,1,1,411,Potential Loyalists,5,Low risk
CUS-03395,37,6,398.86,5,4,4,544,Champions,13,Low risk
CUS-03396,51,3,223.64,4,2,2,422,Potential Loyalists,5,Low risk
CUS-03397,651,4,291.62,1,3,3,133,At Risk,82,High risk
CUS-03398,111,12,1317.35,3,5,5,355,High-Value Customers,18,Low risk
CUS-03399,671,4,112.96,1,3,1,131,At Risk,67,High risk
CUS-03400,20,1,70.16,5,1,1,511,Potential Loyalists,5,Low risk
CUS-03401,135,3,424.46000000000004,3,2,4,324,Potential Loyalists,45,Medium risk
CUS-03402,60,4,177.45,4,3,2,432,Potential Loyalists,5,Low risk
CUS-03403,114,5,515.5699999999999,3,3,4,334,Potential Loyalists,33,Low risk
CUS-03404,139,10,846.4,2,5,5,255,High-Value Customers,38,Medium risk
CUS-03405,95,9,667.11,3,5,5,355,High-Value Customers,18,Low risk
CUS-03406,69,8,762.1,4,5,5,455,High-Value Customers,5,Low risk
CUS-03407,248,4,397.45000000000005,2,3,3,233,At Risk,57,Medium risk
CUS-03408,48,9,952.49,5,5,5,555,High-Value Customers,20,Low risk
CUS-03409,198,9,706.1700000000001,2,5,5,255,High-Value Customers,44,Medium risk
CUS-03410,68,9,812.42,4,5,5,455,High-Value Customers,28,Low risk
CUS-03411,146,3,162.93,2,2,2,222,Hibernating,50,Medium risk
CUS-03412,418,4,247.79,1,3,3,133,At Risk,90,High risk
CUS-03413,137,8,854.6899999999999,3,5,5,355,High-Value Customers,30,Low risk
CUS-03414,69,1,56.95,4,1,1,411,Potential Loyalists,15,Low risk
CUS-03415,623,3,259.42,1,2,3,123,Hibernating,67,High risk
CUS-03416,38,1,24.2,5,1,1,511,Potential Loyalists,5,Low risk
CUS-03417,97,8,769.38,3,5,5,355,High-Value Customers,18,Low risk
CUS-03418,435,3,183.3,1,2,2,122,Hibernating,82,High risk
CUS-03419,80,13,1212.98,4,5,5,455,High-Value Customers,5,Low risk
CUS-03420,49,5,279.28999999999996,4,3,3,433,Potential Loyalists,5,Low risk
CUS-03421,328,5,286.92,2,3,3,233,At Risk,65,High risk
CUS-03422,394,2,251.24,2,1,3,213,Hibernating,67,High risk
CUS-03423,80,5,456.22,4,3,4,434,Potential Loyalists,13,Low risk
CUS-03424,65,5,303.58,4,3,3,433,Discount Seekers,23,Low risk
CUS-03425,39,4,273.2,5,3,3,533,Potential Loyalists,5,Low risk
CUS-03426,1039,1,37.16,1,1,1,111,Hibernating,77,High risk
CUS-03427,80,10,958.85,4,5,5,455,High-Value Customers,5,Low risk
CUS-03428,168,8,381.33,2,5,3,253,At Risk,44,Medium risk
CUS-03429,40,6,428.21000000000004,5,4,4,544,Champions,5,Low risk
CUS-03430,29,3,310.0,5,2,3,523,Potential Loyalists,5,Low risk
CUS-03431,13,8,894.82,5,5,5,555,High-Value Customers,20,Low risk
CUS-03432,45,10,1244.44,5,5,5,555,High-Value Customers,13,Low risk
CUS-03433,75,17,1975.91,4,5,5,455,High-Value Customers,5,Low risk
CUS-03434,102,8,585.39,3,5,4,354,Loyal Customers,18,Low risk
CUS-03435,207,4,392.82000000000005,2,3,3,233,At Risk,59,Medium risk
CUS-03436,50,2,70.94,4,1,1,411,Potential Loyalists,5,Low risk
CUS-03437,43,2,242.05,5,1,2,512,Potential Loyalists,5,Low risk
CUS-03438,38,8,456.90999999999997,5,5,4,554,Champions,28,Low risk
CUS-03439,1002,1,112.14,1,1,1,111,Hibernating,77,High risk
CUS-03440,20,4,422.99,5,3,4,534,Potential Loyalists,5,Low risk
CUS-03441,41,4,299.23,5,3,3,533,Potential Loyalists,5,Low risk
CUS-03442,398,4,310.67,2,3,3,233,At Risk,82,High risk
CUS-03443,51,1,30.35,4,1,1,411,Potential Loyalists,5,Low risk
CUS-03444,92,5,383.38,3,3,3,333,Potential Loyalists,18,Low risk
CUS-03445,231,3,401.19,2,2,4,224,Hibernating,54,Medium risk
CUS-03446,220,2,99.78999999999999,2,1,1,211,Hibernating,64,Medium risk
CUS-03447,144,4,210.99,2,3,2,232,At Risk,30,Low risk
CUS-03448,649,2,71.35,1,1,1,111,Hibernating,77,High risk
CUS-03449,347,4,450.53000000000003,2,3,4,234,At Risk,67,High risk
CUS-03450,809,1,65.85,1,1,1,111,Hibernating,100,High risk
CUS-03451,51,1,221.84,4,1,2,412,Potential Loyalists,5,Low risk
CUS-03452,105,3,236.02,3,2,2,322,Discount Seekers,26,Low risk
CUS-03453,65,7,570.3,4,4,4,444,Champions,13,Low risk
CUS-03454,42,6,273.74,5,4,3,543,Loyal Customers,15,Low risk
CUS-03455,256,5,459.58,2,3,4,234,At Risk,57,Medium risk
CUS-03456,67,6,423.84,4,4,4,444,Champions,5,Low risk
CUS-03457,101,4,263.57,3,3,3,333,Potential Loyalists,33,Low risk
CUS-03458,646,2,130.89,1,1,1,111,Hibernating,77,High risk
CUS-03459,144,4,114.73,2,3,1,231,At Risk,30,Low risk
CUS-03460,73,12,1399.48,4,5,5,455,High-Value Customers,5,Low risk
CUS-03461,177,2,83.68,2,1,1,211,Hibernating,64,Medium risk
CUS-03462,791,1,50.01,1,1,1,111,Hibernating,85,High risk
CUS-03463,84,6,825.99,3,4,5,345,High-Value Customers,21,Low risk
CUS-03464,648,2,131.19,1,1,1,111,Hibernating,77,High risk
CUS-03465,37,3,286.22999999999996,5,2,3,523,Potential Loyalists,5,Low risk
CUS-03466,666,2,63.599999999999994,1,1,1,111,Hibernating,77,High risk
CUS-03467,866,2,205.39,1,1,2,112,Hibernating,77,High risk
CUS-03468,90,5,479.28000000000003,3,3,4,334,Potential Loyalists,15,Low risk
CUS-03469,42,3,240.29,5,2,2,522,Potential Loyalists,5,Low risk
CUS-03470,634,2,94.96000000000001,1,1,1,111,Hibernating,77,High risk
CUS-03471,69,5,344.06,4,3,3,433,Potential Loyalists,13,Low risk
CUS-03472,724,1,67.52,1,1,1,111,Hibernating,77,High risk
CUS-03473,36,2,243.11,5,1,2,512,Potential Loyalists,5,Low risk
CUS-03474,49,4,293.98,4,3,3,433,Potential Loyalists,5,Low risk
CUS-03475,90,9,963.76,3,5,5,355,High-Value Customers,5,Low risk
CUS-03476,303,6,603.4,2,4,4,244,At Risk,57,Medium risk
CUS-03477,58,9,598.79,4,5,4,454,Champions,28,Low risk
CUS-03478,109,3,134.03,3,2,2,322,Potential Loyalists,18,Low risk
CUS-03479,417,2,65.91,1,1,1,111,Hibernating,67,High risk
CUS-03480,91,7,515.67,3,4,4,344,Loyal Customers,18,Low risk
CUS-03481,12,19,2200.22,5,5,5,555,High-Value Customers,20,Low risk
CUS-03482,36,8,1257.25,5,5,5,555,High-Value Customers,20,Low risk
CUS-03483,30,2,212.03,5,1,2,512,Potential Loyalists,5,Low risk
CUS-03484,522,2,97.12,1,1,1,111,Hibernating,67,High risk
CUS-03485,136,4,440.43000000000006,3,3,4,334,Potential Loyalists,45,Medium risk
CUS-03486,42,5,483.11,5,3,4,534,Potential Loyalists,20,Low risk
CUS-03487,116,7,425.53999999999996,3,4,4,344,Loyal Customers,18,Low risk
CUS-03488,784,3,220.06,1,2,2,122,Hibernating,77,High risk
CUS-03489,82,6,440.14000000000004,3,4,4,344,Loyal Customers,13,Low risk
CUS-03490,54,11,1664.73,4,5,5,455,High-Value Customers,5,Low risk
CUS-03491,409,4,341.48,1,3,3,133,At Risk,67,High risk
CUS-03492,164,5,464.49,2,3,4,234,At Risk,69,High risk
CUS-03493,529,5,331.61,1,3,3,133,At Risk,67,High risk
CUS-03494,89,7,443.98,3,4,4,344,Loyal Customers,13,Low risk
CUS-03495,710,2,45.4,1,1,1,111,Hibernating,85,High risk
CUS-03496,766,3,135.13,1,2,2,122,Hibernating,67,High risk
CUS-03497,461,5,240.7,1,3,2,132,At Risk,65,High risk
CUS-03498,93,12,971.3199999999999,3,5,5,355,High-Value Customers,26,Low risk
CUS-03499,263,4,375.86,2,3,3,233,At Risk,57,Medium risk
CUS-03500,183,7,1094.99,2,4,5,245,High-Value Customers,44,Medium risk
CUS-03501,80,9,987.76,4,5,5,455,High-Value Customers,20,Low risk
CUS-03502,32,2,150.85999999999999,5,1,2,512,Potential Loyalists,5,Low risk
CUS-03503,630,3,214.41,1,2,2,122,Hibernating,77,High risk
CUS-03504,194,6,366.54999999999995,2,4,3,243,At Risk,44,Medium risk
CUS-03505,507,2,182.8,1,1,2,112,Hibernating,77,High risk
CUS-03506,353,1,153.66,2,1,2,212,Hibernating,77,High risk
CUS-03507,63,13,1250.07,4,5,5,455,High-Value Customers,5,Low risk
CUS-03508,43,2,173.07999999999998,5,1,2,512,Potential Loyalists,5,Low risk
CUS-03509,34,3,113.76,5,2,1,521,Potential Loyalists,5,Low risk
CUS-03510,106,5,311.03,3,3,3,333,Potential Loyalists,28,Low risk
CUS-03511,41,4,554.19,5,3,4,534,Potential Loyalists,30,Low risk
CUS-03512,93,8,647.2,3,5,4,354,Loyal Customers,18,Low risk
CUS-03513,26,6,396.36,5,4,3,543,Loyal Customers,13,Low risk
CUS-03514,79,6,279.96000000000004,4,4,3,443,Discount Seekers,13,Low risk
CUS-03515,181,8,778.9,2,5,5,255,High-Value Customers,44,Medium risk
CUS-03516,435,2,49.39,1,1,1,111,Hibernating,67,High risk
CUS-03517,81,7,697.49,4,4,5,445,High-Value Customers,13,Low risk
CUS-03518,39,3,261.92,5,2,3,523,Potential Loyalists,20,Low risk
CUS-03519,122,12,1390.51,3,5,5,355,High-Value Customers,30,Low risk
CUS-03520,375,6,899.3,2,4,5,245,High-Value Customers,57,Medium risk
CUS-03521,499,3,257.42,1,2,3,123,Hibernating,67,High risk
CUS-03522,106,2,205.07999999999998,3,1,2,312,Potential Loyalists,46,Medium risk
CUS-03523,50,8,1212.14,4,5,5,455,High-Value Customers,5,Low risk
CUS-03524,537,1,60.76,1,1,1,111,Hibernating,85,High risk
CUS-03525,591,3,120.05,1,2,1,121,Hibernating,67,High risk
CUS-03526,75,1,52.71,4,1,1,411,Potential Loyalists,5,Low risk
CUS-03527,171,4,428.03,2,3,4,234,Discount Seekers,77,High risk
CUS-03528,329,2,174.73000000000002,2,1,2,212,Hibernating,77,High risk
CUS-03529,63,6,665.17,4,4,5,445,High-Value Customers,21,Low risk
CUS-03530,167,5,864.42,2,3,5,235,At Risk,44,Medium risk
CUS-03531,31,1,24.71,5,1,1,511,Potential Loyalists,5,Low risk
CUS-03532,511,1,74.17,1,1,1,111,Hibernating,85,High risk
CUS-03533,74,11,1056.75,4,5,5,455,High-Value Customers,5,Low risk
CUS-03534,127,5,291.12,3,3,3,333,Potential Loyalists,30,Low risk
CUS-03535,93,7,959.17,3,4,5,345,High-Value Customers,18,Low risk
CUS-03536,63,1,91.81,4,1,1,411,Potential Loyalists,5,Low risk
CUS-03537,60,9,887.22,4,5,5,455,High-Value Customers,20,Low risk
CUS-03538,129,6,607.62,3,4,4,344,Loyal Customers,45,Medium risk
CUS-03539,145,2,180.28,2,1,2,212,Hibernating,40,Medium risk
CUS-03540,291,6,648.16,2,4,4,244,At Risk,57,Medium risk
CUS-03541,157,4,201.91,2,3,2,232,Discount Seekers,84,High risk
CUS-03542,38,11,1257.45,5,5,5,555,High-Value Customers,13,Low risk
CUS-03543,602,3,319.27,1,2,3,123,Hibernating,82,High risk
CUS-03544,738,2,184.69,1,1,2,112,Hibernating,77,High risk
CUS-03545,54,7,375.28000000000003,4,4,3,443,Loyal Customers,13,Low risk
CUS-03546,26,7,528.49,5,4,4,544,Champions,13,Low risk
CUS-03547,88,2,212.81,3,1,2,312,Potential Loyalists,40,Medium risk
CUS-03548,111,7,464.69,3,4,4,344,Loyal Customers,33,Low risk
CUS-03549,81,9,741.99,4,5,5,455,High-Value Customers,5,Low risk
CUS-03550,42,6,369.15999999999997,5,4,3,543,Discount Seekers,28,Low risk
CUS-03551,229,7,451.27,2,4,4,244,At Risk,59,Medium risk
CUS-03552,883,1,69.13,1,1,1,111,Hibernating,85,High risk
CUS-03553,43,2,82.11,5,1,1,511,Potential Loyalists,13,Low risk
CUS-03554,173,4,254.79,2,3,3,233,At Risk,69,High risk
CUS-03555,212,5,501.80999999999995,2,3,4,234,At Risk,62,Medium risk
CUS-03556,90,9,617.8,3,5,4,354,Loyal Customers,5,Low risk
CUS-03557,94,1,21.55,3,1,1,311,Potential Loyalists,18,Low risk
CUS-03558,103,2,108.72999999999999,3,1,1,311,Potential Loyalists,18,Low risk
CUS-03559,59,2,258.69,4,1,3,413,Potential Loyalists,5,Low risk
CUS-03560,199,8,552.91,2,5,4,254,At Risk,44,Medium risk
CUS-03561,60,3,202.10999999999999,4,2,2,422,Discount Seekers,30,Low risk
CUS-03562,640,1,39.18,1,1,1,111,Hibernating,77,High risk
CUS-03563,15,8,494.08,5,5,4,554,Champions,28,Low risk
CUS-03564,116,6,374.23,3,4,3,343,Loyal Customers,18,Low risk
CUS-03565,609,1,66.8,1,1,1,111,Hibernating,85,High risk
CUS-03566,221,4,470.05,2,3,4,234,At Risk,62,Medium risk
CUS-03567,285,8,300.69,2,5,3,253,At Risk,57,Medium risk
CUS-03568,378,3,291.32,2,2,3,223,Hibernating,77,High risk
CUS-03569,60,13,1212.9,4,5,5,455,High-Value Customers,5,Low risk
CUS-03570,114,4,324.34000000000003,3,3,3,333,Potential Loyalists,18,Low risk
CUS-03571,34,2,199.20999999999998,5,1,2,512,Potential Loyalists,5,Low risk
CUS-03572,164,4,267.49,2,3,3,233,At Risk,44,Medium risk
CUS-03573,174,4,278.05,2,3,3,233,At Risk,54,Medium risk
CUS-03574,470,6,635.06,1,4,4,144,At Risk,75,High risk
CUS-03575,72,17,1398.4,4,5,5,455,High-Value Customers,5,Low risk
CUS-03576,272,4,576.11,2,3,4,234,At Risk,57,Medium risk
CUS-03577,429,2,172.13,1,1,2,112,Hibernating,85,High risk
CUS-03578,66,6,573.39,4,4,4,444,Champions,20,Low risk
CUS-03579,183,5,352.61,2,3,3,233,At Risk,54,Medium risk
CUS-03580,104,6,437.65,3,4,4,344,Loyal Customers,18,Low risk
CUS-03581,107,7,778.11,3,4,5,345,High-Value Customers,18,Low risk
CUS-03582,59,1,57.82,4,1,1,411,Potential Loyalists,5,Low risk
CUS-03583,68,14,1509.54,4,5,5,455,High-Value Customers,13,Low risk
CUS-03584,237,4,128.29,2,3,1,231,At Risk,54,Medium risk
CUS-03585,34,6,615.95,5,4,4,544,Champions,5,Low risk
CUS-03586,207,1,65.63,2,1,1,211,Hibernating,72,High risk
CUS-03587,131,4,315.74,3,3,3,333,Potential Loyalists,45,Medium risk
CUS-03588,80,3,157.74,4,2,2,422,Potential Loyalists,30,Low risk
CUS-03589,28,4,166.67,5,3,2,532,Potential Loyalists,5,Low risk
CUS-03590,104,2,102.21000000000001,3,1,1,311,Potential Loyalists,38,Medium risk
CUS-03591,792,2,147.63,1,1,2,112,Hibernating,77,High risk
CUS-03592,37,6,462.03999999999996,5,4,4,544,Champions,5,Low risk
CUS-03593,77,7,731.76,4,4,5,445,High-Value Customers,13,Low risk
CUS-03594,408,2,85.3,1,1,1,111,Hibernating,67,High risk
CUS-03595,79,5,389.85,4,3,3,433,Discount Seekers,13,Low risk
CUS-03596,43,5,368.08,5,3,3,533,Potential Loyalists,21,Low risk
CUS-03597,60,9,529.37,4,5,4,454,Champions,5,Low risk
CUS-03598,30,7,451.36,5,4,4,544,Champions,20,Low risk
CUS-03599,59,13,922.23,4,5,5,455,High-Value Customers,5,Low risk
CUS-03600,602,2,205.83999999999997,1,1,2,112,Hibernating,85,High risk
CUS-03601,51,9,625.32,4,5,4,454,Champions,28,Low risk
CUS-03602,61,2,120.97999999999999,4,1,1,411,Potential Loyalists,5,Low risk
CUS-03603,118,7,594.63,3,4,4,344,Loyal Customers,18,Low risk
CUS-03604,26,2,120.13,5,1,1,511,Potential Loyalists,5,Low risk
CUS-03605,139,2,78.35,2,1,1,211,Hibernating,30,Low risk
CUS-03606,458,3,270.17,1,2,3,123,Hibernating,75,High risk
CUS-03607,268,5,257.46,2,3,3,233,At Risk,57,Medium risk
CUS-03608,562,1,64.44,1,1,1,111,Hibernating,85,High risk
CUS-03609,117,6,602.95,3,4,4,344,Loyal Customers,18,Low risk
CUS-03610,59,5,335.06,4,3,3,433,Potential Loyalists,15,Low risk
CUS-03611,125,4,251.27,3,3,3,333,Potential Loyalists,45,Medium risk
CUS-03612,224,6,511.78000000000003,2,4,4,244,At Risk,54,Medium risk
CUS-03613,88,7,490.15,3,4,4,344,Loyal Customers,13,Low risk
CUS-03614,472,2,175.32,1,1,2,112,Hibernating,85,High risk
CUS-03615,166,3,173.49,2,2,2,222,Hibernating,69,High risk
CUS-03616,346,5,407.62,2,3,4,234,At Risk,65,High risk
CUS-03617,105,5,383.18,3,3,3,333,Potential Loyalists,36,Medium risk
CUS-03618,29,13,1264.03,5,5,5,555,High-Value Customers,13,Low risk
CUS-03619,105,4,282.43,3,3,3,333,Discount Seekers,36,Medium risk
CUS-03620,40,2,145.62,5,1,2,512,Potential Loyalists,33,Low risk
CUS-03621,111,9,874.8,3,5,5,355,High-Value Customers,18,Low risk
CUS-03622,588,1,20.58,1,1,1,111,Hibernating,85,High risk
CUS-03623,576,2,124.17,1,1,1,111,Hibernating,77,High risk
CUS-03624,40,11,1098.04,5,5,5,555,High-Value Customers,5,Low risk
CUS-03625,136,5,310.0,3,3,3,333,Potential Loyalists,38,Medium risk
CUS-03626,54,3,291.89,4,2,3,423,Potential Loyalists,5,Low risk
CUS-03627,26,1,57.27,5,1,1,511,Potential Loyalists,5,Low risk
CUS-03628,63,3,291.94,4,2,3,423,Potential Loyalists,20,Low risk
CUS-03629,405,1,99.85,1,1,1,111,Hibernating,77,High risk
CUS-03630,40,4,279.68,5,3,3,533,Potential Loyalists,5,Low risk
CUS-03631,309,7,599.11,2,4,4,244,At Risk,65,High risk
CUS-03632,688,1,67.22,1,1,1,111,Hibernating,85,High risk
CUS-03633,136,8,532.82,3,5,4,354,Discount Seekers,38,Medium risk
CUS-03634,190,3,231.82,2,2,2,222,Hibernating,44,Medium risk
CUS-03635,391,2,274.2,2,1,3,213,Hibernating,77,High risk
CUS-03636,84,6,567.94,3,4,4,344,Loyal Customers,20,Low risk
CUS-03637,13,3,338.3,5,2,3,523,Potential Loyalists,5,Low risk
CUS-03638,21,5,282.01,5,3,3,533,Potential Loyalists,5,Low risk
CUS-03639,931,2,181.56,1,1,2,112,Hibernating,77,High risk
CUS-03640,107,8,658.36,3,5,5,355,High-Value Customers,18,Low risk
CUS-03641,56,2,167.45,4,1,2,412,Potential Loyalists,5,Low risk
CUS-03642,228,3,371.38,2,2,3,223,Hibernating,54,Medium risk
CUS-03643,465,4,393.24,1,3,3,133,At Risk,67,High risk
CUS-03644,103,3,376.19,3,2,3,323,Potential Loyalists,53,Medium risk
CUS-03645,253,2,47.34,2,1,1,211,Hibernating,77,High risk
CUS-03646,118,4,282.37,3,3,3,333,Potential Loyalists,18,Low risk
CUS-03647,23,3,209.84,5,2,2,522,Potential Loyalists,20,Low risk
CUS-03648,270,2,99.72,2,1,1,211,Hibernating,77,High risk
CUS-03649,63,5,311.63,4,3,3,433,Potential Loyalists,5,Low risk
CUS-03650,473,1,26.38,1,1,1,111,Hibernating,77,High risk
CUS-03651,123,4,368.93,3,3,3,333,Potential Loyalists,30,Low risk
CUS-03652,231,3,358.81,2,2,3,223,Hibernating,59,Medium risk
CUS-03653,27,8,658.26,5,5,5,555,High-Value Customers,13,Low risk
CUS-03654,64,2,63.03,4,1,1,411,Potential Loyalists,5,Low risk
CUS-03655,48,3,259.12,5,2,3,523,Potential Loyalists,20,Low risk
CUS-03656,319,3,197.2,2,2,2,222,Hibernating,67,High risk
CUS-03657,543,2,103.55,1,1,1,111,Hibernating,77,High risk
CUS-03658,32,3,364.24,5,2,3,523,Potential Loyalists,5,Low risk
CUS-03659,280,6,476.5,2,4,4,244,At Risk,57,Medium risk
CUS-03660,23,8,695.84,5,5,5,555,High-Value Customers,5,Low risk
CUS-03661,41,2,183.8,5,1,2,512,Potential Loyalists,5,Low risk
CUS-03662,150,5,249.25,2,3,3,233,At Risk,30,Low risk
CUS-03663,444,3,236.72,1,2,2,122,Hibernating,67,High risk
CUS-03664,105,10,1245.94,3,5,5,355,High-Value Customers,18,Low risk
CUS-03665,86,6,310.11,3,4,3,343,Loyal Customers,5,Low risk
CUS-03666,609,2,46.82,1,1,1,111,Hibernating,77,High risk
CUS-03667,36,9,888.9499999999999,5,5,5,555,High-Value Customers,5,Low risk
CUS-03668,510,4,356.52,1,3,3,133,At Risk,75,High risk
CUS-03669,81,8,607.1,4,5,4,454,Champions,5,Low risk
CUS-03670,164,5,241.16,2,3,2,232,At Risk,54,Medium risk
CUS-03671,156,5,498.0,2,3,4,234,Discount Seekers,74,High risk
CUS-03672,161,5,255.42,2,3,3,233,At Risk,44,Medium risk
CUS-03673,55,8,488.92,4,5,4,454,Champions,5,Low risk
CUS-03674,80,7,455.25,4,4,4,444,Champions,21,Low risk
CUS-03675,759,3,249.15,1,2,3,123,Hibernating,100,High risk
CUS-03676,598,2,300.26,1,1,3,113,Hibernating,92,High risk
CUS-03677,166,5,507.9,2,3,4,234,At Risk,54,Medium risk
CUS-03678,12,5,323.55,5,3,3,533,Potential Loyalists,15,Low risk
CUS-03679,248,10,839.91,2,5,5,255,High-Value Customers,57,Medium risk
CUS-03680,98,6,687.2,3,4,5,345,High-Value Customers,33,Low risk
CUS-03681,56,6,384.06,4,4,3,443,Loyal Customers,13,Low risk
CUS-03682,666,2,116.08,1,1,1,111,Hibernating,85,High risk
CUS-03683,101,5,169.48000000000002,3,3,2,332,Potential Loyalists,26,Low risk
CUS-03684,90,11,1074.02,3,5,5,355,High-Value Customers,5,Low risk
CUS-03685,115,9,1092.73,3,5,5,355,High-Value Customers,18,Low risk
CUS-03686,29,3,170.17000000000002,5,2,2,522,Potential Loyalists,5,Low risk
CUS-03687,368,2,126.4,2,1,1,211,Hibernating,92,High risk
CUS-03688,54,4,297.12,4,3,3,433,Discount Seekers,13,Low risk
CUS-03689,66,5,414.75,4,3,4,434,Potential Loyalists,20,Low risk
CUS-03690,51,7,566.07,4,4,4,444,Champions,20,Low risk
CUS-03691,133,2,64.03999999999999,3,1,1,311,Potential Loyalists,30,Low risk
CUS-03692,109,9,808.28,3,5,5,355,High-Value Customers,18,Low risk
CUS-03693,10,2,116.66,5,1,1,511,Potential Loyalists,20,Low risk
CUS-03694,94,9,670.74,3,5,5,355,High-Value Customers,41,Medium risk
CUS-03695,164,1,23.8,2,1,1,211,Hibernating,62,Medium risk
CUS-03696,245,2,60.14,2,1,1,211,Hibernating,77,High risk
CUS-03697,208,4,366.68,2,3,3,233,At Risk,69,High risk
CUS-03698,32,6,986.3199999999999,5,4,5,545,High-Value Customers,23,Low risk
CUS-03699,118,6,451.72,3,4,4,344,Discount Seekers,34,Low risk
CUS-03700,36,3,334.27,5,2,3,523,Potential Loyalists,5,Low risk
CUS-03701,12,4,298.62,5,3,3,533,Potential Loyalists,5,Low risk
CUS-03702,46,5,659.3,5,3,5,535,Potential Loyalists,13,Low risk
CUS-03703,39,1,25.55,5,1,1,511,Potential Loyalists,13,Low risk
CUS-03704,46,3,467.28,5,2,4,524,Potential Loyalists,5,Low risk
CUS-03705,89,3,161.72,3,2,2,322,Potential Loyalists,20,Low risk
CUS-03706,416,5,540.85,1,3,4,134,At Risk,67,High risk
CUS-03707,30,4,341.93,5,3,3,533,Potential Loyalists,20,Low risk
CUS-03708,461,1,60.56,1,1,1,111,Hibernating,77,High risk
CUS-03709,273,2,148.69,2,1,2,212,Hibernating,67,High risk
CUS-03710,567,6,591.48,1,4,4,144,At Risk,75,High risk
CUS-03711,70,4,460.33000000000004,4,3,4,434,Potential Loyalists,20,Low risk
CUS-03712,100,7,807.0699999999999,3,4,5,345,High-Value Customers,18,Low risk
CUS-03713,62,5,514.64,4,3,4,434,Potential Loyalists,5,Low risk
CUS-03714,67,7,654.4300000000001,4,4,4,444,Champions,20,Low risk
CUS-03715,114,9,1102.18,3,5,5,355,High-Value Customers,18,Low risk
CUS-03716,12,4,507.64,5,3,4,534,Potential Loyalists,20,Low risk
CUS-03717,99,10,790.74,3,5,5,355,High-Value Customers,18,Low risk
CUS-03718,96,2,128.56,3,1,1,311,Potential Loyalists,38,Medium risk
CUS-03719,360,4,184.73,2,3,2,232,At Risk,82,High risk
CUS-03720,56,2,368.34000000000003,4,1,3,413,Potential Loyalists,20,Low risk
CUS-03721,74,11,940.75,4,5,5,455,High-Value Customers,20,Low risk
CUS-03722,98,8,446.89,3,5,4,354,Loyal Customers,41,Medium risk
CUS-03723,382,1,62.31,2,1,1,211,Hibernating,77,High risk
CUS-03724,23,7,974.29,5,4,5,545,High-Value Customers,13,Low risk
CUS-03725,82,8,832.17,3,5,5,355,High-Value Customers,28,Low risk
CUS-03726,122,4,368.59000000000003,3,3,3,333,Potential Loyalists,30,Low risk
CUS-03727,538,1,35.29,1,1,1,111,Hibernating,85,High risk
CUS-03728,92,7,512.31,3,4,4,344,Loyal Customers,18,Low risk
CUS-03729,371,7,417.12,2,4,4,244,At Risk,57,Medium risk
CUS-03730,35,6,439.6,5,4,4,544,Champions,5,Low risk
CUS-03731,73,8,740.93,4,5,5,455,High-Value Customers,5,Low risk
CUS-03732,289,2,92.6,2,1,1,211,Hibernating,77,High risk
CUS-03733,159,2,379.53999999999996,2,1,3,213,Hibernating,69,High risk
CUS-03734,78,5,406.70000000000005,4,3,4,434,Potential Loyalists,5,Low risk
CUS-03735,48,6,428.38,5,4,4,544,Champions,5,Low risk
CUS-03736,85,6,392.09,3,4,3,343,Loyal Customers,5,Low risk
CUS-03737,20,2,79.29,5,1,1,511,Potential Loyalists,5,Low risk
CUS-03738,103,9,682.44,3,5,5,355,High-Value Customers,26,Low risk
CUS-03739,859,2,92.08,1,1,1,111,Hibernating,77,High risk
CUS-03740,39,4,215.95,5,3,2,532,Potential Loyalists,20,Low risk
CUS-03741,100,1,50.59,3,1,1,311,Potential Loyalists,38,Medium risk
CUS-03742,31,8,1033.66,5,5,5,555,High-Value Customers,5,Low risk
CUS-03743,7,3,85.63,5,2,1,521,Potential Loyalists,5,Low risk
CUS-03744,568,4,246.76999999999998,1,3,2,132,At Risk,82,High risk
CUS-03745,924,2,117.11,1,1,1,111,Hibernating,77,High risk
CUS-03746,277,2,364.99,2,1,3,213,Hibernating,67,High risk
CUS-03747,427,3,435.37,1,2,4,124,Hibernating,82,High risk
CUS-03748,38,2,196.01,5,1,2,512,Potential Loyalists,5,Low risk
CUS-03749,34,2,184.10000000000002,5,1,2,512,Potential Loyalists,5,Low risk
CUS-03750,76,5,332.29999999999995,4,3,3,433,Potential Loyalists,13,Low risk
CUS-03751,450,3,493.09000000000003,1,2,4,124,Hibernating,92,High risk
CUS-03752,40,2,55.43,5,1,1,511,Potential Loyalists,5,Low risk
CUS-03753,44,6,519.74,5,4,4,544,Champions,21,Low risk
CUS-03754,24,4,221.81,5,3,2,532,Potential Loyalists,5,Low risk
CUS-03755,116,6,615.22,3,4,4,344,Loyal Customers,36,Medium risk
CUS-03756,129,8,802.13,3,5,5,355,High-Value Customers,30,Low risk
CUS-03757,30,3,74.59,5,2,1,521,Potential Loyalists,5,Low risk
CUS-03758,42,6,285.31,5,4,3,543,Loyal Customers,13,Low risk
CUS-03759,37,4,96.78999999999999,5,3,1,531,Potential Loyalists,5,Low risk
CUS-03760,437,4,133.78,1,3,2,132,At Risk,57,Medium risk
CUS-03761,91,8,337.11,3,5,3,353,Loyal Customers,18,Low risk
CUS-03762,410,3,451.37,1,2,4,124,Hibernating,67,High risk
CUS-03763,313,3,242.40000000000003,2,2,2,222,Hibernating,72,High risk
CUS-03764,107,8,783.6500000000001,3,5,5,355,High-Value Customers,18,Low risk
CUS-03765,84,5,182.04,3,3,2,332,Potential Loyalists,23,Low risk
CUS-03766,139,7,493.74,2,4,4,244,At Risk,30,Low risk
CUS-03767,236,10,763.54,2,5,5,255,High-Value Customers,52,Medium risk
CUS-03768,628,2,77.38,1,1,1,111,Hibernating,77,High risk
CUS-03769,39,14,1044.28,5,5,5,555,High-Value Customers,21,Low risk
CUS-03770,467,7,748.17,1,4,5,145,High-Value Customers,65,High risk
CUS-03771,160,8,683.1800000000001,2,5,5,255,High-Value Customers,44,Medium risk
CUS-03772,577,3,348.90000000000003,1,2,3,123,Hibernating,67,High risk
CUS-03773,437,2,45.760000000000005,1,1,1,111,Hibernating,75,High risk
CUS-03774,392,2,273.15,2,1,3,213,Hibernating,77,High risk
CUS-03775,678,2,72.28,1,1,1,111,Hibernating,85,High risk
CUS-03776,88,22,2213.92,3,5,5,355,High-Value Customers,5,Low risk
CUS-03777,155,8,601.51,2,5,4,254,At Risk,44,Medium risk
CUS-03778,79,11,1308.95,4,5,5,455,High-Value Customers,20,Low risk
CUS-03779,69,5,290.97,4,3,3,433,Potential Loyalists,13,Low risk
CUS-03780,143,3,171.94,2,2,2,222,Hibernating,45,Medium risk
CUS-03781,43,4,107.03,5,3,1,531,Potential Loyalists,5,Low risk
CUS-03782,387,3,221.18,2,2,2,222,Hibernating,67,High risk
CUS-03783,52,2,104.9,4,1,1,411,Potential Loyalists,5,Low risk
CUS-03784,81,4,230.95,4,3,2,432,Potential Loyalists,5,Low risk
CUS-03785,118,4,788.03,3,3,5,335,Potential Loyalists,33,Low risk
CUS-03786,80,11,521.95,4,5,4,454,Champions,5,Low risk
CUS-03787,518,3,405.11999999999995,1,2,4,124,Hibernating,67,High risk
CUS-03788,57,10,500.06000000000006,4,5,4,454,Champions,5,Low risk
CUS-03789,606,3,77.66,1,2,1,121,Hibernating,75,High risk
CUS-03790,118,6,666.04,3,4,5,345,High-Value Customers,18,Low risk
CUS-03791,432,3,148.42,1,2,2,122,Hibernating,82,High risk
CUS-03792,417,4,319.04,1,3,3,133,At Risk,80,High risk
CUS-03793,104,6,720.73,3,4,5,345,High-Value Customers,26,Low risk
CUS-03794,91,21,1731.77,3,5,5,355,High-Value Customers,18,Low risk
CUS-03795,93,4,198.74,3,3,2,332,Discount Seekers,36,Medium risk
CUS-03796,21,2,66.34,5,1,1,511,Potential Loyalists,5,Low risk
CUS-03797,368,3,225.83,2,2,2,222,Hibernating,67,High risk
CUS-03798,114,9,1125.24,3,5,5,355,High-Value Customers,18,Low risk
CUS-03799,29,5,444.53000000000003,5,3,4,534,Potential Loyalists,13,Low risk
CUS-03800,63,1,29.87,4,1,1,411,Potential Loyalists,5,Low risk
CUS-03801,83,3,116.75999999999999,3,2,1,321,Discount Seekers,30,Low risk
CUS-03802,32,3,102.8,5,2,1,521,Potential Loyalists,15,Low risk
CUS-03803,690,3,390.53000000000003,1,2,3,123,Hibernating,67,High risk
CUS-03804,601,2,185.96,1,1,2,112,Hibernating,92,High risk
CUS-03805,62,7,566.09,4,4,4,444,Champions,5,Low risk
CUS-03806,87,3,291.78999999999996,3,2,3,323,Potential Loyalists,5,Low risk
CUS-03807,178,4,479.24,2,3,4,234,At Risk,69,High risk
CUS-03808,41,1,78.69,5,1,1,511,Potential Loyalists,20,Low risk
CUS-03809,294,2,153.44,2,1,2,212,Hibernating,67,High risk
CUS-03810,78,4,404.28,4,3,4,434,Potential Loyalists,20,Low risk
CUS-03811,34,11,569.0699999999999,5,5,4,554,Champions,5,Low risk
CUS-03812,382,2,191.74,2,1,2,212,Hibernating,75,High risk
CUS-03813,724,3,182.12,1,2,2,122,Hibernating,77,High risk
CUS-03814,53,3,205.69,4,2,2,422,Potential Loyalists,5,Low risk
CUS-03815,31,3,177.43,5,2,2,522,Potential Loyalists,5,Low risk
CUS-03816,122,5,270.57,3,3,3,333,Potential Loyalists,30,Low risk
CUS-03817,751,3,372.77,1,2,3,123,Hibernating,77,High risk
CUS-03818,116,3,319.22,3,2,3,323,Potential Loyalists,43,Medium risk
CUS-03819,25,4,210.07,5,3,2,532,Potential Loyalists,5,Low risk
CUS-03820,78,7,346.83,4,4,3,443,Loyal Customers,5,Low risk
CUS-03821,851,4,312.97,1,3,3,133,At Risk,67,High risk
CUS-03822,282,5,369.69,2,3,3,233,At Risk,57,Medium risk
CUS-03823,108,6,402.71,3,4,4,344,Loyal Customers,18,Low risk
CUS-03824,55,3,174.72,4,2,2,422,Discount Seekers,35,Medium risk
CUS-03825,15,7,872.24,5,4,5,545,High-Value Customers,21,Low risk
CUS-03826,91,7,750.6800000000001,3,4,5,345,High-Value Customers,26,Low risk
CUS-03827,715,2,208.47,1,1,2,112,Hibernating,77,High risk
CUS-03828,50,4,156.14,4,3,2,432,Potential Loyalists,30,Low risk
CUS-03829,49,7,622.89,4,4,4,444,Champions,5,Low risk
CUS-03830,142,10,770.5400000000001,2,5,5,255,High-Value Customers,30,Low risk
CUS-03831,49,3,121.58000000000001,4,2,1,421,Potential Loyalists,15,Low risk
CUS-03832,13,2,233.39000000000001,5,1,2,512,Potential Loyalists,5,Low risk
CUS-03833,109,18,1146.53,3,5,5,355,High-Value Customers,18,Low risk
CUS-03834,356,2,155.63,2,1,2,212,Hibernating,67,High risk
CUS-03835,16,4,248.36,5,3,3,533,Potential Loyalists,5,Low risk
CUS-03836,42,4,239.93,5,3,2,532,Potential Loyalists,5,Low risk
CUS-03837,33,2,135.98,5,1,2,512,Potential Loyalists,5,Low risk
CUS-03838,132,5,330.42,3,3,3,333,Potential Loyalists,38,Medium risk
CUS-03839,698,3,99.25,1,2,1,121,Hibernating,75,High risk
CUS-03840,142,2,100.39999999999999,2,1,1,211,Hibernating,30,Low risk
CUS-03841,27,7,640.1800000000001,5,4,4,544,Champions,5,Low risk
CUS-03842,58,7,802.78,4,4,5,445,High-Value Customers,5,Low risk
CUS-03843,60,2,201.79000000000002,4,1,2,412,Potential Loyalists,48,Medium risk
CUS-03844,972,1,84.02,1,1,1,111,Hibernating,85,High risk
CUS-03845,62,1,41.36,4,1,1,411,Potential Loyalists,5,Low risk
CUS-03846,61,9,764.74,4,5,5,455,High-Value Customers,13,Low risk
CUS-03847,109,3,231.39,3,2,2,322,Potential Loyalists,18,Low risk
CUS-03848,508,1,56.99,1,1,1,111,Hibernating,77,High risk
CUS-03849,20,11,671.25,5,5,5,555,High-Value Customers,20,Low risk
CUS-03850,314,3,108.93,2,2,1,221,Hibernating,77,High risk
CUS-03851,34,3,280.6,5,2,3,523,Potential Loyalists,5,Low risk
CUS-03852,329,3,189.21,2,2,2,222,Hibernating,67,High risk
CUS-03853,82,4,216.38,3,3,2,332,Discount Seekers,35,Medium risk
CUS-03854,188,1,39.51,2,1,1,211,Hibernating,64,Medium risk
CUS-03855,758,3,100.1,1,2,1,121,Hibernating,75,High risk
CUS-03856,644,1,85.42,1,1,1,111,Hibernating,92,High risk
CUS-03857,371,1,39.54,2,1,1,211,Hibernating,85,High risk
CUS-03858,85,6,451.75,3,4,4,344,Discount Seekers,13,Low risk
CUS-03859,118,6,602.8,3,4,4,344,Loyal Customers,26,Low risk
CUS-03860,231,6,314.44,2,4,3,243,At Risk,44,Medium risk
CUS-03861,63,6,450.25,4,4,4,444,Champions,13,Low risk
CUS-03862,178,2,290.61,2,1,3,213,Hibernating,64,Medium risk
CUS-03863,24,9,898.45,5,5,5,555,High-Value Customers,13,Low risk
CUS-03864,31,2,82.28999999999999,5,1,1,511,Potential Loyalists,5,Low risk
CUS-03865,148,2,187.48000000000002,2,1,2,212,Hibernating,30,Low risk
CUS-03866,95,5,497.13,3,3,4,334,Potential Loyalists,18,Low risk
CUS-03867,25,1,33.36,5,1,1,511,Potential Loyalists,5,Low risk
CUS-03868,760,2,239.88,1,1,2,112,Hibernating,85,High risk
CUS-03869,75,5,252.81,4,3,3,433,Potential Loyalists,20,Low risk
CUS-03870,395,2,89.74,2,1,1,211,Hibernating,67,High risk
CUS-03871,193,2,260.12,2,1,3,213,Hibernating,69,High risk
CUS-03872,579,2,145.61,1,1,2,112,Hibernating,75,High risk
CUS-03873,37,15,1407.26,5,5,5,555,High-Value Customers,5,Low risk
CUS-03874,213,2,127.7,2,1,1,211,Hibernating,54,Medium risk
CUS-03875,115,3,190.83,3,2,2,322,Potential Loyalists,43,Medium risk
CUS-03876,160,3,587.9200000000001,2,2,4,224,Hibernating,69,High risk
CUS-03877,616,1,83.94,1,1,1,111,Hibernating,85,High risk
CUS-03878,605,3,302.67,1,2,3,123,Hibernating,67,High risk
CUS-03879,120,8,353.48,3,5,3,353,Loyal Customers,18,Low risk
CUS-03880,61,7,434.94,4,4,4,444,Champions,20,Low risk
CUS-03881,66,10,1082.48,4,5,5,455,High-Value Customers,5,Low risk
CUS-03882,387,1,74.04,2,1,1,211,Hibernating,77,High risk
CUS-03883,36,7,528.76,5,4,4,544,Champions,20,Low risk
CUS-03884,30,1,29.23,5,1,1,511,Potential Loyalists,5,Low risk
CUS-03885,401,3,238.31,1,2,2,122,Hibernating,65,High risk
CUS-03886,1019,1,129.58,1,1,1,111,Hibernating,77,High risk
CUS-03887,320,4,192.89000000000001,2,3,2,232,At Risk,57,Medium risk
CUS-03888,417,10,832.39,1,5,5,155,High-Value Customers,57,Medium risk
CUS-03889,270,2,149.51,2,1,2,212,Hibernating,67,High risk
CUS-03890,82,11,618.44,3,5,4,354,Loyal Customers,13,Low risk
CUS-03891,592,1,58.84,1,1,1,111,Hibernating,77,High risk
CUS-03892,263,5,497.25,2,3,4,234,At Risk,75,High risk
CUS-03893,168,16,2008.8799999999999,2,5,5,255,High-Value Customers,59,Medium risk
CUS-03894,95,9,703.94,3,5,5,355,High-Value Customers,18,Low risk
CUS-03895,37,5,325.76,5,3,3,533,Potential Loyalists,13,Low risk
CUS-03896,118,7,418.52,3,4,4,344,Discount Seekers,41,Medium risk
CUS-03897,82,7,698.75,3,4,5,345,High-Value Customers,13,Low risk
CUS-03898,130,6,290.97,3,4,3,343,Loyal Customers,38,Medium risk
CUS-03899,923,1,102.25,1,1,1,111,Hibernating,85,High risk
CUS-03900,59,12,1238.53,4,5,5,455,High-Value Customers,13,Low risk
CUS-03901,43,8,340.38,5,5,3,553,Loyal Customers,5,Low risk
CUS-03902,72,1,61.72,4,1,1,411,Potential Loyalists,5,Low risk
CUS-03903,64,10,1135.79,4,5,5,455,High-Value Customers,13,Low risk
CUS-03904,209,1,180.88,2,1,2,212,Hibernating,64,Medium risk
CUS-03905,69,27,2892.96,4,5,5,455,High-Value Customers,5,Low risk
CUS-03906,320,4,285.22,2,3,3,233,At Risk,67,High risk
CUS-03907,19,3,178.2,5,2,2,522,Potential Loyalists,5,Low risk
CUS-03908,44,8,1540.01,5,5,5,555,High-Value Customers,5,Low risk
CUS-03909,365,5,406.42999999999995,2,3,4,234,At Risk,67,High risk
CUS-03910,497,6,576.14,1,4,4,144,At Risk,73,High risk
CUS-03911,70,4,295.08000000000004,4,3,3,433,Potential Loyalists,5,Low risk
CUS-03912,41,4,232.81,5,3,2,532,Potential Loyalists,20,Low risk
CUS-03913,292,5,373.38,2,3,3,233,Discount Seekers,75,High risk
CUS-03914,354,3,260.63,2,2,3,223,Hibernating,67,High risk
CUS-03915,285,3,138.63,2,2,2,222,Hibernating,67,High risk
CUS-03916,45,2,144.81,5,1,2,512,Potential Loyalists,20,Low risk
CUS-03917,137,5,397.22999999999996,3,3,3,333,Potential Loyalists,30,Low risk
CUS-03918,353,3,97.17000000000002,2,2,1,221,Hibernating,67,High risk
CUS-03919,67,3,343.35,4,2,3,423,Potential Loyalists,5,Low risk
CUS-03920,68,7,487.77,4,4,4,444,Champions,13,Low risk
CUS-03921,186,3,382.79,2,2,3,223,Hibernating,54,Medium risk
CUS-03922,110,2,131.8,3,1,1,311,Potential Loyalists,18,Low risk
CUS-03923,80,12,1076.66,4,5,5,455,High-Value Customers,5,Low risk
CUS-03924,210,2,127.05,2,1,1,211,Hibernating,64,Medium risk
CUS-03925,92,5,666.6,3,3,5,335,Potential Loyalists,18,Low risk
CUS-03926,473,4,503.43,1,3,4,134,At Risk,67,High risk
CUS-03927,103,14,1319.2,3,5,5,355,High-Value Customers,26,Low risk
CUS-03928,55,7,581.07,4,4,4,444,Champions,28,Low risk
CUS-03929,92,5,353.16,3,3,3,333,Potential Loyalists,26,Low risk
CUS-03930,87,9,924.87,3,5,5,355,High-Value Customers,5,Low risk
CUS-03931,82,2,143.13,3,1,2,312,Potential Loyalists,5,Low risk
CUS-03932,409,3,212.27,1,2,2,122,Hibernating,77,High risk
CUS-03933,54,6,466.71000000000004,4,4,4,444,Champions,13,Low risk
CUS-03934,407,2,103.15,1,1,1,111,Hibernating,67,High risk
CUS-03935,30,10,998.4399999999999,5,5,5,555,High-Value Customers,5,Low risk
CUS-03936,151,7,380.99,2,4,3,243,At Risk,44,Medium risk
CUS-03937,46,4,139.93,5,3,2,532,Potential Loyalists,20,Low risk
CUS-03938,117,7,797.38,3,4,5,345,High-Value Customers,33,Low risk
CUS-03939,413,3,246.06,1,2,2,122,Hibernating,77,High risk
CUS-03940,14,5,287.4,5,3,3,533,Potential Loyalists,5,Low risk
CUS-03941,759,2,86.99000000000001,1,1,1,111,Hibernating,77,High risk
CUS-03942,405,4,392.34999999999997,1,3,3,133,At Risk,65,High risk
CUS-03943,114,12,543.27,3,5,4,354,Loyal Customers,18,Low risk
CUS-03944,20,8,864.21,5,5,5,555,High-Value Customers,5,Low risk
CUS-03945,35,1,19.19,5,1,1,511,Potential Loyalists,5,Low risk
CUS-03946,575,3,132.13,1,2,1,121,Hibernating,82,High risk
CUS-03947,354,2,221.42000000000002,2,1,2,212,Hibernating,82,High risk
CUS-03948,570,6,657.29,1,4,4,144,At Risk,65,High risk
CUS-03949,170,3,189.35,2,2,2,222,Hibernating,59,Medium risk
CUS-03950,69,7,444.4,4,4,4,444,Champions,20,Low risk
CUS-03951,157,1,110.59,2,1,1,211,Hibernating,54,Medium risk
CUS-03952,273,2,119.39999999999999,2,1,1,211,Hibernating,77,High risk
CUS-03953,712,2,160.57999999999998,1,1,2,112,Hibernating,77,High risk
CUS-03954,21,9,637.58,5,5,4,554,Champions,5,Low risk
CUS-03955,130,6,446.46,3,4,4,344,Loyal Customers,30,Low risk
CUS-03956,91,1,65.6,3,1,1,311,Potential Loyalists,28,Low risk
CUS-03957,35,4,539.46,5,3,4,534,Potential Loyalists,5,Low risk
CUS-03958,821,2,221.05,1,1,2,112,Hibernating,77,High risk
CUS-03959,21,2,45.46,5,1,1,511,Potential Loyalists,5,Low risk
CUS-03960,116,4,363.04,3,3,3,333,Discount Seekers,26,Low risk
CUS-03961,100,5,341.31,3,3,3,333,Discount Seekers,34,Low risk
CUS-03962,65,9,577.24,4,5,4,454,Champions,13,Low risk
CUS-03963,555,4,259.86,1,3,3,133,At Risk,90,High risk
CUS-03964,519,3,341.76,1,2,3,123,Hibernating,67,High risk
CUS-03965,487,8,1072.25,1,5,5,155,High-Value Customers,72,High risk
CUS-03966,48,2,149.74,5,1,2,512,Potential Loyalists,5,Low risk
CUS-03967,99,2,103.57,3,1,1,311,Potential Loyalists,18,Low risk
CUS-03968,420,1,78.33,1,1,1,111,Hibernating,85,High risk
CUS-03969,42,13,1283.65,5,5,5,555,High-Value Customers,13,Low risk
CUS-03970,83,9,898.0600000000001,3,5,5,355,High-Value Customers,20,Low risk
CUS-03971,46,10,581.98,5,5,4,554,Champions,13,Low risk
CUS-03972,134,9,607.45,3,5,4,354,Loyal Customers,30,Low risk
CUS-03973,31,5,475.74,5,3,4,534,Potential Loyalists,5,Low risk
CUS-03974,296,3,375.64,2,2,3,223,Hibernating,67,High risk
CUS-03975,137,3,317.03,3,2,3,323,Potential Loyalists,40,Medium risk
CUS-03976,105,7,437.88,3,4,4,344,Discount Seekers,48,Medium risk
CUS-03977,104,10,849.87,3,5,5,355,High-Value Customers,26,Low risk
CUS-03978,140,6,326.92,2,4,3,243,Discount Seekers,53,Medium risk
CUS-03979,499,2,87.12,1,1,1,111,Hibernating,67,High risk
CUS-03980,28,7,535.54,5,4,4,544,Champions,13,Low risk
CUS-03981,138,3,281.69,2,2,3,223,Hibernating,30,Low risk
CUS-03982,301,4,431.05999999999995,2,3,4,234,At Risk,82,High risk
CUS-03983,69,4,236.85000000000002,4,3,2,432,Potential Loyalists,20,Low risk
CUS-03984,76,4,269.49,4,3,3,433,Potential Loyalists,30,Low risk
CUS-03985,163,7,859.37,2,4,5,245,High-Value Customers,44,Medium risk
CUS-03986,126,7,443.97,3,4,4,344,Loyal Customers,38,Medium risk
CUS-03987,79,4,344.69,4,3,3,433,Discount Seekers,28,Low risk
CUS-03988,105,6,499.7,3,4,4,344,Loyal Customers,28,Low risk
CUS-03989,62,8,680.62,4,5,5,455,High-Value Customers,5,Low risk
CUS-03990,44,6,471.33,5,4,4,544,Champions,5,Low risk
CUS-03991,124,1,23.56,3,1,1,311,Potential Loyalists,38,Medium risk
CUS-03992,21,2,76.53,5,1,1,511,Potential Loyalists,5,Low risk
CUS-03993,80,8,955.92,4,5,5,455,High-Value Customers,20,Low risk
CUS-03994,880,2,90.35,1,1,1,111,Hibernating,77,High risk
CUS-03995,82,4,161.85,3,3,2,332,Potential Loyalists,5,Low risk
CUS-03996,48,1,81.1,5,1,1,511,Potential Loyalists,5,Low risk
CUS-03997,20,4,353.47,5,3,3,533,Potential Loyalists,20,Low risk
CUS-03998,298,2,254.54999999999998,2,1,3,213,Hibernating,67,High risk
CUS-03999,155,10,1274.34,2,5,5,255,High-Value Customers,44,Medium risk
CUS-04000,77,6,632.23,4,4,4,444,Champions,13,Low risk
CUS-04001,80,6,442.12,4,4,4,444,Champions,20,Low risk
CUS-04002,91,6,491.71000000000004,3,4,4,344,Loyal Customers,33,Low risk
CUS-04003,86,5,456.5,3,3,4,334,Potential Loyalists,30,Low risk
CUS-04004,31,4,256.43,5,3,3,533,Potential Loyalists,28,Low risk
CUS-04005,96,2,164.99,3,1,2,312,Potential Loyalists,18,Low risk
CUS-04006,865,4,451.6,1,3,4,134,At Risk,82,High risk
CUS-04007,107,5,344.11,3,3,3,333,Potential Loyalists,26,Low risk
CUS-04008,173,6,223.45,2,4,2,242,At Risk,44,Medium risk
CUS-04009,17,2,163.47,5,1,2,512,Potential Loyalists,5,Low risk
CUS-04010,46,5,336.53,5,3,3,533,Potential Loyalists,5,Low risk
CUS-04011,159,3,198.28000000000003,2,2,2,222,Hibernating,44,Medium risk
CUS-04012,98,3,255.07,3,2,3,323,Potential Loyalists,18,Low risk
CUS-04013,30,2,206.81,5,1,2,512,Potential Loyalists,5,Low risk
CUS-04014,128,6,449.95,3,4,4,344,Loyal Customers,38,Medium risk
CUS-04015,170,4,349.22,2,3,3,233,At Risk,44,Medium risk
CUS-04016,36,1,55.23,5,1,1,511,Potential Loyalists,5,Low risk
CUS-04017,80,5,515.39,4,3,4,434,Potential Loyalists,13,Low risk
CUS-04018,173,4,357.11,2,3,3,233,At Risk,69,High risk
CUS-04019,702,1,48.82,1,1,1,111,Hibernating,77,High risk
CUS-04020,223,5,512.9,2,3,4,234,At Risk,52,Medium risk
CUS-04021,281,7,732.8399999999999,2,4,5,245,High-Value Customers,57,Medium risk
CUS-04022,248,3,208.72,2,2,2,222,Hibernating,67,High risk
CUS-04023,49,7,762.6800000000001,4,4,5,445,High-Value Customers,5,Low risk
CUS-04024,84,7,659.01,3,4,5,345,High-Value Customers,21,Low risk
CUS-04025,117,3,179.32999999999998,3,2,2,322,Potential Loyalists,18,Low risk
CUS-04026,463,1,31.44,1,1,1,111,Hibernating,85,High risk
CUS-04027,57,6,606.39,4,4,4,444,Champions,5,Low risk
CUS-04028,30,10,551.92,5,5,4,554,Champions,13,Low risk
CUS-04029,43,7,263.35,5,4,3,543,Loyal Customers,5,Low risk
CUS-04030,86,3,151.87,3,2,2,322,Potential Loyalists,5,Low risk
CUS-04031,375,2,114.44,2,1,1,211,Hibernating,67,High risk
CUS-04032,47,5,197.66,5,3,2,532,Potential Loyalists,5,Low risk
CUS-04033,18,4,326.65,5,3,3,533,Potential Loyalists,5,Low risk
CUS-04034,109,6,988.49,3,4,5,345,High-Value Customers,26,Low risk
CUS-04035,29,3,353.03999999999996,5,2,3,523,Potential Loyalists,5,Low risk
CUS-04036,574,4,337.77,1,3,3,133,At Risk,67,High risk
CUS-04037,810,2,152.54000000000002,1,1,2,112,Hibernating,85,High risk
CUS-04038,421,2,73.00999999999999,1,1,1,111,Hibernating,67,High risk
CUS-04039,17,9,546.73,5,5,4,554,Champions,28,Low risk
CUS-04040,50,3,228.62,4,2,2,422,Potential Loyalists,5,Low risk
CUS-04041,144,4,150.1,2,3,2,232,At Risk,40,Medium risk
CUS-04042,120,11,1113.17,3,5,5,355,High-Value Customers,18,Low risk
CUS-04043,480,1,59.22,1,1,1,111,Hibernating,77,High risk
CUS-04044,542,2,51.269999999999996,1,1,1,111,Hibernating,75,High risk
CUS-04045,32,5,194.61,5,3,2,532,Potential Loyalists,13,Low risk
CUS-04046,95,6,301.73,3,4,3,343,Loyal Customers,26,Low risk
CUS-04047,463,4,429.39,1,3,4,134,At Risk,67,High risk
CUS-04048,95,2,86.14,3,1,1,311,Potential Loyalists,18,Low risk
CUS-04049,136,5,295.26,3,3,3,333,Discount Seekers,53,Medium risk
CUS-04050,88,4,279.44,3,3,3,333,Potential Loyalists,30,Low risk
CUS-04051,332,6,534.56,2,4,4,244,At Risk,75,High risk
CUS-04052,457,1,72.73,1,1,1,111,Hibernating,77,High risk
CUS-04053,51,6,625.0699999999999,4,4,4,444,Champions,28,Low risk
CUS-04054,66,6,770.0699999999999,4,4,5,445,High-Value Customers,13,Low risk
CUS-04055,85,9,572.22,3,5,4,354,Discount Seekers,13,Low risk
CUS-04056,436,2,129.75,1,1,1,111,Hibernating,77,High risk
CUS-04057,731,1,113.13,1,1,1,111,Hibernating,85,High risk
CUS-04058,75,13,1733.75,4,5,5,455,High-Value Customers,20,Low risk
CUS-04059,121,1,70.71,3,1,1,311,Potential Loyalists,40,Medium risk
CUS-04060,800,1,70.99,1,1,1,111,Hibernating,77,High risk
CUS-04061,129,3,277.94,3,2,3,323,Potential Loyalists,40,Medium risk
CUS-04062,4,5,213.73,5,3,2,532,Potential Loyalists,5,Low risk
CUS-04063,67,3,174.89,4,2,2,422,Potential Loyalists,5,Low risk
CUS-04064,46,1,57.55,5,1,1,511,Potential Loyalists,5,Low risk
CUS-04065,107,17,1713.1,3,5,5,355,High-Value Customers,18,Low risk
CUS-04066,47,1,181.71,5,1,2,512,Potential Loyalists,5,Low risk
CUS-04067,105,3,313.9,3,2,3,323,Potential Loyalists,38,Medium risk
CUS-04068,124,4,391.29,3,3,3,333,Discount Seekers,48,Medium risk
CUS-04069,111,11,1575.18,3,5,5,355,High-Value Customers,18,Low risk
CUS-04070,239,1,67.52,2,1,1,211,Hibernating,64,Medium risk
CUS-04071,72,5,181.56,4,3,2,432,Potential Loyalists,13,Low risk
CUS-04072,213,2,94.82,2,1,1,211,Hibernating,64,Medium risk
CUS-04073,23,3,136.37,5,2,2,522,Potential Loyalists,5,Low risk
CUS-04074,108,4,354.73,3,3,3,333,Discount Seekers,36,Medium risk
CUS-04075,50,3,75.56,4,2,1,421,Potential Loyalists,5,Low risk
CUS-04076,66,2,141.93,4,1,2,412,Potential Loyalists,25,Low risk
CUS-04077,53,9,624.5,4,5,4,454,Champions,5,Low risk
CUS-04078,221,3,347.87,2,2,3,223,Hibernating,54,Medium risk
CUS-04079,93,10,841.58,3,5,5,355,High-Value Customers,26,Low risk
CUS-04080,261,4,400.15,2,3,4,234,At Risk,72,High risk
CUS-04081,38,3,175.33,5,2,2,522,Potential Loyalists,20,Low risk
CUS-04082,413,2,108.41999999999999,1,1,1,111,Hibernating,77,High risk
CUS-04083,233,2,122.38999999999999,2,1,1,211,Hibernating,52,Medium risk
CUS-04084,195,4,256.71000000000004,2,3,3,233,At Risk,44,Medium risk
CUS-04085,98,7,452.65,3,4,4,344,Discount Seekers,41,Medium risk
CUS-04086,91,10,808.29,3,5,5,355,High-Value Customers,34,Low risk
CUS-04087,84,1,48.59,3,1,1,311,Potential Loyalists,5,Low risk
CUS-04088,159,5,346.44,2,3,3,233,At Risk,62,Medium risk
CUS-04089,505,3,186.75,1,2,2,122,Hibernating,67,High risk
CUS-04090,348,5,518.81,2,3,4,234,At Risk,57,Medium risk
CUS-04091,66,5,531.1,4,3,4,434,Potential Loyalists,5,Low risk
CUS-04092,53,3,143.26,4,2,2,422,Potential Loyalists,5,Low risk
CUS-04093,51,10,536.38,4,5,4,454,Champions,13,Low risk
CUS-04094,73,14,1912.18,4,5,5,455,High-Value Customers,13,Low risk
CUS-04095,43,12,1463.85,5,5,5,555,High-Value Customers,5,Low risk
CUS-04096,278,3,148.09,2,2,2,222,Hibernating,57,Medium risk
CUS-04097,398,2,146.82,2,1,2,212,Hibernating,67,High risk
CUS-04098,55,4,230.82,4,3,2,432,Potential Loyalists,5,Low risk
CUS-04099,99,3,93.46,3,2,1,321,Potential Loyalists,18,Low risk
CUS-04100,68,9,1143.61,4,5,5,455,High-Value Customers,5,Low risk
CUS-04101,56,6,612.58,4,4,4,444,Champions,20,Low risk
CUS-04102,184,3,384.49,2,2,3,223,Hibernating,69,High risk
CUS-04103,63,4,412.26,4,3,4,434,Potential Loyalists,15,Low risk
CUS-04104,402,3,187.78,1,2,2,122,Hibernating,82,High risk
CUS-04105,784,1,120.8,1,1,1,111,Hibernating,77,High risk
CUS-04106,74,4,220.79000000000002,4,3,2,432,Potential Loyalists,15,Low risk
CUS-04107,570,2,342.63,1,1,3,113,Hibernating,77,High risk
CUS-04108,56,9,945.7900000000001,4,5,5,455,High-Value Customers,5,Low risk
CUS-04109,95,6,704.2,3,4,5,345,High-Value Customers,26,Low risk
CUS-04110,368,2,91.91,2,1,1,211,Hibernating,82,High risk
CUS-04111,596,4,418.06,1,3,4,134,At Risk,82,High risk
CUS-04112,61,6,638.87,4,4,4,444,Champions,21,Low risk
CUS-04113,83,14,1310.6,3,5,5,355,High-Value Customers,5,Low risk
CUS-04114,108,12,1328.7,3,5,5,355,High-Value Customers,18,Low risk
CUS-04115,87,5,798.47,3,3,5,335,Potential Loyalists,13,Low risk
CUS-04116,37,14,1460.12,5,5,5,555,High-Value Customers,5,Low risk
CUS-04117,223,7,857.05,2,4,5,245,High-Value Customers,44,Medium risk
CUS-04118,33,1,152.84,5,1,2,512,Potential Loyalists,5,Low risk
CUS-04119,9,3,155.68,5,2,2,522,Potential Loyalists,5,Low risk
CUS-04120,457,8,558.37,1,5,4,154,At Risk,57,Medium risk
CUS-04121,137,4,127.85,3,3,1,331,Potential Loyalists,30,Low risk
CUS-04122,76,12,900.9200000000001,4,5,5,455,High-Value Customers,5,Low risk
CUS-04123,267,3,324.96000000000004,2,2,3,223,Hibernating,57,Medium risk
CUS-04124,18,12,877.36,5,5,5,555,High-Value Customers,5,Low risk
CUS-04125,27,6,266.45,5,4,3,543,Loyal Customers,13,Low risk
CUS-04126,49,4,197.06,4,3,2,432,Potential Loyalists,5,Low risk
CUS-04127,11,5,604.03,5,3,4,534,Potential Loyalists,20,Low risk
CUS-04128,211,6,334.27,2,4,3,243,Discount Seekers,60,Medium risk
CUS-04129,64,5,345.59000000000003,4,3,3,433,Potential Loyalists,13,Low risk
CUS-04130,584,1,130.07,1,1,1,111,Hibernating,92,High risk
CUS-04131,313,4,282.90999999999997,2,3,3,233,At Risk,82,High risk
CUS-04132,20,5,418.63,5,3,4,534,Potential Loyalists,13,Low risk
CUS-04133,752,1,91.14,1,1,1,111,Hibernating,77,High risk
CUS-04134,102,3,135.94,3,2,2,322,Potential Loyalists,28,Low risk
CUS-04135,134,3,382.69,3,2,3,323,Potential Loyalists,45,Medium risk
CUS-04136,22,5,254.64,5,3,3,533,Potential Loyalists,13,Low risk
CUS-04137,116,3,155.10000000000002,3,2,2,322,Potential Loyalists,28,Low risk
CUS-04138,379,3,204.94,2,2,2,222,Hibernating,57,Medium risk
CUS-04139,51,1,27.86,4,1,1,411,Potential Loyalists,5,Low risk
CUS-04140,74,10,771.13,4,5,5,455,High-Value Customers,5,Low risk
CUS-04141,307,3,236.62,2,2,2,222,Hibernating,82,High risk
CUS-04142,58,3,175.14,4,2,2,422,Potential Loyalists,5,Low risk
CUS-04143,15,4,227.6,5,3,2,532,Potential Loyalists,5,Low risk
CUS-04144,52,6,583.55,4,4,4,444,Champions,5,Low risk
CUS-04145,58,12,1495.3799999999999,4,5,5,455,High-Value Customers,5,Low risk
CUS-04146,91,14,1588.83,3,5,5,355,High-Value Customers,18,Low risk
CUS-04147,130,3,239.29000000000002,3,2,2,322,Potential Loyalists,48,Medium risk
CUS-04148,77,15,1807.06,4,5,5,455,High-Value Customers,5,Low risk
CUS-04149,97,8,844.28,3,5,5,355,High-Value Customers,18,Low risk
CUS-04150,17,4,375.35,5,3,3,533,Potential Loyalists,20,Low risk
CUS-04151,130,5,549.51,3,3,4,334,Potential Loyalists,40,Medium risk
CUS-04152,89,11,1163.25,3,5,5,355,High-Value Customers,5,Low risk
CUS-04153,17,11,602.45,5,5,4,554,Champions,13,Low risk
CUS-04154,85,9,524.29,3,5,4,354,Loyal Customers,5,Low risk
CUS-04155,35,2,104.64,5,1,1,511,Potential Loyalists,5,Low risk
CUS-04156,83,5,409.09,3,3,4,334,Potential Loyalists,13,Low risk
CUS-04157,81,6,408.77,4,4,4,444,Champions,20,Low risk
CUS-04158,587,2,167.0,1,1,2,112,Hibernating,77,High risk
CUS-04159,200,5,338.32,2,3,3,233,At Risk,44,Medium risk
CUS-04160,196,2,408.55,2,1,4,214,Hibernating,64,Medium risk
CUS-04161,62,2,174.68,4,1,2,412,Potential Loyalists,13,Low risk
CUS-04162,417,1,76.68,1,1,1,111,Hibernating,77,High risk
CUS-04163,129,6,399.05,3,4,4,344,Loyal Customers,40,Medium risk
CUS-04164,37,6,273.78999999999996,5,4,3,543,Loyal Customers,13,Low risk
CUS-04165,44,5,382.01,5,3,3,533,Potential Loyalists,5,Low risk
CUS-04166,148,7,548.13,2,4,4,244,At Risk,30,Low risk
CUS-04167,90,17,1825.74,3,5,5,355,High-Value Customers,5,Low risk
CUS-04168,130,6,433.96999999999997,3,4,4,344,Loyal Customers,38,Medium risk
CUS-04169,138,8,763.39,2,5,5,255,High-Value Customers,45,Medium risk
CUS-04170,698,2,165.24,1,1,2,112,Hibernating,77,High risk
CUS-04171,54,4,345.93,4,3,3,433,Discount Seekers,28,Low risk
CUS-04172,155,3,233.88,2,2,2,222,Hibernating,44,Medium risk
CUS-04173,296,3,110.55000000000001,2,2,1,221,Hibernating,82,High risk
CUS-04174,449,2,101.43,1,1,1,111,Hibernating,77,High risk
CUS-04175,555,3,243.71999999999997,1,2,2,122,Hibernating,92,High risk
CUS-04176,113,7,330.65000000000003,3,4,3,343,Loyal Customers,18,Low risk
CUS-04177,85,7,771.6600000000001,3,4,5,345,High-Value Customers,13,Low risk
CUS-04178,19,5,222.63,5,3,2,532,Potential Loyalists,5,Low risk
CUS-04179,26,3,333.35,5,2,3,523,Potential Loyalists,5,Low risk
CUS-04180,310,5,441.31,2,3,4,234,At Risk,57,Medium risk
CUS-04181,130,3,151.8,3,2,2,322,Potential Loyalists,45,Medium risk
CUS-04182,117,9,624.92,3,5,4,354,Loyal Customers,18,Low risk
CUS-04183,91,6,497.9,3,4,4,344,Loyal Customers,28,Low risk
CUS-04184,58,2,86.26,4,1,1,411,Potential Loyalists,5,Low risk
CUS-04185,469,2,125.22999999999999,1,1,1,111,Hibernating,100,High risk
CUS-04186,62,4,235.08,4,3,2,432,Potential Loyalists,5,Low risk
CUS-04187,179,3,279.23,2,2,3,223,Hibernating,59,Medium risk
CUS-04188,77,3,253.06,4,2,3,423,Potential Loyalists,5,Low risk
CUS-04189,467,1,19.02,1,1,1,111,Hibernating,85,High risk
CUS-04190,50,3,215.81,4,2,2,422,Potential Loyalists,5,Low risk
CUS-04191,50,13,1560.86,4,5,5,455,High-Value Customers,20,Low risk
CUS-04192,47,9,936.86,5,5,5,555,High-Value Customers,5,Low risk
CUS-04193,419,1,18.48,1,1,1,111,Hibernating,77,High risk
CUS-04194,781,2,158.38,1,1,2,112,Hibernating,77,High risk
CUS-04195,88,2,192.96,3,1,2,312,Potential Loyalists,13,Low risk
CUS-04196,458,4,404.15999999999997,1,3,4,134,At Risk,67,High risk
CUS-04197,113,2,235.01999999999998,3,1,2,312,Potential Loyalists,18,Low risk
CUS-04198,24,4,211.87,5,3,2,532,Potential Loyalists,5,Low risk
CUS-04199,54,7,359.06,4,4,3,443,Loyal Customers,13,Low risk
CUS-04200,274,7,487.75,2,4,4,244,At Risk,65,High risk
CUS-04201,783,3,212.8,1,2,2,122,Hibernating,77,High risk
CUS-04202,9,9,714.77,5,5,5,555,High-Value Customers,20,Low risk
CUS-04203,135,7,417.94,3,4,4,344,Discount Seekers,53,Medium risk
CUS-04204,77,4,586.13,4,3,4,434,Potential Loyalists,15,Low risk
CUS-04205,61,5,780.3,4,3,5,435,Potential Loyalists,5,Low risk
CUS-04206,98,5,487.96,3,3,4,334,Potential Loyalists,18,Low risk
CUS-04207,116,9,745.48,3,5,5,355,High-Value Customers,41,Medium risk
CUS-04208,99,5,462.89000000000004,3,3,4,334,Potential Loyalists,33,Low risk
CUS-04209,30,4,274.88,5,3,3,533,Potential Loyalists,5,Low risk
CUS-04210,41,6,475.34000000000003,5,4,4,544,Champions,20,Low risk
CUS-04211,66,9,538.05,4,5,4,454,Champions,13,Low risk
CUS-04212,418,1,60.11,1,1,1,111,Hibernating,77,High risk
CUS-04213,56,8,413.11,4,5,4,454,Champions,20,Low risk
CUS-04214,107,3,169.86,3,2,2,322,Potential Loyalists,33,Low risk
CUS-04215,611,1,39.32,1,1,1,111,Hibernating,77,High risk
CUS-04216,40,3,152.55,5,2,2,522,Potential Loyalists,5,Low risk
CUS-04217,491,2,223.78,1,1,2,112,Hibernating,75,High risk
CUS-04218,88,5,607.15,3,3,4,334,Potential Loyalists,5,Low risk
CUS-04219,1000,1,44.01,1,1,1,111,Hibernating,77,High risk
CUS-04220,261,4,491.03999999999996,2,3,4,234,At Risk,67,High risk
CUS-04221,54,6,511.5,4,4,4,444,Champions,13,Low risk
CUS-04222,63,12,1544.94,4,5,5,455,High-Value Customers,5,Low risk
CUS-04223,106,4,558.77,3,3,4,334,Potential Loyalists,33,Low risk
CUS-04224,74,11,1257.03,4,5,5,455,High-Value Customers,5,Low risk
CUS-04225,84,2,150.22000000000003,3,1,2,312,Potential Loyalists,25,Low risk
CUS-04226,517,2,124.07000000000001,1,1,1,111,Hibernating,67,High risk
CUS-04227,122,2,89.01,3,1,1,311,Potential Loyalists,30,Low risk
CUS-04228,99,4,145.96,3,3,2,332,Potential Loyalists,18,Low risk
CUS-04229,376,4,547.27,2,3,4,234,At Risk,80,High risk
CUS-04230,112,3,377.73,3,2,3,323,Potential Loyalists,28,Low risk
CUS-04231,44,2,67.25999999999999,5,1,1,511,Potential Loyalists,5,Low risk
CUS-04232,111,3,131.01999999999998,3,2,1,321,Potential Loyalists,36,Medium risk
CUS-04233,285,1,118.75,2,1,1,211,Hibernating,77,High risk
CUS-04234,500,2,90.87,1,1,1,111,Hibernating,77,High risk
CUS-04235,535,1,58.43,1,1,1,111,Hibernating,85,High risk
CUS-04236,114,7,938.5699999999999,3,4,5,345,High-Value Customers,26,Low risk
CUS-04237,27,8,626.96,5,5,4,554,Champions,5,Low risk
CUS-04238,150,6,623.45,2,4,4,244,At Risk,38,Medium risk
CUS-04239,60,14,1274.84,4,5,5,455,High-Value Customers,13,Low risk
CUS-04240,15,2,49.86,5,1,1,511,Potential Loyalists,5,Low risk
CUS-04241,379,4,260.1,2,3,3,233,At Risk,67,High risk
CUS-04242,729,2,119.34,1,1,1,111,Hibernating,77,High risk
CUS-04243,142,4,340.78999999999996,2,3,3,233,At Risk,45,Medium risk
CUS-04244,74,5,593.95,4,3,4,434,Potential Loyalists,20,Low risk
CUS-04245,373,5,422.02000000000004,2,3,4,234,At Risk,65,High risk
CUS-04246,113,5,436.49,3,3,4,334,Potential Loyalists,26,Low risk
CUS-04247,257,4,563.97,2,3,4,234,At Risk,82,High risk
CUS-04248,181,5,366.81,2,3,3,233,At Risk,54,Medium risk
CUS-04249,133,2,58.67,3,1,1,311,Potential Loyalists,30,Low risk
CUS-04250,133,1,36.6,3,1,1,311,Potential Loyalists,40,Medium risk
CUS-04251,66,8,973.63,4,5,5,455,High-Value Customers,5,Low risk
CUS-04252,195,2,156.44,2,1,2,212,Hibernating,54,Medium risk
CUS-04253,927,3,203.23,1,2,2,122,Hibernating,100,High risk
CUS-04254,139,2,135.51,2,1,2,212,Hibernating,50,Medium risk
CUS-04255,83,3,245.10000000000002,3,2,2,322,Potential Loyalists,20,Low risk
CUS-04256,158,7,634.78,2,4,4,244,At Risk,44,Medium risk
CUS-04257,62,7,429.1,4,4,4,444,Champions,21,Low risk
CUS-04258,519,2,100.08,1,1,1,111,Hibernating,77,High risk
CUS-04259,65,8,686.7,4,5,5,455,High-Value Customers,5,Low risk
CUS-04260,27,8,520.49,5,5,4,554,Champions,5,Low risk
CUS-04261,435,3,317.14,1,2,3,123,Hibernating,67,High risk
CUS-04262,231,7,563.0699999999999,2,4,4,244,At Risk,52,Medium risk
CUS-04263,45,7,593.4,5,4,4,544,Champions,13,Low risk
CUS-04264,158,8,595.73,2,5,4,254,At Risk,44,Medium risk
CUS-04265,132,5,482.26,3,3,4,334,Potential Loyalists,38,Medium risk
CUS-04266,629,3,245.51,1,2,2,122,Hibernating,82,High risk
CUS-04267,61,6,577.8599999999999,4,4,4,444,Champions,28,Low risk
CUS-04268,32,2,142.06,5,1,2,512,Potential Loyalists,20,Low risk
CUS-04269,331,3,239.53,2,2,2,222,Hibernating,67,High risk
CUS-04270,540,1,81.25,1,1,1,111,Hibernating,77,High risk
CUS-04271,710,2,46.55,1,1,1,111,Hibernating,77,High risk
CUS-04272,160,5,395.90999999999997,2,3,3,233,At Risk,52,Medium risk
CUS-04273,216,5,199.33,2,3,2,232,At Risk,54,Medium risk
CUS-04274,248,1,59.88,2,1,1,211,Hibernating,67,High risk
CUS-04275,415,1,150.19,1,1,2,112,Hibernating,77,High risk
CUS-04276,481,6,510.75,1,4,4,144,At Risk,65,High risk
CUS-04277,553,3,171.98,1,2,2,122,Hibernating,85,High risk
CUS-04278,563,1,167.02,1,1,2,112,Hibernating,77,High risk
CUS-04279,93,5,164.29,3,3,2,332,Potential Loyalists,26,Low risk
CUS-04280,11,5,118.92,5,3,1,531,Potential Loyalists,5,Low risk
CUS-04281,42,6,418.72,5,4,4,544,Champions,20,Low risk
CUS-04282,122,7,621.88,3,4,4,344,Discount Seekers,53,Medium risk
CUS-04283,318,6,695.8299999999999,2,4,5,245,High-Value Customers,65,High risk
CUS-04284,587,2,208.88,1,1,2,112,Hibernating,92,High risk
CUS-04285,115,15,1766.23,3,5,5,355,High-Value Customers,18,Low risk
CUS-04286,659,2,114.16,1,1,1,111,Hibernating,77,High risk
CUS-04287,537,2,153.18,1,1,2,112,Hibernating,82,High risk
CUS-04288,551,1,87.73,1,1,1,111,Hibernating,92,High risk
CUS-04289,112,6,659.0699999999999,3,4,5,345,High-Value Customers,26,Low risk
CUS-04290,41,5,371.18,5,3,3,533,Discount Seekers,28,Low risk
CUS-04291,413,3,224.21,1,2,2,122,Hibernating,72,High risk
CUS-04292,592,3,208.89,1,2,2,122,Hibernating,82,High risk
CUS-04293,223,7,712.86,2,4,5,245,High-Value Customers,52,Medium risk
CUS-04294,57,9,682.9200000000001,4,5,5,455,High-Value Customers,13,Low risk
CUS-04295,54,9,760.15,4,5,5,455,High-Value Customers,13,Low risk
CUS-04296,830,1,79.52,1,1,1,111,Hibernating,77,High risk
CUS-04297,138,5,322.4,2,3,3,233,At Risk,30,Low risk
CUS-04298,44,7,443.65,5,4,4,544,Champions,13,Low risk
CUS-04299,685,2,69.21000000000001,1,1,1,111,Hibernating,85,High risk
CUS-04300,310,4,291.22,2,3,3,233,At Risk,72,High risk
CUS-04301,39,6,634.3199999999999,5,4,4,544,Champions,5,Low risk
CUS-04302,225,2,170.35,2,1,2,212,Hibernating,64,Medium risk
CUS-04303,53,8,576.6,4,5,4,454,Champions,13,Low risk
CUS-04304,73,14,1305.28,4,5,5,455,High-Value Customers,21,Low risk
CUS-04305,106,4,370.35,3,3,3,333,Potential Loyalists,33,Low risk
CUS-04306,50,1,30.81,4,1,1,411,Potential Loyalists,5,Low risk
CUS-04307,513,3,121.53999999999999,1,2,1,121,Hibernating,67,High risk
CUS-04308,342,1,35.09,2,1,1,211,Hibernating,92,High risk
CUS-04309,130,5,599.21,3,3,4,334,Potential Loyalists,30,Low risk
CUS-04310,114,5,398.29,3,3,4,334,Potential Loyalists,18,Low risk
CUS-04311,164,11,960.85,2,5,5,255,High-Value Customers,52,Medium risk
CUS-04312,17,16,2362.03,5,5,5,555,High-Value Customers,20,Low risk
CUS-04313,343,4,431.82000000000005,2,3,4,234,At Risk,57,Medium risk
CUS-04314,665,2,114.55,1,1,1,111,Hibernating,77,High risk
CUS-04315,973,1,268.03,1,1,3,113,Hibernating,77,High risk
CUS-04316,64,5,301.49,4,3,3,433,Potential Loyalists,5,Low risk
CUS-04317,514,3,110.88999999999999,1,2,1,121,Hibernating,67,High risk
CUS-04318,80,6,391.19,4,4,3,443,Loyal Customers,5,Low risk
CUS-04319,499,1,79.78,1,1,1,111,Hibernating,77,High risk
CUS-04320,30,6,594.31,5,4,4,544,Champions,20,Low risk
CUS-04321,293,3,122.11,2,2,1,221,Hibernating,57,Medium risk
CUS-04322,568,2,132.48000000000002,1,1,2,112,Hibernating,75,High risk
CUS-04323,88,13,985.36,3,5,5,355,High-Value Customers,5,Low risk
CUS-04324,136,7,643.63,3,4,4,344,Loyal Customers,38,Medium risk
CUS-04325,386,2,45.32,2,1,1,211,Hibernating,67,High risk
CUS-04326,113,9,1578.99,3,5,5,355,High-Value Customers,18,Low risk
CUS-04327,70,6,447.90999999999997,4,4,4,444,Champions,5,Low risk
CUS-04328,29,3,160.48000000000002,5,2,2,522,Potential Loyalists,5,Low risk
CUS-04329,102,4,298.32,3,3,3,333,Discount Seekers,51,Medium risk
CUS-04330,39,1,44.48,5,1,1,511,Potential Loyalists,5,Low risk
CUS-04331,135,5,607.93,3,3,4,334,Potential Loyalists,30,Low risk
CUS-04332,39,8,875.4399999999999,5,5,5,555,High-Value Customers,20,Low risk
CUS-04333,33,3,275.79,5,2,3,523,Potential Loyalists,20,Low risk
CUS-04334,39,2,263.82,5,1,3,513,Potential Loyalists,5,Low risk
CUS-04335,262,4,208.76,2,3,2,232,At Risk,57,Medium risk
CUS-04336,135,4,270.94000000000005,3,3,3,333,Potential Loyalists,55,Medium risk
CUS-04337,82,7,905.79,3,4,5,345,High-Value Customers,5,Low risk
CUS-04338,329,5,479.03,2,3,4,234,At Risk,65,High risk
CUS-04339,26,10,690.71,5,5,5,555,High-Value Customers,5,Low risk
CUS-04340,397,2,103.37,2,1,1,211,Hibernating,67,High risk
CUS-04341,54,8,555.4100000000001,4,5,4,454,Champions,5,Low risk
CUS-04342,632,2,206.67000000000002,1,1,2,112,Hibernating,77,High risk
CUS-04343,42,8,652.05,5,5,4,554,Champions,20,Low risk
CUS-04344,42,2,136.87,5,1,2,512,Potential Loyalists,5,Low risk
CUS-04345,767,1,73.48,1,1,1,111,Hibernating,85,High risk
CUS-04346,219,5,431.75,2,3,4,234,At Risk,54,Medium risk
CUS-04347,117,8,465.95,3,5,4,354,Loyal Customers,18,Low risk
CUS-04348,419,4,611.3,1,3,4,134,At Risk,82,High risk
CUS-04349,572,2,98.6,1,1,1,111,Hibernating,85,High risk
CUS-04350,84,6,580.85,3,4,4,344,Loyal Customers,13,Low risk
CUS-04351,627,1,33.84,1,1,1,111,Hibernating,77,High risk
CUS-04352,190,7,412.49,2,4,4,244,At Risk,59,Medium risk
CUS-04353,65,4,176.6,4,3,2,432,Potential Loyalists,5,Low risk
CUS-04354,544,1,82.7,1,1,1,111,Hibernating,77,High risk
CUS-04355,52,3,471.52,4,2,4,424,Potential Loyalists,5,Low risk
CUS-04356,171,7,512.95,2,4,4,244,At Risk,44,Medium risk
CUS-04357,96,7,745.95,3,4,5,345,High-Value Customers,26,Low risk
CUS-04358,50,9,799.62,4,5,5,455,High-Value Customers,20,Low risk
CUS-04359,239,2,188.39,2,1,2,212,Hibernating,69,High risk
CUS-04360,270,7,240.13,2,4,2,242,At Risk,65,High risk
CUS-04361,35,4,212.44,5,3,2,532,Potential Loyalists,5,Low risk
CUS-04362,602,3,127.0,1,2,1,121,Hibernating,67,High risk
CUS-04363,91,14,1550.67,3,5,5,355,High-Value Customers,26,Low risk
CUS-04364,86,6,362.8,3,4,3,343,Discount Seekers,20,Low risk
CUS-04365,369,4,320.19000000000005,2,3,3,233,At Risk,57,Medium risk
CUS-04366,99,9,1256.8400000000001,3,5,5,355,High-Value Customers,18,Low risk
CUS-04367,411,2,92.75999999999999,1,1,1,111,Hibernating,67,High risk
CUS-04368,51,4,299.0,4,3,3,433,Discount Seekers,35,Medium risk
CUS-04369,332,3,230.96,2,2,2,222,Hibernating,57,Medium risk
CUS-04370,133,5,365.96,3,3,3,333,Potential Loyalists,40,Medium risk
CUS-04371,45,1,99.14,5,1,1,511,Potential Loyalists,5,Low risk
CUS-04372,372,6,627.33,2,4,4,244,At Risk,65,High risk
CUS-04373,20,2,133.05,5,1,2,512,Potential Loyalists,5,Low risk
CUS-04374,780,2,119.30000000000001,1,1,1,111,Hibernating,77,High risk
CUS-04375,214,14,1117.8,2,5,5,255,High-Value Customers,59,Medium risk
CUS-04376,448,1,30.88,1,1,1,111,Hibernating,77,High risk
CUS-04377,38,6,568.9,5,4,4,544,Champions,13,Low risk
CUS-04378,95,7,611.87,3,4,4,344,Discount Seekers,34,Low risk
CUS-04379,82,17,1508.1100000000001,3,5,5,355,High-Value Customers,20,Low risk
CUS-04380,181,5,633.0799999999999,2,3,4,234,At Risk,62,Medium risk
CUS-04381,888,1,163.02,1,1,2,112,Hibernating,100,High risk
CUS-04382,421,1,90.67,1,1,1,111,Hibernating,85,High risk
CUS-04383,367,1,52.82,2,1,1,211,Hibernating,77,High risk
CUS-04384,70,6,537.09,4,4,4,444,Champions,5,Low risk
CUS-04385,115,3,75.68,3,2,1,321,Potential Loyalists,18,Low risk
CUS-04386,750,1,44.08,1,1,1,111,Hibernating,85,High risk
CUS-04387,424,2,296.88,1,1,3,113,Hibernating,92,High risk
CUS-04388,57,7,523.62,4,4,4,444,Champions,5,Low risk
CUS-04389,36,4,377.58000000000004,5,3,3,533,Potential Loyalists,20,Low risk
CUS-04390,189,4,576.9300000000001,2,3,4,234,At Risk,54,Medium risk
CUS-04391,79,1,26.36,4,1,1,411,Potential Loyalists,15,Low risk
CUS-04392,822,2,123.65,1,1,1,111,Hibernating,77,High risk
CUS-04393,110,7,803.25,3,4,5,345,High-Value Customers,26,Low risk
CUS-04394,166,7,533.36,2,4,4,244,At Risk,67,High risk
CUS-04395,26,3,193.83,5,2,2,522,Potential Loyalists,5,Low risk
CUS-04396,83,7,788.47,3,4,5,345,High-Value Customers,5,Low risk
CUS-04397,333,2,110.34,2,1,1,211,Hibernating,67,High risk
CUS-04398,154,5,604.12,2,3,4,234,At Risk,52,Medium risk
CUS-04399,81,11,1009.8100000000001,4,5,5,455,High-Value Customers,5,Low risk
CUS-04400,299,3,172.49,2,2,2,222,Hibernating,82,High risk
CUS-04401,182,3,154.69,2,2,2,222,Hibernating,54,Medium risk
CUS-04402,87,6,448.21,3,4,4,344,Loyal Customers,13,Low risk
CUS-04403,568,1,222.32,1,1,2,112,Hibernating,77,High risk
CUS-04404,41,10,901.04,5,5,5,555,High-Value Customers,5,Low risk
CUS-04405,593,1,81.87,1,1,1,111,Hibernating,85,High risk
CUS-04406,565,3,105.68,1,2,1,121,Hibernating,67,High risk
CUS-04407,159,6,406.14,2,4,4,244,At Risk,62,Medium risk
CUS-04408,36,1,57.59,5,1,1,511,Potential Loyalists,5,Low risk
CUS-04409,89,14,1366.6399999999999,3,5,5,355,High-Value Customers,13,Low risk
CUS-04410,836,3,208.09,1,2,2,122,Hibernating,92,High risk
CUS-04411,190,9,544.83,2,5,4,254,At Risk,44,Medium risk
CUS-04412,49,7,451.98,4,4,4,444,Champions,28,Low risk
CUS-04413,143,3,286.67,2,2,3,223,Hibernating,55,Medium risk
CUS-04414,586,5,434.12,1,3,4,134,At Risk,72,High risk
CUS-04415,102,5,250.89000000000001,3,3,3,333,Potential Loyalists,18,Low risk
CUS-04416,88,9,875.3,3,5,5,355,High-Value Customers,5,Low risk
CUS-04417,80,2,127.38,4,1,1,411,Potential Loyalists,5,Low risk
CUS-04418,3,3,228.34,5,2,2,522,Potential Loyalists,5,Low risk
CUS-04419,84,6,785.25,3,4,5,345,High-Value Customers,20,Low risk
CUS-04420,67,12,936.51,4,5,5,455,High-Value Customers,5,Low risk
CUS-04421,50,9,1169.8999999999999,4,5,5,455,High-Value Customers,20,Low risk
CUS-04422,191,4,221.56,2,3,2,232,At Risk,59,Medium risk
CUS-04423,140,3,187.4,2,2,2,222,Hibernating,30,Low risk
CUS-04424,95,5,292.53000000000003,3,3,3,333,Discount Seekers,26,Low risk
CUS-04425,63,4,340.95,4,3,3,433,Discount Seekers,28,Low risk
CUS-04426,36,5,311.55,5,3,3,533,Potential Loyalists,13,Low risk
CUS-04427,119,19,1730.67,3,5,5,355,High-Value Customers,33,Low risk
CUS-04428,228,4,505.64,2,3,4,234,At Risk,69,High risk
CUS-04429,682,2,72.93,1,1,1,111,Hibernating,85,High risk
CUS-04430,619,3,180.63,1,2,2,122,Hibernating,67,High risk
CUS-04431,213,2,274.67,2,1,3,213,Hibernating,69,High risk
CUS-04432,55,13,812.36,4,5,5,455,High-Value Customers,5,Low risk
CUS-04433,34,5,563.6800000000001,5,3,4,534,Potential Loyalists,13,Low risk
CUS-04434,81,7,729.3900000000001,4,4,5,445,High-Value Customers,21,Low risk
CUS-04435,101,6,524.55,3,4,4,344,Loyal Customers,18,Low risk
CUS-04436,60,5,485.42,4,3,4,434,Potential Loyalists,5,Low risk
CUS-04437,84,4,168.6,3,3,2,332,Potential Loyalists,5,Low risk
CUS-04438,114,9,1089.96,3,5,5,355,High-Value Customers,18,Low risk
CUS-04439,82,5,177.38,3,3,2,332,Potential Loyalists,5,Low risk
CUS-04440,145,5,539.22,2,3,4,234,At Risk,45,Medium risk
CUS-04441,76,2,156.0,4,1,2,412,Potential Loyalists,5,Low risk
CUS-04442,101,6,542.09,3,4,4,344,Loyal Customers,18,Low risk
CUS-04443,665,3,287.13,1,2,3,123,Hibernating,77,High risk
CUS-04444,8,11,769.33,5,5,5,555,High-Value Customers,13,Low risk
CUS-04445,99,10,626.66,3,5,4,354,Loyal Customers,18,Low risk
CUS-04446,31,6,503.8,5,4,4,544,Champions,5,Low risk
CUS-04447,250,4,188.01,2,3,2,232,At Risk,57,Medium risk
CUS-04448,751,1,49.46,1,1,1,111,Hibernating,77,High risk
CUS-04449,278,3,171.12,2,2,2,222,Hibernating,82,High risk
CUS-04450,33,11,1183.3,5,5,5,555,High-Value Customers,13,Low risk
CUS-04451,55,4,249.27,4,3,3,433,Potential Loyalists,5,Low risk
CUS-04452,161,2,138.53,2,1,2,212,Hibernating,44,Medium risk
CUS-04453,24,6,669.82,5,4,5,545,High-Value Customers,5,Low risk
CUS-04454,273,4,386.28000000000003,2,3,3,233,At Risk,67,High risk
CUS-04455,97,4,577.79,3,3,4,334,Potential Loyalists,18,Low risk
CUS-04456,73,2,98.74,4,1,1,411,Potential Loyalists,15,Low risk
CUS-04457,63,5,333.22999999999996,4,3,3,433,Potential Loyalists,5,Low risk
CUS-04458,126,8,596.67,3,5,4,354,Loyal Customers,30,Low risk
CUS-04459,30,5,189.91,5,3,2,532,Potential Loyalists,5,Low risk
CUS-04460,36,4,217.07,5,3,2,532,Potential Loyalists,5,Low risk
CUS-04461,10,7,666.8499999999999,5,4,5,545,High-Value Customers,5,Low risk
CUS-04462,30,2,71.18,5,1,1,511,Potential Loyalists,5,Low risk
CUS-04463,624,5,408.9,1,3,4,134,At Risk,67,High risk
CUS-04464,112,3,249.54,3,2,3,323,Potential Loyalists,43,Medium risk
CUS-04465,74,9,527.06,4,5,4,454,Champions,20,Low risk
CUS-04466,229,1,51.21,2,1,1,211,Hibernating,64,Medium risk
CUS-04467,427,1,44.07,1,1,1,111,Hibernating,77,High risk
CUS-04468,90,9,1632.24,3,5,5,355,High-Value Customers,5,Low risk
CUS-04469,533,3,137.32,1,2,2,122,Hibernating,75,High risk
CUS-04470,114,5,281.53000000000003,3,3,3,333,Potential Loyalists,18,Low risk
CUS-04471,82,5,457.85,3,3,4,334,Discount Seekers,13,Low risk
CUS-04472,16,1,75.02,5,1,1,511,Potential Loyalists,5,Low risk
CUS-04473,153,8,340.22,2,5,3,253,At Risk,44,Medium risk
CUS-04474,27,7,675.82,5,4,5,545,High-Value Customers,20,Low risk
CUS-04475,942,1,104.47,1,1,1,111,Hibernating,77,High risk
CUS-04476,71,13,736.06,4,5,5,455,High-Value Customers,5,Low risk
CUS-04477,488,3,225.01,1,2,2,122,Hibernating,67,High risk
CUS-04478,80,5,579.61,4,3,4,434,Potential Loyalists,13,Low risk
CUS-04479,125,6,489.33,3,4,4,344,Loyal Customers,30,Low risk
CUS-04480,95,7,805.8,3,4,5,345,High-Value Customers,26,Low risk
CUS-04481,23,3,328.29999999999995,5,2,3,523,Potential Loyalists,5,Low risk
CUS-04482,230,6,551.53,2,4,4,244,At Risk,44,Medium risk
CUS-04483,529,3,264.27,1,2,3,123,Hibernating,67,High risk
CUS-04484,78,3,107.92,4,2,1,421,Potential Loyalists,5,Low risk
CUS-04485,97,5,560.7,3,3,4,334,Potential Loyalists,26,Low risk
CUS-04486,271,5,651.88,2,3,4,234,At Risk,67,High risk
CUS-04487,544,8,602.0,1,5,4,154,At Risk,57,Medium risk
CUS-04488,418,4,428.27,1,3,4,134,At Risk,90,High risk
CUS-04489,126,1,42.08,3,1,1,311,Potential Loyalists,40,Medium risk
CUS-04490,37,7,388.93,5,4,3,543,Loyal Customers,5,Low risk
CUS-04491,241,8,832.36,2,5,5,255,High-Value Customers,57,Medium risk
CUS-04492,534,3,101.78,1,2,1,121,Hibernating,67,High risk
CUS-04493,92,6,326.65,3,4,3,343,Loyal Customers,18,Low risk
CUS-04494,296,5,596.24,2,3,4,234,At Risk,57,Medium risk
CUS-04495,161,9,745.8,2,5,5,255,High-Value Customers,52,Medium risk
CUS-04496,237,11,470.76,2,5,4,254,At Risk,44,Medium risk
CUS-04497,156,4,141.86,2,3,2,232,At Risk,54,Medium risk
CUS-04498,662,1,92.12,1,1,1,111,Hibernating,77,High risk
CUS-04499,45,8,753.9,5,5,5,555,High-Value Customers,5,Low risk
CUS-04500,136,5,457.99,3,3,4,334,Potential Loyalists,30,Low risk
CUS-04501,172,10,630.49,2,5,4,254,At Risk,44,Medium risk
CUS-04502,326,7,754.15,2,4,5,245,High-Value Customers,65,High risk
CUS-04503,132,4,191.95,3,3,2,332,Potential Loyalists,40,Medium risk
CUS-04504,180,5,195.5,2,3,2,232,Discount Seekers,59,Medium risk
CUS-04505,264,7,610.09,2,4,4,244,At Risk,65,High risk
CUS-04506,337,5,286.78,2,3,3,233,At Risk,72,High risk
CUS-04507,136,13,846.08,3,5,5,355,High-Value Customers,30,Low risk
CUS-04508,69,5,422.99,4,3,4,434,Potential Loyalists,30,Low risk
CUS-04509,32,4,329.48,5,3,3,533,Discount Seekers,20,Low risk
CUS-04510,57,11,1555.8899999999999,4,5,5,455,High-Value Customers,5,Low risk
CUS-04511,80,9,1191.36,4,5,5,455,High-Value Customers,5,Low risk
CUS-04512,22,4,147.75,5,3,2,532,Potential Loyalists,20,Low risk
CUS-04513,65,5,239.24,4,3,2,432,Discount Seekers,31,Low risk
CUS-04514,208,2,79.22,2,1,1,211,Hibernating,54,Medium risk
CUS-04515,294,3,413.75,2,2,4,224,Hibernating,92,High risk
CUS-04516,112,2,216.10000000000002,3,1,2,312,Potential Loyalists,28,Low risk
CUS-04517,844,4,439.56,1,3,4,134,At Risk,82,High risk
CUS-04518,71,7,455.95,4,4,4,444,Champions,13,Low risk
CUS-04519,575,3,213.62,1,2,2,122,Hibernating,67,High risk
CUS-04520,368,2,191.4,2,1,2,212,Hibernating,67,High risk
CUS-04521,115,9,319.65,3,5,3,353,Loyal Customers,18,Low risk
CUS-04522,82,3,316.49,3,2,3,323,Potential Loyalists,5,Low risk
CUS-04523,628,2,159.39000000000001,1,1,2,112,Hibernating,77,High risk
CUS-04524,433,2,114.81,1,1,1,111,Hibernating,67,High risk
CUS-04525,72,8,1051.84,4,5,5,455,High-Value Customers,20,Low risk
CUS-04526,84,3,138.34,3,2,2,322,Potential Loyalists,5,Low risk
CUS-04527,320,1,56.36,2,1,1,211,Hibernating,77,High risk
CUS-04528,44,2,463.35,5,1,4,514,Potential Loyalists,5,Low risk
CUS-04529,486,2,256.21999999999997,1,1,3,113,Hibernating,77,High risk
CUS-04530,135,1,104.98,3,1,1,311,Potential Loyalists,30,Low risk
CUS-04531,681,2,201.95,1,1,2,112,Hibernating,85,High risk
CUS-04532,697,2,207.11,1,1,2,112,Hibernating,77,High risk
CUS-04533,172,14,1062.48,2,5,5,255,High-Value Customers,52,Medium risk
CUS-04534,85,2,93.2,3,1,1,311,Potential Loyalists,20,Low risk
CUS-04535,592,3,244.42000000000002,1,2,2,122,Hibernating,77,High risk
CUS-04536,76,7,340.40999999999997,4,4,3,443,Discount Seekers,20,Low risk
CUS-04537,107,5,358.85,3,3,3,333,Potential Loyalists,26,Low risk
CUS-04538,123,4,285.02,3,3,3,333,Potential Loyalists,45,Medium risk
CUS-04539,130,3,231.39999999999998,3,2,2,322,Potential Loyalists,30,Low risk
CUS-04540,145,2,102.23,2,1,1,211,Hibernating,30,Low risk
CUS-04541,91,12,1842.21,3,5,5,355,High-Value Customers,33,Low risk
CUS-04542,19,10,814.42,5,5,5,555,High-Value Customers,13,Low risk
CUS-04543,20,7,493.35,5,4,4,544,Champions,28,Low risk
CUS-04544,74,2,83.0,4,1,1,411,Potential Loyalists,5,Low risk
CUS-04545,105,2,64.35,3,1,1,311,Potential Loyalists,33,Low risk
CUS-04546,96,10,1025.92,3,5,5,355,High-Value Customers,18,Low risk
CUS-04547,553,4,483.75,1,3,4,134,At Risk,67,High risk
CUS-04548,62,1,72.8,4,1,1,411,Potential Loyalists,5,Low risk
CUS-04549,237,5,425.96000000000004,2,3,4,234,At Risk,52,Medium risk
CUS-04550,133,6,782.02,3,4,5,345,High-Value Customers,38,Medium risk
CUS-04551,925,1,150.08,1,1,2,112,Hibernating,77,High risk
CUS-04552,90,8,550.03,3,5,4,354,Loyal Customers,5,Low risk
CUS-04553,794,2,228.1,1,1,2,112,Hibernating,100,High risk
CUS-04554,361,6,491.05,2,4,4,244,At Risk,72,High risk
CUS-04555,109,5,484.26,3,3,4,334,Potential Loyalists,18,Low risk
CUS-04556,53,3,359.17,4,2,3,423,Potential Loyalists,5,Low risk
CUS-04557,203,4,360.36,2,3,3,233,Discount Seekers,52,Medium risk
CUS-04558,495,2,150.82,1,1,2,112,Hibernating,75,High risk
CUS-04559,60,12,1078.19,4,5,5,455,High-Value Customers,13,Low risk
CUS-04560,44,1,50.45,5,1,1,511,Potential Loyalists,5,Low risk
CUS-04561,45,4,283.28000000000003,5,3,3,533,Potential Loyalists,5,Low risk
CUS-04562,411,5,568.03,1,3,4,134,At Risk,57,Medium risk
CUS-04563,269,3,225.92000000000002,2,2,2,222,Hibernating,57,Medium risk
CUS-04564,80,13,1677.3999999999999,4,5,5,455,High-Value Customers,13,Low risk
CUS-04565,449,4,357.3,1,3,3,133,At Risk,72,High risk
CUS-04566,456,3,176.57999999999998,1,2,2,122,Hibernating,82,High risk
CUS-04567,805,1,60.67,1,1,1,111,Hibernating,92,High risk
CUS-04568,61,13,1073.64,4,5,5,455,High-Value Customers,5,Low risk
CUS-04569,63,5,168.64,4,3,2,432,Potential Loyalists,5,Low risk
CUS-04570,23,2,44.58,5,1,1,511,Potential Loyalists,5,Low risk
CUS-04571,248,5,292.47,2,3,3,233,At Risk,65,High risk
CUS-04572,37,3,98.86,5,2,1,521,Potential Loyalists,5,Low risk
CUS-04573,78,21,2234.74,4,5,5,455,High-Value Customers,5,Low risk
CUS-04574,163,3,366.4,2,2,3,223,Hibernating,44,Medium risk
CUS-04575,293,5,530.65,2,3,4,234,At Risk,57,Medium risk
CUS-04576,197,9,458.1,2,5,4,254,At Risk,44,Medium risk
CUS-04577,631,1,24.5,1,1,1,111,Hibernating,85,High risk
CUS-04578,39,5,496.03,5,3,4,534,Potential Loyalists,5,Low risk
CUS-04579,19,1,145.06,5,1,2,512,Potential Loyalists,5,Low risk
CUS-04580,347,3,96.47,2,2,1,221,Hibernating,77,High risk
CUS-04581,998,2,113.81,1,1,1,111,Hibernating,100,High risk
CUS-04582,682,3,242.92000000000002,1,2,2,122,Hibernating,85,High risk
CUS-04583,133,4,185.85,3,3,2,332,Potential Loyalists,40,Medium risk
CUS-04584,676,1,109.16,1,1,1,111,Hibernating,100,High risk
CUS-04585,104,10,884.7900000000001,3,5,5,355,High-Value Customers,18,Low risk
CUS-04586,458,6,492.87,1,4,4,144,At Risk,65,High risk
CUS-04587,27,5,672.48,5,3,5,535,Potential Loyalists,13,Low risk
CUS-04588,65,3,253.47000000000003,4,2,3,423,Potential Loyalists,5,Low risk
CUS-04589,139,6,300.07000000000005,2,4,3,243,At Risk,30,Low risk
CUS-04590,138,6,289.73,2,4,3,243,At Risk,46,Medium risk
CUS-04591,52,3,178.14000000000001,4,2,2,422,Potential Loyalists,5,Low risk
CUS-04592,571,1,68.46,1,1,1,111,Hibernating,77,High risk
CUS-04593,74,4,341.91999999999996,4,3,3,433,Potential Loyalists,15,Low risk
CUS-04594,86,7,260.71,3,4,3,343,Loyal Customers,5,Low risk
CUS-04595,54,6,607.95,4,4,4,444,Champions,13,Low risk
CUS-04596,21,7,561.68,5,4,4,544,Champions,21,Low risk
CUS-04597,989,1,96.87,1,1,1,111,Hibernating,92,High risk
CUS-04598,186,12,763.8499999999999,2,5,5,255,High-Value Customers,44,Medium risk
CUS-04599,665,1,80.05,1,1,1,111,Hibernating,85,High risk
CUS-04600,139,3,188.79000000000002,2,2,2,222,Hibernating,45,Medium risk
CUS-04601,72,8,942.76,4,5,5,455,High-Value Customers,20,Low risk
CUS-04602,98,4,176.0,3,3,2,332,Potential Loyalists,18,Low risk
CUS-04603,27,7,326.96,5,4,3,543,Loyal Customers,20,Low risk
CUS-04604,43,11,859.93,5,5,5,555,High-Value Customers,13,Low risk
CUS-04605,740,3,284.40000000000003,1,2,3,123,Hibernating,92,High risk
CUS-04606,242,7,800.41,2,4,5,245,High-Value Customers,65,High risk
CUS-04607,254,6,377.93,2,4,3,243,Discount Seekers,73,High risk
CUS-04608,927,2,172.57999999999998,1,1,2,112,Hibernating,77,High risk
CUS-04609,57,14,1146.19,4,5,5,455,High-Value Customers,21,Low risk
CUS-04610,434,2,132.68,1,1,2,112,Hibernating,77,High risk
CUS-04611,95,3,337.96,3,2,3,323,Discount Seekers,26,Low risk
CUS-04612,217,5,541.43,2,3,4,234,At Risk,52,Medium risk
CUS-04613,95,3,146.39,3,2,2,322,Potential Loyalists,18,Low risk
CUS-04614,22,2,229.9,5,1,2,512,Potential Loyalists,5,Low risk
CUS-04615,102,7,398.64,3,4,4,344,Discount Seekers,26,Low risk
CUS-04616,20,13,657.98,5,5,4,554,Champions,20,Low risk
CUS-04617,23,2,243.09,5,1,2,512,Potential Loyalists,5,Low risk
CUS-04618,730,4,98.67,1,3,1,131,Discount Seekers,90,High risk
CUS-04619,143,3,305.22,2,2,3,223,Hibernating,40,Medium risk
CUS-04620,91,6,456.34,3,4,4,344,Discount Seekers,26,Low risk
CUS-04621,165,5,298.97,2,3,3,233,At Risk,54,Medium risk
CUS-04622,91,8,778.1800000000001,3,5,5,355,High-Value Customers,33,Low risk
CUS-04623,347,5,399.08,2,3,4,234,At Risk,65,High risk
CUS-04624,87,2,77.73,3,1,1,311,Potential Loyalists,5,Low risk
CUS-04625,95,6,408.65999999999997,3,4,4,344,Loyal Customers,18,Low risk
CUS-04626,79,10,1025.97,4,5,5,455,High-Value Customers,5,Low risk
CUS-04627,151,5,626.41,2,3,4,234,At Risk,44,Medium risk
CUS-04628,672,1,70.47,1,1,1,111,Hibernating,77,High risk
CUS-04629,39,4,280.89,5,3,3,533,Potential Loyalists,20,Low risk
CUS-04630,37,3,305.48,5,2,3,523,Potential Loyalists,5,Low risk
CUS-04631,87,7,673.8299999999999,3,4,5,345,High-Value Customers,13,Low risk
CUS-04632,7,4,272.92,5,3,3,533,Potential Loyalists,5,Low risk
CUS-04633,47,6,503.2,5,4,4,544,Champions,21,Low risk
CUS-04634,815,2,116.82999999999998,1,1,1,111,Hibernating,77,High risk
CUS-04635,149,6,547.1700000000001,2,4,4,244,At Risk,30,Low risk
CUS-04636,139,9,647.86,2,5,4,254,At Risk,45,Medium risk
CUS-04637,38,5,270.36,5,3,3,533,Potential Loyalists,21,Low risk
CUS-04638,143,5,404.38,2,3,4,234,Discount Seekers,53,Medium risk
CUS-04639,166,14,1101.4,2,5,5,255,High-Value Customers,44,Medium risk
CUS-04640,519,1,99.41,1,1,1,111,Hibernating,77,High risk
CUS-04641,59,14,2011.3400000000001,4,5,5,455,High-Value Customers,5,Low risk
CUS-04642,107,12,1730.5900000000001,3,5,5,355,High-Value Customers,26,Low risk
CUS-04643,680,2,103.97999999999999,1,1,1,111,Hibernating,85,High risk
CUS-04644,18,6,476.47,5,4,4,544,Champions,5,Low risk
CUS-04645,178,5,288.06,2,3,3,233,At Risk,44,Medium risk
CUS-04646,65,4,387.38,4,3,3,433,Discount Seekers,13,Low risk
CUS-04647,201,4,304.13,2,3,3,233,Discount Seekers,62,Medium risk
CUS-04648,136,9,1423.33,3,5,5,355,High-Value Customers,30,Low risk
CUS-04649,581,3,199.82999999999998,1,2,2,122,Hibernating,77,High risk
CUS-04650,635,1,144.85,1,1,2,112,Hibernating,85,High risk
CUS-04651,65,5,544.03,4,3,4,434,Potential Loyalists,5,Low risk
CUS-04652,57,6,658.15,4,4,5,445,High-Value Customers,5,Low risk
CUS-04653,703,5,470.39,1,3,4,134,At Risk,67,High risk
CUS-04654,47,9,1073.57,5,5,5,555,High-Value Customers,20,Low risk
CUS-04655,89,5,423.02,3,3,4,334,Potential Loyalists,20,Low risk
CUS-04656,613,3,310.68,1,2,3,123,Hibernating,67,High risk
CUS-04657,72,8,539.54,4,5,4,454,Champions,5,Low risk
CUS-04658,43,12,1175.29,5,5,5,555,High-Value Customers,20,Low risk
CUS-04659,162,7,657.22,2,4,4,244,At Risk,59,Medium risk
CUS-04660,582,2,119.25,1,1,1,111,Hibernating,92,High risk
CUS-04661,29,15,1093.45,5,5,5,555,High-Value Customers,5,Low risk
CUS-04662,16,13,1368.3899999999999,5,5,5,555,High-Value Customers,5,Low risk
CUS-04663,320,2,293.84000000000003,2,1,3,213,Hibernating,85,High risk
CUS-04664,510,2,160.02,1,1,2,112,Hibernating,77,High risk
CUS-04665,82,6,367.04,3,4,3,343,Discount Seekers,13,Low risk
CUS-04666,559,2,218.02,1,1,2,112,Hibernating,92,High risk
CUS-04667,26,5,358.11,5,3,3,533,Potential Loyalists,5,Low risk
CUS-04668,49,8,618.03,4,5,4,454,Champions,13,Low risk
CUS-04669,251,3,181.1,2,2,2,222,Hibernating,67,High risk
CUS-04670,187,1,95.72,2,1,1,211,Hibernating,64,Medium risk
CUS-04671,95,3,180.02,3,2,2,322,Discount Seekers,36,Medium risk
CUS-04672,429,4,295.99,1,3,3,133,At Risk,82,High risk
CUS-04673,55,14,994.23,4,5,5,455,High-Value Customers,21,Low risk
CUS-04674,103,4,315.28,3,3,3,333,Potential Loyalists,18,Low risk
CUS-04675,187,5,753.1800000000001,2,3,5,235,At Risk,62,Medium risk
CUS-04676,397,2,171.03,2,1,2,212,Hibernating,77,High risk
CUS-04677,315,5,297.16999999999996,2,3,3,233,At Risk,57,Medium risk
CUS-04678,69,9,767.27,4,5,5,455,High-Value Customers,13,Low risk
CUS-04679,95,4,354.64,3,3,3,333,Potential Loyalists,18,Low risk
CUS-04680,841,2,71.82,1,1,1,111,Hibernating,77,High risk
CUS-04681,335,6,509.37,2,4,4,244,At Risk,72,High risk
CUS-04682,441,2,91.48,1,1,1,111,Hibernating,75,High risk
CUS-04683,151,5,229.18,2,3,2,232,Discount Seekers,59,Medium risk
CUS-04684,640,3,384.27,1,2,3,123,Hibernating,82,High risk
CUS-04685,171,4,441.64,2,3,4,234,At Risk,59,Medium risk
CUS-04686,172,5,555.65,2,3,4,234,At Risk,52,Medium risk
CUS-04687,16,6,633.21,5,4,4,544,Champions,5,Low risk
CUS-04688,130,13,1361.3600000000001,3,5,5,355,High-Value Customers,30,Low risk
CUS-04689,100,8,779.7,3,5,5,355,High-Value Customers,18,Low risk
CUS-04690,143,7,557.96,2,4,4,244,At Risk,30,Low risk
CUS-04691,306,3,95.53,2,2,1,221,Hibernating,57,Medium risk
CUS-04692,650,3,190.25,1,2,2,122,Hibernating,67,High risk
CUS-04693,559,2,145.28,1,1,2,112,Hibernating,77,High risk
CUS-04694,112,8,636.9,3,5,4,354,Loyal Customers,33,Low risk
CUS-04695,404,3,173.46,1,2,2,122,Hibernating,67,High risk
CUS-04696,232,3,208.78,2,2,2,222,Hibernating,54,Medium risk
CUS-04697,99,3,72.32,3,2,1,321,Potential Loyalists,18,Low risk
CUS-04698,211,3,299.25,2,2,3,223,Hibernating,54,Medium risk
CUS-04699,45,9,1054.27,5,5,5,555,High-Value Customers,5,Low risk
CUS-04700,110,13,1306.36,3,5,5,355,High-Value Customers,18,Low risk
CUS-04701,284,3,438.55,2,2,4,224,Hibernating,75,High risk
CUS-04702,459,1,43.01,1,1,1,111,Hibernating,85,High risk
CUS-04703,129,5,413.15,3,3,4,334,Discount Seekers,46,Medium risk
CUS-04704,33,3,110.65,5,2,1,521,Potential Loyalists,5,Low risk
CUS-04705,89,5,242.57999999999998,3,3,2,332,Potential Loyalists,20,Low risk
CUS-04706,78,1,58.17,4,1,1,411,Potential Loyalists,30,Low risk
CUS-04707,458,2,157.28,1,1,2,112,Hibernating,77,High risk
CUS-04708,120,6,392.98999999999995,3,4,3,343,Loyal Customers,18,Low risk
CUS-04709,772,3,66.1,1,2,1,121,Hibernating,85,High risk
CUS-04710,877,1,27.68,1,1,1,111,Hibernating,77,High risk
CUS-04711,125,8,711.24,3,5,5,355,High-Value Customers,38,Medium risk
CUS-04712,80,6,506.44,4,4,4,444,Champions,15,Low risk
CUS-04713,60,1,56.83,4,1,1,411,Potential Loyalists,5,Low risk
CUS-04714,63,7,631.05,4,4,4,444,Champions,20,Low risk
CUS-04715,106,9,719.69,3,5,5,355,High-Value Customers,18,Low risk
CUS-04716,419,4,377.90999999999997,1,3,3,133,At Risk,72,High risk
CUS-04717,42,4,197.67,5,3,2,532,Potential Loyalists,5,Low risk
CUS-04718,768,1,131.86,1,1,1,111,Hibernating,85,High risk
CUS-04719,206,2,179.74,2,1,2,212,Hibernating,79,High risk
CUS-04720,31,4,366.96000000000004,5,3,3,533,Potential Loyalists,20,Low risk
CUS-04721,57,19,2604.65,4,5,5,455,High-Value Customers,5,Low risk
CUS-04722,54,1,135.82,4,1,2,412,Potential Loyalists,5,Low risk
CUS-04723,102,5,365.59999999999997,3,3,3,333,Discount Seekers,44,Medium risk
CUS-04724,50,7,556.34,4,4,4,444,Champions,5,Low risk
CUS-04725,695,2,72.04,1,1,1,111,Hibernating,77,High risk
CUS-04726,105,6,285.24,3,4,3,343,Discount Seekers,34,Low risk
CUS-04727,490,2,94.07,1,1,1,111,Hibernating,90,High risk
CUS-04728,711,1,64.93,1,1,1,111,Hibernating,85,High risk
CUS-04729,33,4,141.6,5,3,2,532,Potential Loyalists,5,Low risk
CUS-04730,409,3,263.21000000000004,1,2,3,123,Hibernating,57,Medium risk
CUS-04731,197,2,186.86,2,1,2,212,Hibernating,54,Medium risk
CUS-04732,57,5,265.08,4,3,3,433,Potential Loyalists,5,Low risk
CUS-04733,37,4,316.3,5,3,3,533,Potential Loyalists,15,Low risk
CUS-04734,581,1,72.54,1,1,1,111,Hibernating,77,High risk
CUS-04735,544,6,454.72,1,4,4,144,At Risk,57,Medium risk
CUS-04736,28,5,403.99,5,3,4,534,Potential Loyalists,5,Low risk
CUS-04737,197,5,411.83000000000004,2,3,4,234,Discount Seekers,69,High risk
CUS-04738,612,6,296.2,1,4,3,143,At Risk,67,High risk
CUS-04739,91,10,1179.0,3,5,5,355,High-Value Customers,18,Low risk
CUS-04740,179,6,539.52,2,4,4,244,At Risk,52,Medium risk
CUS-04741,409,1,78.34,1,1,1,111,Hibernating,77,High risk
CUS-04742,509,3,127.31,1,2,1,121,Hibernating,67,High risk
CUS-04743,26,2,91.78,5,1,1,511,Potential Loyalists,5,Low risk
CUS-04744,25,5,640.3299999999999,5,3,4,534,Potential Loyalists,5,Low risk
CUS-04745,528,1,42.66,1,1,1,111,Hibernating,77,High risk
CUS-04746,569,5,563.96,1,3,4,134,At Risk,75,High risk
CUS-04747,67,3,161.52,4,2,2,422,Potential Loyalists,38,Medium risk
CUS-04748,68,5,631.77,4,3,4,434,Potential Loyalists,20,Low risk
CUS-04749,714,1,83.78,1,1,1,111,Hibernating,77,High risk
CUS-04750,45,2,85.95,5,1,1,511,Potential Loyalists,5,Low risk
CUS-04751,96,8,717.49,3,5,5,355,High-Value Customers,18,Low risk
CUS-04752,657,7,631.22,1,4,4,144,At Risk,57,Medium risk
CUS-04753,460,1,87.32,1,1,1,111,Hibernating,77,High risk
CUS-04754,79,2,190.56,4,1,2,412,Potential Loyalists,5,Low risk
CUS-04755,618,2,295.87,1,1,3,113,Hibernating,77,High risk
CUS-04756,100,5,393.43,3,3,3,333,Potential Loyalists,26,Low risk
CUS-04757,88,6,299.23,3,4,3,343,Loyal Customers,5,Low risk
CUS-04758,46,5,368.05,5,3,3,533,Potential Loyalists,5,Low risk
CUS-04759,80,5,400.52,4,3,4,434,Potential Loyalists,13,Low risk
CUS-04760,307,2,168.85,2,1,2,212,Hibernating,67,High risk
CUS-04761,74,6,485.65000000000003,4,4,4,444,Champions,28,Low risk
CUS-04762,546,3,134.15,1,2,2,122,Hibernating,82,High risk
CUS-04763,54,13,939.99,4,5,5,455,High-Value Customers,13,Low risk
CUS-04764,60,9,488.03,4,5,4,454,Champions,5,Low risk
CUS-04765,152,10,627.91,2,5,4,254,At Risk,52,Medium risk
CUS-04766,641,1,63.48,1,1,1,111,Hibernating,77,High risk
CUS-04767,106,7,389.76,3,4,3,343,Loyal Customers,33,Low risk
CUS-04768,30,5,123.91,5,3,1,531,Potential Loyalists,5,Low risk
CUS-04769,634,2,56.16,1,1,1,111,Hibernating,77,High risk
CUS-04770,221,1,53.64,2,1,1,211,Hibernating,72,High risk
CUS-04771,37,8,796.15,5,5,5,555,High-Value Customers,5,Low risk
CUS-04772,115,5,582.61,3,3,4,334,Potential Loyalists,18,Low risk
CUS-04773,452,4,635.76,1,3,4,134,At Risk,57,Medium risk
CUS-04774,25,5,383.34,5,3,3,533,Potential Loyalists,13,Low risk
CUS-04775,28,9,1269.39,5,5,5,555,High-Value Customers,5,Low risk
CUS-04776,28,5,243.92,5,3,2,532,Discount Seekers,38,Medium risk
CUS-04777,137,1,150.89,3,1,2,312,Potential Loyalists,40,Medium risk
CUS-04778,5,2,107.45,5,1,1,511,Potential Loyalists,5,Low risk
CUS-04779,243,2,68.25,2,1,1,211,Hibernating,67,High risk
CUS-04780,276,3,84.11,2,2,1,221,Hibernating,67,High risk
CUS-04781,139,5,539.62,2,3,4,234,At Risk,38,Medium risk
CUS-04782,59,2,133.16,4,1,2,412,Potential Loyalists,15,Low risk
CUS-04783,16,3,134.91,5,2,2,522,Potential Loyalists,5,Low risk
CUS-04784,85,3,190.95999999999998,3,2,2,322,Potential Loyalists,5,Low risk
CUS-04785,53,5,448.27,4,3,4,434,Potential Loyalists,13,Low risk
CUS-04786,209,5,324.9,2,3,3,233,At Risk,52,Medium risk
CUS-04787,166,5,356.38,2,3,3,233,At Risk,54,Medium risk
CUS-04788,60,6,697.1,4,4,5,445,High-Value Customers,5,Low risk
CUS-04789,642,2,103.64,1,1,1,111,Hibernating,92,High risk
CUS-04790,74,13,1328.59,4,5,5,455,High-Value Customers,20,Low risk
CUS-04791,23,6,303.95,5,4,3,543,Discount Seekers,21,Low risk
CUS-04792,82,7,484.94,3,4,4,344,Loyal Customers,5,Low risk
CUS-04793,7,9,863.56,5,5,5,555,High-Value Customers,5,Low risk
CUS-04794,71,6,695.0899999999999,4,4,5,445,High-Value Customers,13,Low risk
CUS-04795,400,4,188.95000000000002,1,3,2,132,At Risk,57,Medium risk
CUS-04796,537,3,232.21,1,2,2,122,Hibernating,75,High risk
CUS-04797,53,3,235.48,4,2,2,422,Potential Loyalists,5,Low risk
CUS-04798,48,4,331.15,5,3,3,533,Potential Loyalists,5,Low risk
CUS-04799,69,3,239.75,4,2,2,422,Potential Loyalists,15,Low risk
CUS-04800,502,2,57.620000000000005,1,1,1,111,Hibernating,67,High risk
CUS-04801,95,6,483.46999999999997,3,4,4,344,Loyal Customers,26,Low risk
CUS-04802,791,4,279.96,1,3,3,133,At Risk,67,High risk
CUS-04803,884,1,82.76,1,1,1,111,Hibernating,77,High risk
CUS-04804,295,6,626.85,2,4,4,244,At Risk,57,Medium risk
CUS-04805,156,5,126.57,2,3,1,231,At Risk,44,Medium risk
CUS-04806,350,6,352.44,2,4,3,243,At Risk,65,High risk
CUS-04807,608,1,93.0,1,1,1,111,Hibernating,77,High risk
CUS-04808,141,6,501.54999999999995,2,4,4,244,At Risk,30,Low risk
CUS-04809,72,16,1609.82,4,5,5,455,High-Value Customers,13,Low risk
CUS-04810,221,5,362.8,2,3,3,233,At Risk,52,Medium risk
CUS-04811,113,4,129.92,3,3,1,331,Potential Loyalists,18,Low risk
CUS-04812,59,5,389.77,4,3,3,433,Potential Loyalists,30,Low risk
CUS-04813,69,5,342.29,4,3,3,433,Potential Loyalists,15,Low risk
CUS-04814,69,10,766.13,4,5,5,455,High-Value Customers,5,Low risk
CUS-04815,25,4,177.48000000000002,5,3,2,532,Potential Loyalists,5,Low risk
CUS-04816,298,5,459.25,2,3,4,234,At Risk,57,Medium risk
CUS-04817,18,5,520.46,5,3,4,534,Potential Loyalists,13,Low risk
CUS-04818,657,1,48.08,1,1,1,111,Hibernating,77,High risk
CUS-04819,31,4,312.29,5,3,3,533,Potential Loyalists,5,Low risk
CUS-04820,100,8,439.28,3,5,4,354,Loyal Customers,18,Low risk
CUS-04821,99,8,671.37,3,5,5,355,High-Value Customers,18,Low risk
CUS-04822,686,4,210.98000000000002,1,3,2,132,At Risk,67,High risk
CUS-04823,66,3,264.75,4,2,3,423,Potential Loyalists,20,Low risk
CUS-04824,42,2,408.19,5,1,4,514,Potential Loyalists,5,Low risk
CUS-04825,70,7,758.21,4,4,5,445,High-Value Customers,5,Low risk
CUS-04826,201,4,508.63,2,3,4,234,At Risk,54,Medium risk
CUS-04827,34,5,643.04,5,3,4,534,Potential Loyalists,15,Low risk
CUS-04828,40,8,645.5699999999999,5,5,4,554,Champions,28,Low risk
CUS-04829,12,9,825.91,5,5,5,555,High-Value Customers,20,Low risk
CUS-04830,33,9,933.76,5,5,5,555,High-Value Customers,5,Low risk
CUS-04831,447,4,449.59000000000003,1,3,4,134,At Risk,67,High risk
CUS-04832,152,2,76.59,2,1,1,211,Hibernating,44,Medium risk
CUS-04833,252,3,197.94,2,2,2,222,Hibernating,65,High risk
CUS-04834,16,4,341.70000000000005,5,3,3,533,Potential Loyalists,5,Low risk
CUS-04835,730,1,34.18,1,1,1,111,Hibernating,85,High risk
CUS-04836,210,4,225.78,2,3,2,232,At Risk,44,Medium risk
CUS-04837,139,1,56.84,2,1,1,211,Hibernating,58,Medium risk
CUS-04838,41,4,414.93,5,3,4,534,Potential Loyalists,5,Low risk
CUS-04839,96,5,583.78,3,3,4,334,Potential Loyalists,18,Low risk
CUS-04840,67,13,1056.37,4,5,5,455,High-Value Customers,13,Low risk
CUS-04841,336,6,645.28,2,4,4,244,At Risk,67,High risk
CUS-04842,47,7,293.15,5,4,3,543,Loyal Customers,5,Low risk
CUS-04843,454,1,63.9,1,1,1,111,Hibernating,100,High risk
CUS-04844,33,3,108.36,5,2,1,521,Potential Loyalists,20,Low risk
CUS-04845,31,9,699.95,5,5,5,555,High-Value Customers,13,Low risk
CUS-04846,513,2,253.05,1,1,3,113,Hibernating,77,High risk
CUS-04847,286,2,150.74,2,1,2,212,Hibernating,77,High risk
CUS-04848,292,6,523.53,2,4,4,244,At Risk,65,High risk
CUS-04849,193,3,259.40999999999997,2,2,3,223,Hibernating,44,Medium risk
CUS-04850,91,7,539.38,3,4,4,344,Loyal Customers,33,Low risk
CUS-04851,183,9,625.19,2,5,4,254,At Risk,44,Medium risk
CUS-04852,62,2,163.68,4,1,2,412,Potential Loyalists,5,Low risk
CUS-04853,47,8,731.66,5,5,5,555,High-Value Customers,5,Low risk
CUS-04854,196,5,276.77,2,3,3,233,At Risk,44,Medium risk
CUS-04855,439,3,184.64,1,2,2,122,Hibernating,82,High risk
CUS-04856,637,1,34.62,1,1,1,111,Hibernating,85,High risk
CUS-04857,701,2,200.64999999999998,1,1,2,112,Hibernating,77,High risk
CUS-04858,136,4,198.7,3,3,2,332,Discount Seekers,38,Medium risk
CUS-04859,34,4,381.24,5,3,3,533,Potential Loyalists,5,Low risk
CUS-04860,31,2,88.09,5,1,1,511,Potential Loyalists,5,Low risk
CUS-04861,140,17,1843.1499999999999,2,5,5,255,High-Value Customers,30,Low risk
CUS-04862,786,1,218.01,1,1,2,112,Hibernating,77,High risk
CUS-04863,110,4,460.06,3,3,4,334,Potential Loyalists,33,Low risk
CUS-04864,50,1,74.43,4,1,1,411,Potential Loyalists,5,Low risk
CUS-04865,100,7,704.01,3,4,5,345,High-Value Customers,33,Low risk
CUS-04866,745,1,35.38,1,1,1,111,Hibernating,77,High risk
CUS-04867,531,1,61.77,1,1,1,111,Hibernating,77,High risk
CUS-04868,106,6,497.91999999999996,3,4,4,344,Loyal Customers,34,Low risk
CUS-04869,41,11,955.56,5,5,5,555,High-Value Customers,5,Low risk
CUS-04870,69,7,988.38,4,4,5,445,High-Value Customers,13,Low risk
CUS-04871,174,7,534.2,2,4,4,244,At Risk,44,Medium risk
CUS-04872,245,3,147.08999999999997,2,2,2,222,Hibernating,77,High risk
CUS-04873,23,5,407.68,5,3,4,534,Potential Loyalists,5,Low risk
CUS-04874,64,13,1331.9,4,5,5,455,High-Value Customers,20,Low risk
CUS-04875,36,3,109.8,5,2,1,521,Potential Loyalists,5,Low risk
CUS-04876,113,9,1085.32,3,5,5,355,High-Value Customers,18,Low risk
CUS-04877,118,2,135.91,3,1,2,312,Potential Loyalists,18,Low risk
CUS-04878,388,5,309.99,2,3,3,233,At Risk,57,Medium risk
CUS-04879,76,7,449.4,4,4,4,444,Champions,28,Low risk
CUS-04880,444,2,128.54000000000002,1,1,1,111,Hibernating,82,High risk
CUS-04881,274,2,185.12,2,1,2,212,Hibernating,75,High risk
CUS-04882,62,6,685.96,4,4,5,445,High-Value Customers,13,Low risk
CUS-04883,450,2,50.09,1,1,1,111,Hibernating,75,High risk
CUS-04884,74,8,927.9499999999999,4,5,5,455,High-Value Customers,20,Low risk
CUS-04885,134,5,346.02,3,3,3,333,Potential Loyalists,38,Medium risk
CUS-04886,29,5,435.39,5,3,4,534,Potential Loyalists,5,Low risk
CUS-04887,459,3,315.96000000000004,1,2,3,123,Hibernating,67,High risk
CUS-04888,101,6,414.02,3,4,4,344,Loyal Customers,18,Low risk
CUS-04889,536,3,219.39,1,2,2,122,Hibernating,67,High risk
CUS-04890,94,6,441.28000000000003,3,4,4,344,Loyal Customers,18,Low risk
CUS-04891,101,1,120.09,3,1,1,311,Potential Loyalists,18,Low risk
CUS-04892,16,4,275.24,5,3,3,533,Potential Loyalists,20,Low risk
CUS-04893,77,9,1048.89,4,5,5,455,High-Value Customers,5,Low risk
CUS-04894,33,5,239.53,5,3,2,532,Potential Loyalists,5,Low risk
CUS-04895,631,3,449.53999999999996,1,2,4,124,Hibernating,82,High risk
CUS-04896,23,1,23.25,5,1,1,511,Potential Loyalists,20,Low risk
CUS-04897,55,6,511.79,4,4,4,444,Champions,13,Low risk
CUS-04898,360,4,197.05,2,3,2,232,At Risk,57,Medium risk
CUS-04899,241,4,175.32999999999998,2,3,2,232,At Risk,57,Medium risk
CUS-04900,90,11,1303.44,3,5,5,355,High-Value Customers,5,Low risk
CUS-04901,40,11,1201.76,5,5,5,555,High-Value Customers,5,Low risk
CUS-04902,41,3,83.56,5,2,1,521,Potential Loyalists,5,Low risk
CUS-04903,91,2,88.64,3,1,1,311,Potential Loyalists,18,Low risk
CUS-04904,615,2,496.66,1,1,4,114,Hibernating,92,High risk
CUS-04905,90,13,1103.18,3,5,5,355,High-Value Customers,20,Low risk
CUS-04906,577,1,47.85,1,1,1,111,Hibernating,77,High risk
CUS-04907,51,3,211.44,4,2,2,422,Potential Loyalists,15,Low risk
CUS-04908,413,5,404.03,1,3,4,134,At Risk,57,Medium risk
CUS-04909,878,2,70.57,1,1,1,111,Hibernating,77,High risk
CUS-04910,310,3,112.46000000000001,2,2,1,221,Hibernating,67,High risk
CUS-04911,130,13,1530.05,3,5,5,355,High-Value Customers,45,Medium risk
CUS-04912,11,2,322.99,5,1,3,513,Potential Loyalists,20,Low risk
CUS-04913,116,5,541.47,3,3,4,334,Potential Loyalists,26,Low risk
CUS-04914,89,9,665.6899999999999,3,5,5,355,High-Value Customers,20,Low risk
CUS-04915,63,12,1249.28,4,5,5,455,High-Value Customers,20,Low risk
CUS-04916,611,1,121.83,1,1,1,111,Hibernating,77,High risk
CUS-04917,174,5,262.65,2,3,3,233,At Risk,52,Medium risk
CUS-04918,71,9,841.37,4,5,5,455,High-Value Customers,5,Low risk
CUS-04919,553,1,118.26,1,1,1,111,Hibernating,100,High risk
CUS-04920,25,6,357.68,5,4,3,543,Loyal Customers,5,Low risk
CUS-04921,18,2,166.24,5,1,2,512,Potential Loyalists,5,Low risk
CUS-04922,533,3,98.82,1,2,1,121,Hibernating,82,High risk
CUS-04923,113,3,288.35,3,2,3,323,Potential Loyalists,28,Low risk
CUS-04924,860,2,364.25,1,1,3,113,Hibernating,77,High risk
CUS-04925,38,4,371.1,5,3,3,533,Potential Loyalists,5,Low risk
CUS-04926,56,16,1046.26,4,5,5,455,High-Value Customers,5,Low risk
CUS-04927,279,2,153.76999999999998,2,1,2,212,Hibernating,67,High risk
CUS-04928,121,9,1020.72,3,5,5,355,High-Value Customers,45,Medium risk
CUS-04929,119,2,283.13,3,1,3,313,Potential Loyalists,18,Low risk
CUS-04930,190,2,127.59,2,1,1,211,Hibernating,54,Medium risk
CUS-04931,383,5,333.78,2,3,3,233,At Risk,65,High risk
CUS-04932,76,8,714.12,4,5,5,455,High-Value Customers,5,Low risk
CUS-04933,190,3,180.77,2,2,2,222,Hibernating,77,High risk
CUS-04934,42,1,84.84,5,1,1,511,Potential Loyalists,5,Low risk
CUS-04935,351,5,316.17,2,3,3,233,At Risk,72,High risk
CUS-04936,347,1,90.69,2,1,1,211,Hibernating,85,High risk
CUS-04937,725,2,320.82,1,1,3,113,Hibernating,85,High risk
CUS-04938,73,12,884.0,4,5,5,455,High-Value Customers,13,Low risk
CUS-04939,711,2,102.16999999999999,1,1,1,111,Hibernating,77,High risk
CUS-04940,34,5,442.56,5,3,4,534,Potential Loyalists,5,Low risk
CUS-04941,241,4,272.39,2,3,3,233,At Risk,67,High risk
CUS-04942,59,2,42.78,4,1,1,411,Potential Loyalists,5,Low risk
CUS-04943,65,5,447.02,4,3,4,434,Potential Loyalists,13,Low risk
CUS-04944,59,6,718.79,4,4,5,445,High-Value Customers,5,Low risk
CUS-04945,56,4,284.58,4,3,3,433,Potential Loyalists,20,Low risk
CUS-04946,622,5,347.3,1,3,3,133,At Risk,82,High risk
CUS-04947,163,3,234.39,2,2,2,222,Hibernating,69,High risk
CUS-04948,609,1,66.95,1,1,1,111,Hibernating,77,High risk
CUS-04949,99,4,209.74,3,3,2,332,Discount Seekers,41,Medium risk
CUS-04950,492,1,40.54,1,1,1,111,Hibernating,77,High risk
CUS-04951,862,3,250.25,1,2,3,123,Hibernating,92,High risk
CUS-04952,82,9,1303.8,3,5,5,355,High-Value Customers,5,Low risk
CUS-04953,370,6,559.92,2,4,4,244,At Risk,65,High risk
CUS-04954,507,4,439.16999999999996,1,3,4,134,At Risk,67,High risk
CUS-04955,37,10,985.1999999999999,5,5,5,555,High-Value Customers,20,Low risk
CUS-04956,158,5,620.2,2,3,4,234,At Risk,44,Medium risk
CUS-04957,979,1,53.66,1,1,1,111,Hibernating,77,High risk
CUS-04958,485,2,202.78,1,1,2,112,Hibernating,67,High risk
CUS-04959,19,5,473.04,5,3,4,534,Discount Seekers,21,Low risk
CUS-04960,124,8,850.99,3,5,5,355,High-Value Customers,30,Low risk
CUS-04961,76,3,183.44,4,2,2,422,Discount Seekers,23,Low risk
CUS-04962,31,15,956.25,5,5,5,555,High-Value Customers,5,Low risk
CUS-04963,353,1,66.41,2,1,1,211,Hibernating,85,High risk
CUS-04964,106,6,567.67,3,4,4,344,Discount Seekers,26,Low risk
CUS-04965,62,5,325.94,4,3,3,433,Discount Seekers,13,Low risk
CUS-04966,50,7,354.0,4,4,3,443,Loyal Customers,5,Low risk
CUS-04967,132,10,903.04,3,5,5,355,High-Value Customers,45,Medium risk
CUS-04968,194,5,419.03999999999996,2,3,4,234,Discount Seekers,59,Medium risk
CUS-04969,73,8,514.0,4,5,4,454,Champions,20,Low risk
CUS-04970,71,4,274.4,4,3,3,433,Potential Loyalists,5,Low risk
CUS-04971,25,2,137.19,5,1,2,512,Potential Loyalists,5,Low risk
CUS-04972,24,8,728.1,5,5,5,555,High-Value Customers,5,Low risk
CUS-04973,78,7,794.98,4,4,5,445,High-Value Customers,20,Low risk
CUS-04974,60,8,921.3900000000001,4,5,5,455,High-Value Customers,20,Low risk
CUS-04975,69,5,546.45,4,3,4,434,Potential Loyalists,13,Low risk
CUS-04976,107,7,438.34999999999997,3,4,4,344,Discount Seekers,26,Low risk
CUS-04977,105,3,169.95,3,2,2,322,Potential Loyalists,43,Medium risk
CUS-04978,117,5,388.78,3,3,3,333,Potential Loyalists,18,Low risk
CUS-04979,65,3,186.25,4,2,2,422,Potential Loyalists,20,Low risk
CUS-04980,136,1,59.97,3,1,1,311,Potential Loyalists,40,Medium risk
CUS-04981,137,19,2572.54,3,5,5,355,High-Value Customers,30,Low risk
CUS-04982,494,3,173.26999999999998,1,2,2,122,Hibernating,67,High risk
CUS-04983,71,10,955.51,4,5,5,455,High-Value Customers,13,Low risk
CUS-04984,16,1,29.75,5,1,1,511,Potential Loyalists,5,Low risk
CUS-04985,88,2,113.4,3,1,1,311,Potential Loyalists,40,Medium risk
CUS-04986,114,4,341.26,3,3,3,333,Potential Loyalists,33,Low risk
CUS-04987,204,7,484.02,2,4,4,244,At Risk,44,Medium risk
CUS-04988,36,8,495.1,5,5,4,554,Champions,20,Low risk
CUS-04989,42,1,99.62,5,1,1,511,Potential Loyalists,5,Low risk
CUS-04990,15,3,145.63,5,2,2,522,Potential Loyalists,5,Low risk
CUS-04991,25,3,177.03,5,2,2,522,Potential Loyalists,20,Low risk
CUS-04992,43,4,343.73,5,3,3,533,Potential Loyalists,28,Low risk
CUS-04993,35,11,786.14,5,5,5,555,High-Value Customers,5,Low risk
CUS-04994,54,6,839.51,4,4,5,445,High-Value Customers,13,Low risk
CUS-04995,73,5,684.65,4,3,5,435,Potential Loyalists,13,Low risk
CUS-04996,62,13,790.96,4,5,5,455,High-Value Customers,5,Low risk
CUS-04997,57,4,185.73,4,3,2,432,Potential Loyalists,5,Low risk
CUS-04998,441,2,132.49,1,1,2,112,Hibernating,90,High risk
CUS-04999,68,4,322.47,4,3,3,433,Discount Seekers,28,Low risk
CUS-05000,769,1,51.7,1,1,1,111,Hibernating,85,High risk
CUS-05001,89,7,484.95,3,4,4,344,Loyal Customers,20,Low risk
CUS-05002,80,8,824.21,4,5,5,455,High-Value Customers,5,Low risk
CUS-05003,279,2,55.67,2,1,1,211,Hibernating,77,High risk
CUS-05004,291,3,95.03,2,2,1,221,Hibernating,67,High risk
CUS-05005,79,3,280.48,4,2,3,423,Potential Loyalists,23,Low risk
CUS-05006,29,4,365.89,5,3,3,533,Potential Loyalists,20,Low risk
CUS-05007,166,4,407.46,2,3,4,234,At Risk,54,Medium risk
CUS-05008,87,2,104.84,3,1,1,311,Potential Loyalists,5,Low risk
CUS-05009,40,7,954.1,5,4,5,545,High-Value Customers,13,Low risk
CUS-05010,40,5,356.99,5,3,3,533,Discount Seekers,35,Medium risk
CUS-05011,37,10,1152.9,5,5,5,555,High-Value Customers,13,Low risk
CUS-05012,252,7,749.77,2,4,5,245,High-Value Customers,57,Medium risk
CUS-05013,47,10,735.8,5,5,5,555,High-Value Customers,5,Low risk
CUS-05014,803,1,83.35,1,1,1,111,Hibernating,85,High risk
CUS-05015,21,7,685.78,5,4,5,545,High-Value Customers,5,Low risk
CUS-05016,399,4,390.74,1,3,3,133,At Risk,57,Medium risk
CUS-05017,136,3,405.46000000000004,3,2,4,324,Potential Loyalists,40,Medium risk
CUS-05018,103,9,684.29,3,5,5,355,High-Value Customers,18,Low risk
CUS-05019,105,7,598.79,3,4,4,344,Discount Seekers,41,Medium risk
CUS-05020,62,7,535.22,4,4,4,444,Champions,5,Low risk
CUS-05021,69,13,1593.79,4,5,5,455,High-Value Customers,5,Low risk
CUS-05022,20,2,95.88999999999999,5,1,1,511,Potential Loyalists,5,Low risk
CUS-05023,108,8,712.06,3,5,5,355,High-Value Customers,18,Low risk
CUS-05024,30,14,991.98,5,5,5,555,High-Value Customers,5,Low risk
CUS-05025,635,3,143.87,1,2,2,122,Hibernating,77,High risk
CUS-05026,76,5,196.84,4,3,2,432,Potential Loyalists,5,Low risk
CUS-05027,65,16,1716.9,4,5,5,455,High-Value Customers,5,Low risk
CUS-05028,64,3,212.57999999999998,4,2,2,422,Potential Loyalists,15,Low risk
CUS-05029,608,2,66.47,1,1,1,111,Hibernating,77,High risk
CUS-05030,95,16,1899.02,3,5,5,355,High-Value Customers,18,Low risk
CUS-05031,69,9,765.57,4,5,5,455,High-Value Customers,5,Low risk
CUS-05032,565,4,521.53,1,3,4,134,At Risk,67,High risk
CUS-05033,414,1,192.74,1,1,2,112,Hibernating,92,High risk
CUS-05034,71,15,1807.35,4,5,5,455,High-Value Customers,5,Low risk
CUS-05035,76,6,442.56,4,4,4,444,Champions,13,Low risk
CUS-05036,75,12,1390.26,4,5,5,455,High-Value Customers,5,Low risk
CUS-05037,141,1,76.66,2,1,1,211,Hibernating,40,Medium risk
CUS-05038,352,4,437.53999999999996,2,3,4,234,At Risk,72,High risk
CUS-05039,235,7,734.1600000000001,2,4,5,245,High-Value Customers,52,Medium risk
CUS-05040,47,2,98.03999999999999,5,1,1,511,Potential Loyalists,5,Low risk
CUS-05041,124,7,572.0799999999999,3,4,4,344,Loyal Customers,45,Medium risk
CUS-05042,119,5,321.89,3,3,3,333,Discount Seekers,34,Low risk
CUS-05043,252,3,191.54,2,2,2,222,Hibernating,80,High risk
CUS-05044,165,1,177.47,2,1,2,212,Hibernating,54,Medium risk
CUS-05045,76,3,447.91,4,2,4,424,Potential Loyalists,5,Low risk
CUS-05046,47,8,1014.0799999999999,5,5,5,555,High-Value Customers,20,Low risk
CUS-05047,136,9,1116.42,3,5,5,355,High-Value Customers,45,Medium risk
CUS-05048,89,9,585.15,3,5,4,354,Loyal Customers,5,Low risk
CUS-05049,844,2,316.40999999999997,1,1,3,113,Hibernating,77,High risk
CUS-05050,93,6,452.35,3,4,4,344,Loyal Customers,36,Medium risk
CUS-05051,116,2,302.83,3,1,3,313,Potential Loyalists,28,Low risk
CUS-05052,59,4,413.28,4,3,4,434,Potential Loyalists,15,Low risk
CUS-05053,62,11,1044.71,4,5,5,455,High-Value Customers,20,Low risk
CUS-05054,64,3,454.78,4,2,4,424,Potential Loyalists,15,Low risk
CUS-05055,718,3,209.69,1,2,2,122,Hibernating,77,High risk
CUS-05056,238,2,173.37,2,1,2,212,Hibernating,54,Medium risk
CUS-05057,50,5,370.21000000000004,4,3,3,433,Potential Loyalists,23,Low risk
CUS-05058,81,14,1038.0,4,5,5,455,High-Value Customers,21,Low risk
CUS-05059,59,8,550.34,4,5,4,454,Champions,5,Low risk
CUS-05060,68,15,2204.71,4,5,5,455,High-Value Customers,20,Low risk
CUS-05061,101,6,376.14,3,4,3,343,Loyal Customers,26,Low risk
CUS-05062,291,2,159.82999999999998,2,1,2,212,Hibernating,92,High risk
CUS-05063,145,3,173.82,2,2,2,222,Hibernating,30,Low risk
CUS-05064,256,3,190.99,2,2,2,222,Hibernating,67,High risk
CUS-05065,141,6,385.33,2,4,3,243,At Risk,45,Medium risk
CUS-05066,118,8,936.99,3,5,5,355,High-Value Customers,18,Low risk
CUS-05067,74,13,892.62,4,5,5,455,High-Value Customers,20,Low risk
CUS-05068,58,2,109.04,4,1,1,411,Potential Loyalists,5,Low risk
CUS-05069,52,12,756.21,4,5,5,455,High-Value Customers,5,Low risk
CUS-05070,164,8,607.3399999999999,2,5,4,254,At Risk,44,Medium risk
CUS-05071,391,5,265.65,2,3,3,233,At Risk,67,High risk
CUS-05072,676,1,27.15,1,1,1,111,Hibernating,85,High risk
CUS-05073,120,6,456.94,3,4,4,344,Loyal Customers,28,Low risk
CUS-05074,338,5,146.38,2,3,2,232,At Risk,67,High risk
CUS-05075,33,6,482.31,5,4,4,544,Champions,5,Low risk
CUS-05076,48,20,2201.04,5,5,5,555,High-Value Customers,5,Low risk
CUS-05077,43,8,472.2,5,5,4,554,Champions,5,Low risk
CUS-05078,113,3,308.41,3,2,3,323,Potential Loyalists,18,Low risk
CUS-05079,71,3,186.35,4,2,2,422,Potential Loyalists,20,Low risk
CUS-05080,50,10,1032.99,4,5,5,455,High-Value Customers,5,Low risk
CUS-05081,16,6,230.77,5,4,2,542,Loyal Customers,20,Low risk
CUS-05082,16,11,1344.32,5,5,5,555,High-Value Customers,5,Low risk
CUS-05083,420,5,797.4000000000001,1,3,5,135,At Risk,67,High risk
CUS-05084,412,9,1000.19,1,5,5,155,High-Value Customers,57,Medium risk
CUS-05085,310,5,601.0799999999999,2,3,4,234,At Risk,57,Medium risk
CUS-05086,498,3,165.93,1,2,2,122,Hibernating,67,High risk
CUS-05087,71,6,668.29,4,4,5,445,High-Value Customers,13,Low risk
CUS-05088,68,8,488.21,4,5,4,454,Champions,13,Low risk
CUS-05089,529,1,82.97,1,1,1,111,Hibernating,77,High risk
CUS-05090,957,1,42.63,1,1,1,111,Hibernating,85,High risk
CUS-05091,609,1,57.85,1,1,1,111,Hibernating,77,High risk
CUS-05092,429,2,50.35,1,1,1,111,Hibernating,82,High risk
CUS-05093,24,3,160.3,5,2,2,522,Potential Loyalists,15,Low risk
CUS-05094,35,4,205.94,5,3,2,532,Potential Loyalists,5,Low risk
CUS-05095,77,15,2290.27,4,5,5,455,High-Value Customers,13,Low risk
CUS-05096,55,1,45.82,4,1,1,411,Potential Loyalists,15,Low risk
CUS-05097,75,7,627.16,4,4,4,444,Champions,5,Low risk
CUS-05098,28,12,1218.73,5,5,5,555,High-Value Customers,20,Low risk
CUS-05099,43,6,388.38,5,4,3,543,Loyal Customers,21,Low risk
CUS-05100,439,2,186.57,1,1,2,112,Hibernating,92,High risk
CUS-05101,35,2,53.81,5,1,1,511,Potential Loyalists,5,Low risk
CUS-05102,204,2,166.76,2,1,2,212,Hibernating,64,Medium risk
CUS-05103,37,3,187.53,5,2,2,522,Potential Loyalists,5,Low risk
CUS-05104,75,2,170.48,4,1,2,412,Potential Loyalists,13,Low risk
CUS-05105,718,1,31.0,1,1,1,111,Hibernating,77,High risk
CUS-05106,504,3,194.75,1,2,2,122,Hibernating,82,High risk
CUS-05107,139,3,142.42,2,2,2,222,Hibernating,30,Low risk
CUS-05108,53,8,777.94,4,5,5,455,High-Value Customers,5,Low risk
CUS-05109,419,4,359.78000000000003,1,3,3,133,At Risk,67,High risk
CUS-05110,134,4,481.09,3,3,4,334,Potential Loyalists,30,Low risk
CUS-05111,92,1,104.12,3,1,1,311,Potential Loyalists,18,Low risk
CUS-05112,103,6,311.3,3,4,3,343,Loyal Customers,18,Low risk
CUS-05113,48,3,217.64,5,2,2,522,Potential Loyalists,5,Low risk
CUS-05114,81,3,160.54,4,2,2,422,Potential Loyalists,5,Low risk
CUS-05115,64,14,1316.3600000000001,4,5,5,455,High-Value Customers,13,Low risk
CUS-05116,597,6,519.15,1,4,4,144,At Risk,57,Medium risk
CUS-05117,174,2,202.53,2,1,2,212,Hibernating,44,Medium risk
CUS-05118,114,4,269.32,3,3,3,333,Potential Loyalists,18,Low risk
CUS-05119,26,6,386.65000000000003,5,4,3,543,Loyal Customers,5,Low risk
CUS-05120,62,11,1296.29,4,5,5,455,High-Value Customers,20,Low risk
CUS-05121,15,1,20.05,5,1,1,511,Potential Loyalists,13,Low risk
CUS-05122,557,3,236.75,1,2,2,122,Hibernating,75,High risk
CUS-05123,885,3,359.94,1,2,3,123,Hibernating,77,High risk
CUS-05124,30,7,761.19,5,4,5,545,High-Value Customers,13,Low risk
CUS-05125,505,2,144.92000000000002,1,1,2,112,Hibernating,77,High risk
CUS-05126,493,1,69.57,1,1,1,111,Hibernating,77,High risk
CUS-05127,84,8,963.6899999999999,3,5,5,355,High-Value Customers,20,Low risk
CUS-05128,721,3,209.8,1,2,2,122,Hibernating,77,High risk
CUS-05129,537,2,166.47,1,1,2,112,Hibernating,82,High risk
CUS-05130,57,2,88.80000000000001,4,1,1,411,Potential Loyalists,5,Low risk
CUS-05131,78,7,599.62,4,4,4,444,Champions,20,Low risk
CUS-05132,112,3,159.69,3,2,2,322,Potential Loyalists,18,Low risk
CUS-05133,38,3,170.76,5,2,2,522,Potential Loyalists,5,Low risk
CUS-05134,45,12,1142.85,5,5,5,555,High-Value Customers,13,Low risk
CUS-05135,311,4,618.37,2,3,4,234,At Risk,72,High risk
CUS-05136,746,1,56.43,1,1,1,111,Hibernating,85,High risk
CUS-05137,32,6,578.65,5,4,4,544,Champions,13,Low risk
CUS-05138,64,2,208.93,4,1,2,412,Potential Loyalists,5,Low risk
CUS-05139,109,10,1009.8,3,5,5,355,High-Value Customers,33,Low risk
CUS-05140,41,6,333.73,5,4,3,543,Loyal Customers,13,Low risk
CUS-05141,33,3,121.74,5,2,1,521,Potential Loyalists,5,Low risk
CUS-05142,37,3,145.59,5,2,2,522,Potential Loyalists,20,Low risk
CUS-05143,101,7,465.21,3,4,4,344,Loyal Customers,18,Low risk
CUS-05144,105,4,258.47,3,3,3,333,Potential Loyalists,33,Low risk
CUS-05145,493,1,61.55,1,1,1,111,Hibernating,92,High risk
CUS-05146,268,3,216.95,2,2,2,222,Hibernating,67,High risk
CUS-05147,16,2,127.69,5,1,1,511,Potential Loyalists,5,Low risk
CUS-05148,63,13,1096.49,4,5,5,455,High-Value Customers,5,Low risk
CUS-05149,119,6,497.36,3,4,4,344,Discount Seekers,41,Medium risk
CUS-05150,66,16,1228.22,4,5,5,455,High-Value Customers,20,Low risk
CUS-05151,752,1,53.5,1,1,1,111,Hibernating,77,High risk
CUS-05152,97,13,976.33,3,5,5,355,High-Value Customers,33,Low risk
CUS-05153,743,1,80.29,1,1,1,111,Hibernating,77,High risk
CUS-05154,201,6,586.05,2,4,4,244,At Risk,52,Medium risk
CUS-05155,82,7,670.76,3,4,5,345,High-Value Customers,13,Low risk
CUS-05156,46,3,395.89,5,2,3,523,Potential Loyalists,20,Low risk
CUS-05157,530,2,230.68,1,1,2,112,Hibernating,92,High risk
CUS-05158,170,7,466.34000000000003,2,4,4,244,At Risk,52,Medium risk
CUS-05159,18,3,248.14,5,2,3,523,Potential Loyalists,20,Low risk
CUS-05160,24,2,148.67,5,1,2,512,Potential Loyalists,20,Low risk
CUS-05161,64,11,1111.67,4,5,5,455,High-Value Customers,5,Low risk
CUS-05162,101,4,316.26,3,3,3,333,Potential Loyalists,33,Low risk
CUS-05163,56,1,98.04,4,1,1,411,Potential Loyalists,25,Low risk
CUS-05164,40,4,327.94,5,3,3,533,Potential Loyalists,5,Low risk
CUS-05165,90,14,1303.01,3,5,5,355,High-Value Customers,13,Low risk
CUS-05166,94,2,267.5,3,1,3,313,Potential Loyalists,18,Low risk
CUS-05167,39,3,213.60999999999999,5,2,2,522,Potential Loyalists,15,Low risk
CUS-05168,42,4,494.47,5,3,4,534,Potential Loyalists,5,Low risk
CUS-05169,107,1,70.44,3,1,1,311,Potential Loyalists,18,Low risk
CUS-05170,97,9,683.58,3,5,5,355,High-Value Customers,26,Low risk
CUS-05171,106,3,384.48999999999995,3,2,3,323,Potential Loyalists,18,Low risk
CUS-05172,750,1,72.76,1,1,1,111,Hibernating,77,High risk
CUS-05173,75,11,735.48,4,5,5,455,High-Value Customers,13,Low risk
CUS-05174,274,7,524.81,2,4,4,244,At Risk,65,High risk
CUS-05175,82,14,2052.2400000000002,3,5,5,355,High-Value Customers,5,Low risk
CUS-05176,23,3,403.56,5,2,4,524,Potential Loyalists,5,Low risk
CUS-05177,522,4,341.26,1,3,3,133,At Risk,67,High risk
CUS-05178,53,7,476.38,4,4,4,444,Champions,28,Low risk
CUS-05179,156,1,21.55,2,1,1,211,Hibernating,62,Medium risk
CUS-05180,408,3,178.0,1,2,2,122,Hibernating,82,High risk
CUS-05181,39,9,467.7,5,5,4,554,Champions,5,Low risk
CUS-05182,76,7,808.0999999999999,4,4,5,445,High-Value Customers,5,Low risk
CUS-05183,589,3,315.73,1,2,3,123,Hibernating,67,High risk
CUS-05184,46,6,750.28,5,4,5,545,High-Value Customers,13,Low risk
CUS-05185,126,8,919.29,3,5,5,355,High-Value Customers,30,Low risk
CUS-05186,69,2,234.57,4,1,2,412,Discount Seekers,33,Low risk
CUS-05187,34,11,1775.19,5,5,5,555,High-Value Customers,20,Low risk
CUS-05188,418,3,274.65999999999997,1,2,3,123,Hibernating,67,High risk
CUS-05189,110,9,670.43,3,5,5,355,High-Value Customers,18,Low risk
CUS-05190,123,4,419.87,3,3,4,334,Discount Seekers,48,Medium risk
CUS-05191,48,6,453.95,5,4,4,544,Champions,5,Low risk
CUS-05192,53,2,130.8,4,1,1,411,Potential Loyalists,5,Low risk
CUS-05193,87,6,283.52,3,4,3,343,Loyal Customers,5,Low risk
CUS-05194,34,6,375.36,5,4,3,543,Loyal Customers,13,Low risk
CUS-05195,60,6,309.81,4,4,3,443,Loyal Customers,21,Low risk
CUS-05196,359,3,143.2,2,2,2,222,Hibernating,75,High risk
CUS-05197,20,17,863.06,5,5,5,555,High-Value Customers,5,Low risk
CUS-05198,40,4,208.81,5,3,2,532,Potential Loyalists,5,Low risk
CUS-05199,59,2,271.89,4,1,3,413,Potential Loyalists,15,Low risk
CUS-05200,35,7,663.6,5,4,5,545,High-Value Customers,13,Low risk
CUS-05201,102,9,977.87,3,5,5,355,High-Value Customers,18,Low risk
CUS-05202,65,9,833.71,4,5,5,455,High-Value Customers,5,Low risk
CUS-05203,786,3,264.71,1,2,3,123,Hibernating,77,High risk
CUS-05204,77,1,90.57,4,1,1,411,Potential Loyalists,5,Low risk
CUS-05205,127,9,692.27,3,5,5,355,High-Value Customers,38,Medium risk
CUS-05206,93,4,363.79999999999995,3,3,3,333,Potential Loyalists,43,Medium risk
CUS-05207,555,2,148.03,1,1,2,112,Hibernating,77,High risk
CUS-05208,34,16,1457.45,5,5,5,555,High-Value Customers,13,Low risk
CUS-05209,87,9,910.81,3,5,5,355,High-Value Customers,5,Low risk
CUS-05210,42,2,94.94,5,1,1,511,Potential Loyalists,5,Low risk
CUS-05211,74,8,972.95,4,5,5,455,High-Value Customers,5,Low risk
CUS-05212,774,1,50.78,1,1,1,111,Hibernating,77,High risk
CUS-05213,53,16,1184.1,4,5,5,455,High-Value Customers,5,Low risk
CUS-05214,81,9,889.65,4,5,5,455,High-Value Customers,5,Low risk
CUS-05215,918,1,39.28,1,1,1,111,Hibernating,77,High risk
CUS-05216,221,5,361.33,2,3,3,233,At Risk,62,Medium risk
CUS-05217,397,2,119.35,2,1,1,211,Hibernating,67,High risk
CUS-05218,391,2,131.81,2,1,1,211,Hibernating,67,High risk
CUS-05219,39,8,709.9,5,5,5,555,High-Value Customers,5,Low risk
CUS-05220,649,2,68.3,1,1,1,111,Hibernating,85,High risk
CUS-05221,206,7,674.73,2,4,5,245,High-Value Customers,52,Medium risk
CUS-05222,264,2,130.87,2,1,1,211,Hibernating,67,High risk
CUS-05223,198,8,1085.04,2,5,5,255,High-Value Customers,44,Medium risk
CUS-05224,32,5,345.57,5,3,3,533,Discount Seekers,21,Low risk
CUS-05225,9,4,221.87,5,3,2,532,Potential Loyalists,5,Low risk
CUS-05226,10,2,172.4,5,1,2,512,Potential Loyalists,5,Low risk
CUS-05227,112,4,448.81,3,3,4,334,Potential Loyalists,28,Low risk
CUS-05228,107,9,595.26,3,5,4,354,Loyal Customers,18,Low risk
CUS-05229,57,7,631.6,4,4,4,444,Champions,13,Low risk
CUS-05230,706,1,59.4,1,1,1,111,Hibernating,85,High risk
CUS-05231,59,7,458.22,4,4,4,444,Champions,21,Low risk
CUS-05232,122,5,251.97,3,3,3,333,Discount Seekers,53,Medium risk
CUS-05233,30,10,1639.74,5,5,5,555,High-Value Customers,5,Low risk
CUS-05234,60,10,778.58,4,5,5,455,High-Value Customers,20,Low risk
CUS-05235,466,3,193.7,1,2,2,122,Hibernating,67,High risk
CUS-05236,555,4,227.15,1,3,2,132,At Risk,82,High risk
CUS-05237,586,3,153.4,1,2,2,122,Hibernating,67,High risk
CUS-05238,268,3,255.85999999999999,2,2,3,223,Hibernating,67,High risk
CUS-05239,68,9,829.8299999999999,4,5,5,455,High-Value Customers,5,Low risk
CUS-05240,95,6,507.51000000000005,3,4,4,344,Loyal Customers,33,Low risk
CUS-05241,45,3,134.22,5,2,2,522,Potential Loyalists,5,Low risk
CUS-05242,16,3,350.88,5,2,3,523,Potential Loyalists,20,Low risk
CUS-05243,58,8,601.34,4,5,4,454,Champions,5,Low risk
CUS-05244,386,1,48.95,2,1,1,211,Hibernating,77,High risk
CUS-05245,54,14,987.9499999999999,4,5,5,455,High-Value Customers,13,Low risk
CUS-05246,509,4,426.43,1,3,4,134,At Risk,67,High risk
CUS-05247,72,7,375.61,4,4,3,443,Discount Seekers,21,Low risk
CUS-05248,292,3,306.36,2,2,3,223,Hibernating,67,High risk
CUS-05249,925,2,262.41999999999996,1,1,3,113,Hibernating,77,High risk
CUS-05250,227,4,192.69,2,3,2,232,At Risk,59,Medium risk
CUS-05251,23,1,72.81,5,1,1,511,Potential Loyalists,15,Low risk
CUS-05252,79,7,835.38,4,4,5,445,High-Value Customers,5,Low risk
CUS-05253,25,5,593.9,5,3,4,534,Potential Loyalists,13,Low risk
CUS-05254,594,2,127.18,1,1,1,111,Hibernating,77,High risk
CUS-05255,37,2,68.34,5,1,1,511,Potential Loyalists,5,Low risk
CUS-05256,45,1,83.49,5,1,1,511,Potential Loyalists,5,Low risk
CUS-05257,521,5,366.23,1,3,3,133,At Risk,82,High risk
CUS-05258,77,1,28.64,4,1,1,411,Potential Loyalists,5,Low risk
CUS-05259,458,3,294.52000000000004,1,2,3,123,Hibernating,82,High risk
CUS-05260,91,9,467.04,3,5,4,354,Loyal Customers,18,Low risk
CUS-05261,241,5,286.3,2,3,3,233,At Risk,57,Medium risk
CUS-05262,84,10,934.96,3,5,5,355,High-Value Customers,28,Low risk
CUS-05263,40,6,269.4,5,4,3,543,Loyal Customers,15,Low risk
CUS-05264,731,1,78.36,1,1,1,111,Hibernating,85,High risk
CUS-05265,110,11,1021.27,3,5,5,355,High-Value Customers,18,Low risk
CUS-05266,133,5,316.97,3,3,3,333,Discount Seekers,45,Medium risk
CUS-05267,27,2,81.37,5,1,1,511,Potential Loyalists,5,Low risk
CUS-05268,106,6,324.38,3,4,3,343,Loyal Customers,26,Low risk
CUS-05269,22,9,410.55,5,5,4,554,Champions,5,Low risk
CUS-05270,20,2,125.69,5,1,1,511,Potential Loyalists,5,Low risk
CUS-05271,156,6,1313.2,2,4,5,245,High-Value Customers,52,Medium risk
CUS-05272,18,4,517.06,5,3,4,534,Potential Loyalists,5,Low risk
CUS-05273,60,4,449.93,4,3,4,434,Potential Loyalists,20,Low risk
CUS-05274,411,1,67.04,1,1,1,111,Hibernating,77,High risk
CUS-05275,169,9,906.21,2,5,5,255,High-Value Customers,44,Medium risk
CUS-05276,24,1,109.97,5,1,1,511,Potential Loyalists,5,Low risk
CUS-05277,84,5,397.24,3,3,3,333,Potential Loyalists,13,Low risk
CUS-05278,120,4,461.4,3,3,4,334,Potential Loyalists,18,Low risk
CUS-05279,382,4,117.62,2,3,1,231,At Risk,57,Medium risk
CUS-05280,106,7,633.32,3,4,4,344,Loyal Customers,26,Low risk
CUS-05281,108,8,688.51,3,5,5,355,High-Value Customers,26,Low risk
CUS-05282,156,3,233.09,2,2,2,222,Hibernating,52,Medium risk
CUS-05283,130,2,119.38,3,1,1,311,Potential Loyalists,45,Medium risk
CUS-05284,116,4,288.82,3,3,3,333,Potential Loyalists,28,Low risk
CUS-05285,385,3,202.78,2,2,2,222,Hibernating,82,High risk
CUS-05286,52,6,866.1700000000001,4,4,5,445,High-Value Customers,23,Low risk
CUS-05287,375,4,244.3,2,3,2,232,At Risk,80,High risk
CUS-05288,22,4,372.23,5,3,3,533,Potential Loyalists,5,Low risk
CUS-05289,260,4,352.11,2,3,3,233,At Risk,82,High risk
CUS-05290,747,1,41.08,1,1,1,111,Hibernating,77,High risk
CUS-05291,298,4,295.7,2,3,3,233,Discount Seekers,90,High risk
CUS-05292,746,1,214.77,1,1,2,112,Hibernating,77,High risk
CUS-05293,18,2,166.0,5,1,2,512,Potential Loyalists,5,Low risk
CUS-05294,189,4,214.72,2,3,2,232,At Risk,44,Medium risk
CUS-05295,34,4,233.41,5,3,2,532,Potential Loyalists,5,Low risk
CUS-05296,183,7,561.2,2,4,4,244,At Risk,59,Medium risk
CUS-05297,98,6,372.8,3,4,3,343,Loyal Customers,41,Medium risk
CUS-05298,56,2,228.72,4,1,2,412,Potential Loyalists,5,Low risk
CUS-05299,73,2,52.849999999999994,4,1,1,411,Potential Loyalists,5,Low risk
CUS-05300,73,3,118.24,4,2,1,421,Potential Loyalists,40,Medium risk
CUS-05301,330,2,227.63,2,1,2,212,Hibernating,67,High risk
CUS-05302,99,3,218.36,3,2,2,322,Potential Loyalists,33,Low risk
CUS-05303,157,9,459.05,2,5,4,254,At Risk,59,Medium risk
CUS-05304,48,5,538.33,5,3,4,534,Potential Loyalists,21,Low risk
CUS-05305,228,6,517.27,2,4,4,244,At Risk,44,Medium risk
CUS-05306,49,2,238.78,4,1,2,412,Potential Loyalists,5,Low risk
CUS-05307,145,3,161.79999999999998,2,2,2,222,Hibernating,50,Medium risk
CUS-05308,80,3,97.89,4,2,1,421,Potential Loyalists,5,Low risk
CUS-05309,635,2,142.17000000000002,1,1,2,112,Hibernating,77,High risk
CUS-05310,21,5,225.63,5,3,2,532,Discount Seekers,13,Low risk
CUS-05311,62,14,1679.93,4,5,5,455,High-Value Customers,13,Low risk
CUS-05312,67,9,1009.73,4,5,5,455,High-Value Customers,5,Low risk
CUS-05313,355,4,217.54,2,3,2,232,At Risk,57,Medium risk
CUS-05314,530,2,269.72,1,1,3,113,Hibernating,77,High risk
CUS-05315,26,16,1506.29,5,5,5,555,High-Value Customers,5,Low risk
CUS-05316,360,4,277.71,2,3,3,233,At Risk,67,High risk
CUS-05317,43,9,579.82,5,5,4,554,Champions,28,Low risk
CUS-05318,606,4,290.27,1,3,3,133,At Risk,67,High risk
CUS-05319,66,1,207.57,4,1,2,412,Potential Loyalists,5,Low risk
CUS-05320,431,4,302.03,1,3,3,133,At Risk,65,High risk
CUS-05321,51,7,594.0699999999999,4,4,4,444,Champions,21,Low risk
CUS-05322,459,3,324.44,1,2,3,123,Hibernating,82,High risk
CUS-05323,714,2,160.6,1,1,2,112,Hibernating,85,High risk
CUS-05324,22,8,789.78,5,5,5,555,High-Value Customers,5,Low risk
CUS-05325,37,4,259.55,5,3,3,533,Discount Seekers,13,Low risk
CUS-05326,217,6,216.16,2,4,2,242,At Risk,44,Medium risk
CUS-05327,82,8,573.75,3,5,4,354,Loyal Customers,5,Low risk
CUS-05328,81,6,694.67,4,4,5,445,High-Value Customers,5,Low risk
CUS-05329,102,3,203.37,3,2,2,322,Potential Loyalists,28,Low risk
CUS-05330,79,5,646.68,4,3,4,434,Potential Loyalists,5,Low risk
CUS-05331,388,3,326.26,2,2,3,223,Hibernating,100,High risk
CUS-05332,121,10,604.96,3,5,4,354,Loyal Customers,30,Low risk
CUS-05333,38,8,801.21,5,5,5,555,High-Value Customers,5,Low risk
CUS-05334,507,4,276.56,1,3,3,133,At Risk,67,High risk
CUS-05335,696,1,137.26,1,1,2,112,Hibernating,77,High risk
CUS-05336,514,1,61.69,1,1,1,111,Hibernating,77,High risk
CUS-05337,92,2,247.07999999999998,3,1,2,312,Potential Loyalists,53,Medium risk
CUS-05338,18,3,194.96,5,2,2,522,Potential Loyalists,5,Low risk
CUS-05339,607,2,140.48,1,1,2,112,Hibernating,77,High risk
CUS-05340,116,19,1400.38,3,5,5,355,High-Value Customers,26,Low risk
CUS-05341,76,4,471.52,4,3,4,434,Potential Loyalists,5,Low risk
CUS-05342,29,4,601.9200000000001,5,3,4,534,Potential Loyalists,5,Low risk
CUS-05343,30,2,69.96,5,1,1,511,Potential Loyalists,5,Low risk
CUS-05344,22,10,784.65,5,5,5,555,High-Value Customers,13,Low risk
CUS-05345,534,1,53.39,1,1,1,111,Hibernating,85,High risk
CUS-05346,77,8,1253.1399999999999,4,5,5,455,High-Value Customers,5,Low risk
CUS-05347,159,6,913.22,2,4,5,245,High-Value Customers,44,Medium risk
CUS-05348,206,3,131.34,2,2,1,221,Hibernating,54,Medium risk
CUS-05349,95,18,1399.27,3,5,5,355,High-Value Customers,18,Low risk
CUS-05350,156,8,1114.44,2,5,5,255,High-Value Customers,44,Medium risk
CUS-05351,749,2,49.58,1,1,1,111,Hibernating,77,High risk
CUS-05352,73,3,170.72,4,2,2,422,Potential Loyalists,5,Low risk
CUS-05353,74,4,338.21999999999997,4,3,3,433,Potential Loyalists,28,Low risk
CUS-05354,48,2,122.99,5,1,1,511,Potential Loyalists,5,Low risk
CUS-05355,97,11,924.43,3,5,5,355,High-Value Customers,18,Low risk
CUS-05356,22,2,59.41,5,1,1,511,Potential Loyalists,5,Low risk
CUS-05357,86,6,521.5,3,4,4,344,Loyal Customers,5,Low risk
CUS-05358,117,3,251.94,3,2,3,323,Discount Seekers,51,Medium risk
CUS-05359,536,2,119.0,1,1,1,111,Hibernating,85,High risk
CUS-05360,51,4,299.03999999999996,4,3,3,433,Potential Loyalists,15,Low risk
CUS-05361,51,3,185.43,4,2,2,422,Potential Loyalists,5,Low risk
CUS-05362,446,5,410.73,1,3,4,134,At Risk,67,High risk
CUS-05363,836,1,76.29,1,1,1,111,Hibernating,77,High risk
CUS-05364,88,14,1820.17,3,5,5,355,High-Value Customers,5,Low risk
CUS-05365,81,14,1105.42,4,5,5,455,High-Value Customers,13,Low risk
CUS-05366,135,9,685.61,3,5,5,355,High-Value Customers,30,Low risk
CUS-05367,219,2,170.34,2,1,2,212,Hibernating,54,Medium risk
CUS-05368,44,4,324.22999999999996,5,3,3,533,Potential Loyalists,5,Low risk
CUS-05369,5,6,474.85,5,4,4,544,Champions,5,Low risk
CUS-05370,86,7,673.28,3,4,5,345,High-Value Customers,13,Low risk
CUS-05371,33,5,317.24,5,3,3,533,Potential Loyalists,5,Low risk
CUS-05372,60,5,556.8199999999999,4,3,4,434,Potential Loyalists,5,Low risk
CUS-05373,105,9,477.61,3,5,4,354,Discount Seekers,33,Low risk
CUS-05374,637,2,164.94,1,1,2,112,Hibernating,85,High risk
CUS-05375,201,6,317.78,2,4,3,243,At Risk,44,Medium risk
CUS-05376,75,2,148.52,4,1,2,412,Potential Loyalists,20,Low risk
CUS-05377,209,8,480.39,2,5,4,254,At Risk,44,Medium risk
CUS-05378,178,5,431.01,2,3,4,234,Discount Seekers,70,High risk
CUS-05379,66,1,43.82,4,1,1,411,Potential Loyalists,5,Low risk
CUS-05380,117,1,43.73,3,1,1,311,Potential Loyalists,18,Low risk
CUS-05381,159,2,276.67,2,1,3,213,Hibernating,62,Medium risk
CUS-05382,68,5,356.71999999999997,4,3,3,433,Potential Loyalists,21,Low risk
CUS-05383,718,2,72.75,1,1,1,111,Hibernating,85,High risk
CUS-05384,63,9,978.16,4,5,5,455,High-Value Customers,20,Low risk
CUS-05385,91,9,758.83,3,5,5,355,High-Value Customers,18,Low risk
CUS-05386,266,4,363.98,2,3,3,233,At Risk,57,Medium risk
CUS-05387,146,1,103.68,2,1,1,211,Hibernating,38,Medium risk
CUS-05388,362,6,622.7,2,4,4,244,At Risk,57,Medium risk
CUS-05389,552,1,26.74,1,1,1,111,Hibernating,77,High risk
CUS-05390,47,7,882.47,5,4,5,545,High-Value Customers,13,Low risk
CUS-05391,82,3,203.59,3,2,2,322,Potential Loyalists,5,Low risk
CUS-05392,62,3,160.3,4,2,2,422,Potential Loyalists,5,Low risk
CUS-05393,122,7,295.59000000000003,3,4,3,343,Loyal Customers,38,Medium risk
CUS-05394,822,2,126.06,1,1,1,111,Hibernating,77,High risk
CUS-05395,427,1,27.44,1,1,1,111,Hibernating,77,High risk
CUS-05396,168,2,131.94,2,1,1,211,Hibernating,44,Medium risk
CUS-05397,419,2,176.94,1,1,2,112,Hibernating,67,High risk
CUS-05398,60,6,529.5699999999999,4,4,4,444,Champions,5,Low risk
CUS-05399,383,1,61.6,2,1,1,211,Hibernating,77,High risk
CUS-05400,55,11,793.84,4,5,5,455,High-Value Customers,13,Low risk
CUS-05401,621,1,22.4,1,1,1,111,Hibernating,77,High risk
CUS-05402,523,1,23.76,1,1,1,111,Hibernating,77,High risk
CUS-05403,408,1,58.25,1,1,1,111,Hibernating,77,High risk
CUS-05404,38,6,209.7,5,4,2,542,Loyal Customers,5,Low risk
CUS-05405,62,7,418.08,4,4,4,444,Champions,13,Low risk
CUS-05406,80,6,671.35,4,4,5,445,High-Value Customers,5,Low risk
CUS-05407,597,3,91.56,1,2,1,121,Hibernating,85,High risk
CUS-05408,62,4,556.6899999999999,4,3,4,434,Potential Loyalists,20,Low risk
CUS-05409,90,5,384.12,3,3,3,333,Discount Seekers,13,Low risk
CUS-05410,266,7,567.3399999999999,2,4,4,244,At Risk,65,High risk
CUS-05411,430,3,239.64,1,2,2,122,Hibernating,75,High risk
CUS-05412,16,16,1543.36,5,5,5,555,High-Value Customers,5,Low risk
CUS-05413,20,2,198.98000000000002,5,1,2,512,Potential Loyalists,5,Low risk
CUS-05414,53,3,260.69,4,2,3,423,Potential Loyalists,5,Low risk
CUS-05415,61,8,821.91,4,5,5,455,High-Value Customers,5,Low risk
CUS-05416,613,1,89.55,1,1,1,111,Hibernating,85,High risk
CUS-05417,36,2,120.47,5,1,1,511,Potential Loyalists,5,Low risk
CUS-05418,106,6,386.54,3,4,3,343,Loyal Customers,18,Low risk
CUS-05419,7,4,223.9,5,3,2,532,Potential Loyalists,5,Low risk
CUS-05420,928,1,52.52,1,1,1,111,Hibernating,77,High risk
CUS-05421,20,5,209.62,5,3,2,532,Potential Loyalists,5,Low risk
CUS-05422,126,3,139.47,3,2,2,322,Potential Loyalists,40,Medium risk
CUS-05423,589,2,68.59,1,1,1,111,Hibernating,85,High risk
CUS-05424,113,5,381.39,3,3,3,333,Potential Loyalists,18,Low risk
CUS-05425,54,6,603.82,4,4,4,444,Champions,28,Low risk
CUS-05426,28,13,1053.46,5,5,5,555,High-Value Customers,13,Low risk
CUS-05427,338,2,128.63,2,1,1,211,Hibernating,67,High risk
CUS-05428,24,9,696.66,5,5,5,555,High-Value Customers,5,Low risk
CUS-05429,41,14,1485.44,5,5,5,555,High-Value Customers,5,Low risk
CUS-05430,68,4,325.36,4,3,3,433,Potential Loyalists,20,Low risk
CUS-05431,508,5,339.22,1,3,3,133,At Risk,67,High risk
CUS-05432,99,7,377.07,3,4,3,343,Discount Seekers,26,Low risk
CUS-05433,137,5,371.45,3,3,3,333,Potential Loyalists,38,Medium risk
CUS-05434,21,8,513.83,5,5,4,554,Champions,35,Medium risk
CUS-05435,105,11,854.63,3,5,5,355,High-Value Customers,18,Low risk
CUS-05436,42,1,51.71,5,1,1,511,Potential Loyalists,5,Low risk
CUS-05437,46,4,342.71,5,3,3,533,Potential Loyalists,5,Low risk
CUS-05438,187,4,280.51,2,3,3,233,At Risk,54,Medium risk
CUS-05439,323,1,67.87,2,1,1,211,Hibernating,77,High risk
CUS-05440,24,11,620.76,5,5,4,554,Champions,13,Low risk
CUS-05441,57,3,286.31,4,2,3,423,Potential Loyalists,5,Low risk
CUS-05442,44,1,101.93,5,1,1,511,Potential Loyalists,5,Low risk
CUS-05443,136,4,228.72,3,3,2,332,Discount Seekers,38,Medium risk
CUS-05444,562,2,96.39999999999999,1,1,1,111,Hibernating,77,High risk
CUS-05445,30,6,719.09,5,4,5,545,High-Value Customers,20,Low risk
CUS-05446,85,2,126.78999999999999,3,1,1,311,Potential Loyalists,13,Low risk
CUS-05447,36,10,1028.8,5,5,5,555,High-Value Customers,5,Low risk
CUS-05448,440,5,534.97,1,3,4,134,At Risk,57,Medium risk
CUS-05449,43,3,109.71000000000001,5,2,1,521,Potential Loyalists,5,Low risk
CUS-05450,812,3,95.18,1,2,1,121,Hibernating,77,High risk
CUS-05451,63,6,491.64,4,4,4,444,Champions,5,Low risk
CUS-05452,111,6,1039.67,3,4,5,345,High-Value Customers,26,Low risk
CUS-05453,491,1,65.25,1,1,1,111,Hibernating,77,High risk
CUS-05454,62,6,300.56,4,4,3,443,Loyal Customers,5,Low risk
CUS-05455,164,1,51.16,2,1,1,211,Hibernating,62,Medium risk
CUS-05456,819,1,43.26,1,1,1,111,Hibernating,85,High risk
CUS-05457,367,4,343.21000000000004,2,3,3,233,At Risk,82,High risk
CUS-05458,154,3,509.38,2,2,4,224,Hibernating,54,Medium risk
CUS-05459,110,2,107.32,3,1,1,311,Potential Loyalists,28,Low risk
CUS-05460,49,13,1192.1499999999999,4,5,5,455,High-Value Customers,13,Low risk
CUS-05461,31,2,149.43,5,1,2,512,Potential Loyalists,5,Low risk
CUS-05462,45,7,533.03,5,4,4,544,Champions,20,Low risk
CUS-05463,82,6,684.04,3,4,5,345,High-Value Customers,20,Low risk
CUS-05464,105,2,131.75,3,1,1,311,Potential Loyalists,53,Medium risk
CUS-05465,205,5,336.7,2,3,3,233,At Risk,52,Medium risk
CUS-05466,293,3,333.62,2,2,3,223,Hibernating,67,High risk
CUS-05467,51,14,2052.98,4,5,5,455,High-Value Customers,13,Low risk
CUS-05468,28,4,302.40000000000003,5,3,3,533,Potential Loyalists,5,Low risk
CUS-05469,63,13,1219.27,4,5,5,455,High-Value Customers,20,Low risk
CUS-05470,60,7,317.79,4,4,3,443,Loyal Customers,5,Low risk
CUS-05471,96,6,590.17,3,4,4,344,Loyal Customers,18,Low risk
CUS-05472,535,3,192.4,1,2,2,122,Hibernating,67,High risk
CUS-05473,99,9,833.38,3,5,5,355,High-Value Customers,18,Low risk
CUS-05474,79,2,185.20999999999998,4,1,2,412,Potential Loyalists,5,Low risk
CUS-05475,93,4,417.26,3,3,4,334,Potential Loyalists,43,Medium risk
CUS-05476,30,6,482.82,5,4,4,544,Champions,5,Low risk
CUS-05477,432,1,145.81,1,1,2,112,Hibernating,92,High risk
CUS-05478,45,2,149.9,5,1,2,512,Potential Loyalists,5,Low risk
CUS-05479,614,2,237.90999999999997,1,1,2,112,Hibernating,77,High risk
CUS-05480,45,7,477.83,5,4,4,544,Champions,13,Low risk
CUS-05481,97,6,293.26,3,4,3,343,Loyal Customers,18,Low risk
CUS-05482,63,7,438.68,4,4,4,444,Champions,28,Low risk
CUS-05483,71,9,546.0,4,5,4,454,Champions,5,Low risk
CUS-05484,42,4,266.38,5,3,3,533,Potential Loyalists,5,Low risk
CUS-05485,69,8,383.71,4,5,3,453,Loyal Customers,13,Low risk
CUS-05486,18,12,1074.45,5,5,5,555,High-Value Customers,13,Low risk
CUS-05487,33,1,182.2,5,1,2,512,Potential Loyalists,5,Low risk
CUS-05488,580,2,186.72,1,1,2,112,Hibernating,77,High risk
CUS-05489,128,6,805.66,3,4,5,345,High-Value Customers,30,Low risk
CUS-05490,66,5,400.72,4,3,4,434,Potential Loyalists,13,Low risk
CUS-05491,115,5,183.95999999999998,3,3,2,332,Potential Loyalists,26,Low risk
CUS-05492,64,6,312.83,4,4,3,443,Discount Seekers,21,Low risk
CUS-05493,74,7,1226.06,4,4,5,445,High-Value Customers,13,Low risk
CUS-05494,142,2,122.77000000000001,2,1,1,211,Hibernating,50,Medium risk
CUS-05495,106,2,266.26,3,1,3,313,Potential Loyalists,33,Low risk
CUS-05496,31,6,397.04,5,4,3,543,Loyal Customers,28,Low risk
CUS-05497,55,3,303.55,4,2,3,423,Potential Loyalists,15,Low risk
CUS-05498,48,9,755.49,5,5,5,555,High-Value Customers,13,Low risk
CUS-05499,76,17,1356.45,4,5,5,455,High-Value Customers,5,Low risk
CUS-05500,51,2,192.56,4,1,2,412,Potential Loyalists,5,Low risk
CUS-05501,235,7,302.6,2,4,3,243,At Risk,59,Medium risk
CUS-05502,81,5,342.84000000000003,4,3,3,433,Potential Loyalists,5,Low risk
CUS-05503,513,2,46.480000000000004,1,1,1,111,Hibernating,92,High risk
CUS-05504,20,3,254.45999999999998,5,2,3,523,Potential Loyalists,5,Low risk
CUS-05505,492,2,151.69,1,1,2,112,Hibernating,67,High risk
CUS-05506,61,3,154.15,4,2,2,422,Potential Loyalists,5,Low risk
CUS-05507,33,1,96.96,5,1,1,511,Potential Loyalists,5,Low risk
CUS-05508,662,3,196.67000000000002,1,2,2,122,Hibernating,82,High risk
CUS-05509,254,2,122.56,2,1,1,211,Hibernating,100,High risk
CUS-05510,273,2,132.56,2,1,2,212,Hibernating,82,High risk
CUS-05511,51,5,469.59000000000003,4,3,4,434,Potential Loyalists,5,Low risk
CUS-05512,329,7,603.8,2,4,4,244,At Risk,72,High risk
CUS-05513,244,6,509.91,2,4,4,244,At Risk,72,High risk
CUS-05514,49,2,62.41,4,1,1,411,Potential Loyalists,5,Low risk
CUS-05515,373,5,409.96999999999997,2,3,4,234,At Risk,57,Medium risk
CUS-05516,39,3,323.53,5,2,3,523,Potential Loyalists,5,Low risk
CUS-05517,838,1,47.49,1,1,1,111,Hibernating,77,High risk
CUS-05518,51,7,745.5699999999999,4,4,5,445,High-Value Customers,5,Low risk
CUS-05519,78,7,605.36,4,4,4,444,Champions,5,Low risk
CUS-05520,374,2,163.57999999999998,2,1,2,212,Hibernating,67,High risk
CUS-05521,551,1,40.52,1,1,1,111,Hibernating,77,High risk
CUS-05522,660,2,40.61,1,1,1,111,Hibernating,77,High risk
CUS-05523,23,8,653.53,5,5,4,554,Champions,20,Low risk
CUS-05524,113,3,176.27,3,2,2,322,Potential Loyalists,18,Low risk
CUS-05525,41,6,954.88,5,4,5,545,High-Value Customers,13,Low risk
CUS-05526,68,7,794.26,4,4,5,445,High-Value Customers,13,Low risk
CUS-05527,103,5,589.06,3,3,4,334,Potential Loyalists,18,Low risk
CUS-05528,160,7,658.83,2,4,5,245,High-Value Customers,67,High risk
CUS-05529,9,2,125.49,5,1,1,511,Potential Loyalists,5,Low risk
CUS-05530,96,8,664.41,3,5,5,355,High-Value Customers,18,Low risk
CUS-05531,359,1,29.35,2,1,1,211,Hibernating,85,High risk
CUS-05532,18,2,131.57999999999998,5,1,1,511,Potential Loyalists,5,Low risk
CUS-05533,765,1,27.34,1,1,1,111,Hibernating,85,High risk
CUS-05534,182,6,613.95,2,4,4,244,At Risk,44,Medium risk
CUS-05535,102,2,116.9,3,2,1,321,Potential Loyalists,38,Medium risk
CUS-05536,195,7,313.86,2,4,3,243,At Risk,44,Medium risk
CUS-05537,63,9,626.17,4,5,4,454,Champions,5,Low risk
CUS-05538,145,12,1085.38,2,5,5,255,High-Value Customers,30,Low risk
CUS-05539,389,3,307.06,2,2,3,223,Hibernating,67,High risk
CUS-05540,45,8,821.53,5,5,5,555,High-Value Customers,5,Low risk
CUS-05541,101,2,180.92000000000002,3,2,2,322,Potential Loyalists,43,Medium risk
CUS-05542,225,6,478.74,2,4,4,244,At Risk,52,Medium risk
CUS-05543,70,4,353.77,4,3,3,433,Potential Loyalists,15,Low risk
CUS-05544,575,1,71.88,1,1,1,111,Hibernating,77,High risk
CUS-05545,117,5,365.67,3,3,3,333,Potential Loyalists,36,Medium risk
CUS-05546,143,5,325.47,2,3,3,233,Discount Seekers,53,Medium risk
CUS-05547,8,16,1661.5,5,5,5,555,High-Value Customers,20,Low risk
CUS-05548,91,2,262.52,3,2,3,323,Potential Loyalists,28,Low risk
CUS-05549,67,9,899.35,4,5,5,455,High-Value Customers,5,Low risk
CUS-05550,778,2,162.14,1,2,2,122,Hibernating,92,High risk
CUS-05551,73,3,218.35,4,2,2,422,Potential Loyalists,15,Low risk
CUS-05552,35,2,60.86,5,2,1,521,Potential Loyalists,5,Low risk
CUS-05553,50,7,791.74,4,4,5,445,High-Value Customers,20,Low risk
CUS-05554,78,5,671.67,4,3,5,435,Potential Loyalists,13,Low risk
CUS-05555,121,9,619.02,3,5,4,354,Loyal Customers,30,Low risk
CUS-05556,190,2,54.379999999999995,2,2,1,221,Hibernating,64,Medium risk
CUS-05557,134,5,301.01,3,3,3,333,Discount Seekers,38,Medium risk
CUS-05558,69,8,868.63,4,5,5,455,High-Value Customers,5,Low risk
CUS-05559,77,11,1286.24,4,5,5,455,High-Value Customers,5,Low risk
CUS-05560,485,5,128.88,1,3,1,131,At Risk,65,High risk
CUS-05561,279,13,994.08,2,5,5,255,High-Value Customers,57,Medium risk
CUS-05562,41,11,1153.83,5,5,5,555,High-Value Customers,5,Low risk
CUS-05563,35,1,73.54,5,1,1,511,Potential Loyalists,5,Low risk
CUS-05564,32,12,1305.81,5,5,5,555,High-Value Customers,5,Low risk
CUS-05565,82,5,303.8,3,3,3,333,Discount Seekers,13,Low risk
CUS-05566,390,3,226.14,2,2,2,222,Hibernating,67,High risk
CUS-05567,853,3,330.74,1,2,3,123,Hibernating,92,High risk
CUS-05568,71,9,1021.53,4,5,5,455,High-Value Customers,5,Low risk
CUS-05569,451,2,256.12,1,2,3,123,Hibernating,100,High risk
CUS-05570,241,6,684.46,2,4,5,245,High-Value Customers,65,High risk
CUS-05571,24,4,464.8,5,3,4,534,Potential Loyalists,20,Low risk
CUS-05572,48,10,1089.6,5,5,5,555,High-Value Customers,21,Low risk
CUS-05573,33,3,320.41999999999996,5,2,3,523,Potential Loyalists,20,Low risk
CUS-05574,792,1,22.76,1,1,1,111,Hibernating,85,High risk
CUS-05575,151,3,247.91,2,2,3,223,Hibernating,64,Medium risk
CUS-05576,148,11,1267.63,2,5,5,255,High-Value Customers,30,Low risk
CUS-05577,198,4,362.05,2,3,3,233,At Risk,44,Medium risk
CUS-05578,657,2,204.73000000000002,1,2,2,122,Hibernating,92,High risk
CUS-05579,35,5,431.65,5,3,4,534,Potential Loyalists,5,Low risk
CUS-05580,117,9,746.51,3,5,5,355,High-Value Customers,33,Low risk
CUS-05581,407,2,140.14999999999998,1,2,2,122,Hibernating,67,High risk
CUS-05582,69,10,1096.63,4,5,5,455,High-Value Customers,13,Low risk
CUS-05583,118,3,273.51,3,2,3,323,Potential Loyalists,33,Low risk
CUS-05584,722,5,391.5,1,3,3,133,At Risk,75,High risk
CUS-05585,67,11,800.86,4,5,5,455,High-Value Customers,13,Low risk
CUS-05586,38,25,2867.35,5,5,5,555,High-Value Customers,5,Low risk
CUS-05587,71,13,993.36,4,5,5,455,High-Value Customers,5,Low risk
CUS-05588,75,18,1502.97,4,5,5,455,High-Value Customers,21,Low risk
CUS-05589,198,6,350.47,2,4,3,243,At Risk,44,Medium risk
CUS-05590,414,2,142.8,1,2,2,122,Hibernating,82,High risk
CUS-05591,117,6,342.18,3,4,3,343,Loyal Customers,18,Low risk
CUS-05592,200,7,1054.66,2,4,5,245,High-Value Customers,44,Medium risk
CUS-05593,60,2,35.44,4,2,1,421,Potential Loyalists,5,Low risk
CUS-05594,48,2,158.2,5,2,2,522,Potential Loyalists,5,Low risk
CUS-05595,197,6,582.1800000000001,2,4,4,244,At Risk,44,Medium risk
CUS-05596,279,2,155.34,2,2,2,222,Hibernating,67,High risk
CUS-05597,45,16,1270.29,5,5,5,555,High-Value Customers,5,Low risk
CUS-05598,632,1,105.21,1,1,1,111,Hibernating,77,High risk
CUS-05599,53,1,26.93,4,1,1,411,Potential Loyalists,5,Low risk
CUS-05600,80,4,364.44,4,3,3,433,Potential Loyalists,20,Low risk
CUS-05601,80,7,489.52,4,4,4,444,Champions,20,Low risk
CUS-05602,10,6,461.33,5,4,4,544,Champions,20,Low risk
CUS-05603,67,2,220.08,4,2,2,422,Discount Seekers,45,Medium risk
CUS-05604,227,8,660.1899999999999,2,5,5,255,High-Value Customers,44,Medium risk
CUS-05605,719,2,162.48000000000002,1,2,2,122,Hibernating,85,High risk
CUS-05606,860,1,23.7,1,1,1,111,Hibernating,77,High risk
CUS-05607,50,3,248.54,4,2,3,423,Potential Loyalists,20,Low risk
CUS-05608,79,12,732.81,4,5,5,455,High-Value Customers,13,Low risk
CUS-05609,100,7,565.9399999999999,3,4,4,344,Loyal Customers,26,Low risk
CUS-05610,70,4,187.47,4,3,2,432,Potential Loyalists,5,Low risk
CUS-05611,161,4,401.11,2,3,4,234,At Risk,59,Medium risk
CUS-05612,43,2,107.75999999999999,5,2,1,521,Potential Loyalists,5,Low risk
CUS-05613,45,1,70.9,5,1,1,511,Potential Loyalists,5,Low risk
CUS-05614,572,4,357.99,1,3,3,133,At Risk,75,High risk
CUS-05615,18,12,823.26,5,5,5,555,High-Value Customers,5,Low risk
CUS-05616,79,2,241.17999999999998,4,2,2,422,Potential Loyalists,5,Low risk
CUS-05617,125,5,362.61,3,3,3,333,Discount Seekers,46,Medium risk
CUS-05618,26,11,1362.5,5,5,5,555,High-Value Customers,5,Low risk
CUS-05619,6,3,246.39000000000004,5,2,2,522,Potential Loyalists,5,Low risk
CUS-05620,926,2,117.95,1,2,1,121,Hibernating,100,High risk
CUS-05621,207,2,93.39,2,2,1,221,Hibernating,79,High risk
CUS-05622,413,5,303.39,1,3,3,133,At Risk,72,High risk
CUS-05623,770,4,215.12,1,3,2,132,At Risk,67,High risk
CUS-05624,141,9,982.28,2,5,5,255,High-Value Customers,30,Low risk
CUS-05625,130,8,766.95,3,5,5,355,High-Value Customers,30,Low risk
CUS-05626,127,10,749.04,3,5,5,355,High-Value Customers,60,Medium risk
CUS-05627,151,3,145.87,2,2,2,222,Hibernating,62,Medium risk
CUS-05628,47,1,25.25,5,1,1,511,Potential Loyalists,5,Low risk
CUS-05629,32,2,92.28,5,2,1,521,Potential Loyalists,20,Low risk
CUS-05630,6,2,66.43,5,2,1,521,Potential Loyalists,5,Low risk
CUS-05631,27,4,530.71,5,3,4,534,Potential Loyalists,5,Low risk
CUS-05632,23,9,707.51,5,5,5,555,High-Value Customers,13,Low risk
CUS-05633,707,1,51.0,1,1,1,111,Hibernating,85,High risk
CUS-05634,33,2,85.94,5,2,1,521,Potential Loyalists,5,Low risk
CUS-05635,51,1,169.85,4,1,2,412,Potential Loyalists,5,Low risk
CUS-05636,51,2,116.80000000000001,4,2,1,421,Potential Loyalists,15,Low risk
CUS-05637,142,10,1020.1,2,5,5,255,High-Value Customers,38,Medium risk
CUS-05638,827,2,70.13,1,2,1,121,Hibernating,77,High risk
CUS-05639,64,1,27.24,4,1,1,411,Potential Loyalists,5,Low risk
CUS-05640,113,10,515.68,3,5,4,354,Loyal Customers,18,Low risk
CUS-05641,377,4,565.1,2,3,4,234,At Risk,72,High risk
CUS-05642,118,4,793.95,3,3,5,335,Potential Loyalists,43,Medium risk
CUS-05643,81,5,175.91,4,3,2,432,Potential Loyalists,5,Low risk
CUS-05644,18,3,184.73999999999998,5,2,2,522,Potential Loyalists,5,Low risk
CUS-05645,29,3,265.52,5,2,3,523,Potential Loyalists,20,Low risk
CUS-05646,266,4,475.02000000000004,2,3,4,234,At Risk,67,High risk
CUS-05647,48,1,21.57,5,1,1,511,Potential Loyalists,5,Low risk
CUS-05648,274,3,216.79,2,2,2,222,Hibernating,57,Medium risk
CUS-05649,122,10,1040.54,3,5,5,355,High-Value Customers,30,Low risk
CUS-05650,85,11,1140.49,3,5,5,355,High-Value Customers,13,Low risk
CUS-05651,130,5,271.91,3,4,3,343,Loyal Customers,38,Medium risk
CUS-05652,308,4,350.93,2,3,3,233,At Risk,57,Medium risk
CUS-05653,482,4,351.4,1,3,3,133,At Risk,67,High risk
CUS-05654,511,5,493.05,1,4,4,144,At Risk,67,High risk
CUS-05655,179,11,901.49,2,5,5,255,High-Value Customers,60,Medium risk
CUS-05656,899,1,46.39,1,1,1,111,Hibernating,77,High risk
CUS-05657,91,11,908.35,3,5,5,355,High-Value Customers,26,Low risk
CUS-05658,668,6,492.59999999999997,1,4,4,144,At Risk,57,Medium risk
CUS-05659,67,1,24.38,4,1,1,411,Potential Loyalists,5,Low risk
CUS-05660,71,4,197.20999999999998,4,3,2,432,Potential Loyalists,5,Low risk
CUS-05661,80,6,302.85999999999996,4,4,3,443,Loyal Customers,13,Low risk
CUS-05662,127,4,157.68,3,3,2,332,Potential Loyalists,55,Medium risk
CUS-05663,126,3,162.05,3,2,2,322,Potential Loyalists,50,Medium risk
CUS-05664,42,2,120.6,5,2,1,521,Potential Loyalists,20,Low risk
CUS-05665,62,10,831.66,4,5,5,455,High-Value Customers,5,Low risk
CUS-05666,26,7,792.28,5,4,5,545,High-Value Customers,20,Low risk
CUS-05667,362,3,159.57999999999998,2,2,2,222,Hibernating,67,High risk
CUS-05668,638,4,162.33,1,3,2,132,At Risk,82,High risk
CUS-05669,57,1,97.64,4,1,1,411,Potential Loyalists,30,Low risk
CUS-05670,723,1,89.08,1,1,1,111,Hibernating,77,High risk
CUS-05671,47,3,293.79,5,2,3,523,Potential Loyalists,5,Low risk
CUS-05672,47,4,193.17000000000002,5,3,2,532,Potential Loyalists,23,Low risk
CUS-05673,471,3,133.28,1,2,2,122,Hibernating,82,High risk
CUS-05674,18,11,1856.19,5,5,5,555,High-Value Customers,20,Low risk
CUS-05675,244,7,996.0,2,4,5,245,High-Value Customers,72,High risk
CUS-05676,101,7,871.9,3,4,5,345,High-Value Customers,26,Low risk
CUS-05677,414,5,434.4,1,4,4,144,At Risk,80,High risk
CUS-05678,603,3,194.34,1,2,2,122,Hibernating,82,High risk
CUS-05679,158,4,478.42,2,3,4,234,At Risk,59,Medium risk
CUS-05680,673,4,203.28,1,3,2,132,At Risk,67,High risk
CUS-05681,131,4,201.42000000000002,3,3,2,332,Potential Loyalists,45,Medium risk
CUS-05682,51,9,739.19,4,5,5,455,High-Value Customers,20,Low risk
CUS-05683,157,4,311.37,2,3,3,233,At Risk,69,High risk
CUS-05684,113,4,484.53,3,3,4,334,Potential Loyalists,33,Low risk
CUS-05685,124,7,783.5,3,4,5,345,High-Value Customers,38,Medium risk
CUS-05686,339,2,168.35,2,2,2,222,Hibernating,67,High risk
CUS-05687,19,3,306.4,5,2,3,523,Potential Loyalists,5,Low risk
CUS-05688,33,3,179.81,5,2,2,522,Potential Loyalists,5,Low risk
CUS-05689,553,2,261.25,1,2,3,123,Hibernating,92,High risk
CUS-05690,53,11,1227.08,4,5,5,455,High-Value Customers,5,Low risk
CUS-05691,146,4,271.96,2,3,3,233,At Risk,55,Medium risk
CUS-05692,754,2,52.5,1,2,1,121,Hibernating,77,High risk
CUS-05693,36,7,470.94,5,4,4,544,Champions,21,Low risk
CUS-05694,58,5,408.22,4,4,4,444,Champions,5,Low risk
CUS-05695,74,16,1172.54,4,5,5,455,High-Value Customers,20,Low risk
CUS-05696,780,2,80.59,1,2,1,121,Hibernating,85,High risk
CUS-05697,64,12,936.03,4,5,5,455,High-Value Customers,13,Low risk
CUS-05698,430,5,282.08000000000004,1,4,3,143,At Risk,67,High risk
CUS-05699,93,10,1419.97,3,5,5,355,High-Value Customers,18,Low risk
CUS-05700,92,12,1162.66,3,5,5,355,High-Value Customers,18,Low risk
CUS-05701,263,5,311.18,2,4,3,243,At Risk,65,High risk
CUS-05702,70,16,1115.16,4,5,5,455,High-Value Customers,21,Low risk
CUS-05703,236,3,198.6,2,2,2,222,Hibernating,59,Medium risk
CUS-05704,61,5,597.2,4,4,4,444,Champions,13,Low risk
CUS-05705,573,4,213.27,1,3,2,132,At Risk,67,High risk
CUS-05706,33,5,342.61,5,4,3,543,Discount Seekers,20,Low risk
CUS-05707,92,3,241.56,3,2,2,322,Potential Loyalists,18,Low risk
CUS-05708,668,2,219.59,1,2,2,122,Hibernating,77,High risk
CUS-05709,49,6,351.71999999999997,4,4,3,443,Loyal Customers,5,Low risk
CUS-05710,298,3,87.83,2,2,1,221,Hibernating,67,High risk
CUS-05711,695,5,538.6700000000001,1,4,4,144,At Risk,67,High risk
CUS-05712,91,5,277.48,3,4,3,343,Loyal Customers,18,Low risk
CUS-05713,90,21,2526.79,3,5,5,355,High-Value Customers,13,Low risk
CUS-05714,40,1,82.97,5,1,1,511,Potential Loyalists,5,Low risk
CUS-05715,84,5,456.33,3,4,4,344,Loyal Customers,5,Low risk
CUS-05716,71,9,708.83,4,5,5,455,High-Value Customers,5,Low risk
CUS-05717,76,2,103.94,4,2,1,421,Potential Loyalists,5,Low risk
CUS-05718,36,8,406.04,5,5,4,554,Champions,5,Low risk
CUS-05719,788,1,103.6,1,1,1,111,Hibernating,77,High risk
CUS-05720,50,4,302.78,4,3,3,433,Potential Loyalists,5,Low risk
CUS-05721,99,1,58.12,3,1,1,311,Potential Loyalists,38,Medium risk
CUS-05722,533,2,105.16,1,2,1,121,Hibernating,77,High risk
CUS-05723,137,7,869.32,3,4,5,345,High-Value Customers,38,Medium risk
CUS-05724,420,1,65.74,1,1,1,111,Hibernating,77,High risk
CUS-05725,56,2,108.61000000000001,4,2,1,421,Potential Loyalists,5,Low risk
CUS-05726,85,2,64.98,3,2,1,321,Potential Loyalists,5,Low risk
CUS-05727,696,1,50.7,1,1,1,111,Hibernating,100,High risk
CUS-05728,554,2,122.63,1,2,1,121,Hibernating,85,High risk
CUS-05729,76,5,260.24,4,4,3,443,Discount Seekers,13,Low risk
CUS-05730,142,2,131.48000000000002,2,2,1,221,Hibernating,40,Medium risk
CUS-05731,311,4,334.52,2,3,3,233,At Risk,57,Medium risk
CUS-05732,1014,1,31.52,1,1,1,111,Hibernating,85,High risk
CUS-05733,311,3,316.15999999999997,2,2,3,223,Hibernating,57,Medium risk
CUS-05734,372,6,423.65,2,4,4,244,At Risk,65,High risk
CUS-05735,45,3,149.96,5,2,2,522,Potential Loyalists,5,Low risk
CUS-05736,675,2,100.02000000000001,1,2,1,121,Hibernating,100,High risk
CUS-05737,72,12,944.9,4,5,5,455,High-Value Customers,5,Low risk
CUS-05738,25,4,155.68,5,3,2,532,Potential Loyalists,20,Low risk
CUS-05739,53,11,895.19,4,5,5,455,High-Value Customers,5,Low risk
CUS-05740,217,5,726.47,2,4,5,245,High-Value Customers,54,Medium risk
CUS-05741,405,4,382.62,1,3,3,133,At Risk,57,Medium risk
CUS-05742,11,3,217.25,5,2,2,522,Potential Loyalists,5,Low risk
CUS-05743,545,4,150.37,1,3,2,132,At Risk,67,High risk
CUS-05744,48,8,538.11,5,5,4,554,Champions,13,Low risk
CUS-05745,559,2,71.63,1,2,1,121,Hibernating,77,High risk
CUS-05746,41,2,48.879999999999995,5,2,1,521,Potential Loyalists,20,Low risk
CUS-05747,82,11,1244.73,3,5,5,355,High-Value Customers,5,Low risk
CUS-05748,36,1,118.9,5,1,1,511,Potential Loyalists,5,Low risk
CUS-05749,735,3,102.95,1,2,1,121,Hibernating,67,High risk
CUS-05750,68,7,724.6800000000001,4,4,5,445,High-Value Customers,5,Low risk
CUS-05751,62,5,195.23999999999998,4,4,2,442,Loyal Customers,5,Low risk
CUS-05752,155,3,166.07999999999998,2,2,2,222,Hibernating,54,Medium risk
CUS-05753,84,9,890.9499999999999,3,5,5,355,High-Value Customers,5,Low risk
CUS-05754,32,1,232.12,5,1,2,512,Potential Loyalists,5,Low risk
CUS-05755,16,12,968.63,5,5,5,555,High-Value Customers,13,Low risk
CUS-05756,250,3,183.03,2,2,2,222,Hibernating,72,High risk
CUS-05757,55,9,635.27,4,5,4,454,Champions,20,Low risk
CUS-05758,90,4,293.8,3,3,3,333,Potential Loyalists,20,Low risk
CUS-05759,20,5,391.36,5,4,3,543,Loyal Customers,15,Low risk
CUS-05760,412,5,341.99,1,4,3,143,At Risk,57,Medium risk
CUS-05761,134,2,100.12,3,2,1,321,Discount Seekers,48,Medium risk
CUS-05762,40,2,64.03999999999999,5,2,1,521,Potential Loyalists,13,Low risk
CUS-05763,89,13,1014.61,3,5,5,355,High-Value Customers,5,Low risk
CUS-05764,183,1,76.68,2,1,1,211,Hibernating,54,Medium risk
CUS-05765,31,3,108.23,5,2,1,521,Potential Loyalists,5,Low risk
CUS-05766,19,12,1342.08,5,5,5,555,High-Value Customers,5,Low risk
CUS-05767,133,2,340.62,3,2,3,323,Potential Loyalists,48,Medium risk
CUS-05768,581,2,140.42,1,2,2,122,Hibernating,77,High risk
CUS-05769,526,1,121.37,1,1,1,111,Hibernating,77,High risk
CUS-05770,58,3,167.12,4,2,2,422,Potential Loyalists,20,Low risk
CUS-05771,599,2,189.98000000000002,1,2,2,122,Hibernating,77,High risk
CUS-05772,28,13,1158.18,5,5,5,555,High-Value Customers,5,Low risk
CUS-05773,26,6,699.41,5,4,5,545,High-Value Customers,5,Low risk
CUS-05774,29,5,465.37,5,4,4,544,Champions,5,Low risk
CUS-05775,288,3,157.26999999999998,2,2,2,222,Hibernating,67,High risk
CUS-05776,55,8,590.48,4,5,4,454,Champions,20,Low risk
CUS-05777,619,4,249.39,1,3,3,133,At Risk,82,High risk
CUS-05778,69,7,946.55,4,4,5,445,High-Value Customers,13,Low risk
CUS-05779,99,7,411.44,3,4,4,344,Discount Seekers,26,Low risk
CUS-05780,905,2,161.82999999999998,1,2,2,122,Hibernating,77,High risk
CUS-05781,36,11,1267.45,5,5,5,555,High-Value Customers,5,Low risk
CUS-05782,737,2,158.72,1,2,2,122,Hibernating,77,High risk
CUS-05783,168,2,150.15,2,2,2,222,Hibernating,54,Medium risk
CUS-05784,254,5,350.56000000000006,2,4,3,243,At Risk,57,Medium risk
CUS-05785,121,10,1115.79,3,5,5,355,High-Value Customers,30,Low risk
CUS-05786,140,9,850.3000000000001,2,5,5,255,High-Value Customers,45,Medium risk
CUS-05787,83,3,169.68,3,2,2,322,Potential Loyalists,15,Low risk
CUS-05788,37,10,889.22,5,5,5,555,High-Value Customers,5,Low risk
CUS-05789,96,4,424.13,3,3,4,334,Potential Loyalists,28,Low risk
CUS-05790,36,11,1201.1499999999999,5,5,5,555,High-Value Customers,20,Low risk
CUS-05791,227,5,207.03,2,4,2,242,At Risk,44,Medium risk
CUS-05792,255,5,354.47,2,4,3,243,At Risk,65,High risk
CUS-05793,90,4,193.20999999999998,3,3,2,332,Potential Loyalists,15,Low risk
CUS-05794,107,4,182.96,3,3,2,332,Potential Loyalists,18,Low risk
CUS-05795,151,6,396.22,2,4,3,243,At Risk,44,Medium risk
CUS-05796,18,19,1002.16,5,5,5,555,High-Value Customers,5,Low risk
CUS-05797,112,6,657.9100000000001,3,4,4,344,Loyal Customers,18,Low risk
CUS-05798,77,5,323.53,4,4,3,443,Loyal Customers,15,Low risk
CUS-05799,202,3,190.1,2,2,2,222,Hibernating,54,Medium risk
CUS-05800,57,6,357.44,4,4,3,443,Loyal Customers,5,Low risk
CUS-05801,39,6,298.83,5,4,3,543,Discount Seekers,21,Low risk
CUS-05802,42,9,1076.04,5,5,5,555,High-Value Customers,5,Low risk
CUS-05803,154,6,233.52,2,4,2,242,At Risk,52,Medium risk
CUS-05804,47,2,153.97,5,2,2,522,Potential Loyalists,5,Low risk
CUS-05805,77,10,558.64,4,5,4,454,Champions,5,Low risk
CUS-05806,27,5,145.38,5,4,2,542,Loyal Customers,5,Low risk
CUS-05807,12,17,1854.42,5,5,5,555,High-Value Customers,5,Low risk
CUS-05808,310,3,225.35999999999999,2,2,2,222,Hibernating,67,High risk
CUS-05809,73,1,118.42,4,1,1,411,Potential Loyalists,15,Low risk
CUS-05810,454,4,473.37,1,3,4,134,At Risk,67,High risk
CUS-05811,78,2,113.71000000000001,4,2,1,421,Potential Loyalists,5,Low risk
CUS-05812,49,1,58.96,4,1,1,411,Potential Loyalists,15,Low risk
CUS-05813,100,6,308.77,3,4,3,343,Loyal Customers,18,Low risk
CUS-05814,84,5,327.25,3,4,3,343,Loyal Customers,5,Low risk
CUS-05815,44,6,439.45000000000005,5,4,4,544,Champions,5,Low risk
CUS-05816,79,15,1549.4,4,5,5,455,High-Value Customers,5,Low risk
CUS-05817,374,7,659.93,2,4,5,245,High-Value Customers,57,Medium risk
CUS-05818,343,5,409.58,2,4,4,244,At Risk,57,Medium risk
CUS-05819,118,8,683.49,3,5,5,355,High-Value Customers,18,Low risk
CUS-05820,18,12,872.3,5,5,5,555,High-Value Customers,5,Low risk
CUS-05821,354,3,179.74,2,2,2,222,Hibernating,67,High risk
CUS-05822,57,6,610.51,4,4,4,444,Champions,5,Low risk
CUS-05823,653,1,62.38,1,1,1,111,Hibernating,85,High risk
CUS-05824,78,9,462.18,4,5,4,454,Champions,35,Medium risk
CUS-05825,92,7,1087.5,3,4,5,345,High-Value Customers,18,Low risk
CUS-05826,26,4,214.67000000000002,5,3,2,532,Potential Loyalists,5,Low risk
CUS-05827,63,15,1366.17,4,5,5,455,High-Value Customers,20,Low risk
CUS-05828,342,2,239.67,2,2,2,222,Hibernating,82,High risk
CUS-05829,308,7,509.66999999999996,2,4,4,244,At Risk,57,Medium risk
CUS-05830,472,9,804.05,1,5,5,155,High-Value Customers,57,Medium risk
CUS-05831,41,8,432.64,5,5,4,554,Champions,5,Low risk
CUS-05832,72,6,466.77,4,4,4,444,Champions,13,Low risk
CUS-05833,99,10,962.4300000000001,3,5,5,355,High-Value Customers,18,Low risk
CUS-05834,51,9,730.03,4,5,5,455,High-Value Customers,5,Low risk
CUS-05835,120,5,332.68,3,4,3,343,Loyal Customers,26,Low risk
CUS-05836,120,7,501.11,3,4,4,344,Discount Seekers,41,Medium risk
CUS-05837,17,15,1260.16,5,5,5,555,High-Value Customers,5,Low risk
CUS-05838,359,5,304.65999999999997,2,4,3,243,At Risk,57,Medium risk
CUS-05839,140,8,418.64,2,5,4,254,Discount Seekers,53,Medium risk
CUS-05840,33,6,447.32000000000005,5,4,4,544,Champions,20,Low risk
CUS-05841,150,1,89.05,2,1,1,211,Hibernating,30,Low risk
CUS-05842,353,3,360.03,2,2,3,223,Hibernating,57,Medium risk
CUS-05843,250,3,105.03999999999999,2,2,1,221,Hibernating,67,High risk
CUS-05844,53,3,341.44000000000005,4,2,3,423,Potential Loyalists,5,Low risk
CUS-05845,450,1,143.02,1,1,2,112,Hibernating,77,High risk
CUS-05846,506,3,158.43,1,2,2,122,Hibernating,67,High risk
CUS-05847,1000,2,121.78999999999999,1,2,1,121,Hibernating,85,High risk
CUS-05848,170,5,555.9,2,4,4,244,At Risk,54,Medium risk
CUS-05849,152,5,206.25,2,4,2,242,At Risk,44,Medium risk
CUS-05850,389,3,268.87,2,2,3,223,Hibernating,65,High risk
CUS-05851,340,5,495.73,2,4,4,244,At Risk,57,Medium risk
CUS-05852,355,8,817.02,2,5,5,255,High-Value Customers,57,Medium risk
CUS-05853,800,3,99.62,1,2,1,121,Hibernating,67,High risk
CUS-05854,419,1,73.59,1,1,1,111,Hibernating,77,High risk
CUS-05855,39,6,340.26,5,4,3,543,Discount Seekers,13,Low risk
CUS-05856,156,8,416.23,2,5,4,254,At Risk,44,Medium risk
CUS-05857,816,2,233.43,1,2,2,122,Hibernating,77,High risk
CUS-05858,14,3,200.55,5,2,2,522,Potential Loyalists,15,Low risk
CUS-05859,238,6,556.52,2,4,4,244,At Risk,44,Medium risk
CUS-05860,395,3,191.15,2,2,2,222,Hibernating,57,Medium risk
CUS-05861,572,1,59.28,1,1,1,111,Hibernating,100,High risk
CUS-05862,29,5,270.08,5,4,3,543,Loyal Customers,5,Low risk
CUS-05863,34,3,254.72,5,2,3,523,Potential Loyalists,5,Low risk
CUS-05864,211,3,174.21,2,2,2,222,Hibernating,69,High risk
CUS-05865,83,5,477.62,3,4,4,344,Loyal Customers,5,Low risk
CUS-05866,62,8,464.71,4,5,4,454,Champions,20,Low risk
CUS-05867,115,2,239.89999999999998,3,2,2,322,Discount Seekers,51,Medium risk
CUS-05868,155,4,230.54000000000002,2,3,2,232,At Risk,69,High risk
CUS-05869,177,6,660.21,2,4,5,245,High-Value Customers,54,Medium risk
CUS-05870,28,7,845.3399999999999,5,4,5,545,High-Value Customers,5,Low risk
CUS-05871,768,3,276.18,1,2,3,123,Hibernating,77,High risk
CUS-05872,25,2,327.55,5,2,3,523,Potential Loyalists,20,Low risk
CUS-05873,536,2,82.38,1,2,1,121,Hibernating,85,High risk
CUS-05874,333,6,519.33,2,4,4,244,At Risk,72,High risk
CUS-05875,520,2,219.57999999999998,1,2,2,122,Hibernating,67,High risk
CUS-05876,147,6,379.61,2,4,3,243,At Risk,46,Medium risk
CUS-05877,27,3,356.05,5,2,3,523,Potential Loyalists,5,Low risk
CUS-05878,44,9,760.69,5,5,5,555,High-Value Customers,5,Low risk
CUS-05879,227,8,744.38,2,5,5,255,High-Value Customers,59,Medium risk
CUS-05880,459,2,153.11,1,2,2,122,Hibernating,77,High risk
CUS-05881,33,2,82.50999999999999,5,2,1,521,Potential Loyalists,5,Low risk
CUS-05882,115,1,66.12,3,1,1,311,Potential Loyalists,28,Low risk
CUS-05883,303,1,75.81,2,1,1,211,Hibernating,85,High risk
CUS-05884,93,6,530.17,3,4,4,344,Loyal Customers,26,Low risk
CUS-05885,370,4,265.38,2,3,3,233,At Risk,72,High risk
CUS-05886,397,1,85.44,2,1,1,211,Hibernating,77,High risk
CUS-05887,503,2,122.0,1,2,1,121,Hibernating,75,High risk
CUS-05888,846,1,53.54,1,1,1,111,Hibernating,77,High risk
CUS-05889,61,7,867.98,4,4,5,445,High-Value Customers,28,Low risk
CUS-05890,394,5,611.67,2,4,4,244,At Risk,65,High risk
CUS-05891,89,7,769.64,3,4,5,345,High-Value Customers,5,Low risk
CUS-05892,99,8,715.7,3,5,5,355,High-Value Customers,18,Low risk
CUS-05893,520,2,135.92000000000002,1,2,2,122,Hibernating,82,High risk
CUS-05894,418,2,254.37,1,2,3,123,Hibernating,67,High risk
CUS-05895,74,3,164.19,4,2,2,422,Potential Loyalists,5,Low risk
CUS-05896,44,4,132.04,5,3,1,531,Potential Loyalists,5,Low risk
CUS-05897,61,1,22.25,4,1,1,411,Potential Loyalists,5,Low risk
CUS-05898,134,2,148.54,3,2,2,322,Potential Loyalists,45,Medium risk
CUS-05899,191,2,175.44,2,2,2,222,Hibernating,62,Medium risk
CUS-05900,159,3,84.8,2,2,1,221,Hibernating,54,Medium risk
CUS-05901,48,5,348.39,5,4,3,543,Loyal Customers,5,Low risk
CUS-05902,69,2,143.96,4,2,2,422,Potential Loyalists,20,Low risk
CUS-05903,101,2,144.3,3,2,2,322,Potential Loyalists,18,Low risk
CUS-05904,131,6,799.1,3,4,5,345,High-Value Customers,30,Low risk
CUS-05905,91,2,112.13,3,2,1,321,Potential Loyalists,18,Low risk
CUS-05906,26,1,48.35,5,1,1,511,Potential Loyalists,5,Low risk
CUS-05907,118,6,499.49,3,4,4,344,Loyal Customers,33,Low risk
CUS-05908,336,4,212.68,2,3,2,232,At Risk,57,Medium risk
CUS-05909,50,8,782.83,4,5,5,455,High-Value Customers,5,Low risk
CUS-05910,650,1,35.86,1,1,1,111,Hibernating,77,High risk
CUS-05911,77,3,292.59999999999997,4,2,3,423,Potential Loyalists,15,Low risk
CUS-05912,132,3,392.47,3,2,3,323,Potential Loyalists,40,Medium risk
CUS-05913,107,2,148.48,3,2,2,322,Potential Loyalists,38,Medium risk
CUS-05914,37,2,195.66,5,2,2,522,Potential Loyalists,5,Low risk
CUS-05915,96,9,590.5,3,5,4,354,Loyal Customers,18,Low risk
CUS-05916,609,2,153.7,1,2,2,122,Hibernating,77,High risk
CUS-05917,54,5,483.95,4,4,4,444,Champions,30,Low risk
CUS-05918,592,2,254.43,1,2,3,123,Hibernating,67,High risk
CUS-05919,608,3,226.89,1,2,2,122,Hibernating,92,High risk
CUS-05920,137,8,447.99,3,5,4,354,Loyal Customers,30,Low risk
CUS-05921,140,2,238.70999999999998,2,2,2,222,Hibernating,65,High risk
CUS-05922,66,3,260.81,4,2,3,423,Potential Loyalists,5,Low risk
CUS-05923,789,1,36.08,1,1,1,111,Hibernating,77,High risk
CUS-05924,81,4,202.15,4,3,2,432,Potential Loyalists,20,Low risk
CUS-05925,695,2,139.46,1,2,2,122,Hibernating,85,High risk
CUS-05926,554,2,248.62,1,2,3,123,Hibernating,92,High risk
CUS-05927,46,5,535.64,5,4,4,544,Champions,13,Low risk
CUS-05928,44,16,1923.08,5,5,5,555,High-Value Customers,5,Low risk
CUS-05929,85,10,652.13,3,5,4,354,Loyal Customers,5,Low risk
CUS-05930,240,4,211.85,2,3,2,232,At Risk,54,Medium risk
CUS-05931,174,4,262.55,2,3,3,233,At Risk,54,Medium risk
CUS-05932,314,5,434.9,2,4,4,244,At Risk,90,High risk
CUS-05933,4,2,459.02,5,2,4,524,Potential Loyalists,5,Low risk
CUS-05934,535,1,59.11,1,1,1,111,Hibernating,85,High risk
CUS-05935,57,9,667.15,4,5,5,455,High-Value Customers,28,Low risk
CUS-05936,742,1,49.08,1,1,1,111,Hibernating,77,High risk
CUS-05937,69,4,254.78,4,3,3,433,Potential Loyalists,5,Low risk
CUS-05938,128,12,761.91,3,5,5,355,High-Value Customers,53,Medium risk
CUS-05939,620,1,42.95,1,1,1,111,Hibernating,85,High risk
CUS-05940,559,2,75.8,1,2,1,121,Hibernating,85,High risk
CUS-05941,147,1,46.14,2,1,1,211,Hibernating,65,High risk
CUS-05942,611,3,381.75,1,2,3,123,Hibernating,92,High risk
CUS-05943,60,3,137.51,4,2,2,422,Potential Loyalists,5,Low risk
CUS-05944,27,6,367.99,5,4,3,543,Discount Seekers,13,Low risk
CUS-05945,100,2,55.31,3,2,1,321,Potential Loyalists,18,Low risk
CUS-05946,973,2,97.89000000000001,1,2,1,121,Hibernating,77,High risk
CUS-05947,48,14,1301.71,5,5,5,555,High-Value Customers,5,Low risk
CUS-05948,296,3,262.76,2,2,3,223,Hibernating,82,High risk
CUS-05949,29,2,80.08,5,2,1,521,Potential Loyalists,5,Low risk
CUS-05950,56,7,702.65,4,4,5,445,High-Value Customers,20,Low risk
CUS-05951,59,6,499.9,4,4,4,444,Champions,13,Low risk
CUS-05952,42,11,1296.43,5,5,5,555,High-Value Customers,5,Low risk
CUS-05953,594,2,84.88999999999999,1,2,1,121,Hibernating,77,High risk
CUS-05954,293,5,581.72,2,4,4,244,At Risk,67,High risk
CUS-05955,126,7,681.2,3,4,5,345,High-Value Customers,38,Medium risk
CUS-05956,29,8,469.24,5,5,4,554,Champions,5,Low risk
CUS-05957,46,13,1020.46,5,5,5,555,High-Value Customers,5,Low risk
CUS-05958,92,10,802.25,3,5,5,355,High-Value Customers,18,Low risk
CUS-05959,60,3,128.54,4,2,1,421,Potential Loyalists,5,Low risk
CUS-05960,90,7,753.9399999999999,3,4,5,345,High-Value Customers,5,Low risk
CUS-05961,19,15,2114.01,5,5,5,555,High-Value Customers,5,Low risk
CUS-05962,247,4,198.45000000000002,2,3,2,232,At Risk,57,Medium risk
CUS-05963,45,3,143.28,5,2,2,522,Potential Loyalists,5,Low risk
CUS-05964,142,5,312.19,2,4,3,243,At Risk,30,Low risk
CUS-05965,78,1,27.78,4,1,1,411,Potential Loyalists,5,Low risk
CUS-05966,667,5,328.15,1,4,3,143,At Risk,67,High risk
CUS-05967,132,5,555.3499999999999,3,4,4,344,Loyal Customers,30,Low risk
CUS-05968,369,2,270.7,2,2,3,223,Hibernating,77,High risk
CUS-05969,32,5,383.52000000000004,5,4,3,543,Loyal Customers,13,Low risk
CUS-05970,55,11,1046.4299999999998,4,5,5,455,High-Value Customers,5,Low risk
CUS-05971,45,4,275.51,5,3,3,533,Potential Loyalists,5,Low risk
CUS-05972,35,3,268.21,5,2,3,523,Potential Loyalists,25,Low risk
CUS-05973,102,8,652.06,3,5,4,354,Loyal Customers,33,Low risk
CUS-05974,137,7,618.63,3,4,4,344,Loyal Customers,38,Medium risk
CUS-05975,818,2,110.28999999999999,1,2,1,121,Hibernating,77,High risk
CUS-05976,86,9,1007.15,3,5,5,355,High-Value Customers,5,Low risk
CUS-05977,702,4,219.37,1,3,2,132,At Risk,67,High risk
CUS-05978,276,4,243.15999999999997,2,3,2,232,Discount Seekers,72,High risk
CUS-05979,54,4,273.15999999999997,4,3,3,433,Potential Loyalists,13,Low risk
CUS-05980,355,3,248.69,2,2,3,223,Hibernating,82,High risk
CUS-05981,100,5,324.47,3,4,3,343,Loyal Customers,36,Medium risk
CUS-05982,110,11,1361.8,3,5,5,355,High-Value Customers,33,Low risk
CUS-05983,37,6,517.32,5,4,4,544,Champions,5,Low risk
CUS-05984,95,7,773.08,3,4,5,345,High-Value Customers,18,Low risk
CUS-05985,135,7,637.58,3,4,4,344,Loyal Customers,30,Low risk
CUS-05986,119,9,318.72,3,5,3,353,Loyal Customers,18,Low risk
CUS-05987,228,6,485.06,2,4,4,244,At Risk,52,Medium risk
CUS-05988,19,4,150.6,5,3,2,532,Potential Loyalists,5,Low risk
CUS-05989,212,3,122.16999999999999,2,2,1,221,Hibernating,44,Medium risk
CUS-05990,40,14,1883.32,5,5,5,555,High-Value Customers,13,Low risk
CUS-05991,60,10,795.63,4,5,5,455,High-Value Customers,13,Low risk
CUS-05992,254,2,56.21,2,2,1,221,Hibernating,77,High risk
CUS-05993,56,3,284.61,4,2,3,423,Potential Loyalists,5,Low risk
CUS-05994,106,3,229.55,3,2,2,322,Potential Loyalists,28,Low risk
CUS-05995,220,1,51.57,2,1,1,211,Hibernating,64,Medium risk
CUS-05996,132,6,409.87,3,4,4,344,Discount Seekers,38,Medium risk
CUS-05997,45,9,630.11,5,5,4,554,Champions,5,Low risk
CUS-05998,315,3,231.49,2,2,2,222,Hibernating,82,High risk
CUS-05999,84,5,517.13,3,4,4,344,Loyal Customers,5,Low risk
CUS-06000,122,9,413.66,3,5,4,354,Loyal Customers,30,Low risk
CUS-06001,86,19,1665.5,3,5,5,355,High-Value Customers,5,Low risk
CUS-06002,308,2,273.94,2,2,3,223,Hibernating,67,High risk
CUS-06003,91,10,1003.13,3,5,5,355,High-Value Customers,18,Low risk
CUS-06004,128,9,509.0,3,5,4,354,Loyal Customers,45,Medium risk
CUS-06005,393,1,51.7,2,1,1,211,Hibernating,85,High risk
CUS-06006,378,1,94.86,2,1,1,211,Hibernating,77,High risk
CUS-06007,57,12,865.0699999999999,4,5,5,455,High-Value Customers,13,Low risk
CUS-06008,58,1,54.0,4,1,1,411,Potential Loyalists,5,Low risk
CUS-06009,486,2,194.11,1,2,2,122,Hibernating,75,High risk
CUS-06010,298,4,286.41999999999996,2,3,3,233,At Risk,57,Medium risk
CUS-06011,18,8,731.88,5,5,5,555,High-Value Customers,5,Low risk
CUS-06012,276,2,97.69,2,2,1,221,Hibernating,82,High risk
CUS-06013,33,3,172.66000000000003,5,2,2,522,Potential Loyalists,5,Low risk
CUS-06014,949,1,25.76,1,1,1,111,Hibernating,77,High risk
CUS-06015,65,1,58.76,4,1,1,411,Potential Loyalists,5,Low risk
CUS-06016,122,10,456.21,3,5,4,354,Loyal Customers,30,Low risk
CUS-06017,42,5,546.15,5,4,4,544,Champions,5,Low risk
CUS-06018,123,6,548.79,3,4,4,344,Loyal Customers,38,Medium risk
CUS-06019,132,10,1482.88,3,5,5,355,High-Value Customers,30,Low risk
CUS-06020,839,1,65.44,1,1,1,111,Hibernating,77,High risk
CUS-06021,105,4,269.33000000000004,3,3,3,333,Discount Seekers,36,Medium risk
CUS-06022,377,3,423.12,2,2,4,224,Hibernating,72,High risk
CUS-06023,123,7,620.62,3,4,4,344,Loyal Customers,38,Medium risk
CUS-06024,260,1,68.49,2,1,1,211,Hibernating,85,High risk
CUS-06025,593,1,59.59,1,1,1,111,Hibernating,77,High risk
CUS-06026,387,2,117.54,2,2,1,221,Hibernating,75,High risk
CUS-06027,326,3,244.23000000000002,2,2,2,222,Hibernating,67,High risk
CUS-06028,84,10,845.58,3,5,5,355,High-Value Customers,5,Low risk
CUS-06029,94,3,258.13,3,2,3,323,Potential Loyalists,28,Low risk
CUS-06030,17,3,88.44,5,2,1,521,Potential Loyalists,5,Low risk
CUS-06031,26,4,179.92,5,3,2,532,Potential Loyalists,20,Low risk
CUS-06032,106,5,307.29,3,4,3,343,Loyal Customers,26,Low risk
CUS-06033,786,2,154.3,1,2,2,122,Hibernating,77,High risk
CUS-06034,566,1,36.68,1,1,1,111,Hibernating,77,High risk
CUS-06035,87,12,1194.65,3,5,5,355,High-Value Customers,5,Low risk
CUS-06036,38,1,33.84,5,1,1,511,Potential Loyalists,5,Low risk
CUS-06037,86,4,248.95,3,3,3,333,Potential Loyalists,15,Low risk
CUS-06038,33,8,371.4,5,5,3,553,Loyal Customers,5,Low risk
CUS-06039,83,10,934.2,3,5,5,355,High-Value Customers,5,Low risk
CUS-06040,100,6,349.96000000000004,3,4,3,343,Loyal Customers,18,Low risk
CUS-06041,162,5,243.55,2,4,2,242,At Risk,44,Medium risk
CUS-06042,65,4,634.6,4,3,4,434,Potential Loyalists,5,Low risk
CUS-06043,14,14,1617.19,5,5,5,555,High-Value Customers,5,Low risk
CUS-06044,116,1,77.36,3,1,1,311,Potential Loyalists,38,Medium risk
CUS-06045,55,10,862.85,4,5,5,455,High-Value Customers,5,Low risk
CUS-06046,860,1,83.05,1,1,1,111,Hibernating,85,High risk
CUS-06047,115,1,77.11,3,1,1,311,Potential Loyalists,28,Low risk
CUS-06048,149,1,90.5,2,1,1,211,Hibernating,30,Low risk
CUS-06049,58,8,978.1999999999999,4,5,5,455,High-Value Customers,5,Low risk
CUS-06050,47,6,930.34,5,4,5,545,High-Value Customers,5,Low risk
CUS-06051,461,4,277.65999999999997,1,3,3,133,At Risk,82,High risk
CUS-06052,306,3,396.0,2,2,3,223,Hibernating,57,Medium risk
CUS-06053,8,4,378.93,5,3,3,533,Potential Loyalists,5,Low risk
CUS-06054,407,2,51.04,1,2,1,121,Hibernating,67,High risk
CUS-06055,78,7,386.38,4,4,3,443,Discount Seekers,13,Low risk
CUS-06056,46,4,217.47,5,3,2,532,Potential Loyalists,5,Low risk
CUS-06057,621,1,106.53,1,1,1,111,Hibernating,92,High risk
CUS-06058,283,6,464.15999999999997,2,4,4,244,At Risk,75,High risk
CUS-06059,674,7,504.4,1,4,4,144,At Risk,72,High risk
CUS-06060,162,1,24.52,2,1,1,211,Hibernating,54,Medium risk
CUS-06061,55,7,943.04,4,4,5,445,High-Value Customers,20,Low risk
CUS-06062,41,6,719.59,5,4,5,545,High-Value Customers,5,Low risk
CUS-06063,37,11,763.4,5,5,5,555,High-Value Customers,21,Low risk
CUS-06064,83,5,551.88,3,4,4,344,Loyal Customers,5,Low risk
CUS-06065,87,11,985.9499999999999,3,5,5,355,High-Value Customers,5,Low risk
CUS-06066,79,5,264.77,4,4,3,443,Loyal Customers,15,Low risk
CUS-06067,25,2,50.41,5,2,1,521,Potential Loyalists,20,Low risk
CUS-06068,121,7,580.64,3,4,4,344,Discount Seekers,46,Medium risk
CUS-06069,105,6,340.82,3,4,3,343,Loyal Customers,26,Low risk
CUS-06070,63,2,179.42,4,2,2,422,Potential Loyalists,5,Low risk
CUS-06071,429,2,141.20999999999998,1,2,2,122,Hibernating,82,High risk
CUS-06072,188,3,408.73,2,2,4,224,Hibernating,54,Medium risk
CUS-06073,36,2,306.69,5,2,3,523,Potential Loyalists,5,Low risk
CUS-06074,317,2,74.86,2,2,1,221,Hibernating,77,High risk
CUS-06075,681,1,26.38,1,1,1,111,Hibernating,77,High risk
CUS-06076,87,10,721.72,3,5,5,355,High-Value Customers,13,Low risk
CUS-06077,59,8,700.0400000000001,4,5,5,455,High-Value Customers,5,Low risk
CUS-06078,468,2,64.83,1,2,1,121,Hibernating,75,High risk
CUS-06079,91,17,1304.0,3,5,5,355,High-Value Customers,26,Low risk
CUS-06080,35,2,131.73000000000002,5,2,1,521,Potential Loyalists,5,Low risk
CUS-06081,623,2,171.95,1,2,2,122,Hibernating,85,High risk
CUS-06082,486,3,258.88,1,2,3,123,Hibernating,67,High risk
CUS-06083,22,11,1725.81,5,5,5,555,High-Value Customers,20,Low risk
CUS-06084,95,3,212.67000000000002,3,2,2,322,Potential Loyalists,36,Medium risk
CUS-06085,562,1,59.24,1,1,1,111,Hibernating,100,High risk
CUS-06086,100,5,468.06,3,4,4,344,Loyal Customers,26,Low risk
CUS-06087,750,3,90.54,1,2,1,121,Hibernating,77,High risk
CUS-06088,579,2,136.06,1,2,2,122,Hibernating,77,High risk
CUS-06089,499,4,397.45,1,3,3,133,At Risk,67,High risk
CUS-06090,72,2,152.24,4,2,2,422,Potential Loyalists,5,Low risk
CUS-06091,451,3,162.48000000000002,1,2,2,122,Hibernating,75,High risk
CUS-06092,26,11,1665.46,5,5,5,555,High-Value Customers,5,Low risk
CUS-06093,127,1,24.46,3,1,1,311,Potential Loyalists,40,Medium risk
CUS-06094,657,3,254.51,1,2,3,123,Hibernating,77,High risk
CUS-06095,634,2,96.25,1,2,1,121,Hibernating,92,High risk
CUS-06096,99,8,513.75,3,5,4,354,Discount Seekers,26,Low risk
CUS-06097,158,4,591.0899999999999,2,3,4,234,At Risk,54,Medium risk
CUS-06098,27,4,341.71000000000004,5,3,3,533,Potential Loyalists,20,Low risk
CUS-06099,155,4,349.2,2,3,3,233,At Risk,44,Medium risk
CUS-06100,533,2,297.46999999999997,1,2,3,123,Hibernating,82,High risk
CUS-06101,62,3,116.13,4,2,1,421,Potential Loyalists,5,Low risk
CUS-06102,8,3,382.89,5,2,3,523,Potential Loyalists,5,Low risk
CUS-06103,530,2,266.38,1,2,3,123,Hibernating,77,High risk
CUS-06104,76,10,642.31,4,5,4,454,Champions,13,Low risk
CUS-06105,505,2,91.52000000000001,1,2,1,121,Hibernating,77,High risk
CUS-06106,636,1,26.83,1,1,1,111,Hibernating,85,High risk
CUS-06107,45,7,240.38,5,4,2,542,Loyal Customers,5,Low risk
CUS-06108,7,6,613.63,5,4,4,544,Champions,13,Low risk
CUS-06109,19,11,794.64,5,5,5,555,High-Value Customers,5,Low risk
CUS-06110,70,2,254.45000000000002,4,2,3,423,Potential Loyalists,5,Low risk
CUS-06111,44,4,186.39,5,3,2,532,Potential Loyalists,5,Low risk
CUS-06112,622,3,499.77,1,2,4,124,Hibernating,67,High risk
CUS-06113,391,4,409.45,2,3,4,234,At Risk,67,High risk
CUS-06114,294,1,30.27,2,1,1,211,Hibernating,77,High risk
CUS-06115,70,7,935.0300000000001,4,4,5,445,High-Value Customers,20,Low risk
CUS-06116,56,8,653.14,4,5,4,454,Champions,5,Low risk
CUS-06117,129,9,779.6800000000001,3,5,5,355,High-Value Customers,45,Medium risk
CUS-06118,56,6,483.81,4,4,4,444,Champions,13,Low risk
CUS-06119,42,4,300.86,5,3,3,533,Potential Loyalists,20,Low risk
CUS-06120,73,8,715.99,4,5,5,455,High-Value Customers,5,Low risk
CUS-06121,47,3,237.28000000000003,5,2,2,522,Potential Loyalists,5,Low risk
CUS-06122,429,4,363.59000000000003,1,3,3,133,At Risk,67,High risk
CUS-06123,134,6,695.54,3,4,5,345,High-Value Customers,38,Medium risk
CUS-06124,60,10,806.7,4,5,5,455,High-Value Customers,13,Low risk
CUS-06125,62,5,591.93,4,4,4,444,Champions,5,Low risk
CUS-06126,39,7,532.5899999999999,5,4,4,544,Champions,20,Low risk
CUS-06127,97,9,812.95,3,5,5,355,High-Value Customers,33,Low risk
CUS-06128,49,9,643.8199999999999,4,5,4,454,Champions,5,Low risk
CUS-06129,377,3,273.36,2,2,3,223,Hibernating,67,High risk
CUS-06130,62,4,171.75,4,3,2,432,Potential Loyalists,5,Low risk
CUS-06131,222,3,325.07,2,2,3,223,Hibernating,44,Medium risk
CUS-06132,47,2,221.21999999999997,5,2,2,522,Potential Loyalists,5,Low risk
CUS-06133,83,2,162.61,3,2,2,322,Potential Loyalists,5,Low risk
CUS-06134,525,3,120.14,1,2,1,121,Hibernating,67,High risk
CUS-06135,39,11,1340.02,5,5,5,555,High-Value Customers,13,Low risk
CUS-06136,299,3,423.81,2,2,4,224,Hibernating,77,High risk
CUS-06137,133,4,372.96000000000004,3,3,3,333,Discount Seekers,38,Medium risk
CUS-06138,745,2,213.85000000000002,1,2,2,122,Hibernating,77,High risk
CUS-06139,562,2,206.59,1,2,2,122,Hibernating,77,High risk
CUS-06140,202,3,277.11,2,2,3,223,Hibernating,64,Medium risk
CUS-06141,186,3,126.82,2,2,1,221,Hibernating,44,Medium risk
CUS-06142,184,2,128.82,2,2,1,221,Hibernating,64,Medium risk
CUS-06143,186,3,371.53000000000003,2,2,3,223,Hibernating,59,Medium risk
CUS-06144,527,4,554.3199999999999,1,3,4,134,At Risk,82,High risk
CUS-06145,91,7,630.19,3,4,4,344,Loyal Customers,33,Low risk
CUS-06146,45,5,405.85,5,4,4,544,Champions,5,Low risk
CUS-06147,63,5,263.42,4,4,3,443,Loyal Customers,15,Low risk
CUS-06148,100,4,152.65,3,3,2,332,Potential Loyalists,43,Medium risk
CUS-06149,278,7,631.95,2,4,4,244,At Risk,65,High risk
CUS-06150,17,8,685.61,5,5,5,555,High-Value Customers,5,Low risk
CUS-06151,810,5,343.40999999999997,1,4,3,143,Discount Seekers,75,High risk
CUS-06152,573,5,321.81,1,4,3,143,At Risk,57,Medium risk
CUS-06153,488,5,257.29,1,4,3,143,At Risk,67,High risk
CUS-06154,515,3,333.06,1,2,3,123,Hibernating,82,High risk
CUS-06155,58,17,1359.78,4,5,5,455,High-Value Customers,5,Low risk
CUS-06156,274,4,438.01,2,3,4,234,At Risk,82,High risk
CUS-06157,409,1,66.45,1,1,1,111,Hibernating,85,High risk
CUS-06158,474,2,95.06,1,2,1,121,Hibernating,77,High risk
CUS-06159,25,8,907.0,5,5,5,555,High-Value Customers,5,Low risk
CUS-06160,147,9,401.11,2,5,4,254,At Risk,30,Low risk
CUS-06161,127,6,462.95000000000005,3,4,4,344,Loyal Customers,38,Medium risk
CUS-06162,147,1,84.24,2,1,1,211,Hibernating,40,Medium risk
CUS-06163,106,4,426.39,3,3,4,334,Potential Loyalists,18,Low risk
CUS-06164,464,8,938.63,1,5,5,155,High-Value Customers,57,Medium risk
CUS-06165,42,2,152.64999999999998,5,2,2,522,Potential Loyalists,15,Low risk
CUS-06166,62,16,1657.1,4,5,5,455,High-Value Customers,5,Low risk
CUS-06167,105,4,402.83,3,3,4,334,Potential Loyalists,18,Low risk
CUS-06168,133,3,391.59000000000003,3,2,3,323,Potential Loyalists,40,Medium risk
CUS-06169,257,3,868.9200000000001,2,2,5,225,Hibernating,67,High risk
CUS-06170,84,5,438.3,3,4,4,344,Loyal Customers,5,Low risk
CUS-06171,38,9,712.84,5,5,5,555,High-Value Customers,20,Low risk
CUS-06172,41,13,785.63,5,5,5,555,High-Value Customers,5,Low risk
CUS-06173,114,6,259.9,3,4,3,343,Loyal Customers,26,Low risk
CUS-06174,469,5,516.98,1,4,4,144,At Risk,65,High risk
CUS-06175,455,3,258.61,1,2,3,123,Hibernating,67,High risk
CUS-06176,241,2,107.61000000000001,2,2,1,221,Hibernating,67,High risk
CUS-06177,477,3,222.24,1,2,2,122,Hibernating,67,High risk
CUS-06178,35,2,152.59,5,2,2,522,Potential Loyalists,5,Low risk
CUS-06179,21,3,266.53999999999996,5,2,3,523,Discount Seekers,13,Low risk
CUS-06180,25,4,235.25,5,3,2,532,Potential Loyalists,5,Low risk
CUS-06181,319,4,402.99,2,3,4,234,At Risk,82,High risk
CUS-06182,393,4,434.41999999999996,2,3,4,234,At Risk,67,High risk
CUS-06183,645,2,210.70999999999998,1,2,2,122,Hibernating,77,High risk
CUS-06184,29,4,136.41,5,3,2,532,Potential Loyalists,5,Low risk
CUS-06185,310,6,845.26,2,4,5,245,High-Value Customers,65,High risk
CUS-06186,40,4,226.07,5,3,2,532,Discount Seekers,13,Low risk
CUS-06187,157,6,430.82,2,4,4,244,At Risk,62,Medium risk
CUS-06188,833,1,26.01,1,1,1,111,Hibernating,85,High risk
CUS-06189,307,8,740.83,2,5,5,255,High-Value Customers,72,High risk
CUS-06190,16,7,354.47,5,4,3,543,Loyal Customers,5,Low risk
CUS-06191,51,5,475.24,4,4,4,444,Champions,5,Low risk
CUS-06192,56,6,311.84,4,4,3,443,Discount Seekers,13,Low risk
CUS-06193,400,7,449.53,1,4,4,144,At Risk,72,High risk
CUS-06194,45,1,106.91,5,1,1,511,Potential Loyalists,5,Low risk
CUS-06195,28,7,574.71,5,4,4,544,Champions,13,Low risk
CUS-06196,18,5,401.34000000000003,5,4,4,544,Champions,5,Low risk
CUS-06197,304,1,76.42,2,1,1,211,Hibernating,92,High risk
CUS-06198,639,3,174.85,1,2,2,122,Hibernating,75,High risk
CUS-06199,105,8,1109.48,3,5,5,355,High-Value Customers,18,Low risk
CUS-06200,344,2,95.0,2,2,1,221,Hibernating,85,High risk
CUS-06201,478,1,26.16,1,1,1,111,Hibernating,77,High risk
CUS-06202,49,1,88.24,4,1,1,411,Potential Loyalists,5,Low risk
CUS-06203,81,23,2496.6,4,5,5,455,High-Value Customers,13,Low risk
CUS-06204,20,2,157.43,5,2,2,522,Potential Loyalists,5,Low risk
CUS-06205,34,14,1263.71,5,5,5,555,High-Value Customers,13,Low risk
CUS-06206,234,4,287.32,2,3,3,233,At Risk,69,High risk
CUS-06207,295,4,537.41,2,3,4,234,At Risk,57,Medium risk
CUS-06208,42,3,296.91,5,2,3,523,Potential Loyalists,5,Low risk
CUS-06209,291,2,178.41,2,2,2,222,Hibernating,67,High risk
CUS-06210,68,4,296.33000000000004,4,3,3,433,Discount Seekers,13,Low risk
CUS-06211,81,5,413.16999999999996,4,4,4,444,Champions,13,Low risk
CUS-06212,96,8,796.0,3,5,5,355,High-Value Customers,33,Low risk
CUS-06213,20,4,391.3,5,3,3,533,Potential Loyalists,5,Low risk
CUS-06214,352,3,386.75,2,2,3,223,Hibernating,82,High risk
CUS-06215,679,4,189.54,1,3,2,132,At Risk,67,High risk
CUS-06216,209,4,288.06,2,3,3,233,At Risk,69,High risk
CUS-06217,807,2,325.11,1,2,3,123,Hibernating,92,High risk
CUS-06218,255,3,193.47,2,2,2,222,Hibernating,57,Medium risk
CUS-06219,653,2,115.03,1,2,1,121,Hibernating,92,High risk
CUS-06220,696,1,52.22,1,1,1,111,Hibernating,85,High risk
CUS-06221,123,8,617.55,3,5,4,354,Loyal Customers,45,Medium risk
CUS-06222,25,7,612.2,5,4,4,544,Champions,20,Low risk
CUS-06223,47,6,575.6700000000001,5,4,4,544,Champions,5,Low risk
CUS-06224,79,4,179.45999999999998,4,3,2,432,Discount Seekers,13,Low risk
CUS-06225,86,6,325.7,3,4,3,343,Discount Seekers,21,Low risk
CUS-06226,770,2,95.44,1,2,1,121,Hibernating,100,High risk
CUS-06227,92,9,483.49,3,5,4,354,Loyal Customers,33,Low risk
CUS-06228,18,2,150.73,5,2,2,522,Potential Loyalists,5,Low risk
CUS-06229,114,11,950.78,3,5,5,355,High-Value Customers,18,Low risk
CUS-06230,51,3,124.35000000000001,4,2,1,421,Potential Loyalists,5,Low risk
CUS-06231,34,5,652.31,5,4,4,544,Champions,5,Low risk
CUS-06232,591,2,136.7,1,2,2,122,Hibernating,90,High risk
CUS-06233,222,4,467.38,2,3,4,234,At Risk,54,Medium risk
CUS-06234,445,2,229.57,1,2,2,122,Hibernating,77,High risk
CUS-06235,91,10,803.4,3,5,5,355,High-Value Customers,26,Low risk
CUS-06236,585,2,164.09,1,2,2,122,Hibernating,85,High risk
CUS-06237,89,13,1256.56,3,5,5,355,High-Value Customers,5,Low risk
CUS-06238,91,7,557.22,3,4,4,344,Discount Seekers,33,Low risk
CUS-06239,602,2,155.16,1,2,2,122,Hibernating,77,High risk
CUS-06240,27,1,48.27,5,1,1,511,Potential Loyalists,5,Low risk
CUS-06241,272,2,278.96,2,2,3,223,Hibernating,67,High risk
CUS-06242,201,5,528.81,2,4,4,244,Discount Seekers,74,High risk
CUS-06243,64,1,116.89,4,1,1,411,Potential Loyalists,20,Low risk
CUS-06244,56,2,97.47999999999999,4,2,1,421,Potential Loyalists,5,Low risk
CUS-06245,45,3,233.16,5,2,2,522,Potential Loyalists,5,Low risk
CUS-06246,35,9,1016.26,5,5,5,555,High-Value Customers,5,Low risk
CUS-06247,717,1,45.2,1,1,1,111,Hibernating,77,High risk
CUS-06248,26,3,306.46,5,2,3,523,Potential Loyalists,30,Low risk
CUS-06249,79,6,331.27,4,4,3,443,Loyal Customers,5,Low risk
CUS-06250,166,2,93.23,2,2,1,221,Hibernating,54,Medium risk
CUS-06251,103,4,197.28,3,3,2,332,Potential Loyalists,33,Low risk
CUS-06252,167,2,112.53,2,2,1,221,Hibernating,59,Medium risk
CUS-06253,831,3,164.03,1,2,2,122,Hibernating,77,High risk
CUS-06254,155,4,327.11,2,3,3,233,At Risk,54,Medium risk
CUS-06255,67,10,1116.5,4,5,5,455,High-Value Customers,5,Low risk
CUS-06256,86,4,179.93,3,3,2,332,Discount Seekers,28,Low risk
CUS-06257,118,8,616.88,3,5,4,354,Loyal Customers,18,Low risk
CUS-06258,19,2,41.42,5,2,1,521,Potential Loyalists,5,Low risk
CUS-06259,80,4,229.66,4,3,2,432,Potential Loyalists,20,Low risk
CUS-06260,189,6,955.69,2,4,5,245,High-Value Customers,44,Medium risk
CUS-06261,33,9,819.13,5,5,5,555,High-Value Customers,20,Low risk
CUS-06262,344,2,146.81,2,2,2,222,Hibernating,67,High risk
CUS-06263,32,2,98.56,5,2,1,521,Discount Seekers,20,Low risk
CUS-06264,513,1,126.17,1,1,1,111,Hibernating,85,High risk
CUS-06265,74,4,134.43,4,3,2,432,Potential Loyalists,20,Low risk
CUS-06266,87,18,1793.96,3,5,5,355,High-Value Customers,13,Low risk
CUS-06267,23,2,220.92000000000002,5,2,2,522,Potential Loyalists,5,Low risk
CUS-06268,67,3,232.33999999999997,4,2,2,422,Potential Loyalists,5,Low risk
CUS-06269,37,4,300.61,5,3,3,533,Potential Loyalists,5,Low risk
CUS-06270,91,3,209.07999999999998,3,2,2,322,Potential Loyalists,28,Low risk
CUS-06271,76,11,797.85,4,5,5,455,High-Value Customers,28,Low risk
CUS-06272,39,13,870.26,5,5,5,555,High-Value Customers,5,Low risk
CUS-06273,362,3,357.57,2,2,3,223,Hibernating,82,High risk
CUS-06274,104,5,516.71,3,4,4,344,Loyal Customers,18,Low risk
CUS-06275,54,8,758.8,4,5,5,455,High-Value Customers,13,Low risk
CUS-06276,860,1,47.27,1,1,1,111,Hibernating,85,High risk
CUS-06277,43,1,196.7,5,1,2,512,Potential Loyalists,20,Low risk
CUS-06278,85,7,518.11,3,4,4,344,Loyal Customers,5,Low risk
CUS-06279,262,6,455.93,2,4,4,244,Discount Seekers,65,High risk
CUS-06280,35,1,25.3,5,1,1,511,Potential Loyalists,15,Low risk
CUS-06281,292,4,519.62,2,3,4,234,At Risk,72,High risk
CUS-06282,159,6,433.86,2,4,4,244,Discount Seekers,52,Medium risk
CUS-06283,64,19,2638.69,4,5,5,455,High-Value Customers,20,Low risk
CUS-06284,44,3,134.95999999999998,5,2,2,522,Potential Loyalists,5,Low risk
CUS-06285,54,2,47.94,4,2,1,421,Potential Loyalists,5,Low risk
CUS-06286,367,7,674.78,2,4,5,245,High-Value Customers,65,High risk
CUS-06287,44,2,143.17000000000002,5,2,2,522,Potential Loyalists,5,Low risk
CUS-06288,85,7,740.97,3,4,5,345,High-Value Customers,20,Low risk
CUS-06289,123,2,190.99,3,2,2,322,Potential Loyalists,50,Medium risk
CUS-06290,145,7,468.90000000000003,2,4,4,244,At Risk,30,Low risk
CUS-06291,92,4,338.54999999999995,3,3,3,333,Potential Loyalists,28,Low risk
CUS-06292,32,6,342.54,5,4,3,543,Loyal Customers,5,Low risk
CUS-06293,43,4,210.46,5,3,2,532,Potential Loyalists,5,Low risk
CUS-06294,39,2,126.91,5,2,1,521,Potential Loyalists,5,Low risk
CUS-06295,183,5,270.7,2,4,3,243,At Risk,44,Medium risk
CUS-06296,394,5,520.8000000000001,2,4,4,244,At Risk,67,High risk
CUS-06297,67,5,456.26,4,4,4,444,Champions,23,Low risk
CUS-06298,183,9,361.66999999999996,2,5,3,253,At Risk,44,Medium risk
CUS-06299,504,5,341.95,1,4,3,143,At Risk,65,High risk
CUS-06300,23,2,53.33,5,2,1,521,Potential Loyalists,5,Low risk
CUS-06301,620,3,386.21,1,2,3,123,Hibernating,82,High risk
CUS-06302,23,6,363.33,5,4,3,543,Loyal Customers,28,Low risk
CUS-06303,552,1,48.61,1,1,1,111,Hibernating,85,High risk
CUS-06304,150,8,765.95,2,5,5,255,High-Value Customers,30,Low risk
CUS-06305,23,16,1942.18,5,5,5,555,High-Value Customers,5,Low risk
CUS-06306,45,2,156.5,5,2,2,522,Potential Loyalists,40,Medium risk
CUS-06307,399,1,48.92,1,1,1,111,Hibernating,85,High risk
CUS-06308,190,8,728.31,2,5,5,255,High-Value Customers,52,Medium risk
CUS-06309,63,9,686.98,4,5,5,455,High-Value Customers,13,Low risk
CUS-06310,146,4,300.51,2,3,3,233,At Risk,55,Medium risk
CUS-06311,90,5,314.38,3,4,3,343,Discount Seekers,31,Low risk
CUS-06312,53,2,108.2,4,2,1,421,Potential Loyalists,5,Low risk
CUS-06313,430,3,88.32000000000001,1,2,1,121,Hibernating,75,High risk
CUS-06314,44,2,99.87,5,2,1,521,Potential Loyalists,5,Low risk
CUS-06315,262,5,287.18,2,4,3,243,At Risk,72,High risk
CUS-06316,79,11,1167.58,4,5,5,455,High-Value Customers,5,Low risk
CUS-06317,29,13,1312.81,5,5,5,555,High-Value Customers,20,Low risk
CUS-06318,60,2,73.86,4,2,1,421,Potential Loyalists,5,Low risk
CUS-06319,30,3,157.03,5,2,2,522,Potential Loyalists,5,Low risk
CUS-06320,128,2,274.67,3,2,3,323,Potential Loyalists,65,High risk
CUS-06321,467,1,63.52,1,1,1,111,Hibernating,77,High risk
CUS-06322,69,4,202.76999999999998,4,3,2,432,Potential Loyalists,5,Low risk
CUS-06323,24,8,1082.99,5,5,5,555,High-Value Customers,5,Low risk
CUS-06324,163,3,295.11,2,2,3,223,Hibernating,54,Medium risk
CUS-06325,501,1,53.5,1,1,1,111,Hibernating,77,High risk
CUS-06326,34,4,307.24,5,3,3,533,Potential Loyalists,5,Low risk
CUS-06327,118,5,419.35,3,4,4,344,Loyal Customers,18,Low risk
CUS-06328,77,9,814.36,4,5,5,455,High-Value Customers,5,Low risk
CUS-06329,89,9,993.25,3,5,5,355,High-Value Customers,5,Low risk
CUS-06330,215,5,473.19,2,4,4,244,At Risk,52,Medium risk
CUS-06331,75,7,573.49,4,4,4,444,Champions,5,Low risk
CUS-06332,79,8,501.14,4,5,4,454,Champions,5,Low risk
CUS-06333,837,2,59.33,1,2,1,121,Hibernating,77,High risk
CUS-06334,10,10,883.8,5,5,5,555,High-Value Customers,21,Low risk
CUS-06335,54,8,675.33,4,5,5,455,High-Value Customers,28,Low risk
CUS-06336,633,2,162.20999999999998,1,2,2,122,Hibernating,77,High risk
CUS-06337,199,2,61.67,2,2,1,221,Hibernating,64,Medium risk
CUS-06338,92,7,911.1400000000001,3,4,5,345,High-Value Customers,18,Low risk
CUS-06339,724,1,21.39,1,1,1,111,Hibernating,85,High risk
CUS-06340,68,1,47.45,4,1,1,411,Potential Loyalists,5,Low risk
CUS-06341,102,11,1016.89,3,5,5,355,High-Value Customers,33,Low risk
CUS-06342,132,5,269.04,3,4,3,343,Loyal Customers,30,Low risk
CUS-06343,45,2,190.84,5,2,2,522,Potential Loyalists,5,Low risk
CUS-06344,74,2,174.97,4,2,2,422,Potential Loyalists,5,Low risk
CUS-06345,59,14,1511.88,4,5,5,455,High-Value Customers,13,Low risk
CUS-06346,57,8,680.71,4,5,5,455,High-Value Customers,5,Low risk
CUS-06347,14,4,147.71,5,3,2,532,Potential Loyalists,5,Low risk
CUS-06348,499,5,347.24,1,4,3,143,At Risk,67,High risk
CUS-06349,225,5,395.85,2,4,3,243,At Risk,69,High risk
CUS-06350,654,2,113.96000000000001,1,2,1,121,Hibernating,77,High risk
CUS-06351,687,1,32.83,1,1,1,111,Hibernating,77,High risk
CUS-06352,26,20,2789.25,5,5,5,555,High-Value Customers,5,Low risk
CUS-06353,240,3,187.04000000000002,2,2,2,222,Hibernating,59,Medium risk
CUS-06354,333,4,366.84,2,3,3,233,At Risk,72,High risk
CUS-06355,58,5,303.15999999999997,4,4,3,443,Discount Seekers,21,Low risk
CUS-06356,169,5,336.76,2,4,3,243,At Risk,44,Medium risk
CUS-06357,45,8,609.6899999999999,5,5,4,554,Champions,5,Low risk
CUS-06358,64,2,103.55,4,2,1,421,Potential Loyalists,5,Low risk
CUS-06359,18,14,2131.44,5,5,5,555,High-Value Customers,13,Low risk
CUS-06360,102,3,172.14999999999998,3,2,2,322,Potential Loyalists,18,Low risk
CUS-06361,102,8,767.8,3,5,5,355,High-Value Customers,18,Low risk
CUS-06362,111,5,371.62,3,4,3,343,Loyal Customers,28,Low risk
CUS-06363,49,1,85.97,4,1,1,411,Potential Loyalists,5,Low risk
CUS-06364,854,1,27.72,1,1,1,111,Hibernating,77,High risk
CUS-06365,153,8,562.5600000000001,2,5,4,254,At Risk,59,Medium risk
CUS-06366,90,4,463.4,3,3,4,334,Potential Loyalists,30,Low risk
CUS-06367,86,6,506.34,3,4,4,344,Loyal Customers,5,Low risk
CUS-06368,266,5,371.55,2,4,3,243,At Risk,57,Medium risk
CUS-06369,305,3,227.39999999999998,2,2,2,222,Hibernating,67,High risk
CUS-06370,221,3,229.85,2,2,2,222,Hibernating,69,High risk
CUS-06371,652,2,146.95999999999998,1,2,2,122,Hibernating,77,High risk
CUS-06372,671,4,163.09,1,3,2,132,At Risk,67,High risk
CUS-06373,126,10,922.64,3,5,5,355,High-Value Customers,30,Low risk
CUS-06374,101,13,2054.24,3,5,5,355,High-Value Customers,18,Low risk
CUS-06375,46,5,321.48,5,4,3,543,Loyal Customers,5,Low risk
CUS-06376,116,8,679.84,3,5,5,355,High-Value Customers,18,Low risk
CUS-06377,128,2,232.68,3,2,2,322,Potential Loyalists,40,Medium risk
CUS-06378,316,3,197.63,2,2,2,222,Hibernating,82,High risk
CUS-06379,67,10,881.5699999999999,4,5,5,455,High-Value Customers,21,Low risk
CUS-06380,53,7,390.05,4,4,3,443,Loyal Customers,21,Low risk
CUS-06381,379,1,49.36,2,1,1,211,Hibernating,85,High risk
CUS-06382,458,2,225.41,1,2,2,122,Hibernating,67,High risk
CUS-06383,115,4,340.57,3,3,3,333,Potential Loyalists,43,Medium risk
CUS-06384,226,10,984.98,2,5,5,255,High-Value Customers,44,Medium risk
CUS-06385,360,2,104.53,2,2,1,221,Hibernating,75,High risk
CUS-06386,270,3,324.12,2,2,3,223,Hibernating,67,High risk
CUS-06387,142,4,121.22,2,3,1,231,At Risk,45,Medium risk
CUS-06388,34,3,218.08,5,2,2,522,Potential Loyalists,5,Low risk
CUS-06389,63,3,296.41999999999996,4,2,3,423,Potential Loyalists,5,Low risk
CUS-06390,93,3,178.41,3,2,2,322,Potential Loyalists,28,Low risk
CUS-06391,201,3,247.57999999999998,2,2,2,222,Hibernating,44,Medium risk
CUS-06392,57,7,342.4,4,4,3,443,Loyal Customers,5,Low risk
CUS-06393,645,2,180.52,1,2,2,122,Hibernating,85,High risk
CUS-06394,24,11,1634.84,5,5,5,555,High-Value Customers,13,Low risk
CUS-06395,14,2,43.870000000000005,5,2,1,521,Potential Loyalists,5,Low risk
CUS-06396,712,1,151.64,1,1,2,112,Hibernating,77,High risk
CUS-06397,609,2,151.46,1,2,2,122,Hibernating,77,High risk
CUS-06398,110,7,602.04,3,4,4,344,Loyal Customers,18,Low risk
CUS-06399,436,4,308.58,1,3,3,133,At Risk,67,High risk
CUS-06400,29,6,557.43,5,4,4,544,Champions,13,Low risk
CUS-06401,42,3,224.18,5,2,2,522,Potential Loyalists,5,Low risk
CUS-06402,57,12,1378.26,4,5,5,455,High-Value Customers,20,Low risk
CUS-06403,115,6,522.31,3,4,4,344,Loyal Customers,34,Low risk
CUS-06404,27,6,807.72,5,4,5,545,High-Value Customers,13,Low risk
CUS-06405,74,30,4156.87,4,5,5,455,High-Value Customers,5,Low risk
CUS-06406,215,3,425.77,2,2,4,224,Hibernating,79,High risk
CUS-06407,70,6,512.22,4,4,4,444,Champions,13,Low risk
CUS-06408,607,3,129.85,1,2,1,121,Hibernating,67,High risk
CUS-06409,528,5,354.90999999999997,1,4,3,143,At Risk,57,Medium risk
CUS-06410,172,3,141.8,2,2,2,222,Hibernating,54,Medium risk
CUS-06411,688,1,88.79,1,1,1,111,Hibernating,85,High risk
CUS-06412,111,6,274.53000000000003,3,4,3,343,Loyal Customers,18,Low risk
CUS-06413,22,2,93.87,5,2,1,521,Potential Loyalists,5,Low risk
CUS-06414,341,3,244.14999999999998,2,2,2,222,Hibernating,82,High risk
CUS-06415,40,1,61.05,5,1,1,511,Potential Loyalists,5,Low risk
CUS-06416,91,2,65.49000000000001,3,2,1,321,Potential Loyalists,18,Low risk
CUS-06417,513,2,81.09,1,2,1,121,Hibernating,77,High risk
CUS-06418,35,4,186.20999999999998,5,3,2,532,Potential Loyalists,5,Low risk
CUS-06419,226,4,339.33,2,3,3,233,Discount Seekers,62,Medium risk
CUS-06420,61,3,433.66999999999996,4,2,4,424,Potential Loyalists,5,Low risk
CUS-06421,74,11,845.3199999999999,4,5,5,455,High-Value Customers,28,Low risk
CUS-06422,70,2,187.1,4,2,2,422,Potential Loyalists,5,Low risk
CUS-06423,738,2,97.88,1,2,1,121,Hibernating,77,High risk
CUS-06424,376,3,257.55,2,2,3,223,Hibernating,77,High risk
CUS-06425,667,1,67.89,1,1,1,111,Hibernating,77,High risk
CUS-06426,311,4,271.14000000000004,2,3,3,233,At Risk,67,High risk
CUS-06427,164,7,836.0899999999999,2,4,5,245,High-Value Customers,59,Medium risk
CUS-06428,57,17,1710.41,4,5,5,455,High-Value Customers,20,Low risk
CUS-06429,36,10,667.5600000000001,5,5,5,555,High-Value Customers,5,Low risk
CUS-06430,42,6,418.81,5,4,4,544,Champions,21,Low risk
CUS-06431,34,10,913.04,5,5,5,555,High-Value Customers,5,Low risk
CUS-06432,498,1,66.26,1,1,1,111,Hibernating,85,High risk
CUS-06433,156,11,521.98,2,5,4,254,At Risk,44,Medium risk
CUS-06434,115,2,135.43,3,2,2,322,Discount Seekers,46,Medium risk
CUS-06435,346,3,81.39,2,2,1,221,Hibernating,57,Medium risk
CUS-06436,213,5,242.26999999999998,2,4,2,242,At Risk,52,Medium risk
CUS-06437,20,3,335.99,5,2,3,523,Potential Loyalists,5,Low risk
CUS-06438,588,3,404.66,1,2,4,124,Hibernating,67,High risk
CUS-06439,45,13,1458.31,5,5,5,555,High-Value Customers,5,Low risk
CUS-06440,27,2,132.35,5,2,2,522,Potential Loyalists,20,Low risk
CUS-06441,731,1,91.26,1,1,1,111,Hibernating,77,High risk
CUS-06442,164,7,547.97,2,4,4,244,At Risk,52,Medium risk
CUS-06443,94,1,47.45,3,1,1,311,Potential Loyalists,28,Low risk
CUS-06444,14,5,443.13,5,4,4,544,Champions,5,Low risk
CUS-06445,915,1,143.27,1,1,2,112,Hibernating,85,High risk
CUS-06446,108,6,558.91,3,4,4,344,Loyal Customers,26,Low risk
CUS-06447,13,5,372.54999999999995,5,4,3,543,Discount Seekers,28,Low risk
CUS-06448,619,2,332.93,1,2,3,123,Hibernating,77,High risk
CUS-06449,658,4,440.80999999999995,1,3,4,134,At Risk,67,High risk
CUS-06450,398,3,207.45,2,2,2,222,Hibernating,77,High risk
CUS-06451,52,3,119.1,4,2,1,421,Potential Loyalists,5,Low risk
CUS-06452,118,7,432.24,3,4,4,344,Loyal Customers,33,Low risk
CUS-06453,815,2,126.83,1,2,1,121,Hibernating,77,High risk
CUS-06454,528,1,80.33,1,1,1,111,Hibernating,77,High risk
CUS-06455,26,2,180.76999999999998,5,2,2,522,Potential Loyalists,5,Low risk
CUS-06456,140,2,108.97,2,2,1,221,Hibernating,55,Medium risk
CUS-06457,533,1,53.52,1,1,1,111,Hibernating,85,High risk
CUS-06458,165,6,513.6,2,4,4,244,At Risk,52,Medium risk
CUS-06459,84,12,1663.5900000000001,3,5,5,355,High-Value Customers,5,Low risk
CUS-06460,164,10,1124.9099999999999,2,5,5,255,High-Value Customers,44,Medium risk
CUS-06461,156,4,401.51,2,3,4,234,At Risk,44,Medium risk
CUS-06462,35,3,135.01,5,2,2,522,Potential Loyalists,5,Low risk
CUS-06463,30,11,761.2,5,5,5,555,High-Value Customers,5,Low risk
CUS-06464,66,9,887.2,4,5,5,455,High-Value Customers,20,Low risk
CUS-06465,75,8,748.86,4,5,5,455,High-Value Customers,20,Low risk
CUS-06466,640,3,128.96,1,2,1,121,Hibernating,75,High risk
CUS-06467,592,1,49.81,1,1,1,111,Hibernating,85,High risk
CUS-06468,100,3,250.98,3,2,3,323,Potential Loyalists,43,Medium risk
CUS-06469,169,9,544.11,2,5,4,254,At Risk,44,Medium risk
CUS-06470,127,2,167.2,3,2,2,322,Potential Loyalists,55,Medium risk
CUS-06471,49,7,1068.38,4,4,5,445,High-Value Customers,5,Low risk
CUS-06472,25,8,345.28000000000003,5,5,3,553,Loyal Customers,5,Low risk
CUS-06473,150,6,837.4200000000001,2,4,5,245,High-Value Customers,45,Medium risk
CUS-06474,80,5,213.1,4,4,2,442,Loyal Customers,13,Low risk
CUS-06475,96,6,599.0,3,4,4,344,Loyal Customers,26,Low risk
CUS-06476,49,1,46.22,4,1,1,411,Potential Loyalists,5,Low risk
CUS-06477,469,1,58.24,1,1,1,111,Hibernating,77,High risk
CUS-06478,135,5,381.68,3,4,3,343,Loyal Customers,30,Low risk
CUS-06479,71,6,536.21,4,4,4,444,Champions,5,Low risk
CUS-06480,60,6,444.23,4,4,4,444,Champions,13,Low risk
CUS-06481,39,8,465.54999999999995,5,5,4,554,Champions,5,Low risk
CUS-06482,567,6,296.26,1,4,3,143,At Risk,57,Medium risk
CUS-06483,91,2,336.94,3,2,3,323,Potential Loyalists,28,Low risk
CUS-06484,92,4,436.24,3,3,4,334,Potential Loyalists,18,Low risk
CUS-06485,44,5,332.46,5,4,3,543,Loyal Customers,5,Low risk
CUS-06486,100,2,122.02000000000001,3,2,1,321,Potential Loyalists,18,Low risk
CUS-06487,196,7,516.66,2,4,4,244,At Risk,52,Medium risk
CUS-06488,93,6,277.06,3,4,3,343,Loyal Customers,36,Medium risk
CUS-06489,31,14,1678.8600000000001,5,5,5,555,High-Value Customers,20,Low risk
CUS-06490,127,2,131.31,3,2,1,321,Discount Seekers,63,Medium risk
CUS-06491,459,4,341.36,1,3,3,133,At Risk,67,High risk
CUS-06492,148,5,360.14,2,4,3,243,At Risk,38,Medium risk
CUS-06493,142,3,310.07,2,2,3,223,Hibernating,55,Medium risk
CUS-06494,359,3,462.09,2,2,4,224,Hibernating,82,High risk
CUS-06495,60,2,95.66,4,2,1,421,Discount Seekers,13,Low risk
CUS-06496,132,5,534.4200000000001,3,4,4,344,Loyal Customers,40,Medium risk
CUS-06497,153,2,41.94,2,2,1,221,Hibernating,64,Medium risk
CUS-06498,81,5,640.9300000000001,4,4,4,444,Champions,13,Low risk
CUS-06499,102,3,228.47,3,2,2,322,Discount Seekers,26,Low risk
CUS-06500,51,7,497.47,4,4,4,444,Champions,21,Low risk
CUS-06501,752,2,209.57,1,2,2,122,Hibernating,77,High risk
CUS-06502,90,5,696.14,3,4,5,345,High-Value Customers,5,Low risk
CUS-06503,39,2,191.12,5,2,2,522,Potential Loyalists,5,Low risk
CUS-06504,117,6,459.37,3,4,4,344,Loyal Customers,18,Low risk
CUS-06505,172,4,265.78,2,3,3,233,Discount Seekers,74,High risk
CUS-06506,73,9,1463.1100000000001,4,5,5,455,High-Value Customers,5,Low risk
CUS-06507,858,3,189.96,1,2,2,122,Hibernating,77,High risk
CUS-06508,57,11,620.79,4,5,4,454,Champions,21,Low risk
CUS-06509,145,4,632.38,2,3,4,234,At Risk,40,Medium risk
CUS-06510,275,8,1023.84,2,5,5,255,High-Value Customers,57,Medium risk
CUS-06511,289,3,176.63,2,2,2,222,Hibernating,75,High risk
CUS-06512,76,10,785.02,4,5,5,455,High-Value Customers,5,Low risk
CUS-06513,162,5,404.0,2,4,4,244,At Risk,44,Medium risk
CUS-06514,148,6,769.71,2,4,5,245,High-Value Customers,30,Low risk
CUS-06515,9,9,758.8,5,5,5,555,High-Value Customers,20,Low risk
CUS-06516,78,1,106.8,4,1,1,411,Discount Seekers,40,Medium risk
CUS-06517,47,8,879.16,5,5,5,555,High-Value Customers,5,Low risk
CUS-06518,70,10,1177.08,4,5,5,455,High-Value Customers,20,Low risk
CUS-06519,89,8,773.28,3,5,5,355,High-Value Customers,5,Low risk
CUS-06520,90,7,549.57,3,4,4,344,Loyal Customers,5,Low risk
CUS-06521,109,4,426.23,3,3,4,334,Potential Loyalists,43,Medium risk
CUS-06522,200,2,108.71000000000001,2,2,1,221,Hibernating,64,Medium risk
CUS-06523,425,2,166.47,1,2,2,122,Hibernating,100,High risk
CUS-06524,22,2,256.51,5,2,3,523,Potential Loyalists,5,Low risk
CUS-06525,171,6,529.27,2,4,4,244,At Risk,44,Medium risk
CUS-06526,136,2,278.6,3,2,3,323,Potential Loyalists,50,Medium risk
CUS-06527,67,6,317.31,4,4,3,443,Loyal Customers,5,Low risk
CUS-06528,308,10,697.0,2,5,5,255,High-Value Customers,72,High risk
CUS-06529,128,1,39.67,3,1,1,311,Potential Loyalists,30,Low risk
CUS-06530,345,2,143.54,2,2,2,222,Hibernating,67,High risk
CUS-06531,70,1,86.92,4,1,1,411,Potential Loyalists,5,Low risk
CUS-06532,601,1,57.19,1,1,1,111,Hibernating,77,High risk
CUS-06533,419,1,23.92,1,1,1,111,Hibernating,77,High risk
CUS-06534,711,2,156.82,1,2,2,122,Hibernating,77,High risk
CUS-06535,57,11,848.11,4,5,5,455,High-Value Customers,13,Low risk
CUS-06536,245,2,138.53,2,2,2,222,Hibernating,77,High risk
CUS-06537,305,1,25.77,2,1,1,211,Hibernating,85,High risk
CUS-06538,94,8,682.51,3,5,5,355,High-Value Customers,18,Low risk
CUS-06539,230,2,219.05,2,2,2,222,Hibernating,64,Medium risk
CUS-06540,22,3,235.8,5,2,2,522,Potential Loyalists,25,Low risk
CUS-06541,329,1,56.87,2,1,1,211,Hibernating,77,High risk
CUS-06542,127,1,40.84,3,1,1,311,Potential Loyalists,30,Low risk
CUS-06543,37,1,106.91,5,1,1,511,Potential Loyalists,5,Low risk
CUS-06544,61,7,321.07,4,4,3,443,Discount Seekers,28,Low risk
CUS-06545,223,2,117.12,2,2,1,221,Hibernating,54,Medium risk
CUS-06546,591,1,115.1,1,1,1,111,Hibernating,85,High risk
CUS-06547,165,7,525.91,2,4,4,244,At Risk,52,Medium risk
CUS-06548,39,8,812.94,5,5,5,555,High-Value Customers,5,Low risk
CUS-06549,62,10,975.15,4,5,5,455,High-Value Customers,28,Low risk
CUS-06550,481,2,253.36,1,2,3,123,Hibernating,75,High risk
CUS-06551,583,2,160.13,1,2,2,122,Hibernating,92,High risk
CUS-06552,433,2,190.15,1,2,2,122,Hibernating,82,High risk
CUS-06553,236,9,435.15,2,5,4,254,At Risk,44,Medium risk
CUS-06554,191,1,24.79,2,1,1,211,Hibernating,54,Medium risk
CUS-06555,579,2,124.93,1,2,1,121,Hibernating,67,High risk
CUS-06556,150,6,436.96,2,4,4,244,At Risk,30,Low risk
CUS-06557,669,5,290.31,1,4,3,143,At Risk,67,High risk
CUS-06558,636,4,148.01999999999998,1,3,2,132,At Risk,67,High risk
CUS-06559,59,7,317.04,4,4,3,443,Discount Seekers,20,Low risk
CUS-06560,133,7,439.22,3,4,4,344,Loyal Customers,30,Low risk
CUS-06561,759,1,86.99,1,1,1,111,Hibernating,77,High risk
CUS-06562,28,9,610.3,5,5,4,554,Champions,5,Low risk
CUS-06563,38,13,919.12,5,5,5,555,High-Value Customers,20,Low risk
CUS-06564,76,5,243.95,4,4,2,442,Loyal Customers,13,Low risk
CUS-06565,94,14,1655.4299999999998,3,5,5,355,High-Value Customers,18,Low risk
CUS-06566,65,5,349.93,4,4,3,443,Discount Seekers,35,Medium risk
CUS-06567,51,5,373.16,4,4,3,443,Discount Seekers,21,Low risk
CUS-06568,69,5,649.6,4,4,4,444,Champions,13,Low risk
CUS-06569,131,6,533.29,3,4,4,344,Loyal Customers,53,Medium risk
CUS-06570,15,4,141.31,5,3,2,532,Potential Loyalists,5,Low risk
CUS-06571,346,3,290.83000000000004,2,2,3,223,Hibernating,67,High risk
CUS-06572,25,6,296.54,5,4,3,543,Discount Seekers,28,Low risk
CUS-06573,37,3,69.62,5,2,1,521,Potential Loyalists,5,Low risk
CUS-06574,115,4,284.47,3,3,3,333,Potential Loyalists,18,Low risk
CUS-06575,114,12,1091.97,3,5,5,355,High-Value Customers,18,Low risk
CUS-06576,37,4,279.03,5,3,3,533,Potential Loyalists,20,Low risk
CUS-06577,165,5,270.92,2,4,3,243,Discount Seekers,67,High risk
CUS-06578,37,1,190.42,5,1,2,512,Potential Loyalists,5,Low risk
CUS-06579,221,4,273.09000000000003,2,3,3,233,At Risk,44,Medium risk
CUS-06580,57,12,850.1600000000001,4,5,5,455,High-Value Customers,5,Low risk
CUS-06581,86,8,571.16,3,5,4,354,Discount Seekers,13,Low risk
CUS-06582,114,3,333.11,3,2,3,323,Potential Loyalists,18,Low risk
CUS-06583,420,3,154.03,1,2,2,122,Hibernating,67,High risk
CUS-06584,658,4,283.18,1,3,3,133,At Risk,82,High risk
CUS-06585,53,14,1122.54,4,5,5,455,High-Value Customers,13,Low risk
CUS-06586,60,11,1094.58,4,5,5,455,High-Value Customers,5,Low risk
CUS-06587,131,5,264.42,3,4,3,343,Loyal Customers,30,Low risk
CUS-06588,165,5,184.01,2,4,2,242,At Risk,54,Medium risk
CUS-06589,675,4,465.16999999999996,1,3,4,134,At Risk,67,High risk
CUS-06590,626,1,26.07,1,1,1,111,Hibernating,77,High risk
CUS-06591,71,3,322.40000000000003,4,2,3,423,Potential Loyalists,15,Low risk
CUS-06592,19,5,382.61,5,4,3,543,Loyal Customers,13,Low risk
CUS-06593,80,9,1074.28,4,5,5,455,High-Value Customers,5,Low risk
CUS-06594,58,4,339.92999999999995,4,3,3,433,Potential Loyalists,15,Low risk
CUS-06595,775,1,36.15,1,1,1,111,Hibernating,77,High risk
CUS-06596,876,2,137.62,1,2,2,122,Hibernating,77,High risk
CUS-06597,972,2,109.76,1,2,1,121,Hibernating,85,High risk
CUS-06598,19,10,547.82,5,5,4,554,Champions,5,Low risk
CUS-06599,53,4,405.17,4,3,4,434,Potential Loyalists,5,Low risk
CUS-06600,16,5,164.14999999999998,5,4,2,542,Loyal Customers,5,Low risk
CUS-06601,97,10,943.25,3,5,5,355,High-Value Customers,26,Low risk
CUS-06602,392,1,60.41,2,1,1,211,Hibernating,92,High risk
CUS-06603,77,5,406.78,4,4,4,444,Champions,21,Low risk
CUS-06604,76,5,572.9200000000001,4,4,4,444,Champions,30,Low risk
CUS-06605,77,3,223.39999999999998,4,2,2,422,Potential Loyalists,5,Low risk
CUS-06606,640,3,198.53,1,2,2,122,Hibernating,90,High risk
CUS-06607,69,4,212.42,4,3,2,432,Potential Loyalists,5,Low risk
CUS-06608,402,4,585.01,1,3,4,134,At Risk,82,High risk
CUS-06609,106,3,131.82,3,2,1,321,Potential Loyalists,18,Low risk
CUS-06610,67,8,802.85,4,5,5,455,High-Value Customers,5,Low risk
CUS-06611,85,11,887.07,3,5,5,355,High-Value Customers,20,Low risk
CUS-06612,36,6,443.91999999999996,5,4,4,544,Champions,28,Low risk
CUS-06613,104,5,136.89,3,4,2,342,Loyal Customers,26,Low risk
CUS-06614,32,3,162.75,5,2,2,522,Potential Loyalists,5,Low risk
CUS-06615,23,2,102.07,5,2,1,521,Potential Loyalists,5,Low risk
CUS-06616,110,4,403.98,3,3,4,334,Potential Loyalists,18,Low risk
CUS-06617,68,6,1047.24,4,4,5,445,High-Value Customers,20,Low risk
CUS-06618,69,2,94.06,4,2,1,421,Discount Seekers,30,Low risk
CUS-06619,42,9,1128.94,5,5,5,555,High-Value Customers,5,Low risk
CUS-06620,88,6,545.0,3,4,4,344,Loyal Customers,5,Low risk
CUS-06621,217,5,513.0400000000001,2,4,4,244,At Risk,59,Medium risk
CUS-06622,38,2,105.81,5,2,1,521,Potential Loyalists,5,Low risk
CUS-06623,16,13,781.1,5,5,5,555,High-Value Customers,13,Low risk
CUS-06624,62,9,1032.51,4,5,5,455,High-Value Customers,5,Low risk
CUS-06625,28,4,259.68,5,3,3,533,Discount Seekers,20,Low risk
CUS-06626,58,2,102.18,4,2,1,421,Potential Loyalists,5,Low risk
CUS-06627,261,4,217.3,2,3,2,232,At Risk,72,High risk
CUS-06628,115,2,256.23,3,2,3,323,Potential Loyalists,33,Low risk
CUS-06629,201,5,308.64,2,4,3,243,At Risk,52,Medium risk
CUS-06630,90,6,765.3,3,4,5,345,High-Value Customers,13,Low risk
CUS-06631,111,1,68.35,3,1,1,311,Potential Loyalists,28,Low risk
CUS-06632,41,6,392.52,5,4,3,543,Loyal Customers,20,Low risk
CUS-06633,107,7,558.96,3,4,4,344,Loyal Customers,33,Low risk
CUS-06634,78,4,354.63,4,3,3,433,Potential Loyalists,20,Low risk
CUS-06635,537,2,260.01,1,2,3,123,Hibernating,82,High risk
CUS-06636,192,2,387.21000000000004,2,2,3,223,Hibernating,54,Medium risk
CUS-06637,111,10,677.11,3,5,5,355,High-Value Customers,26,Low risk
CUS-06638,55,10,1509.3600000000001,4,5,5,455,High-Value Customers,5,Low risk
CUS-06639,34,5,432.65999999999997,5,4,4,544,Champions,13,Low risk
CUS-06640,50,6,340.14,4,4,3,443,Loyal Customers,5,Low risk
CUS-06641,17,3,208.84,5,2,2,522,Potential Loyalists,5,Low risk
CUS-06642,56,1,25.52,4,1,1,411,Potential Loyalists,5,Low risk
CUS-06643,578,1,113.47,1,1,1,111,Hibernating,77,High risk
CUS-06644,40,3,154.49,5,2,2,522,Potential Loyalists,5,Low risk
CUS-06645,47,2,114.94,5,2,1,521,Potential Loyalists,5,Low risk
CUS-06646,145,6,626.91,2,4,4,244,At Risk,45,Medium risk
CUS-06647,53,4,329.87,4,3,3,433,Potential Loyalists,5,Low risk
CUS-06648,341,2,100.57,2,2,1,221,Hibernating,77,High risk
CUS-06649,244,3,196.09,2,2,2,222,Hibernating,72,High risk
CUS-06650,42,1,52.05,5,1,1,511,Potential Loyalists,5,Low risk
CUS-06651,671,2,61.92,1,2,1,121,Hibernating,85,High risk
CUS-06652,88,1,35.12,3,1,1,311,Potential Loyalists,15,Low risk
CUS-06653,174,9,756.91,2,5,5,255,High-Value Customers,44,Medium risk
CUS-06654,111,2,58.27,3,2,1,321,Potential Loyalists,28,Low risk
CUS-06655,36,11,1265.98,5,5,5,555,High-Value Customers,5,Low risk
CUS-06656,19,4,303.21000000000004,5,3,3,533,Potential Loyalists,20,Low risk
CUS-06657,38,3,300.25,5,2,3,523,Discount Seekers,13,Low risk
CUS-06658,390,1,40.51,2,1,1,211,Hibernating,85,High risk
CUS-06659,73,1,89.0,4,1,1,411,Potential Loyalists,5,Low risk
CUS-06660,180,12,1100.51,2,5,5,255,High-Value Customers,52,Medium risk
CUS-06661,63,6,346.16999999999996,4,4,3,443,Discount Seekers,13,Low risk
CUS-06662,42,12,1098.44,5,5,5,555,High-Value Customers,5,Low risk
CUS-06663,122,8,453.59,3,5,4,354,Loyal Customers,30,Low risk
CUS-06664,182,1,25.72,2,1,1,211,Hibernating,87,High risk
CUS-06665,105,5,386.28,3,4,3,343,Loyal Customers,18,Low risk
CUS-06666,41,6,347.65,5,4,3,543,Loyal Customers,5,Low risk
CUS-06667,183,7,929.05,2,4,5,245,High-Value Customers,59,Medium risk
CUS-06668,454,1,128.85,1,1,1,111,Hibernating,92,High risk
CUS-06669,28,9,840.06,5,5,5,555,High-Value Customers,20,Low risk
CUS-06670,408,2,292.59000000000003,1,2,3,123,Hibernating,67,High risk
CUS-06671,13,2,133.84,5,2,2,522,Potential Loyalists,5,Low risk
CUS-06672,109,5,349.44,3,4,3,343,Loyal Customers,18,Low risk
CUS-06673,130,9,1136.72,3,5,5,355,High-Value Customers,30,Low risk
CUS-06674,671,2,56.05,1,2,1,121,Hibernating,77,High risk
CUS-06675,44,8,595.39,5,5,4,554,Champions,20,Low risk
CUS-06676,548,3,303.14,1,2,3,123,Hibernating,67,High risk
CUS-06677,68,2,199.38,4,2,2,422,Potential Loyalists,5,Low risk
CUS-06678,104,6,471.16999999999996,3,4,4,344,Loyal Customers,18,Low risk
CUS-06679,38,1,28.14,5,1,1,511,Potential Loyalists,20,Low risk
CUS-06680,51,2,168.17,4,2,2,422,Potential Loyalists,5,Low risk
CUS-06681,86,2,128.85000000000002,3,2,1,321,Potential Loyalists,20,Low risk
CUS-06682,465,1,69.23,1,1,1,111,Hibernating,77,High risk
CUS-06683,41,8,534.73,5,5,4,554,Champions,28,Low risk
CUS-06684,705,1,122.29,1,1,1,111,Hibernating,77,High risk
CUS-06685,322,7,798.63,2,4,5,245,High-Value Customers,65,High risk
CUS-06686,46,5,630.5600000000001,5,4,4,544,Champions,5,Low risk
CUS-06687,353,3,168.18,2,2,2,222,Hibernating,82,High risk
CUS-06688,93,10,577.08,3,5,4,354,Loyal Customers,18,Low risk
CUS-06689,667,4,171.72,1,3,2,132,Discount Seekers,90,High risk
CUS-06690,149,5,292.53999999999996,2,4,3,243,Discount Seekers,56,Medium risk
CUS-06691,150,6,516.63,2,4,4,244,At Risk,48,Medium risk
CUS-06692,129,13,883.74,3,5,5,355,High-Value Customers,46,Medium risk
CUS-06693,63,5,508.13,4,4,4,444,Champions,13,Low risk
CUS-06694,43,2,130.23,5,2,1,521,Potential Loyalists,5,Low risk
CUS-06695,34,7,560.32,5,4,4,544,Champions,13,Low risk
CUS-06696,20,2,118.43,5,2,1,521,Potential Loyalists,20,Low risk
CUS-06697,143,3,251.97000000000003,2,2,3,223,Hibernating,40,Medium risk
CUS-06698,23,5,190.93,5,4,2,542,Loyal Customers,5,Low risk
CUS-06699,63,2,165.71,4,2,2,422,Potential Loyalists,5,Low risk
CUS-06700,102,7,426.56,3,4,4,344,Loyal Customers,18,Low risk
CUS-06701,87,6,710.29,3,4,5,345,High-Value Customers,28,Low risk
CUS-06702,201,7,571.24,2,4,4,244,At Risk,44,Medium risk
CUS-06703,15,3,149.51999999999998,5,2,2,522,Potential Loyalists,5,Low risk
CUS-06704,529,3,240.08,1,2,2,122,Hibernating,67,High risk
CUS-06705,81,12,1089.27,4,5,5,455,High-Value Customers,5,Low risk
CUS-06706,767,1,53.48,1,1,1,111,Hibernating,92,High risk
CUS-06707,61,3,216.74,4,2,2,422,Potential Loyalists,5,Low risk
CUS-06708,116,5,481.25,3,4,4,344,Loyal Customers,28,Low risk
CUS-06709,541,4,214.75,1,3,2,132,At Risk,67,High risk
CUS-06710,71,10,883.75,4,5,5,455,High-Value Customers,20,Low risk
CUS-06711,147,10,696.54,2,5,5,255,High-Value Customers,30,Low risk
CUS-06712,87,7,746.27,3,4,5,345,High-Value Customers,13,Low risk
CUS-06713,63,5,294.56,4,4,3,443,Loyal Customers,30,Low risk
CUS-06714,370,6,613.46,2,4,4,244,At Risk,57,Medium risk
CUS-06715,19,1,31.46,5,1,1,511,Potential Loyalists,5,Low risk
CUS-06716,67,5,668.11,4,4,5,445,High-Value Customers,23,Low risk
CUS-06717,93,10,795.29,3,5,5,355,High-Value Customers,34,Low risk
CUS-06718,199,6,517.3,2,4,4,244,At Risk,52,Medium risk
CUS-06719,385,3,339.94,2,2,3,223,Hibernating,57,Medium risk
CUS-06720,448,1,140.97,1,1,2,112,Hibernating,85,High risk
CUS-06721,72,4,112.07,4,3,1,431,Potential Loyalists,20,Low risk
CUS-06722,47,2,132.5,5,2,2,522,Potential Loyalists,5,Low risk
CUS-06723,371,5,474.26,2,4,4,244,At Risk,67,High risk
CUS-06724,108,10,713.17,3,5,5,355,High-Value Customers,18,Low risk
CUS-06725,81,6,482.47,4,4,4,444,Champions,13,Low risk
CUS-06726,752,2,242.65,1,2,2,122,Hibernating,77,High risk
CUS-06727,75,4,256.94,4,3,3,433,Potential Loyalists,28,Low risk
CUS-06728,35,5,280.52,5,4,3,543,Loyal Customers,20,Low risk
CUS-06729,94,7,679.9200000000001,3,4,5,345,High-Value Customers,18,Low risk
CUS-06730,718,1,63.69,1,1,1,111,Hibernating,85,High risk
CUS-06731,36,4,429.26,5,3,4,534,Potential Loyalists,20,Low risk
CUS-06732,80,5,195.21,4,4,2,442,Loyal Customers,5,Low risk
CUS-06733,148,9,660.14,2,5,5,255,High-Value Customers,30,Low risk
CUS-06734,582,3,209.47,1,2,2,122,Hibernating,67,High risk
CUS-06735,456,1,142.68,1,1,2,112,Hibernating,92,High risk
CUS-06736,50,5,755.3299999999999,4,4,5,445,High-Value Customers,5,Low risk
CUS-06737,44,6,349.26,5,4,3,543,Discount Seekers,28,Low risk
CUS-06738,111,6,278.77,3,4,3,343,Loyal Customers,26,Low risk
CUS-06739,100,3,280.12,3,2,3,323,Potential Loyalists,28,Low risk
CUS-06740,267,6,331.01,2,4,3,243,At Risk,72,High risk
CUS-06741,547,4,275.72,1,3,3,133,At Risk,75,High risk
CUS-06742,67,4,435.08,4,3,4,434,Potential Loyalists,20,Low risk
CUS-06743,27,2,109.44999999999999,5,2,1,521,Potential Loyalists,5,Low risk
CUS-06744,250,2,149.51,2,2,2,222,Hibernating,77,High risk
CUS-06745,329,3,282.35,2,2,3,223,Hibernating,57,Medium risk
CUS-06746,438,2,255.48000000000002,1,2,3,123,Hibernating,67,High risk
CUS-06747,120,2,101.2,3,2,1,321,Potential Loyalists,28,Low risk
CUS-06748,37,14,1208.57,5,5,5,555,High-Value Customers,21,Low risk
CUS-06749,204,6,398.11,2,4,3,243,At Risk,52,Medium risk
CUS-06750,144,5,721.97,2,4,5,245,High-Value Customers,30,Low risk
CUS-06751,468,1,59.02,1,1,1,111,Hibernating,77,High risk
CUS-06752,378,3,198.16,2,2,2,222,Hibernating,67,High risk
CUS-06753,100,12,1031.68,3,5,5,355,High-Value Customers,18,Low risk
CUS-06754,53,3,188.57999999999998,4,2,2,422,Potential Loyalists,5,Low risk
CUS-06755,194,3,359.27,2,2,3,223,Hibernating,44,Medium risk
CUS-06756,49,5,689.79,4,4,5,445,High-Value Customers,13,Low risk
CUS-06757,331,4,264.5,2,3,3,233,At Risk,57,Medium risk
CUS-06758,58,9,1111.97,4,5,5,455,High-Value Customers,5,Low risk
CUS-06759,70,1,75.5,4,1,1,411,Potential Loyalists,13,Low risk
CUS-06760,452,5,477.8,1,4,4,144,At Risk,67,High risk
CUS-06761,15,2,174.18,5,2,2,522,Potential Loyalists,5,Low risk
CUS-06762,82,2,120.81,3,2,1,321,Potential Loyalists,15,Low risk
CUS-06763,165,4,214.9,2,3,2,232,At Risk,54,Medium risk
CUS-06764,394,2,169.85,2,2,2,222,Hibernating,77,High risk
CUS-06765,51,4,401.1,4,3,4,434,Potential Loyalists,20,Low risk
CUS-06766,695,1,18.02,1,1,1,111,Hibernating,85,High risk
CUS-06767,128,5,380.38,3,4,3,343,Loyal Customers,38,Medium risk
CUS-06768,712,4,383.53,1,3,3,133,At Risk,75,High risk
CUS-06769,108,11,635.1600000000001,3,5,4,354,Loyal Customers,18,Low risk
CUS-06770,52,6,608.3,4,4,4,444,Champions,13,Low risk
CUS-06771,456,1,69.72,1,1,1,111,Hibernating,77,High risk
CUS-06772,64,5,457.51,4,4,4,444,Champions,23,Low risk
CUS-06773,198,3,160.11,2,2,2,222,Hibernating,44,Medium risk
CUS-06774,354,4,346.65,2,3,3,233,At Risk,57,Medium risk
CUS-06775,33,4,332.28000000000003,5,3,3,533,Potential Loyalists,30,Low risk
CUS-06776,179,5,184.48000000000002,2,4,2,242,At Risk,54,Medium risk
CUS-06777,658,1,43.7,1,1,1,111,Hibernating,77,High risk
CUS-06778,903,1,38.77,1,1,1,111,Hibernating,77,High risk
CUS-06779,135,3,278.06,3,2,3,323,Potential Loyalists,40,Medium risk
CUS-06780,50,7,423.36,4,4,4,444,Champions,21,Low risk
CUS-06781,180,4,382.92,2,3,3,233,At Risk,59,Medium risk
CUS-06782,67,2,313.06,4,2,3,423,Potential Loyalists,15,Low risk
CUS-06783,258,4,554.62,2,3,4,234,At Risk,57,Medium risk
CUS-06784,51,4,524.94,4,3,4,434,Potential Loyalists,5,Low risk
CUS-06785,513,2,98.03999999999999,1,2,1,121,Hibernating,77,High risk
CUS-06786,25,5,273.2,5,4,3,543,Loyal Customers,5,Low risk
CUS-06787,31,7,629.29,5,4,4,544,Champions,20,Low risk
CUS-06788,22,10,567.75,5,5,4,554,Champions,5,Low risk
CUS-06789,824,2,208.79,1,2,2,122,Hibernating,77,High risk
CUS-06790,16,5,218.64,5,4,2,542,Loyal Customers,5,Low risk
CUS-06791,78,3,226.45,4,2,2,422,Discount Seekers,30,Low risk
CUS-06792,598,1,90.74,1,1,1,111,Hibernating,77,High risk
CUS-06793,89,1,64.93,3,1,1,311,Potential Loyalists,15,Low risk
CUS-06794,267,3,259.24,2,2,3,223,Hibernating,67,High risk
CUS-06795,495,1,21.88,1,1,1,111,Hibernating,85,High risk
CUS-06796,140,3,198.53,2,2,2,222,Hibernating,30,Low risk
CUS-06797,91,6,375.36,3,4,3,343,Loyal Customers,33,Low risk
CUS-06798,226,3,322.8,2,2,3,223,Hibernating,62,Medium risk
CUS-06799,732,1,60.73,1,1,1,111,Hibernating,77,High risk
CUS-06800,338,3,303.37,2,2,3,223,Hibernating,57,Medium risk
CUS-06801,103,9,780.02,3,5,5,355,High-Value Customers,33,Low risk
CUS-06802,88,6,616.09,3,4,4,344,Loyal Customers,13,Low risk
CUS-06803,102,3,293.67999999999995,3,2,3,323,Potential Loyalists,33,Low risk
CUS-06804,683,3,117.36,1,2,1,121,Hibernating,85,High risk
CUS-06805,24,3,81.12,5,2,1,521,Potential Loyalists,5,Low risk
CUS-06806,69,7,631.62,4,4,4,444,Champions,13,Low risk
CUS-06807,88,5,564.38,3,4,4,344,Loyal Customers,23,Low risk
CUS-06808,353,5,352.66999999999996,2,4,3,243,At Risk,57,Medium risk
CUS-06809,402,5,498.39,1,4,4,144,At Risk,65,High risk
CUS-06810,88,18,1807.49,3,5,5,355,High-Value Customers,5,Low risk
CUS-06811,20,12,1147.17,5,5,5,555,High-Value Customers,13,Low risk
CUS-06812,22,6,532.13,5,4,4,544,Champions,20,Low risk
CUS-06813,87,20,1949.03,3,5,5,355,High-Value Customers,20,Low risk
CUS-06814,81,2,158.26,4,2,2,422,Potential Loyalists,5,Low risk
CUS-06815,145,6,631.34,2,4,4,244,At Risk,45,Medium risk
CUS-06816,361,3,290.23,2,2,3,223,Hibernating,82,High risk
CUS-06817,464,3,135.94,1,2,2,122,Hibernating,57,Medium risk
CUS-06818,67,6,568.77,4,4,4,444,Champions,5,Low risk
CUS-06819,68,4,229.56,4,3,2,432,Discount Seekers,13,Low risk
CUS-06820,175,2,185.39,2,2,2,222,Hibernating,54,Medium risk
CUS-06821,80,8,696.2,4,5,5,455,High-Value Customers,20,Low risk
CUS-06822,118,7,734.6600000000001,3,4,5,345,High-Value Customers,18,Low risk
CUS-06823,491,3,84.62,1,2,1,121,Hibernating,67,High risk
CUS-06824,130,7,983.86,3,4,5,345,High-Value Customers,30,Low risk
CUS-06825,39,5,185.88,5,4,2,542,Loyal Customers,5,Low risk
CUS-06826,84,3,78.46000000000001,3,2,1,321,Potential Loyalists,5,Low risk
CUS-06827,376,1,214.14,2,1,2,212,Hibernating,77,High risk
CUS-06828,745,1,79.35,1,1,1,111,Hibernating,77,High risk
CUS-06829,246,8,812.41,2,5,5,255,High-Value Customers,57,Medium risk
CUS-06830,34,3,235.94000000000003,5,2,2,522,Potential Loyalists,5,Low risk
CUS-06831,256,5,561.89,2,4,4,244,Discount Seekers,82,High risk
CUS-06832,106,5,485.71000000000004,3,4,4,344,Loyal Customers,33,Low risk
CUS-06833,305,4,287.27,2,3,3,233,At Risk,67,High risk
CUS-06834,108,4,159.7,3,3,2,332,Potential Loyalists,28,Low risk
CUS-06835,439,2,189.88,1,2,2,122,Hibernating,82,High risk
CUS-06836,510,3,134.87,1,2,2,122,Hibernating,77,High risk
CUS-06837,43,10,1157.06,5,5,5,555,High-Value Customers,5,Low risk
CUS-06838,78,13,1743.43,4,5,5,455,High-Value Customers,20,Low risk
CUS-06839,121,7,697.52,3,4,5,345,High-Value Customers,30,Low risk
CUS-06840,138,6,268.46000000000004,2,4,3,243,At Risk,30,Low risk
CUS-06841,407,5,565.51,1,4,4,144,At Risk,75,High risk
CUS-06842,88,4,278.99,3,3,3,333,Discount Seekers,28,Low risk
CUS-06843,332,3,508.72999999999996,2,2,4,224,Hibernating,82,High risk
CUS-06844,140,4,628.1800000000001,2,3,4,234,At Risk,40,Medium risk
CUS-06845,337,2,288.11,2,2,3,223,Hibernating,77,High risk
CUS-06846,386,8,727.78,2,5,5,255,High-Value Customers,57,Medium risk
CUS-06847,577,2,165.08999999999997,1,2,2,122,Hibernating,67,High risk
CUS-06848,51,1,62.21,4,1,1,411,Potential Loyalists,23,Low risk
CUS-06849,43,10,732.35,5,5,5,555,High-Value Customers,5,Low risk
CUS-06850,118,10,966.52,3,5,5,355,High-Value Customers,18,Low risk
CUS-06851,107,6,316.89,3,4,3,343,Loyal Customers,28,Low risk
CUS-06852,92,5,231.68,3,4,2,342,Loyal Customers,18,Low risk
CUS-06853,189,4,225.17000000000002,2,3,2,232,Discount Seekers,62,Medium risk
CUS-06854,80,4,298.83,4,3,3,433,Discount Seekers,38,Medium risk
CUS-06855,151,7,822.3299999999999,2,4,5,245,High-Value Customers,44,Medium risk
CUS-06856,57,8,679.24,4,5,5,455,High-Value Customers,28,Low risk
CUS-06857,87,14,1539.62,3,5,5,355,High-Value Customers,5,Low risk
CUS-06858,83,3,270.37,3,2,3,323,Discount Seekers,20,Low risk
CUS-06859,24,5,486.83000000000004,5,4,4,544,Champions,5,Low risk
CUS-06860,356,3,153.28,2,2,2,222,Hibernating,67,High risk
CUS-06861,158,7,725.75,2,4,5,245,High-Value Customers,59,Medium risk
CUS-06862,423,2,250.73,1,2,3,123,Hibernating,85,High risk
CUS-06863,23,4,209.0,5,3,2,532,Potential Loyalists,20,Low risk
CUS-06864,50,3,276.4,4,2,3,423,Discount Seekers,38,Medium risk
CUS-06865,104,2,117.62,3,2,1,321,Potential Loyalists,28,Low risk
CUS-06866,57,5,323.31,4,4,3,443,Loyal Customers,5,Low risk
CUS-06867,90,2,365.31,3,2,3,323,Potential Loyalists,20,Low risk
CUS-06868,106,14,1444.54,3,5,5,355,High-Value Customers,18,Low risk
CUS-06869,492,2,190.99,1,2,2,122,Hibernating,92,High risk
CUS-06870,175,4,202.3,2,3,2,232,At Risk,44,Medium risk
CUS-06871,5,5,299.62,5,4,3,543,Loyal Customers,5,Low risk
CUS-06872,82,7,1001.59,3,4,5,345,High-Value Customers,13,Low risk
CUS-06873,109,4,382.36,3,3,3,333,Potential Loyalists,18,Low risk
CUS-06874,247,4,350.65,2,3,3,233,At Risk,72,High risk
CUS-06875,147,7,832.97,2,4,5,245,High-Value Customers,30,Low risk
CUS-06876,189,3,264.45,2,2,3,223,Hibernating,69,High risk
CUS-06877,78,6,563.83,4,4,4,444,Champions,5,Low risk
CUS-06878,61,6,543.3399999999999,4,4,4,444,Champions,13,Low risk
CUS-06879,433,1,113.17,1,1,1,111,Hibernating,77,High risk
CUS-06880,45,6,445.0,5,4,4,544,Champions,5,Low risk
CUS-06881,87,10,531.75,3,5,4,354,Loyal Customers,5,Low risk
CUS-06882,518,5,725.4499999999999,1,4,5,145,High-Value Customers,67,High risk
CUS-06883,19,3,164.65,5,2,2,522,Potential Loyalists,5,Low risk
CUS-06884,247,4,289.34,2,3,3,233,At Risk,67,High risk
CUS-06885,166,2,253.67000000000002,2,2,3,223,Hibernating,54,Medium risk
CUS-06886,42,8,707.49,5,5,5,555,High-Value Customers,13,Low risk
CUS-06887,649,1,28.63,1,1,1,111,Hibernating,77,High risk
CUS-06888,109,4,192.98999999999998,3,3,2,332,Potential Loyalists,28,Low risk
CUS-06889,177,2,128.99,2,2,1,221,Hibernating,69,High risk
CUS-06890,462,4,250.41,1,3,3,133,At Risk,67,High risk
CUS-06891,438,3,185.28,1,2,2,122,Hibernating,67,High risk
CUS-06892,75,5,294.61,4,4,3,443,Discount Seekers,28,Low risk
CUS-06893,78,7,678.47,4,4,5,445,High-Value Customers,13,Low risk
CUS-06894,57,3,254.34,4,2,3,423,Discount Seekers,38,Medium risk
CUS-06895,405,8,811.8,1,5,5,155,High-Value Customers,72,High risk
CUS-06896,537,2,82.26,1,2,1,121,Hibernating,77,High risk
CUS-06897,41,8,582.45,5,5,4,554,Champions,20,Low risk
CUS-06898,146,6,407.8,2,4,4,244,At Risk,38,Medium risk
CUS-06899,55,4,171.95,4,3,2,432,Discount Seekers,20,Low risk
CUS-06900,62,9,690.4300000000001,4,5,5,455,High-Value Customers,20,Low risk
CUS-06901,95,15,1143.49,3,5,5,355,High-Value Customers,26,Low risk
CUS-06902,438,2,208.51,1,2,2,122,Hibernating,67,High risk
CUS-06903,517,1,22.27,1,1,1,111,Hibernating,85,High risk
CUS-06904,99,3,341.78999999999996,3,2,3,323,Potential Loyalists,33,Low risk
CUS-06905,533,2,157.17,1,2,2,122,Hibernating,75,High risk
CUS-06906,27,5,424.81,5,4,4,544,Champions,5,Low risk
CUS-06907,76,4,321.8,4,3,3,433,Potential Loyalists,13,Low risk
CUS-06908,14,11,975.96,5,5,5,555,High-Value Customers,13,Low risk
CUS-06909,35,14,1088.31,5,5,5,555,High-Value Customers,5,Low risk
CUS-06910,539,3,334.91,1,2,3,123,Hibernating,67,High risk
CUS-06911,71,6,582.5,4,4,4,444,Champions,30,Low risk
CUS-06912,57,2,76.18,4,2,1,421,Potential Loyalists,5,Low risk
CUS-06913,136,9,989.38,3,5,5,355,High-Value Customers,45,Medium risk
CUS-06914,485,1,73.51,1,1,1,111,Hibernating,77,High risk
CUS-06915,74,12,923.75,4,5,5,455,High-Value Customers,21,Low risk
CUS-06916,123,5,438.59000000000003,3,4,4,344,Discount Seekers,53,Medium risk
CUS-06917,23,6,485.08000000000004,5,4,4,544,Champions,5,Low risk
CUS-06918,57,6,358.91,4,4,3,443,Discount Seekers,13,Low risk
CUS-06919,61,2,492.7,4,2,4,424,Potential Loyalists,5,Low risk
CUS-06920,307,2,58.66,2,2,1,221,Hibernating,77,High risk
CUS-06921,157,5,404.56,2,4,4,244,Discount Seekers,70,High risk
CUS-06922,129,5,356.99,3,4,3,343,Loyal Customers,38,Medium risk
CUS-06923,90,9,1266.29,3,5,5,355,High-Value Customers,20,Low risk
CUS-06924,598,2,121.63,1,2,1,121,Hibernating,85,High risk
CUS-06925,81,4,441.08000000000004,4,3,4,434,Potential Loyalists,5,Low risk
CUS-06926,49,10,716.15,4,5,5,455,High-Value Customers,28,Low risk
CUS-06927,55,11,798.84,4,5,5,455,High-Value Customers,28,Low risk
CUS-06928,657,3,308.15,1,2,3,123,Hibernating,67,High risk
CUS-06929,86,7,509.22999999999996,3,4,4,344,Discount Seekers,21,Low risk
CUS-06930,13,3,177.73,5,2,2,522,Potential Loyalists,20,Low risk
CUS-06931,132,10,593.17,3,5,4,354,Loyal Customers,38,Medium risk
CUS-06932,58,6,433.19,4,4,4,444,Champions,20,Low risk
CUS-06933,77,5,404.96999999999997,4,4,4,444,Champions,21,Low risk
CUS-06934,70,8,837.72,4,5,5,455,High-Value Customers,5,Low risk
CUS-06935,44,3,91.98,5,2,1,521,Potential Loyalists,5,Low risk
CUS-06936,142,3,196.78,2,2,2,222,Hibernating,55,Medium risk
CUS-06937,57,3,213.29000000000002,4,2,2,422,Potential Loyalists,5,Low risk
CUS-06938,76,6,567.54,4,4,4,444,Champions,13,Low risk
CUS-06939,82,6,856.15,3,4,5,345,High-Value Customers,5,Low risk
CUS-06940,66,3,101.89,4,2,1,421,Potential Loyalists,5,Low risk
CUS-06941,415,4,260.61,1,3,3,133,Discount Seekers,75,High risk
CUS-06942,176,3,213.28,2,2,2,222,Hibernating,69,High risk
CUS-06943,20,20,1557.59,5,5,5,555,High-Value Customers,5,Low risk
CUS-06944,776,1,61.51,1,1,1,111,Hibernating,77,High risk
CUS-06945,554,3,204.79,1,2,2,122,Hibernating,85,High risk
CUS-06946,21,3,137.66,5,2,2,522,Potential Loyalists,5,Low risk
CUS-06947,685,1,56.42,1,1,1,111,Hibernating,77,High risk
CUS-06948,61,3,190.73000000000002,4,2,2,422,Discount Seekers,35,Medium risk
CUS-06949,606,5,411.14,1,4,4,144,At Risk,82,High risk
CUS-06950,67,9,1043.25,4,5,5,455,High-Value Customers,20,Low risk
CUS-06951,719,3,161.27,1,2,2,122,Hibernating,85,High risk
CUS-06952,467,3,378.57,1,2,3,123,Hibernating,82,High risk
CUS-06953,77,4,182.24,4,3,2,432,Potential Loyalists,20,Low risk
CUS-06954,60,10,1229.27,4,5,5,455,High-Value Customers,5,Low risk
CUS-06955,43,10,639.96,5,5,4,554,Champions,13,Low risk
CUS-06956,664,1,135.07,1,1,2,112,Hibernating,77,High risk
CUS-06957,459,3,315.56,1,2,3,123,Hibernating,77,High risk
CUS-06958,104,5,223.99,3,4,2,342,Loyal Customers,18,Low risk
CUS-06959,582,6,336.11,1,4,3,143,At Risk,57,Medium risk
CUS-06960,41,4,341.4,5,3,3,533,Potential Loyalists,30,Low risk
CUS-06961,78,13,811.84,4,5,5,455,High-Value Customers,5,Low risk
CUS-06962,97,5,226.69,3,4,2,342,Discount Seekers,33,Low risk
CUS-06963,286,4,416.83,2,3,4,234,At Risk,67,High risk
CUS-06964,272,3,332.71000000000004,2,2,3,223,Hibernating,67,High risk
CUS-06965,33,4,155.74,5,3,2,532,Potential Loyalists,20,Low risk
CUS-06966,199,4,382.7,2,3,3,233,At Risk,54,Medium risk
CUS-06967,558,1,45.89,1,1,1,111,Hibernating,77,High risk
CUS-06968,45,7,758.2,5,4,5,545,High-Value Customers,5,Low risk
CUS-06969,212,3,197.44,2,2,2,222,Hibernating,52,Medium risk
CUS-06970,652,2,154.59,1,2,2,122,Hibernating,77,High risk
CUS-06971,26,8,397.28000000000003,5,5,3,553,Loyal Customers,5,Low risk
CUS-06972,59,1,119.28,4,1,1,411,Potential Loyalists,5,Low risk
CUS-06973,293,1,47.82,2,1,1,211,Hibernating,77,High risk
CUS-06974,68,5,562.65,4,4,4,444,Champions,5,Low risk
CUS-06975,73,13,1204.89,4,5,5,455,High-Value Customers,28,Low risk
CUS-06976,30,3,263.51,5,2,3,523,Potential Loyalists,5,Low risk
CUS-06977,30,2,157.29000000000002,5,2,2,522,Potential Loyalists,5,Low risk
CUS-06978,42,16,1810.93,5,5,5,555,High-Value Customers,20,Low risk
CUS-06979,42,5,436.28,5,4,4,544,Champions,20,Low risk
CUS-06980,170,4,251.64999999999998,2,3,3,233,At Risk,69,High risk
CUS-06981,161,1,67.62,2,1,1,211,Hibernating,54,Medium risk
CUS-06982,90,8,536.8100000000001,3,5,4,354,Loyal Customers,28,Low risk
CUS-06983,143,2,131.99,2,2,1,221,Hibernating,30,Low risk
CUS-06984,133,1,63.54,3,1,1,311,Discount Seekers,65,High risk
CUS-06985,58,11,1145.72,4,5,5,455,High-Value Customers,5,Low risk
CUS-06986,714,2,117.28999999999999,1,2,1,121,Hibernating,77,High risk
CUS-06987,57,14,1353.44,4,5,5,455,High-Value Customers,5,Low risk
CUS-06988,54,3,127.0,4,2,1,421,Potential Loyalists,20,Low risk
CUS-06989,442,4,372.26,1,3,3,133,At Risk,67,High risk
CUS-06990,35,5,322.98,5,4,3,543,Loyal Customers,5,Low risk
CUS-06991,852,2,85.17,1,2,1,121,Hibernating,100,High risk
CUS-06992,174,4,365.08,2,3,3,233,At Risk,77,High risk
CUS-06993,503,5,494.63,1,4,4,144,At Risk,57,Medium risk
CUS-06994,118,7,420.15999999999997,3,4,4,344,Loyal Customers,18,Low risk
CUS-06995,352,4,332.79999999999995,2,3,3,233,At Risk,57,Medium risk
CUS-06996,11,4,249.16000000000003,5,3,3,533,Potential Loyalists,20,Low risk
CUS-06997,25,6,488.47,5,4,4,544,Champions,5,Low risk
CUS-06998,325,2,288.32,2,2,3,223,Hibernating,77,High risk
CUS-06999,37,4,262.79,5,3,3,533,Potential Loyalists,38,Medium risk
CUS-07000,417,3,289.94,1,2,3,123,Hibernating,67,High risk
CUS-07001,48,7,607.65,5,4,4,544,Champions,13,Low risk
CUS-07002,23,3,152.7,5,2,2,522,Potential Loyalists,5,Low risk
CUS-07003,456,3,173.64,1,2,2,122,Hibernating,57,Medium risk
CUS-07004,123,3,196.68,3,2,2,322,Potential Loyalists,73,High risk
CUS-07005,52,6,639.85,4,4,4,444,Champions,13,Low risk
CUS-07006,197,3,192.28,2,2,2,222,Hibernating,54,Medium risk
CUS-07007,95,1,114.01,3,1,1,311,Potential Loyalists,28,Low risk
CUS-07008,82,3,230.94,3,2,2,322,Potential Loyalists,15,Low risk
CUS-07009,103,6,559.65,3,4,4,344,Loyal Customers,33,Low risk
CUS-07010,35,5,285.21000000000004,5,4,3,543,Loyal Customers,13,Low risk
CUS-07011,45,3,276.79999999999995,5,2,3,523,Potential Loyalists,5,Low risk
CUS-07012,88,2,246.98,3,2,2,322,Potential Loyalists,25,Low risk
CUS-07013,15,4,627.0699999999999,5,3,4,534,Potential Loyalists,20,Low risk
CUS-07014,76,7,929.37,4,4,5,445,High-Value Customers,13,Low risk
CUS-07015,16,2,66.43,5,2,1,521,Potential Loyalists,5,Low risk
CUS-07016,79,10,1259.49,4,5,5,455,High-Value Customers,5,Low risk
CUS-07017,49,9,1308.97,4,5,5,455,High-Value Customers,5,Low risk
CUS-07018,16,10,724.1899999999999,5,5,5,555,High-Value Customers,13,Low risk
CUS-07019,30,10,1134.9,5,5,5,555,High-Value Customers,13,Low risk
CUS-07020,27,5,375.82,5,4,3,543,Loyal Customers,5,Low risk
CUS-07021,629,1,44.69,1,1,1,111,Hibernating,92,High risk
CUS-07022,61,6,437.51,4,4,4,444,Champions,13,Low risk
CUS-07023,23,3,153.2,5,2,2,522,Potential Loyalists,5,Low risk
CUS-07024,63,11,758.97,4,5,5,455,High-Value Customers,5,Low risk
CUS-07025,451,1,41.32,1,1,1,111,Hibernating,77,High risk
CUS-07026,100,15,914.37,3,5,5,355,High-Value Customers,26,Low risk
CUS-07027,33,6,623.76,5,4,4,544,Champions,23,Low risk
CUS-07028,38,5,304.96,5,4,3,543,Loyal Customers,13,Low risk
CUS-07029,263,4,335.13,2,3,3,233,At Risk,67,High risk
CUS-07030,13,3,139.79000000000002,5,2,2,522,Potential Loyalists,15,Low risk
CUS-07031,154,8,761.0699999999999,2,5,5,255,High-Value Customers,59,Medium risk
CUS-07032,42,9,828.9,5,5,5,555,High-Value Customers,20,Low risk
CUS-07033,13,6,296.56,5,4,3,543,Loyal Customers,5,Low risk
CUS-07034,100,12,1394.82,3,5,5,355,High-Value Customers,26,Low risk
CUS-07035,42,17,1506.07,5,5,5,555,High-Value Customers,13,Low risk
CUS-07036,14,8,971.31,5,5,5,555,High-Value Customers,20,Low risk
CUS-07037,61,1,88.0,4,1,1,411,Potential Loyalists,5,Low risk
CUS-07038,59,3,163.18,4,2,2,422,Potential Loyalists,5,Low risk
CUS-07039,12,6,518.12,5,4,4,544,Champions,21,Low risk
CUS-07040,50,5,290.01,4,4,3,443,Loyal Customers,5,Low risk
CUS-07041,133,7,869.49,3,4,5,345,High-Value Customers,38,Medium risk
CUS-07042,535,2,91.58,1,2,1,121,Hibernating,77,High risk
CUS-07043,489,1,19.99,1,1,1,111,Hibernating,85,High risk
CUS-07044,639,6,451.22999999999996,1,4,4,144,At Risk,57,Medium risk
CUS-07045,89,6,446.85,3,4,4,344,Loyal Customers,5,Low risk
CUS-07046,60,7,435.67,4,4,4,444,Champions,13,Low risk
CUS-07047,132,6,461.21999999999997,3,4,4,344,Discount Seekers,38,Medium risk
CUS-07048,265,3,259.02,2,2,3,223,Hibernating,57,Medium risk
CUS-07049,613,3,301.73,1,2,3,123,Hibernating,67,High risk
CUS-07050,119,7,412.53,3,4,4,344,Loyal Customers,26,Low risk
CUS-07051,73,6,345.76,4,4,3,443,Loyal Customers,13,Low risk
CUS-07052,149,4,300.36,2,3,3,233,At Risk,63,Medium risk
CUS-07053,687,2,92.83999999999999,1,2,1,121,Hibernating,77,High risk
CUS-07054,70,4,353.39,4,3,3,433,Potential Loyalists,20,Low risk
CUS-07055,52,5,403.41,4,4,4,444,Champions,13,Low risk
CUS-07056,277,2,136.18,2,2,2,222,Hibernating,92,High risk
CUS-07057,81,4,560.48,4,3,4,434,Potential Loyalists,20,Low risk
CUS-07058,113,5,520.71,3,4,4,344,Loyal Customers,28,Low risk
CUS-07059,466,1,42.83,1,1,1,111,Hibernating,77,High risk
CUS-07060,234,3,152.89,2,2,2,222,Hibernating,44,Medium risk
CUS-07061,5,3,256.61,5,2,3,523,Potential Loyalists,5,Low risk
CUS-07062,503,1,73.59,1,1,1,111,Hibernating,77,High risk
CUS-07063,102,4,273.40999999999997,3,3,3,333,Potential Loyalists,18,Low risk
CUS-07064,72,11,830.43,4,5,5,455,High-Value Customers,13,Low risk
CUS-07065,250,3,122.2,2,2,1,221,Hibernating,67,High risk
CUS-07066,435,5,187.96,1,4,2,142,At Risk,65,High risk
CUS-07067,682,3,280.71000000000004,1,2,3,123,Hibernating,67,High risk
CUS-07068,541,3,338.98,1,2,3,123,Hibernating,90,High risk
CUS-07069,89,4,469.98,3,3,4,334,Potential Loyalists,5,Low risk
CUS-07070,727,2,137.56,1,2,2,122,Hibernating,77,High risk
CUS-07071,24,7,635.5799999999999,5,4,4,544,Champions,28,Low risk
CUS-07072,426,1,115.97,1,1,1,111,Hibernating,77,High risk
CUS-07073,911,1,32.32,1,1,1,111,Hibernating,85,High risk
CUS-07074,69,2,121.39,4,2,1,421,Potential Loyalists,15,Low risk
CUS-07075,56,2,271.35,4,2,3,423,Potential Loyalists,5,Low risk
CUS-07076,110,2,75.23,3,2,1,321,Potential Loyalists,18,Low risk
CUS-07077,257,8,996.87,2,5,5,255,High-Value Customers,72,High risk
CUS-07078,671,2,56.17,1,2,1,121,Hibernating,85,High risk
CUS-07079,74,3,276.99,4,2,3,423,Potential Loyalists,5,Low risk
CUS-07080,77,4,305.01,4,3,3,433,Potential Loyalists,20,Low risk
CUS-07081,152,7,720.73,2,4,5,245,High-Value Customers,44,Medium risk
CUS-07082,62,8,578.03,4,5,4,454,Champions,5,Low risk
CUS-07083,376,2,281.18,2,2,3,223,Hibernating,92,High risk
CUS-07084,290,4,256.54,2,3,3,233,At Risk,72,High risk
CUS-07085,721,2,197.46,1,2,2,122,Hibernating,77,High risk
CUS-07086,74,9,952.1800000000001,4,5,5,455,High-Value Customers,20,Low risk
CUS-07087,83,7,461.15999999999997,3,4,4,344,Loyal Customers,5,Low risk
CUS-07088,478,2,92.72,1,2,1,121,Hibernating,67,High risk
CUS-07089,99,4,298.34,3,3,3,333,Potential Loyalists,28,Low risk
CUS-07090,25,3,153.32999999999998,5,2,2,522,Potential Loyalists,20,Low risk
CUS-07091,43,1,99.9,5,1,1,511,Potential Loyalists,5,Low risk
CUS-07092,28,3,211.84,5,2,2,522,Potential Loyalists,5,Low risk
CUS-07093,35,11,584.93,5,5,4,554,Champions,28,Low risk
CUS-07094,771,2,114.75,1,2,1,121,Hibernating,92,High risk
CUS-07095,123,8,1048.84,3,5,5,355,High-Value Customers,45,Medium risk
CUS-07096,76,6,430.0,4,4,4,444,Champions,28,Low risk
CUS-07097,90,10,728.75,3,5,5,355,High-Value Customers,13,Low risk
CUS-07098,96,3,245.74,3,2,2,322,Potential Loyalists,18,Low risk
CUS-07099,147,5,320.52,2,4,3,243,At Risk,30,Low risk
CUS-07100,165,5,410.29,2,4,4,244,At Risk,52,Medium risk
CUS-07101,44,6,612.08,5,4,4,544,Champions,20,Low risk
CUS-07102,117,7,447.57,3,4,4,344,Loyal Customers,33,Low risk
CUS-07103,126,3,217.58999999999997,3,2,2,322,Potential Loyalists,40,Medium risk
CUS-07104,39,7,374.92,5,4,3,543,Loyal Customers,5,Low risk
CUS-07105,489,2,193.22000000000003,1,2,2,122,Hibernating,77,High risk
CUS-07106,418,4,418.89,1,3,4,134,At Risk,82,High risk
CUS-07107,69,5,574.79,4,4,4,444,Champions,20,Low risk
CUS-07108,121,5,420.24,3,4,4,344,Loyal Customers,48,Medium risk
CUS-07109,67,6,313.71999999999997,4,4,3,443,Loyal Customers,13,Low risk
CUS-07110,212,4,365.72,2,3,3,233,At Risk,54,Medium risk
CUS-07111,317,6,580.87,2,4,4,244,At Risk,73,High risk
CUS-07112,535,3,237.04,1,2,2,122,Hibernating,82,High risk
CUS-07113,47,2,143.96,5,2,2,522,Potential Loyalists,5,Low risk
CUS-07114,116,7,683.88,3,4,5,345,High-Value Customers,18,Low risk
CUS-07115,187,7,555.1,2,4,4,244,Discount Seekers,60,Medium risk
CUS-07116,527,1,130.32,1,1,1,111,Hibernating,85,High risk
CUS-07117,28,4,487.15,5,3,4,534,Potential Loyalists,5,Low risk
CUS-07118,37,2,72.35,5,2,1,521,Potential Loyalists,20,Low risk
CUS-07119,610,2,125.77000000000001,1,2,1,121,Hibernating,77,High risk
CUS-07120,117,9,809.64,3,5,5,355,High-Value Customers,33,Low risk
CUS-07121,831,2,92.05000000000001,1,2,1,121,Hibernating,77,High risk
CUS-07122,36,2,89.3,5,2,1,521,Potential Loyalists,5,Low risk
CUS-07123,61,7,652.4300000000001,4,4,4,444,Champions,20,Low risk
CUS-07124,89,6,218.64999999999998,3,4,2,342,Loyal Customers,5,Low risk
CUS-07125,35,7,476.96999999999997,5,4,4,544,Champions,21,Low risk
CUS-07126,432,1,209.58,1,1,2,112,Hibernating,77,High risk
CUS-07127,154,5,395.87,2,4,3,243,At Risk,44,Medium risk
CUS-07128,395,5,398.09000000000003,2,4,3,243,At Risk,67,High risk
CUS-07129,461,1,25.68,1,1,1,111,Hibernating,77,High risk
CUS-07130,510,3,343.45000000000005,1,2,3,123,Hibernating,82,High risk
CUS-07131,243,3,397.22,2,2,3,223,Hibernating,97,High risk
CUS-07132,116,9,654.12,3,5,4,354,Loyal Customers,18,Low risk
CUS-07133,147,4,324.90999999999997,2,3,3,233,Discount Seekers,45,Medium risk
CUS-07134,8,7,572.39,5,4,4,544,Champions,13,Low risk
CUS-07135,21,3,148.12,5,2,2,522,Potential Loyalists,5,Low risk
CUS-07136,174,7,724.5699999999999,2,4,5,245,High-Value Customers,59,Medium risk
CUS-07137,134,6,747.94,3,4,5,345,High-Value Customers,40,Medium risk
CUS-07138,27,5,553.6800000000001,5,4,4,544,Champions,5,Low risk
CUS-07139,157,4,193.03,2,3,2,232,At Risk,69,High risk
CUS-07140,36,14,1648.53,5,5,5,555,High-Value Customers,13,Low risk
CUS-07141,103,6,460.13,3,4,4,344,Loyal Customers,26,Low risk
CUS-07142,19,7,536.43,5,4,4,544,Champions,20,Low risk
CUS-07143,366,6,660.6,2,4,5,245,High-Value Customers,57,Medium risk
CUS-07144,97,3,139.0,3,2,2,322,Potential Loyalists,18,Low risk
CUS-07145,141,3,210.49,2,2,2,222,Hibernating,65,High risk
CUS-07146,112,4,322.16,3,3,3,333,Potential Loyalists,28,Low risk
CUS-07147,117,4,357.19,3,3,3,333,Potential Loyalists,18,Low risk
CUS-07148,405,3,273.8,1,2,3,123,Hibernating,67,High risk
CUS-07149,73,7,1065.27,4,4,5,445,High-Value Customers,13,Low risk
CUS-07150,18,3,330.4,5,2,3,523,Potential Loyalists,5,Low risk
CUS-07151,35,8,671.15,5,5,5,555,High-Value Customers,5,Low risk
CUS-07152,372,5,343.62,2,4,3,243,At Risk,75,High risk
CUS-07153,306,3,255.93,2,2,3,223,Hibernating,72,High risk
CUS-07154,195,6,476.31999999999994,2,4,4,244,At Risk,44,Medium risk
CUS-07155,98,6,713.1099999999999,3,4,5,345,High-Value Customers,18,Low risk
CUS-07156,85,7,387.13,3,4,3,343,Discount Seekers,13,Low risk
CUS-07157,14,6,303.35,5,4,3,543,Loyal Customers,5,Low risk
CUS-07158,124,4,289.48,3,3,3,333,Potential Loyalists,30,Low risk
CUS-07159,538,2,92.42,1,2,1,121,Hibernating,67,High risk
CUS-07160,162,6,471.8,2,4,4,244,At Risk,44,Medium risk
CUS-07161,930,1,53.15,1,1,1,111,Hibernating,85,High risk
CUS-07162,85,2,244.7,3,2,2,322,Potential Loyalists,5,Low risk
CUS-07163,55,9,638.27,4,5,4,454,Champions,13,Low risk
CUS-07164,146,2,111.4,2,2,1,221,Hibernating,40,Medium risk
CUS-07165,61,6,776.75,4,4,5,445,High-Value Customers,13,Low risk
CUS-07166,427,3,683.9200000000001,1,2,5,125,Hibernating,67,High risk
CUS-07167,200,2,112.44,2,2,1,221,Hibernating,54,Medium risk
CUS-07168,34,4,279.75,5,3,3,533,Discount Seekers,13,Low risk
CUS-07169,534,5,378.57,1,4,3,143,At Risk,67,High risk
CUS-07170,282,3,98.53,2,2,1,221,Hibernating,67,High risk
CUS-07171,66,5,291.86,4,4,3,443,Loyal Customers,20,Low risk
CUS-07172,55,7,594.64,4,4,4,444,Champions,35,Medium risk
CUS-07173,332,8,688.0,2,5,5,255,High-Value Customers,72,High risk
CUS-07174,36,5,270.40999999999997,5,4,3,543,Discount Seekers,13,Low risk
CUS-07175,61,7,507.34000000000003,4,4,4,444,Champions,13,Low risk
CUS-07176,106,5,392.88,3,4,3,343,Loyal Customers,26,Low risk
CUS-07177,29,4,444.98,5,3,4,534,Potential Loyalists,5,Low risk
CUS-07178,444,2,137.07999999999998,1,2,2,122,Hibernating,77,High risk
CUS-07179,98,2,173.38,3,2,2,322,Potential Loyalists,18,Low risk
CUS-07180,80,14,1496.84,4,5,5,455,High-Value Customers,5,Low risk
CUS-07181,90,14,1536.77,3,5,5,355,High-Value Customers,13,Low risk
CUS-07182,15,10,1157.31,5,5,5,555,High-Value Customers,5,Low risk
CUS-07183,45,4,251.37,5,3,3,533,Potential Loyalists,5,Low risk
CUS-07184,82,10,428.65,3,5,4,354,Discount Seekers,21,Low risk
CUS-07185,144,5,221.35,2,4,2,242,At Risk,30,Low risk
CUS-07186,58,2,98.49000000000001,4,2,1,421,Potential Loyalists,15,Low risk
CUS-07187,99,13,2095.58,3,5,5,355,High-Value Customers,33,Low risk
CUS-07188,326,3,498.71,2,2,4,224,Hibernating,67,High risk
CUS-07189,197,8,756.32,2,5,5,255,High-Value Customers,59,Medium risk
CUS-07190,112,5,232.83,3,4,2,342,Loyal Customers,18,Low risk
CUS-07191,123,3,312.52000000000004,3,2,3,323,Potential Loyalists,40,Medium risk
CUS-07192,547,3,150.72,1,2,2,122,Hibernating,75,High risk
CUS-07193,115,4,133.94,3,3,2,332,Discount Seekers,48,Medium risk
CUS-07194,550,5,310.90000000000003,1,4,3,143,At Risk,57,Medium risk
CUS-07195,161,5,558.14,2,4,4,244,At Risk,62,Medium risk
CUS-07196,599,3,467.19,1,2,4,124,Hibernating,82,High risk
CUS-07197,57,14,1331.6100000000001,4,5,5,455,High-Value Customers,13,Low risk
CUS-07198,707,2,63.870000000000005,1,2,1,121,Hibernating,77,High risk
CUS-07199,101,2,133.4,3,2,2,322,Potential Loyalists,18,Low risk
CUS-07200,206,4,205.43,2,3,2,232,At Risk,44,Medium risk
CUS-07201,91,15,2442.15,3,5,5,355,High-Value Customers,18,Low risk
CUS-07202,938,1,32.12,1,1,1,111,Hibernating,77,High risk
CUS-07203,107,8,498.64,3,5,4,354,Loyal Customers,26,Low risk
CUS-07204,424,4,301.69,1,3,3,133,At Risk,82,High risk
CUS-07205,90,7,687.6,3,4,5,345,High-Value Customers,13,Low risk
CUS-07206,350,2,124.39,2,2,1,221,Hibernating,77,High risk
CUS-07207,44,12,535.97,5,5,4,554,Champions,5,Low risk
CUS-07208,845,1,52.54,1,1,1,111,Hibernating,77,High risk
CUS-07209,124,4,250.48,3,3,3,333,Potential Loyalists,30,Low risk
CUS-07210,35,4,157.31,5,3,2,532,Potential Loyalists,5,Low risk
CUS-07211,66,5,198.89,4,4,2,442,Loyal Customers,5,Low risk
CUS-07212,168,8,684.77,2,5,5,255,High-Value Customers,44,Medium risk
CUS-07213,489,3,81.91,1,2,1,121,Hibernating,82,High risk
CUS-07214,57,10,832.8199999999999,4,5,5,455,High-Value Customers,5,Low risk
CUS-07215,158,2,220.35999999999999,2,2,2,222,Hibernating,44,Medium risk
CUS-07216,35,2,103.89,5,2,1,521,Potential Loyalists,5,Low risk
CUS-07217,488,3,82.45,1,2,1,121,Hibernating,65,High risk
CUS-07218,154,3,150.98000000000002,2,2,2,222,Hibernating,84,High risk
CUS-07219,246,1,21.51,2,1,1,211,Hibernating,77,High risk
CUS-07220,127,1,20.29,3,1,1,311,Potential Loyalists,30,Low risk
CUS-07221,438,6,526.91,1,4,4,144,At Risk,75,High risk
CUS-07222,77,4,306.03999999999996,4,3,3,433,Potential Loyalists,5,Low risk
CUS-07223,49,3,164.71,4,2,2,422,Potential Loyalists,5,Low risk
CUS-07224,172,3,273.47,2,2,3,223,Hibernating,69,High risk
CUS-07225,98,5,256.0,3,4,3,343,Loyal Customers,18,Low risk
CUS-07226,118,6,632.82,3,4,4,344,Loyal Customers,18,Low risk
CUS-07227,83,11,691.63,3,5,5,355,High-Value Customers,13,Low risk
CUS-07228,327,5,277.23,2,4,3,243,At Risk,67,High risk
CUS-07229,295,1,60.2,2,1,1,211,Hibernating,92,High risk
CUS-07230,446,3,284.54,1,2,3,123,Hibernating,57,Medium risk
CUS-07231,22,4,389.14,5,3,3,533,Discount Seekers,28,Low risk
CUS-07232,22,6,393.25,5,4,3,543,Loyal Customers,13,Low risk
CUS-07233,91,14,2488.91,3,5,5,355,High-Value Customers,18,Low risk
CUS-07234,752,2,151.32,1,2,2,122,Hibernating,77,High risk
CUS-07235,384,4,177.66,2,3,2,232,At Risk,72,High risk
CUS-07236,500,2,176.79000000000002,1,2,2,122,Hibernating,92,High risk
CUS-07237,77,5,236.75,4,4,2,442,Loyal Customers,5,Low risk
CUS-07238,41,10,942.22,5,5,5,555,High-Value Customers,5,Low risk
CUS-07239,49,5,590.75,4,4,4,444,Champions,13,Low risk
CUS-07240,272,5,328.16,2,4,3,243,At Risk,65,High risk
CUS-07241,390,4,289.4,2,3,3,233,At Risk,67,High risk
CUS-07242,70,12,1094.3,4,5,5,455,High-Value Customers,5,Low risk
CUS-07243,10,5,410.43,5,4,4,544,Champions,13,Low risk
CUS-07244,444,1,55.39,1,1,1,111,Hibernating,77,High risk
CUS-07245,284,3,388.71,2,2,3,223,Hibernating,77,High risk
CUS-07246,527,2,264.53000000000003,1,2,3,123,Hibernating,92,High risk
CUS-07247,519,5,390.94,1,4,3,143,At Risk,75,High risk
CUS-07248,134,11,588.28,3,5,4,354,Loyal Customers,30,Low risk
CUS-07249,57,7,630.09,4,4,4,444,Champions,20,Low risk
CUS-07250,61,3,275.96000000000004,4,2,3,423,Discount Seekers,13,Low risk
CUS-07251,98,7,300.59,3,4,3,343,Loyal Customers,18,Low risk
CUS-07252,60,15,1548.98,4,5,5,455,High-Value Customers,5,Low risk
CUS-07253,87,3,176.76,3,2,2,322,Potential Loyalists,30,Low risk
CUS-07254,45,7,525.25,5,4,4,544,Champions,5,Low risk
CUS-07255,64,1,70.69,4,1,1,411,Potential Loyalists,15,Low risk
CUS-07256,40,6,463.39,5,4,4,544,Champions,20,Low risk
CUS-07257,78,5,278.36,4,4,3,443,Loyal Customers,13,Low risk
CUS-07258,215,5,199.20000000000002,2,4,2,242,At Risk,52,Medium risk
CUS-07259,72,2,207.57,4,2,2,422,Potential Loyalists,20,Low risk
CUS-07260,65,7,602.62,4,4,4,444,Champions,20,Low risk
CUS-07261,22,2,113.5,5,2,1,521,Potential Loyalists,5,Low risk
CUS-07262,179,14,997.89,2,5,5,255,High-Value Customers,44,Medium risk
CUS-07263,82,4,151.31,3,3,2,332,Discount Seekers,13,Low risk
CUS-07264,106,2,161.04,3,2,2,322,Potential Loyalists,51,Medium risk
CUS-07265,238,4,459.29999999999995,2,3,4,234,At Risk,69,High risk
CUS-07266,504,2,72.59,1,2,1,121,Hibernating,85,High risk
CUS-07267,18,3,329.17,5,2,3,523,Potential Loyalists,5,Low risk
CUS-07268,364,1,37.67,2,1,1,211,Hibernating,77,High risk
CUS-07269,21,2,117.92,5,2,1,521,Potential Loyalists,5,Low risk
CUS-07270,29,12,942.78,5,5,5,555,High-Value Customers,5,Low risk
CUS-07271,611,2,113.22999999999999,1,2,1,121,Hibernating,77,High risk
CUS-07272,54,7,1102.23,4,4,5,445,High-Value Customers,20,Low risk
CUS-07273,528,5,259.97,1,4,3,143,At Risk,67,High risk
CUS-07274,224,12,1191.99,2,5,5,255,High-Value Customers,59,Medium risk
CUS-07275,506,4,267.08,1,3,3,133,At Risk,82,High risk
CUS-07276,660,4,203.3,1,3,2,132,At Risk,75,High risk
CUS-07277,88,7,767.36,3,4,5,345,High-Value Customers,20,Low risk
CUS-07278,132,6,530.2,3,4,4,344,Loyal Customers,38,Medium risk
CUS-07279,546,1,118.54,1,1,1,111,Hibernating,77,High risk
CUS-07280,417,3,115.15,1,2,1,121,Hibernating,77,High risk
CUS-07281,44,3,86.34,5,2,1,521,Potential Loyalists,5,Low risk
CUS-07282,474,1,156.05,1,1,2,112,Hibernating,85,High risk
CUS-07283,63,8,978.09,4,5,5,455,High-Value Customers,5,Low risk
CUS-07284,96,4,391.13,3,3,3,333,Potential Loyalists,33,Low risk
CUS-07285,63,2,76.38,4,2,1,421,Potential Loyalists,5,Low risk
CUS-07286,522,3,148.41,1,2,2,122,Hibernating,92,High risk
CUS-07287,76,6,413.97,4,4,4,444,Champions,5,Low risk
CUS-07288,38,17,1457.95,5,5,5,555,High-Value Customers,5,Low risk
CUS-07289,105,9,1018.73,3,5,5,355,High-Value Customers,18,Low risk
CUS-07290,66,10,604.82,4,5,4,454,Champions,21,Low risk
CUS-07291,203,3,203.47,2,2,2,222,Hibernating,69,High risk
CUS-07292,587,2,306.76,1,2,3,123,Hibernating,85,High risk
CUS-07293,241,4,330.84000000000003,2,3,3,233,At Risk,67,High risk
CUS-07294,54,2,189.62,4,2,2,422,Potential Loyalists,20,Low risk
CUS-07295,669,1,53.65,1,1,1,111,Hibernating,77,High risk
CUS-07296,378,4,345.34000000000003,2,3,3,233,At Risk,57,Medium risk
CUS-07297,97,6,253.67000000000002,3,4,3,343,Loyal Customers,18,Low risk
CUS-07298,24,6,485.03000000000003,5,4,4,544,Champions,28,Low risk
CUS-07299,129,7,801.22,3,4,5,345,High-Value Customers,38,Medium risk
CUS-07300,23,6,455.53000000000003,5,4,4,544,Champions,20,Low risk
CUS-07301,31,4,188.82,5,3,2,532,Discount Seekers,38,Medium risk
CUS-07302,31,4,207.43,5,3,2,532,Potential Loyalists,20,Low risk
CUS-07303,360,4,179.97,2,3,2,232,At Risk,82,High risk
CUS-07304,20,2,111.86,5,2,1,521,Potential Loyalists,5,Low risk
CUS-07305,82,10,1169.1299999999999,3,5,5,355,High-Value Customers,5,Low risk
CUS-07306,191,6,621.9,2,4,4,244,At Risk,44,Medium risk
CUS-07307,495,3,204.16,1,2,2,122,Hibernating,82,High risk
CUS-07308,129,5,486.48,3,4,4,344,Loyal Customers,30,Low risk
CUS-07309,36,5,356.84000000000003,5,4,3,543,Loyal Customers,5,Low risk
CUS-07310,35,2,147.99,5,2,2,522,Potential Loyalists,5,Low risk
CUS-07311,38,1,28.73,5,1,1,511,Potential Loyalists,5,Low risk
CUS-07312,125,7,295.1,3,4,3,343,Loyal Customers,38,Medium risk
CUS-07313,121,2,104.0,3,2,1,321,Potential Loyalists,40,Medium risk
CUS-07314,489,2,157.29,1,2,2,122,Hibernating,77,High risk
CUS-07315,23,8,598.38,5,5,4,554,Champions,5,Low risk
CUS-07316,540,2,194.64,1,2,2,122,Hibernating,82,High risk
CUS-07317,91,4,201.37,3,3,2,332,Discount Seekers,26,Low risk
CUS-07318,187,5,363.92,2,4,3,243,At Risk,44,Medium risk
CUS-07319,46,3,200.5,5,2,2,522,Potential Loyalists,5,Low risk
CUS-07320,79,2,113.87,4,2,1,421,Potential Loyalists,20,Low risk
CUS-07321,53,3,104.92,4,2,1,421,Potential Loyalists,5,Low risk
CUS-07322,24,6,243.88,5,4,2,542,Loyal Customers,13,Low risk
CUS-07323,91,4,461.55,3,3,4,334,Potential Loyalists,33,Low risk
CUS-07324,51,2,289.37,4,2,3,423,Potential Loyalists,5,Low risk
CUS-07325,55,6,172.28,4,4,2,442,Loyal Customers,5,Low risk
CUS-07326,66,4,436.56,4,3,4,434,Potential Loyalists,5,Low risk
CUS-07327,499,3,257.66999999999996,1,2,3,123,Hibernating,82,High risk
CUS-07328,57,2,105.65,4,2,1,421,Potential Loyalists,5,Low risk
CUS-07329,18,3,318.63,5,2,3,523,Potential Loyalists,5,Low risk
CUS-07330,495,2,151.72,1,2,2,122,Hibernating,67,High risk
CUS-07331,5,5,252.67000000000002,5,4,3,543,Loyal Customers,5,Low risk
CUS-07332,32,6,516.02,5,4,4,544,Champions,13,Low risk
CUS-07333,467,2,193.81,1,2,2,122,Hibernating,67,High risk
CUS-07334,88,9,911.22,3,5,5,355,High-Value Customers,5,Low risk
CUS-07335,32,2,90.85,5,2,1,521,Potential Loyalists,5,Low risk
CUS-07336,95,2,177.24,3,2,2,322,Potential Loyalists,18,Low risk
CUS-07337,677,3,81.25,1,2,1,121,Hibernating,77,High risk
CUS-07338,144,15,1103.07,2,5,5,255,High-Value Customers,30,Low risk
CUS-07339,984,2,88.0,1,2,1,121,Hibernating,85,High risk
CUS-07340,52,2,141.49,4,2,2,422,Potential Loyalists,5,Low risk
CUS-07341,73,12,1111.39,4,5,5,455,High-Value Customers,5,Low risk
CUS-07342,366,3,238.63,2,2,2,222,Hibernating,82,High risk
CUS-07343,103,3,178.72,3,2,2,322,Discount Seekers,51,Medium risk
CUS-07344,24,6,415.11,5,4,4,544,Champions,21,Low risk
CUS-07345,641,2,124.34,1,2,1,121,Hibernating,100,High risk
CUS-07346,135,4,571.64,3,3,4,334,Potential Loyalists,55,Medium risk
CUS-07347,494,2,234.9,1,2,2,122,Hibernating,77,High risk
CUS-07348,78,11,701.15,4,5,5,455,High-Value Customers,35,Medium risk
CUS-07349,868,2,131.89,1,2,1,121,Hibernating,77,High risk
CUS-07350,785,2,131.31,1,2,1,121,Hibernating,92,High risk
CUS-07351,188,1,38.36,2,1,1,211,Hibernating,54,Medium risk
CUS-07352,414,2,97.62,1,2,1,121,Hibernating,77,High risk
CUS-07353,74,3,285.21000000000004,4,2,3,423,Potential Loyalists,5,Low risk
CUS-07354,33,6,782.62,5,4,5,545,High-Value Customers,5,Low risk
CUS-07355,476,1,28.49,1,1,1,111,Hibernating,77,High risk
CUS-07356,81,6,595.8299999999999,4,4,4,444,Champions,13,Low risk
CUS-07357,88,9,667.46,3,5,5,355,High-Value Customers,13,Low risk
CUS-07358,98,3,81.0,3,2,1,321,Potential Loyalists,18,Low risk
CUS-07359,94,8,930.95,3,5,5,355,High-Value Customers,18,Low risk
CUS-07360,26,3,133.07999999999998,5,2,2,522,Potential Loyalists,5,Low risk
CUS-07361,55,10,529.5,4,5,4,454,Champions,28,Low risk
CUS-07362,460,4,294.88,1,3,3,133,At Risk,67,High risk
CUS-07363,115,16,2031.57,3,5,5,355,High-Value Customers,18,Low risk
CUS-07364,184,4,191.48000000000002,2,3,2,232,At Risk,44,Medium risk
CUS-07365,73,2,201.51,4,2,2,422,Potential Loyalists,5,Low risk
CUS-07366,446,3,172.71,1,2,2,122,Hibernating,57,Medium risk
CUS-07367,75,16,1317.52,4,5,5,455,High-Value Customers,5,Low risk
CUS-07368,84,10,1272.48,3,5,5,355,High-Value Customers,13,Low risk
CUS-07369,519,6,427.26,1,4,4,144,At Risk,67,High risk
CUS-07370,32,13,1323.81,5,5,5,555,High-Value Customers,5,Low risk
CUS-07371,78,8,793.22,4,5,5,455,High-Value Customers,5,Low risk
CUS-07372,47,2,113.82,5,2,1,521,Potential Loyalists,20,Low risk
CUS-07373,343,1,43.26,2,1,1,211,Hibernating,77,High risk
CUS-07374,655,2,61.79,1,2,1,121,Hibernating,77,High risk
CUS-07375,369,2,97.39,2,2,1,221,Hibernating,75,High risk
CUS-07376,47,5,582.0999999999999,5,4,4,544,Champions,13,Low risk
CUS-07377,758,1,48.3,1,1,1,111,Hibernating,77,High risk
CUS-07378,154,4,331.53,2,3,3,233,Discount Seekers,52,Medium risk
CUS-07379,88,6,225.04,3,4,2,342,Loyal Customers,5,Low risk
CUS-07380,526,1,93.11,1,1,1,111,Hibernating,77,High risk
CUS-07381,75,8,456.52,4,5,4,454,Champions,5,Low risk
CUS-07382,129,3,512.82,3,2,4,324,Potential Loyalists,45,Medium risk
CUS-07383,98,2,151.05,3,2,2,322,Potential Loyalists,18,Low risk
CUS-07384,40,2,95.41999999999999,5,2,1,521,Discount Seekers,23,Low risk
CUS-07385,43,7,707.4200000000001,5,4,5,545,High-Value Customers,20,Low risk
CUS-07386,46,1,29.31,5,1,1,511,Potential Loyalists,5,Low risk
CUS-07387,992,1,84.23,1,1,1,111,Hibernating,77,High risk
CUS-07388,68,3,249.78,4,2,3,423,Potential Loyalists,15,Low risk
CUS-07389,775,3,236.19,1,2,2,122,Hibernating,67,High risk
CUS-07390,95,8,570.64,3,5,4,354,Discount Seekers,26,Low risk
CUS-07391,41,12,1391.54,5,5,5,555,High-Value Customers,5,Low risk
CUS-07392,81,16,1723.01,4,5,5,455,High-Value Customers,13,Low risk
CUS-07393,61,6,1490.13,4,4,5,445,High-Value Customers,15,Low risk
CUS-07394,96,10,609.6800000000001,3,5,4,354,Loyal Customers,18,Low risk
CUS-07395,52,12,1418.43,4,5,5,455,High-Value Customers,13,Low risk
CUS-07396,227,9,1084.75,2,5,5,255,High-Value Customers,59,Medium risk
CUS-07397,172,5,353.98,2,4,3,243,At Risk,44,Medium risk
CUS-07398,183,2,431.76,2,2,4,224,Hibernating,54,Medium risk
CUS-07399,44,1,70.13,5,1,1,511,Potential Loyalists,20,Low risk
CUS-07400,48,7,545.91,5,4,4,544,Champions,21,Low risk
CUS-07401,402,3,298.15999999999997,1,2,3,123,Hibernating,67,High risk
CUS-07402,534,3,188.10000000000002,1,2,2,122,Hibernating,92,High risk
CUS-07403,68,11,999.22,4,5,5,455,High-Value Customers,13,Low risk
CUS-07404,275,2,122.81,2,2,1,221,Hibernating,67,High risk
CUS-07405,19,4,342.43,5,3,3,533,Potential Loyalists,20,Low risk
CUS-07406,65,9,645.4499999999999,4,5,4,454,Champions,5,Low risk
CUS-07407,45,3,201.67000000000002,5,2,2,522,Potential Loyalists,5,Low risk
CUS-07408,31,3,173.61,5,2,2,522,Potential Loyalists,5,Low risk
CUS-07409,22,8,607.6800000000001,5,5,4,554,Champions,5,Low risk
CUS-07410,66,2,183.56,4,2,2,422,Potential Loyalists,5,Low risk
CUS-07411,418,2,121.39,1,2,1,121,Hibernating,67,High risk
CUS-07412,65,9,502.44,4,5,4,454,Champions,5,Low risk
CUS-07413,128,13,1535.74,3,5,5,355,High-Value Customers,30,Low risk
CUS-07414,326,5,412.42,2,4,4,244,At Risk,67,High risk
CUS-07415,25,5,449.63,5,4,4,544,Champions,13,Low risk
CUS-07416,464,2,227.14,1,2,2,122,Hibernating,67,High risk
CUS-07417,22,1,70.32,5,1,1,511,Potential Loyalists,15,Low risk
CUS-07418,187,2,50.56,2,2,1,221,Hibernating,54,Medium risk
CUS-07419,512,4,510.26,1,3,4,134,At Risk,57,Medium risk
CUS-07420,87,3,187.94,3,2,2,322,Potential Loyalists,15,Low risk
CUS-07421,44,7,518.53,5,4,4,544,Champions,5,Low risk
CUS-07422,467,6,457.98,1,4,4,144,At Risk,65,High risk
CUS-07423,92,1,98.82,3,1,1,311,Potential Loyalists,18,Low risk
CUS-07424,386,3,155.66000000000003,2,2,2,222,Hibernating,72,High risk
CUS-07425,124,10,896.94,3,5,5,355,High-Value Customers,38,Medium risk
CUS-07426,64,11,843.9300000000001,4,5,5,455,High-Value Customers,21,Low risk
CUS-07427,54,8,1156.91,4,5,5,455,High-Value Customers,5,Low risk
CUS-07428,713,6,723.96,1,4,5,145,High-Value Customers,75,High risk
CUS-07429,765,2,133.49,1,2,2,122,Hibernating,77,High risk
CUS-07430,133,9,549.67,3,5,4,354,Loyal Customers,30,Low risk
CUS-07431,52,5,389.41,4,4,3,443,Discount Seekers,13,Low risk
CUS-07432,248,3,207.44,2,2,2,222,Hibernating,72,High risk
CUS-07433,18,6,473.61,5,4,4,544,Champions,21,Low risk
CUS-07434,269,2,184.17000000000002,2,2,2,222,Hibernating,67,High risk
CUS-07435,48,1,65.69,5,1,1,511,Potential Loyalists,5,Low risk
CUS-07436,838,1,42.36,1,1,1,111,Hibernating,77,High risk
CUS-07437,54,6,294.79,4,4,3,443,Discount Seekers,13,Low risk
CUS-07438,31,2,225.55,5,2,2,522,Potential Loyalists,20,Low risk
CUS-07439,54,6,331.94,4,4,3,443,Loyal Customers,5,Low risk
CUS-07440,17,10,1029.99,5,5,5,555,High-Value Customers,5,Low risk
CUS-07441,622,2,295.79999999999995,1,2,3,123,Hibernating,92,High risk
CUS-07442,263,5,306.59000000000003,2,4,3,243,At Risk,67,High risk
CUS-07443,780,2,177.79000000000002,1,2,2,122,Hibernating,77,High risk
CUS-07444,435,5,564.6700000000001,1,4,4,144,At Risk,57,Medium risk
CUS-07445,84,2,173.26,3,2,2,322,Potential Loyalists,25,Low risk
CUS-07446,142,1,58.38,2,1,1,211,Hibernating,40,Medium risk
CUS-07447,219,4,212.76999999999998,2,3,2,232,At Risk,54,Medium risk
CUS-07448,30,5,317.03,5,4,3,543,Loyal Customers,13,Low risk
CUS-07449,303,2,266.2,2,2,3,223,Hibernating,100,High risk
CUS-07450,517,5,492.72,1,4,4,144,At Risk,75,High risk
CUS-07451,84,1,92.23,3,1,1,311,Potential Loyalists,20,Low risk
CUS-07452,31,3,203.9,5,2,2,522,Potential Loyalists,5,Low risk
CUS-07453,35,2,170.31,5,2,2,522,Potential Loyalists,25,Low risk
CUS-07454,25,4,188.60999999999999,5,3,2,532,Potential Loyalists,5,Low risk
CUS-07455,15,1,31.7,5,1,1,511,Potential Loyalists,5,Low risk
CUS-07456,103,7,566.58,3,4,4,344,Discount Seekers,41,Medium risk
CUS-07457,46,8,574.95,5,5,4,554,Champions,5,Low risk
CUS-07458,30,2,119.09,5,2,1,521,Potential Loyalists,5,Low risk
CUS-07459,99,5,752.71,3,4,5,345,High-Value Customers,26,Low risk
CUS-07460,284,6,474.99,2,4,4,244,At Risk,72,High risk
CUS-07461,67,9,495.19,4,5,4,454,Champions,5,Low risk
CUS-07462,186,7,567.85,2,4,4,244,At Risk,44,Medium risk
CUS-07463,77,8,489.14,4,5,4,454,Champions,5,Low risk
CUS-07464,83,13,1081.33,3,5,5,355,High-Value Customers,20,Low risk
CUS-07465,57,5,307.49,4,4,3,443,Loyal Customers,21,Low risk
CUS-07466,374,2,146.85,2,2,2,222,Hibernating,67,High risk
CUS-07467,425,4,323.93,1,3,3,133,At Risk,67,High risk
CUS-07468,300,2,170.76000000000002,2,2,2,222,Hibernating,82,High risk
CUS-07469,299,7,698.7,2,4,5,245,High-Value Customers,57,Medium risk
CUS-07470,453,3,242.65,1,2,2,122,Hibernating,82,High risk
CUS-07471,101,22,2579.91,3,5,5,355,High-Value Customers,18,Low risk
CUS-07472,33,5,385.31,5,4,3,543,Loyal Customers,13,Low risk
CUS-07473,71,7,455.65,4,4,4,444,Champions,13,Low risk
CUS-07474,889,1,75.8,1,1,1,111,Hibernating,77,High risk
CUS-07475,152,6,346.26,2,4,3,243,At Risk,44,Medium risk
CUS-07476,171,4,304.65999999999997,2,3,3,233,At Risk,54,Medium risk
CUS-07477,67,6,297.97,4,4,3,443,Discount Seekers,28,Low risk
CUS-07478,83,5,416.87,3,4,4,344,Loyal Customers,5,Low risk
CUS-07479,56,11,597.45,4,5,4,454,Champions,5,Low risk
CUS-07480,115,6,647.23,3,4,4,344,Loyal Customers,26,Low risk
CUS-07481,89,7,571.16,3,4,4,344,Loyal Customers,5,Low risk
CUS-07482,121,1,22.67,3,1,1,311,Potential Loyalists,40,Medium risk
CUS-07483,87,11,1778.1399999999999,3,5,5,355,High-Value Customers,5,Low risk
CUS-07484,27,2,125.82000000000001,5,2,1,521,Potential Loyalists,15,Low risk
CUS-07485,47,3,134.92000000000002,5,2,2,522,Potential Loyalists,5,Low risk
CUS-07486,543,3,235.12,1,2,2,122,Hibernating,75,High risk
CUS-07487,87,1,54.99,3,1,1,311,Potential Loyalists,15,Low risk
CUS-07488,348,3,117.25,2,2,1,221,Hibernating,65,High risk
CUS-07489,389,4,311.94,2,3,3,233,At Risk,57,Medium risk
CUS-07490,375,5,461.34999999999997,2,4,4,244,At Risk,65,High risk
CUS-07491,578,4,421.48,1,3,4,134,At Risk,67,High risk
CUS-07492,564,2,137.26,1,2,2,122,Hibernating,77,High risk
CUS-07493,691,4,293.69,1,3,3,133,At Risk,67,High risk
CUS-07494,464,1,42.49,1,1,1,111,Hibernating,77,High risk
CUS-07495,133,5,610.9399999999999,3,4,4,344,Loyal Customers,30,Low risk
CUS-07496,527,5,364.49,1,4,3,143,At Risk,65,High risk
CUS-07497,773,4,388.59,1,3,3,133,At Risk,82,High risk
CUS-07498,102,9,1131.4,3,5,5,355,High-Value Customers,33,Low risk
CUS-07499,87,2,223.48999999999998,3,2,2,322,Potential Loyalists,33,Low risk
CUS-07500,92,7,606.02,3,4,4,344,Loyal Customers,18,Low risk
CUS-07501,77,9,807.8100000000001,4,5,5,455,High-Value Customers,5,Low risk
CUS-07502,125,10,797.05,3,5,5,355,High-Value Customers,46,Medium risk
CUS-07503,90,4,379.6,3,3,3,333,Potential Loyalists,20,Low risk
CUS-07504,157,5,306.77,2,4,3,243,At Risk,44,Medium risk
CUS-07505,114,3,131.76,3,2,1,321,Potential Loyalists,28,Low risk
CUS-07506,22,11,1016.39,5,5,5,555,High-Value Customers,28,Low risk
CUS-07507,30,3,259.29,5,2,3,523,Potential Loyalists,5,Low risk
CUS-07508,511,5,478.92,1,4,4,144,At Risk,67,High risk
CUS-07509,442,1,69.96,1,1,1,111,Hibernating,85,High risk
CUS-07510,819,1,326.44,1,1,3,113,Hibernating,77,High risk
CUS-07511,91,11,594.91,3,5,4,354,Discount Seekers,26,Low risk
CUS-07512,593,2,56.21,1,2,1,121,Hibernating,85,High risk
CUS-07513,103,6,352.29,3,4,3,343,Loyal Customers,18,Low risk
CUS-07514,19,8,796.03,5,5,5,555,High-Value Customers,20,Low risk
CUS-07515,92,3,135.43,3,2,2,322,Potential Loyalists,18,Low risk
CUS-07516,107,7,719.4200000000001,3,4,5,345,High-Value Customers,33,Low risk
CUS-07517,196,3,233.78,2,2,2,222,Hibernating,54,Medium risk
CUS-07518,258,5,370.03,2,4,3,243,At Risk,65,High risk
CUS-07519,22,7,537.26,5,4,4,544,Champions,5,Low risk
CUS-07520,578,1,140.31,1,1,2,112,Hibernating,77,High risk
CUS-07521,75,4,165.29000000000002,4,3,2,432,Potential Loyalists,5,Low risk
CUS-07522,41,2,197.9,5,2,2,522,Potential Loyalists,5,Low risk
CUS-07523,74,11,990.69,4,5,5,455,High-Value Customers,5,Low risk
CUS-07524,104,4,402.05,3,3,4,334,Discount Seekers,26,Low risk
CUS-07525,264,2,133.4,2,2,2,222,Hibernating,77,High risk
CUS-07526,131,5,563.98,3,4,4,344,Loyal Customers,30,Low risk
CUS-07527,17,4,250.78,5,3,3,533,Potential Loyalists,5,Low risk
CUS-07528,24,3,358.34,5,2,3,523,Potential Loyalists,5,Low risk
CUS-07529,378,7,648.1700000000001,2,4,4,244,At Risk,65,High risk
CUS-07530,49,2,242.42000000000002,4,2,2,422,Potential Loyalists,20,Low risk
CUS-07531,104,24,2364.93,3,5,5,355,High-Value Customers,33,Low risk
CUS-07532,47,7,498.43,5,4,4,544,Champions,28,Low risk
CUS-07533,53,3,166.23000000000002,4,2,2,422,Potential Loyalists,5,Low risk
CUS-07534,103,11,1315.21,3,5,5,355,High-Value Customers,18,Low risk
CUS-07535,860,2,198.82000000000002,1,2,2,122,Hibernating,77,High risk
CUS-07536,376,1,57.16,2,1,1,211,Hibernating,85,High risk
CUS-07537,519,2,168.94,1,2,2,122,Hibernating,85,High risk
CUS-07538,86,1,50.22,3,1,1,311,Potential Loyalists,5,Low risk
CUS-07539,161,5,405.53,2,4,4,244,At Risk,44,Medium risk
CUS-07540,20,9,642.8299999999999,5,5,4,554,Champions,5,Low risk
CUS-07541,166,7,888.63,2,4,5,245,High-Value Customers,44,Medium risk
CUS-07542,145,5,533.89,2,4,4,244,At Risk,38,Medium risk
CUS-07543,16,9,836.15,5,5,5,555,High-Value Customers,5,Low risk
CUS-07544,453,3,357.18,1,2,3,123,Hibernating,82,High risk
CUS-07545,56,4,232.74,4,3,2,432,Potential Loyalists,15,Low risk
CUS-07546,79,3,279.67,4,2,3,423,Potential Loyalists,20,Low risk
CUS-07547,496,1,85.85,1,1,1,111,Hibernating,77,High risk
CUS-07548,132,12,1207.23,3,5,5,355,High-Value Customers,30,Low risk
CUS-07549,51,5,408.44,4,4,4,444,Champions,13,Low risk
CUS-07550,173,12,1411.62,2,5,5,255,High-Value Customers,44,Medium risk
CUS-07551,830,3,286.2,1,2,3,123,Hibernating,77,High risk
CUS-07552,539,3,293.78000000000003,1,2,3,123,Hibernating,85,High risk
CUS-07553,51,8,718.74,4,5,5,455,High-Value Customers,5,Low risk
CUS-07554,96,6,542.47,3,4,4,344,Loyal Customers,18,Low risk
CUS-07555,477,2,130.17000000000002,1,2,1,121,Hibernating,85,High risk
CUS-07556,26,2,96.4,5,2,1,521,Potential Loyalists,5,Low risk
CUS-07557,339,3,311.62,2,2,3,223,Hibernating,67,High risk
CUS-07558,132,4,166.3,3,3,2,332,Potential Loyalists,30,Low risk
CUS-07559,452,1,157.7,1,1,2,112,Hibernating,77,High risk
CUS-07560,139,5,373.01,2,4,3,243,At Risk,53,Medium risk
CUS-07561,745,2,183.72,1,2,2,122,Hibernating,77,High risk
CUS-07562,46,9,790.5600000000001,5,5,5,555,High-Value Customers,20,Low risk
CUS-07563,451,4,210.81,1,3,2,132,At Risk,67,High risk
CUS-07564,274,2,207.99,2,2,2,222,Hibernating,77,High risk
CUS-07565,84,14,1258.44,3,5,5,355,High-Value Customers,13,Low risk
CUS-07566,31,7,601.9,5,4,4,544,Champions,5,Low risk
CUS-07567,36,3,251.97,5,2,3,523,Discount Seekers,13,Low risk
CUS-07568,287,5,446.65,2,4,4,244,At Risk,57,Medium risk
CUS-07569,218,3,246.42000000000002,2,2,2,222,Hibernating,69,High risk
CUS-07570,44,2,324.05,5,2,3,523,Potential Loyalists,20,Low risk
CUS-07571,51,4,279.82,4,3,3,433,Potential Loyalists,5,Low risk
CUS-07572,50,14,1201.07,4,5,5,455,High-Value Customers,20,Low risk
CUS-07573,321,5,429.51,2,4,4,244,At Risk,75,High risk
CUS-07574,171,8,733.3000000000001,2,5,5,255,High-Value Customers,44,Medium risk
CUS-07575,46,4,458.07000000000005,5,3,4,534,Potential Loyalists,5,Low risk
CUS-07576,147,7,523.27,2,4,4,244,At Risk,30,Low risk
CUS-07577,215,6,759.98,2,4,5,245,High-Value Customers,52,Medium risk
CUS-07578,50,3,89.07000000000001,4,2,1,421,Potential Loyalists,5,Low risk
CUS-07579,46,8,1066.45,5,5,5,555,High-Value Customers,5,Low risk
CUS-07580,85,5,390.41,3,4,3,343,Loyal Customers,20,Low risk
CUS-07581,81,8,871.74,4,5,5,455,High-Value Customers,5,Low risk
CUS-07582,85,13,1415.6299999999999,3,5,5,355,High-Value Customers,5,Low risk
CUS-07583,132,5,314.52000000000004,3,4,3,343,Loyal Customers,40,Medium risk
CUS-07584,47,7,497.62,5,4,4,544,Champions,5,Low risk
CUS-07585,116,3,309.42,3,2,3,323,Potential Loyalists,28,Low risk
CUS-07586,391,3,188.37,2,2,2,222,Hibernating,77,High risk
CUS-07587,26,3,138.74,5,2,2,522,Potential Loyalists,15,Low risk
CUS-07588,54,4,357.21000000000004,4,3,3,433,Potential Loyalists,5,Low risk
CUS-07589,452,2,138.0,1,2,2,122,Hibernating,77,High risk
CUS-07590,269,4,235.81,2,3,2,232,At Risk,72,High risk
CUS-07591,145,5,246.35,2,4,2,242,Discount Seekers,48,Medium risk
CUS-07592,84,11,1013.74,3,5,5,355,High-Value Customers,5,Low risk
CUS-07593,212,3,382.87,2,2,3,223,Hibernating,54,Medium risk
CUS-07594,294,5,412.32,2,4,4,244,At Risk,65,High risk
CUS-07595,92,2,506.29999999999995,3,2,4,324,Potential Loyalists,28,Low risk
CUS-07596,149,7,618.73,2,4,4,244,At Risk,45,Medium risk
CUS-07597,40,2,159.15,5,2,2,522,Potential Loyalists,5,Low risk
CUS-07598,22,3,182.12,5,2,2,522,Potential Loyalists,5,Low risk
CUS-07599,35,1,24.15,5,1,1,511,Potential Loyalists,13,Low risk
CUS-07600,176,3,351.53999999999996,2,2,3,223,Hibernating,54,Medium risk
CUS-07601,60,5,322.3,4,4,3,443,Loyal Customers,5,Low risk
CUS-07602,33,19,1843.75,5,5,5,555,High-Value Customers,5,Low risk
CUS-07603,63,6,406.11,4,4,4,444,Champions,28,Low risk
CUS-07604,29,8,687.42,5,5,5,555,High-Value Customers,5,Low risk
CUS-07605,596,2,218.63,1,2,2,122,Hibernating,85,High risk
CUS-07606,84,2,153.85,3,2,2,322,Potential Loyalists,5,Low risk
CUS-07607,432,2,195.5,1,2,2,122,Hibernating,92,High risk
CUS-07608,570,3,166.92000000000002,1,2,2,122,Hibernating,92,High risk
CUS-07609,195,4,304.89,2,3,3,233,At Risk,62,Medium risk
CUS-07610,85,7,1078.23,3,4,5,345,High-Value Customers,5,Low risk
CUS-07611,67,2,220.07999999999998,4,2,2,422,Potential Loyalists,15,Low risk
CUS-07612,143,10,943.99,2,5,5,255,High-Value Customers,30,Low risk
CUS-07613,32,6,655.75,5,4,4,544,Champions,5,Low risk
CUS-07614,131,4,485.36,3,3,4,334,Potential Loyalists,55,Medium risk
CUS-07615,454,2,97.66,1,2,1,121,Hibernating,75,High risk
CUS-07616,377,1,26.6,2,1,1,211,Hibernating,77,High risk
CUS-07617,281,2,185.44,2,2,2,222,Hibernating,67,High risk
CUS-07618,893,2,134.47,1,2,2,122,Hibernating,92,High risk
CUS-07619,685,1,73.07,1,1,1,111,Hibernating,77,High risk
CUS-07620,65,13,1257.9,4,5,5,455,High-Value Customers,20,Low risk
CUS-07621,245,3,279.63,2,2,3,223,Hibernating,57,Medium risk
CUS-07622,749,2,92.67999999999999,1,2,1,121,Hibernating,77,High risk
CUS-07623,113,3,320.64,3,2,3,323,Discount Seekers,26,Low risk
CUS-07624,66,7,625.82,4,4,4,444,Champions,5,Low risk
CUS-07625,322,6,242.47,2,4,2,242,At Risk,67,High risk
CUS-07626,375,1,100.93,2,1,1,211,Hibernating,77,High risk
CUS-07627,46,13,1513.07,5,5,5,555,High-Value Customers,5,Low risk
CUS-07628,48,15,998.93,5,5,5,555,High-Value Customers,5,Low risk
CUS-07629,592,2,174.24,1,2,2,122,Hibernating,77,High risk
CUS-07630,43,5,630.67,5,4,4,544,Champions,13,Low risk
CUS-07631,64,4,476.76,4,3,4,434,Potential Loyalists,15,Low risk
CUS-07632,77,8,960.49,4,5,5,455,High-Value Customers,5,Low risk
CUS-07633,56,8,1032.28,4,5,5,455,High-Value Customers,5,Low risk
CUS-07634,818,1,34.1,1,1,1,111,Hibernating,77,High risk
CUS-07635,20,3,211.59,5,2,2,522,Potential Loyalists,5,Low risk
CUS-07636,79,9,1041.7,4,5,5,455,High-Value Customers,5,Low risk
CUS-07637,106,3,233.48999999999998,3,2,2,322,Potential Loyalists,43,Medium risk
CUS-07638,61,7,755.93,4,4,5,445,High-Value Customers,5,Low risk
CUS-07639,80,9,669.33,4,5,5,455,High-Value Customers,5,Low risk
CUS-07640,53,7,478.32,4,4,4,444,Champions,5,Low risk
CUS-07641,62,2,120.0,4,2,1,421,Potential Loyalists,5,Low risk
CUS-07642,49,5,398.66,4,4,4,444,Champions,5,Low risk
CUS-07643,99,7,639.67,3,4,4,344,Loyal Customers,18,Low risk
CUS-07644,29,3,154.0,5,2,2,522,Potential Loyalists,5,Low risk
CUS-07645,75,1,36.83,4,1,1,411,Potential Loyalists,13,Low risk
CUS-07646,79,10,872.68,4,5,5,455,High-Value Customers,5,Low risk
CUS-07647,69,11,954.76,4,5,5,455,High-Value Customers,13,Low risk
CUS-07648,70,12,1083.17,4,5,5,455,High-Value Customers,5,Low risk
CUS-07649,305,3,123.0,2,2,1,221,Hibernating,82,High risk
CUS-07650,795,1,21.82,1,1,1,111,Hibernating,77,High risk
CUS-07651,37,10,961.7,5,5,5,555,High-Value Customers,13,Low risk
CUS-07652,660,2,95.83,1,2,1,121,Hibernating,85,High risk
CUS-07653,402,1,91.08,1,1,1,111,Hibernating,92,High risk
CUS-07654,119,6,704.32,3,4,5,345,High-Value Customers,26,Low risk
CUS-07655,25,14,1897.95,5,5,5,555,High-Value Customers,5,Low risk
CUS-07656,64,12,1062.44,4,5,5,455,High-Value Customers,20,Low risk
CUS-07657,24,6,835.78,5,4,5,545,High-Value Customers,13,Low risk
CUS-07658,124,2,132.82,3,2,2,322,Potential Loyalists,30,Low risk
CUS-07659,61,19,1715.3,4,5,5,455,High-Value Customers,5,Low risk
CUS-07660,911,3,157.75,1,2,2,122,Hibernating,85,High risk
CUS-07661,42,2,93.94,5,2,1,521,Potential Loyalists,5,Low risk
CUS-07662,720,1,212.96,1,1,2,112,Hibernating,85,High risk
CUS-07663,906,5,255.4,1,4,3,143,At Risk,67,High risk
CUS-07664,16,1,23.1,5,1,1,511,Potential Loyalists,13,Low risk
CUS-07665,70,8,503.24,4,5,4,454,Champions,13,Low risk
CUS-07666,82,10,1159.78,3,5,5,355,High-Value Customers,5,Low risk
CUS-07667,328,1,71.38,2,1,1,211,Hibernating,77,High risk
CUS-07668,76,7,321.8,4,4,3,443,Loyal Customers,5,Low risk
CUS-07669,79,10,388.42,4,5,3,453,Loyal Customers,5,Low risk
CUS-07670,102,9,534.83,3,5,4,354,Loyal Customers,18,Low risk
CUS-07671,43,4,132.73,5,3,2,532,Potential Loyalists,5,Low risk
CUS-07672,59,6,655.67,4,4,4,444,Champions,5,Low risk
CUS-07673,24,2,83.62,5,2,1,521,Potential Loyalists,20,Low risk
CUS-07674,625,1,64.05,1,1,1,111,Hibernating,77,High risk
CUS-07675,81,9,723.85,4,5,5,455,High-Value Customers,5,Low risk
CUS-07676,39,3,204.89999999999998,5,2,2,522,Potential Loyalists,13,Low risk
CUS-07677,247,3,95.32000000000001,2,2,1,221,Hibernating,67,High risk
CUS-07678,646,2,174.12,1,2,2,122,Hibernating,85,High risk
CUS-07679,548,4,258.63,1,3,3,133,At Risk,67,High risk
CUS-07680,66,13,1587.67,4,5,5,455,High-Value Customers,5,Low risk
CUS-07681,367,3,281.6,2,2,3,223,Hibernating,72,High risk
CUS-07682,79,7,826.3100000000001,4,4,5,445,High-Value Customers,13,Low risk
CUS-07683,668,1,60.9,1,1,1,111,Hibernating,77,High risk
CUS-07684,28,5,184.23,5,4,2,542,Loyal Customers,5,Low risk
CUS-07685,208,3,177.9,2,2,2,222,Hibernating,44,Medium risk
CUS-07686,464,7,475.15,1,4,4,144,At Risk,72,High risk
CUS-07687,132,2,129.19,3,2,1,321,Discount Seekers,55,Medium risk
CUS-07688,376,1,192.58,2,1,2,212,Hibernating,77,High risk
CUS-07689,17,5,471.75,5,4,4,544,Champions,5,Low risk
CUS-07690,576,1,55.18,1,1,1,111,Hibernating,85,High risk
CUS-07691,18,8,551.18,5,5,4,554,Champions,5,Low risk
CUS-07692,363,2,52.96,2,2,1,221,Hibernating,75,High risk
CUS-07693,424,2,188.07999999999998,1,2,2,122,Hibernating,90,High risk
CUS-07694,14,6,317.34000000000003,5,4,3,543,Loyal Customers,13,Low risk
CUS-07695,52,8,895.3,4,5,5,455,High-Value Customers,5,Low risk
CUS-07696,84,6,585.76,3,4,4,344,Loyal Customers,13,Low risk
CUS-07697,24,9,813.82,5,5,5,555,High-Value Customers,5,Low risk
CUS-07698,70,5,254.2,4,4,3,443,Loyal Customers,13,Low risk
CUS-07699,103,5,225.04000000000002,3,4,2,342,Loyal Customers,18,Low risk
CUS-07700,430,4,333.64,1,3,3,133,At Risk,57,Medium risk
CUS-07701,96,4,354.31,3,3,3,333,Potential Loyalists,33,Low risk
CUS-07702,49,8,1101.77,4,5,5,455,High-Value Customers,20,Low risk
CUS-07703,461,3,174.55,1,2,2,122,Hibernating,67,High risk
CUS-07704,129,1,69.33,3,1,1,311,Potential Loyalists,30,Low risk
CUS-07705,42,4,285.0,5,3,3,533,Potential Loyalists,5,Low risk
CUS-07706,633,1,14.24,1,1,1,111,Hibernating,85,High risk
CUS-07707,296,2,115.72999999999999,2,2,1,221,Hibernating,77,High risk
CUS-07708,132,1,137.22,3,1,2,312,Potential Loyalists,40,Medium risk
CUS-07709,66,13,1922.73,4,5,5,455,High-Value Customers,5,Low risk
CUS-07710,205,3,204.2,2,2,2,222,Hibernating,54,Medium risk
CUS-07711,66,5,610.95,4,4,4,444,Champions,15,Low risk
CUS-07712,494,4,342.04,1,3,3,133,At Risk,67,High risk
CUS-07713,393,1,94.9,2,1,1,211,Hibernating,77,High risk
CUS-07714,404,5,496.25,1,4,4,144,At Risk,57,Medium risk
CUS-07715,48,4,279.68,5,3,3,533,Potential Loyalists,20,Low risk
CUS-07716,55,3,362.89,4,2,3,423,Potential Loyalists,20,Low risk
CUS-07717,518,3,339.36,1,2,3,123,Hibernating,77,High risk
CUS-07718,33,9,543.3199999999999,5,5,4,554,Champions,28,Low risk
CUS-07719,77,11,1152.21,4,5,5,455,High-Value Customers,13,Low risk
CUS-07720,429,3,208.39000000000001,1,2,2,122,Hibernating,67,High risk
CUS-07721,116,6,487.72,3,4,4,344,Loyal Customers,18,Low risk
CUS-07722,76,6,427.21000000000004,4,4,4,444,Champions,13,Low risk
CUS-07723,70,5,364.55,4,4,3,443,Loyal Customers,13,Low risk
CUS-07724,725,3,129.08,1,2,1,121,Hibernating,90,High risk
CUS-07725,83,3,203.36,3,2,2,322,Potential Loyalists,15,Low risk
CUS-07726,444,4,310.76,1,3,3,133,At Risk,67,High risk
CUS-07727,572,3,377.29,1,2,3,123,Hibernating,67,High risk
CUS-07728,169,6,202.24,2,4,2,242,At Risk,44,Medium risk
CUS-07729,444,2,139.3,1,2,2,122,Hibernating,67,High risk
CUS-07730,167,4,206.17,2,3,2,232,Discount Seekers,59,Medium risk
CUS-07731,91,5,366.41,3,4,3,343,Discount Seekers,41,Medium risk
CUS-07732,106,5,216.64,3,4,2,342,Loyal Customers,18,Low risk
CUS-07733,385,1,50.34,2,1,1,211,Hibernating,77,High risk
CUS-07734,27,3,296.53999999999996,5,2,3,523,Potential Loyalists,5,Low risk
CUS-07735,465,2,173.17000000000002,1,2,2,122,Hibernating,92,High risk
CUS-07736,21,4,209.57,5,3,2,532,Potential Loyalists,20,Low risk
CUS-07737,952,2,206.38,1,2,2,122,Hibernating,77,High risk
CUS-07738,23,5,404.72,5,4,4,544,Champions,20,Low risk
CUS-07739,88,7,715.89,3,4,5,345,High-Value Customers,5,Low risk
CUS-07740,119,10,726.39,3,5,5,355,High-Value Customers,18,Low risk
CUS-07741,87,3,150.61,3,2,2,322,Potential Loyalists,15,Low risk
CUS-07742,168,5,188.89,2,4,2,242,At Risk,44,Medium risk
CUS-07743,64,3,317.03,4,2,3,423,Potential Loyalists,5,Low risk
CUS-07744,458,1,22.58,1,1,1,111,Hibernating,77,High risk
CUS-07745,91,4,155.74,3,3,2,332,Potential Loyalists,18,Low risk
CUS-07746,124,9,1131.6,3,5,5,355,High-Value Customers,30,Low risk
CUS-07747,692,1,32.15,1,1,1,111,Hibernating,77,High risk
CUS-07748,46,6,413.59000000000003,5,4,4,544,Champions,28,Low risk
CUS-07749,58,8,548.71,4,5,4,454,Champions,13,Low risk
CUS-07750,763,1,28.45,1,1,1,111,Hibernating,85,High risk
CUS-07751,116,8,819.53,3,5,5,355,High-Value Customers,33,Low risk
CUS-07752,374,4,271.66999999999996,2,3,3,233,At Risk,57,Medium risk
CUS-07753,190,6,604.52,2,4,4,244,At Risk,59,Medium risk
CUS-07754,160,7,560.76,2,4,4,244,Discount Seekers,59,Medium risk
CUS-07755,59,3,298.58000000000004,4,2,3,423,Potential Loyalists,5,Low risk
CUS-07756,41,5,346.67,5,4,3,543,Loyal Customers,13,Low risk
CUS-07757,598,2,276.59,1,2,3,123,Hibernating,77,High risk
CUS-07758,748,2,193.95,1,2,2,122,Hibernating,77,High risk
CUS-07759,38,10,566.38,5,5,4,554,Champions,21,Low risk
CUS-07760,111,4,166.25,3,3,2,332,Potential Loyalists,18,Low risk
CUS-07761,66,5,329.59,4,4,3,443,Loyal Customers,5,Low risk
CUS-07762,388,1,84.31,2,1,1,211,Hibernating,77,High risk
CUS-07763,625,1,28.32,1,1,1,111,Hibernating,92,High risk
CUS-07764,43,7,468.01,5,4,4,544,Champions,13,Low risk
CUS-07765,70,12,1113.43,4,5,5,455,High-Value Customers,21,Low risk
CUS-07766,550,1,102.59,1,1,1,111,Hibernating,85,High risk
CUS-07767,75,13,1366.95,4,5,5,455,High-Value Customers,5,Low risk
CUS-07768,56,6,754.95,4,4,5,445,High-Value Customers,5,Low risk
CUS-07769,36,6,599.42,5,4,4,544,Champions,13,Low risk
CUS-07770,135,8,733.43,3,5,5,355,High-Value Customers,30,Low risk
CUS-07771,25,7,576.51,5,4,4,544,Champions,20,Low risk
CUS-07772,26,6,344.81,5,4,3,543,Loyal Customers,13,Low risk
CUS-07773,15,6,461.71999999999997,5,4,4,544,Champions,13,Low risk
CUS-07774,118,5,166.92,3,4,2,342,Loyal Customers,26,Low risk
CUS-07775,27,16,2001.43,5,5,5,555,High-Value Customers,5,Low risk
CUS-07776,647,3,178.4,1,2,2,122,Hibernating,77,High risk
CUS-07777,688,2,141.12,1,2,2,122,Hibernating,77,High risk
CUS-07778,93,8,592.89,3,5,4,354,Loyal Customers,18,Low risk
CUS-07779,390,7,571.73,2,4,4,244,At Risk,65,High risk
CUS-07780,22,12,1141.99,5,5,5,555,High-Value Customers,5,Low risk
CUS-07781,50,12,671.66,4,5,5,455,High-Value Customers,13,Low risk
CUS-07782,196,2,85.88,2,2,1,221,Hibernating,69,High risk
CUS-07783,443,2,121.62,1,2,1,121,Hibernating,67,High risk
CUS-07784,702,1,76.46,1,1,1,111,Hibernating,100,High risk
CUS-07785,543,3,304.26,1,2,3,123,Hibernating,67,High risk
CUS-07786,452,5,260.48,1,4,3,143,At Risk,57,Medium risk
CUS-07787,468,3,412.18,1,2,4,124,Hibernating,67,High risk
CUS-07788,379,2,59.24,2,2,1,221,Hibernating,67,High risk
CUS-07789,239,3,461.78,2,2,4,224,Hibernating,69,High risk
CUS-07790,159,3,144.79,2,2,2,222,Hibernating,44,Medium risk
CUS-07791,83,12,521.71,3,5,4,354,Loyal Customers,5,Low risk
CUS-07792,88,9,788.8199999999999,3,5,5,355,High-Value Customers,20,Low risk
CUS-07793,491,2,209.08,1,2,2,122,Hibernating,77,High risk
CUS-07794,105,1,41.45,3,1,1,311,Potential Loyalists,18,Low risk
CUS-07795,28,8,851.58,5,5,5,555,High-Value Customers,5,Low risk
CUS-07796,11,1,78.18,5,1,1,511,Potential Loyalists,15,Low risk
CUS-07797,128,8,635.7,3,5,4,354,Loyal Customers,45,Medium risk
CUS-07798,44,9,743.5699999999999,5,5,5,555,High-Value Customers,5,Low risk
CUS-07799,157,5,394.7,2,4,3,243,At Risk,69,High risk
CUS-07800,119,6,450.66,3,4,4,344,Loyal Customers,26,Low risk
CUS-07801,40,3,306.06,5,2,3,523,Potential Loyalists,5,Low risk
CUS-07802,119,1,90.26,3,1,1,311,Potential Loyalists,38,Medium risk
CUS-07803,438,4,439.86,1,3,4,134,At Risk,57,Medium risk
CUS-07804,69,4,643.64,4,3,4,434,Potential Loyalists,15,Low risk
CUS-07805,39,2,68.33,5,2,1,521,Potential Loyalists,5,Low risk
CUS-07806,123,6,921.72,3,4,5,345,High-Value Customers,30,Low risk
CUS-07807,71,3,102.99000000000001,4,2,1,421,Potential Loyalists,5,Low risk
CUS-07808,71,4,377.09,4,3,3,433,Potential Loyalists,15,Low risk
CUS-07809,447,7,688.51,1,4,5,145,High-Value Customers,57,Medium risk
CUS-07810,17,4,343.54999999999995,5,3,3,533,Potential Loyalists,5,Low risk
CUS-07811,55,4,304.54,4,3,3,433,Discount Seekers,35,Medium risk
CUS-07812,17,10,865.34,5,5,5,555,High-Value Customers,13,Low risk
CUS-07813,599,3,170.3,1,2,2,122,Hibernating,67,High risk
CUS-07814,177,5,939.1899999999999,2,4,5,245,High-Value Customers,44,Medium risk
CUS-07815,149,7,550.32,2,4,4,244,At Risk,38,Medium risk
CUS-07816,61,3,259.38,4,2,3,423,Potential Loyalists,38,Medium risk
CUS-07817,293,8,877.58,2,5,5,255,High-Value Customers,57,Medium risk
CUS-07818,128,6,331.40999999999997,3,4,3,343,Loyal Customers,30,Low risk
CUS-07819,55,3,205.93,4,2,2,422,Potential Loyalists,20,Low risk
CUS-07820,521,2,219.04,1,2,2,122,Hibernating,82,High risk
CUS-07821,76,11,662.87,4,5,5,455,High-Value Customers,21,Low risk
CUS-07822,593,2,100.13,1,2,1,121,Hibernating,77,High risk
CUS-07823,72,8,787.28,4,5,5,455,High-Value Customers,5,Low risk
CUS-07824,13,2,208.68,5,2,2,522,Potential Loyalists,20,Low risk
CUS-07825,92,11,660.6,3,5,5,355,High-Value Customers,26,Low risk
CUS-07826,94,18,2812.7,3,5,5,355,High-Value Customers,33,Low risk
CUS-07827,245,1,70.07,2,1,1,211,Hibernating,77,High risk
CUS-07828,593,1,68.01,1,1,1,111,Hibernating,77,High risk
CUS-07829,28,14,1748.17,5,5,5,555,High-Value Customers,20,Low risk
CUS-07830,401,2,96.27000000000001,1,2,1,121,Hibernating,82,High risk
CUS-07831,384,4,354.87,2,3,3,233,At Risk,82,High risk
CUS-07832,619,3,160.82,1,2,2,122,Hibernating,67,High risk
CUS-07833,57,2,127.14000000000001,4,2,1,421,Potential Loyalists,25,Low risk
CUS-07834,234,3,150.29,2,2,2,222,Hibernating,54,Medium risk
CUS-07835,60,4,329.57,4,3,3,433,Potential Loyalists,5,Low risk
CUS-07836,108,6,455.20000000000005,3,4,4,344,Loyal Customers,28,Low risk
CUS-07837,149,6,207.98000000000002,2,4,2,242,At Risk,30,Low risk
CUS-07838,157,5,261.23,2,4,3,243,At Risk,44,Medium risk
CUS-07839,28,8,456.18,5,5,4,554,Champions,5,Low risk
CUS-07840,54,6,723.29,4,4,5,445,High-Value Customers,5,Low risk
CUS-07841,139,1,107.66,2,1,1,211,Hibernating,40,Medium risk
CUS-07842,485,3,82.31,1,2,1,121,Hibernating,77,High risk
CUS-07843,147,6,322.65000000000003,2,4,3,243,At Risk,38,Medium risk
CUS-07844,42,5,441.58,5,4,4,544,Champions,21,Low risk
CUS-07845,85,7,601.5899999999999,3,4,4,344,Loyal Customers,13,Low risk
CUS-07846,186,1,65.82,2,1,1,211,Hibernating,64,Medium risk
CUS-07847,642,3,201.84,1,2,2,122,Hibernating,75,High risk
CUS-07848,17,4,318.58,5,3,3,533,Potential Loyalists,5,Low risk
CUS-07849,44,6,662.8199999999999,5,4,5,545,High-Value Customers,15,Low risk
CUS-07850,394,2,72.47,2,2,1,221,Hibernating,77,High risk
CUS-07851,45,4,186.2,5,3,2,532,Potential Loyalists,5,Low risk
CUS-07852,591,1,55.29,1,1,1,111,Hibernating,77,High risk
CUS-07853,87,3,189.01,3,2,2,322,Potential Loyalists,20,Low risk
CUS-07854,27,3,130.29000000000002,5,2,1,521,Potential Loyalists,28,Low risk
CUS-07855,101,5,439.34999999999997,3,4,4,344,Loyal Customers,18,Low risk
CUS-07856,18,3,422.28000000000003,5,2,4,524,Potential Loyalists,5,Low risk
CUS-07857,226,6,586.96,2,4,4,244,At Risk,54,Medium risk
CUS-07858,90,11,768.92,3,5,5,355,High-Value Customers,13,Low risk
CUS-07859,765,1,69.93,1,1,1,111,Hibernating,77,High risk
CUS-07860,119,3,201.19,3,2,2,322,Potential Loyalists,18,Low risk
CUS-07861,736,1,21.71,1,1,1,111,Hibernating,77,High risk
CUS-07862,37,20,1951.79,5,5,5,555,High-Value Customers,13,Low risk
CUS-07863,108,4,386.65000000000003,3,3,3,333,Potential Loyalists,33,Low risk
CUS-07864,11,5,214.15,5,4,2,542,Loyal Customers,5,Low risk
CUS-07865,11,2,236.11,5,2,2,522,Potential Loyalists,5,Low risk
CUS-07866,590,2,58.16,1,2,1,121,Hibernating,77,High risk
CUS-07867,88,16,1318.85,3,5,5,355,High-Value Customers,13,Low risk
CUS-07868,122,4,322.08,3,3,3,333,Potential Loyalists,30,Low risk
CUS-07869,27,3,202.71,5,2,2,522,Potential Loyalists,20,Low risk
CUS-07870,397,5,577.1899999999999,2,4,4,244,At Risk,57,Medium risk
CUS-07871,268,5,327.02,2,4,3,243,At Risk,57,Medium risk
CUS-07872,66,11,815.28,4,5,5,455,High-Value Customers,5,Low risk
CUS-07873,93,14,1745.48,3,5,5,355,High-Value Customers,18,Low risk
CUS-07874,677,2,102.48,1,2,1,121,Hibernating,77,High risk
CUS-07875,78,6,824.38,4,4,5,445,High-Value Customers,5,Low risk
CUS-07876,121,3,142.28,3,2,2,322,Potential Loyalists,55,Medium risk
CUS-07877,151,16,1441.04,2,5,5,255,High-Value Customers,44,Medium risk
CUS-07878,206,1,141.58,2,1,2,212,Hibernating,54,Medium risk
CUS-07879,63,5,338.95,4,4,3,443,Loyal Customers,13,Low risk
CUS-07880,108,7,465.82,3,4,4,344,Loyal Customers,26,Low risk
CUS-07881,84,3,155.77,3,2,2,322,Potential Loyalists,30,Low risk
CUS-07882,81,9,656.5600000000001,4,5,4,454,Champions,5,Low risk
CUS-07883,698,3,286.7,1,2,3,123,Hibernating,82,High risk
CUS-07884,404,2,238.56,1,2,2,122,Hibernating,67,High risk
CUS-07885,367,4,329.12,2,3,3,233,At Risk,57,Medium risk
CUS-07886,56,5,439.68,4,4,4,444,Champions,5,Low risk
CUS-07887,1005,1,34.02,1,1,1,111,Hibernating,92,High risk
CUS-07888,34,2,194.05,5,2,2,522,Potential Loyalists,5,Low risk
CUS-07889,177,4,456.57,2,3,4,234,At Risk,69,High risk
CUS-07890,67,3,105.62,4,2,1,421,Potential Loyalists,5,Low risk
CUS-07891,126,1,61.6,3,1,1,311,Potential Loyalists,40,Medium risk
CUS-07892,59,3,86.58,4,2,1,421,Potential Loyalists,5,Low risk
CUS-07893,65,7,888.6899999999999,4,4,5,445,High-Value Customers,20,Low risk
CUS-07894,17,3,110.11,5,2,1,521,Potential Loyalists,5,Low risk
CUS-07895,41,6,250.06,5,4,3,543,Loyal Customers,13,Low risk
CUS-07896,390,2,76.9,2,2,1,221,Hibernating,67,High risk
CUS-07897,234,8,628.08,2,5,4,254,At Risk,44,Medium risk
CUS-07898,52,3,312.74,4,2,3,423,Potential Loyalists,20,Low risk
CUS-07899,782,1,54.48,1,1,1,111,Hibernating,77,High risk
CUS-07900,79,9,780.9300000000001,4,5,5,455,High-Value Customers,5,Low risk
CUS-07901,63,7,734.56,4,4,5,445,High-Value Customers,5,Low risk
CUS-07902,344,1,53.28,2,1,1,211,Hibernating,85,High risk
CUS-07903,60,1,72.23,4,1,1,411,Potential Loyalists,5,Low risk
CUS-07904,300,4,260.68,2,3,3,233,At Risk,72,High risk
CUS-07905,45,5,714.08,5,4,5,545,High-Value Customers,13,Low risk
CUS-07906,21,1,42.83,5,1,1,511,Potential Loyalists,5,Low risk
CUS-07907,118,4,127.39,3,3,1,331,Potential Loyalists,18,Low risk
CUS-07908,78,7,478.86,4,4,4,444,Champions,13,Low risk
CUS-07909,59,2,85.57000000000001,4,2,1,421,Potential Loyalists,5,Low risk
CUS-07910,66,4,284.49,4,3,3,433,Discount Seekers,45,Medium risk
CUS-07911,47,9,803.12,5,5,5,555,High-Value Customers,5,Low risk
CUS-07912,887,1,163.19,1,1,2,112,Hibernating,77,High risk
CUS-07913,52,13,1055.1100000000001,4,5,5,455,High-Value Customers,5,Low risk
CUS-07914,275,6,404.76,2,4,4,244,At Risk,65,High risk
CUS-07915,168,5,833.71,2,4,5,245,High-Value Customers,69,High risk
CUS-07916,234,5,553.49,2,4,4,244,At Risk,52,Medium risk
CUS-07917,81,8,489.69,4,5,4,454,Champions,13,Low risk
CUS-07918,407,4,239.34,1,3,2,132,At Risk,72,High risk
CUS-07919,493,2,135.67000000000002,1,2,2,122,Hibernating,77,High risk
CUS-07920,87,3,214.78,3,2,2,322,Potential Loyalists,5,Low risk
CUS-07921,22,4,181.13,5,3,2,532,Potential Loyalists,5,Low risk
CUS-07922,658,6,440.46999999999997,1,4,4,144,At Risk,67,High risk
CUS-07923,565,4,140.26,1,3,2,132,At Risk,65,High risk
CUS-07924,878,2,264.51,1,2,3,123,Hibernating,77,High risk
CUS-07925,436,2,57.63,1,2,1,121,Hibernating,67,High risk
CUS-07926,72,3,171.29,4,2,2,422,Potential Loyalists,5,Low risk
CUS-07927,82,9,885.29,3,5,5,355,High-Value Customers,5,Low risk
CUS-07928,210,1,98.59,2,1,1,211,Hibernating,79,High risk
CUS-07929,184,3,80.47999999999999,2,2,1,221,Hibernating,44,Medium risk
CUS-07930,72,6,543.53,4,4,4,444,Champions,21,Low risk
CUS-07931,81,12,732.4300000000001,4,5,5,455,High-Value Customers,5,Low risk
CUS-07932,354,9,1153.69,2,5,5,255,High-Value Customers,57,Medium risk
CUS-07933,140,11,1018.36,2,5,5,255,High-Value Customers,30,Low risk
CUS-07934,87,3,202.25,3,2,2,322,Potential Loyalists,5,Low risk
CUS-07935,81,7,632.48,4,4,4,444,Champions,21,Low risk
CUS-07936,24,7,750.26,5,4,5,545,High-Value Customers,28,Low risk
CUS-07937,34,2,82.59,5,2,1,521,Potential Loyalists,5,Low risk
CUS-07938,26,6,566.9,5,4,4,544,Champions,5,Low risk
CUS-07939,302,5,328.11,2,4,3,243,At Risk,57,Medium risk
CUS-07940,93,4,217.94,3,3,2,332,Discount Seekers,41,Medium risk
CUS-07941,53,7,499.83,4,4,4,444,Champions,5,Low risk
CUS-07942,34,5,464.67,5,4,4,544,Champions,13,Low risk
CUS-07943,151,5,369.96,2,4,3,243,At Risk,44,Medium risk
CUS-07944,95,7,1116.52,3,4,5,345,High-Value Customers,26,Low risk
CUS-07945,319,2,131.23,2,2,1,221,Hibernating,67,High risk
CUS-07946,78,2,132.8,4,2,2,422,Potential Loyalists,40,Medium risk
CUS-07947,25,3,347.59000000000003,5,2,3,523,Potential Loyalists,5,Low risk
CUS-07948,232,5,398.27000000000004,2,4,4,244,At Risk,59,Medium risk
CUS-07949,73,15,1342.1,4,5,5,455,High-Value Customers,5,Low risk
CUS-07950,33,4,366.94,5,3,3,533,Potential Loyalists,5,Low risk
CUS-07951,312,4,535.79,2,3,4,234,At Risk,57,Medium risk
CUS-07952,99,6,329.79,3,4,3,343,Discount Seekers,41,Medium risk
CUS-07953,87,7,389.86,3,4,3,343,Loyal Customers,13,Low risk
CUS-07954,97,9,833.67,3,5,5,355,High-Value Customers,18,Low risk
CUS-07955,85,5,290.43,3,4,3,343,Loyal Customers,13,Low risk
CUS-07956,583,5,584.14,1,4,4,144,At Risk,67,High risk
CUS-07957,140,8,351.42,2,5,3,253,At Risk,30,Low risk
CUS-07958,480,3,103.58,1,2,1,121,Hibernating,90,High risk
CUS-07959,547,1,32.68,1,1,1,111,Hibernating,85,High risk
CUS-07960,144,2,132.31,2,2,1,221,Hibernating,45,Medium risk
CUS-07961,147,8,742.05,2,5,5,255,High-Value Customers,30,Low risk
CUS-07962,107,6,433.92,3,4,4,344,Discount Seekers,26,Low risk
CUS-07963,67,2,96.61000000000001,4,2,1,421,Potential Loyalists,5,Low risk
CUS-07964,388,2,93.89,2,2,1,221,Hibernating,75,High risk
CUS-07965,82,1,53.8,3,1,1,311,Potential Loyalists,5,Low risk
CUS-07966,400,2,94.16,1,2,1,121,Hibernating,67,High risk
CUS-07967,672,2,265.3,1,2,3,123,Hibernating,92,High risk
CUS-07968,83,24,2037.38,3,5,5,355,High-Value Customers,5,Low risk
CUS-07969,30,6,782.5699999999999,5,4,5,545,High-Value Customers,5,Low risk
CUS-07970,32,7,618.48,5,4,4,544,Champions,5,Low risk
CUS-07971,98,2,82.86,3,2,1,321,Potential Loyalists,38,Medium risk
CUS-07972,253,3,247.94,2,2,3,223,Hibernating,67,High risk
CUS-07973,36,8,574.64,5,5,4,554,Champions,13,Low risk
CUS-07974,33,3,251.79,5,2,3,523,Potential Loyalists,5,Low risk
CUS-07975,352,6,219.03,2,4,2,242,At Risk,57,Medium risk
CUS-07976,99,8,511.27000000000004,3,5,4,354,Discount Seekers,41,Medium risk
CUS-07977,61,2,292.82,4,2,3,423,Potential Loyalists,5,Low risk
CUS-07978,67,5,243.18,4,4,2,442,Loyal Customers,5,Low risk
CUS-07979,49,20,2244.59,4,5,5,455,High-Value Customers,13,Low risk
CUS-07980,90,11,565.78,3,5,4,354,Loyal Customers,5,Low risk
CUS-07981,95,4,203.98,3,3,2,332,Potential Loyalists,18,Low risk
CUS-07982,267,3,114.81,2,2,1,221,Hibernating,67,High risk
CUS-07983,619,2,173.03,1,2,2,122,Hibernating,92,High risk
CUS-07984,113,3,229.43,3,2,2,322,Potential Loyalists,18,Low risk
CUS-07985,17,17,1376.79,5,5,5,555,High-Value Customers,13,Low risk
CUS-07986,76,8,873.6,4,5,5,455,High-Value Customers,5,Low risk
CUS-07987,81,6,750.5,4,4,5,445,High-Value Customers,20,Low risk
CUS-07988,56,6,701.19,4,4,5,445,High-Value Customers,13,Low risk
CUS-07989,26,2,123.71000000000001,5,2,1,521,Potential Loyalists,25,Low risk
CUS-07990,24,12,1181.03,5,5,5,555,High-Value Customers,5,Low risk
CUS-07991,749,2,148.41,1,2,2,122,Hibernating,77,High risk
CUS-07992,110,6,406.94,3,4,4,344,Loyal Customers,34,Low risk
CUS-07993,587,3,182.36,1,2,2,122,Hibernating,67,High risk
CUS-07994,40,7,405.18,5,4,4,544,Champions,13,Low risk
CUS-07995,57,3,228.27999999999997,4,2,2,422,Discount Seekers,28,Low risk
CUS-07996,337,3,236.16,2,2,2,222,Hibernating,67,High risk
CUS-07997,76,15,2435.43,4,5,5,455,High-Value Customers,5,Low risk
CUS-07998,20,9,538.57,5,5,4,554,Champions,5,Low risk
CUS-07999,58,11,690.84,4,5,5,455,High-Value Customers,13,Low risk
CUS-08000,43,4,212.85000000000002,5,3,2,532,Discount Seekers,13,Low risk
CUS-08001,261,2,167.75,2,2,2,222,Hibernating,92,High risk
CUS-08002,19,2,118.03,5,2,1,521,Potential Loyalists,20,Low risk
CUS-08003,663,1,27.89,1,1,1,111,Hibernating,77,High risk
CUS-08004,66,9,689.8000000000001,4,5,5,455,High-Value Customers,5,Low risk
CUS-08005,384,2,209.82,2,2,2,222,Hibernating,67,High risk
CUS-08006,55,5,415.48,4,4,4,444,Champions,23,Low risk
CUS-08007,374,1,83.62,2,1,1,211,Hibernating,85,High risk
CUS-08008,313,2,573.88,2,2,4,224,Hibernating,67,High risk
CUS-08009,286,1,45.99,2,1,1,211,Hibernating,77,High risk
CUS-08010,124,4,254.85,3,3,3,333,Potential Loyalists,40,Medium risk
CUS-08011,232,2,251.28,2,2,3,223,Hibernating,64,Medium risk
CUS-08012,328,2,145.4,2,2,2,222,Hibernating,75,High risk
CUS-08013,865,3,229.34,1,2,2,122,Hibernating,92,High risk
CUS-08014,633,3,291.67,1,2,3,123,Hibernating,67,High risk
CUS-08015,177,4,311.21000000000004,2,3,3,233,At Risk,54,Medium risk
CUS-08016,523,4,530.24,1,3,4,134,At Risk,80,High risk
CUS-08017,410,3,288.05,1,2,3,123,Hibernating,67,High risk
CUS-08018,78,6,821.12,4,4,5,445,High-Value Customers,13,Low risk
CUS-08019,51,3,238.38,4,2,2,422,Potential Loyalists,40,Medium risk
CUS-08020,26,3,174.15,5,2,2,522,Potential Loyalists,5,Low risk
CUS-08021,183,4,210.05,2,3,2,232,At Risk,44,Medium risk
CUS-08022,81,8,385.14,4,5,3,453,Loyal Customers,5,Low risk
CUS-08023,173,5,317.69,2,4,3,243,At Risk,44,Medium risk
CUS-08024,147,6,380.9,2,4,3,243,At Risk,38,Medium risk
CUS-08025,32,7,801.36,5,4,5,545,High-Value Customers,13,Low risk
CUS-08026,77,17,1612.76,4,5,5,455,High-Value Customers,5,Low risk
CUS-08027,374,1,51.48,2,1,1,211,Hibernating,92,High risk
CUS-08028,159,1,32.78,2,1,1,211,Hibernating,54,Medium risk
CUS-08029,82,2,137.46,3,2,2,322,Potential Loyalists,5,Low risk
CUS-08030,508,2,117.58,1,2,1,121,Hibernating,77,High risk
CUS-08031,65,2,151.82,4,2,2,422,Potential Loyalists,5,Low risk
CUS-08032,201,7,627.96,2,4,4,244,At Risk,52,Medium risk
CUS-08033,50,6,446.85,4,4,4,444,Champions,30,Low risk
CUS-08034,40,9,1009.96,5,5,5,555,High-Value Customers,5,Low risk
CUS-08035,331,3,158.8,2,2,2,222,Hibernating,92,High risk
CUS-08036,37,2,50.61,5,2,1,521,Potential Loyalists,5,Low risk
CUS-08037,190,3,118.9,2,2,1,221,Hibernating,54,Medium risk
CUS-08038,52,3,105.14,4,2,1,421,Potential Loyalists,20,Low risk
CUS-08039,191,8,1009.91,2,5,5,255,High-Value Customers,59,Medium risk
CUS-08040,144,1,56.43,2,1,1,211,Hibernating,40,Medium risk
CUS-08041,128,2,183.48000000000002,3,2,2,322,Potential Loyalists,30,Low risk
CUS-08042,44,2,116.00999999999999,5,2,1,521,Potential Loyalists,20,Low risk
CUS-08043,593,1,80.92,1,1,1,111,Hibernating,77,High risk
CUS-08044,483,2,55.019999999999996,1,2,1,121,Hibernating,77,High risk
CUS-08045,382,1,23.25,2,1,1,211,Hibernating,77,High risk
CUS-08046,19,17,1870.93,5,5,5,555,High-Value Customers,5,Low risk
CUS-08047,15,2,291.09000000000003,5,2,3,523,Potential Loyalists,5,Low risk
CUS-08048,584,2,134.98000000000002,1,2,2,122,Hibernating,85,High risk
CUS-08049,150,4,599.99,2,3,4,234,At Risk,45,Medium risk
CUS-08050,68,7,774.43,4,4,5,445,High-Value Customers,20,Low risk
CUS-08051,120,5,505.15,3,4,4,344,Loyal Customers,18,Low risk
CUS-08052,92,4,205.73,3,3,2,332,Potential Loyalists,18,Low risk
CUS-08053,40,2,112.42,5,2,1,521,Potential Loyalists,5,Low risk
CUS-08054,40,2,164.23000000000002,5,2,2,522,Potential Loyalists,5,Low risk
CUS-08055,44,6,480.03999999999996,5,4,4,544,Champions,21,Low risk
CUS-08056,157,7,574.22,2,4,4,244,At Risk,44,Medium risk
CUS-08057,41,3,164.1,5,2,2,522,Potential Loyalists,5,Low risk
CUS-08058,381,1,136.59,2,1,2,212,Hibernating,77,High risk
CUS-08059,127,4,265.07,3,3,3,333,Discount Seekers,53,Medium risk
CUS-08060,448,6,563.52,1,4,4,144,At Risk,57,Medium risk
CUS-08061,53,18,2017.24,4,5,5,455,High-Value Customers,5,Low risk
CUS-08062,58,8,634.53,4,5,4,454,Champions,20,Low risk
CUS-08063,456,2,108.99000000000001,1,2,1,121,Hibernating,77,High risk
CUS-08064,59,4,214.3,4,3,2,432,Potential Loyalists,13,Low risk
CUS-08065,35,4,301.25,5,3,3,533,Potential Loyalists,30,Low risk
CUS-08066,37,17,1484.67,5,5,5,555,High-Value Customers,5,Low risk
CUS-08067,250,8,560.97,2,5,4,254,At Risk,57,Medium risk
CUS-08068,146,4,163.97,2,3,2,232,At Risk,45,Medium risk
CUS-08069,673,1,59.43,1,1,1,111,Hibernating,77,High risk
CUS-08070,34,10,848.01,5,5,5,555,High-Value Customers,5,Low risk
CUS-08071,938,1,28.33,1,1,1,111,Hibernating,77,High risk
CUS-08072,205,2,86.75999999999999,2,2,1,221,Hibernating,54,Medium risk
CUS-08073,478,2,94.67,1,2,1,121,Hibernating,85,High risk
CUS-08074,88,12,1433.53,3,5,5,355,High-Value Customers,5,Low risk
CUS-08075,343,5,503.68,2,4,4,244,At Risk,67,High risk
CUS-08076,102,1,59.59,3,1,1,311,Potential Loyalists,28,Low risk
CUS-08077,573,3,215.33999999999997,1,2,2,122,Hibernating,67,High risk
CUS-08078,79,3,408.53,4,2,4,424,Potential Loyalists,15,Low risk
CUS-08079,92,8,339.59000000000003,3,5,3,353,Loyal Customers,18,Low risk
CUS-08080,27,2,91.48,5,2,1,521,Potential Loyalists,5,Low risk
CUS-08081,149,3,367.64,2,2,3,223,Hibernating,65,High risk
CUS-08082,65,15,1302.49,4,5,5,455,High-Value Customers,20,Low risk
CUS-08083,343,3,133.57,2,2,2,222,Hibernating,77,High risk
CUS-08084,81,8,751.5799999999999,4,5,5,455,High-Value Customers,5,Low risk
CUS-08085,366,2,164.28,2,2,2,222,Hibernating,75,High risk
CUS-08086,59,6,669.36,4,4,5,445,High-Value Customers,13,Low risk
CUS-08087,57,2,155.16,4,2,2,422,Potential Loyalists,5,Low risk
CUS-08088,133,3,215.17,3,2,2,322,Potential Loyalists,30,Low risk
CUS-08089,85,8,415.9,3,5,4,354,Loyal Customers,20,Low risk
CUS-08090,130,9,911.6400000000001,3,5,5,355,High-Value Customers,30,Low risk
CUS-08091,51,4,344.03,4,3,3,433,Potential Loyalists,5,Low risk
CUS-08092,20,1,66.17,5,1,1,511,Potential Loyalists,5,Low risk
CUS-08093,199,10,1236.43,2,5,5,255,High-Value Customers,44,Medium risk
CUS-08094,62,2,94.56,4,2,1,421,Potential Loyalists,5,Low risk
CUS-08095,116,5,405.27,3,4,4,344,Loyal Customers,26,Low risk
CUS-08096,7,2,231.25,5,2,2,522,Potential Loyalists,13,Low risk
CUS-08097,98,7,707.4,3,4,5,345,High-Value Customers,26,Low risk
CUS-08098,71,8,514.9,4,5,4,454,Champions,20,Low risk
CUS-08099,193,5,286.48,2,4,3,243,At Risk,52,Medium risk
CUS-08100,96,7,674.47,3,4,5,345,High-Value Customers,26,Low risk
CUS-08101,26,10,679.94,5,5,5,555,High-Value Customers,20,Low risk
CUS-08102,694,4,217.7,1,3,2,132,At Risk,67,High risk
CUS-08103,13,4,410.39,5,3,4,534,Potential Loyalists,20,Low risk
CUS-08104,102,3,366.02,3,2,3,323,Potential Loyalists,33,Low risk
CUS-08105,80,5,344.81,4,4,3,443,Loyal Customers,13,Low risk
CUS-08106,278,2,160.26,2,2,2,222,Hibernating,67,High risk
CUS-08107,54,7,757.67,4,4,5,445,High-Value Customers,20,Low risk
CUS-08108,122,8,287.4,3,5,3,353,Loyal Customers,30,Low risk
CUS-08109,234,3,244.78999999999996,2,2,2,222,Hibernating,54,Medium risk
CUS-08110,73,7,783.04,4,4,5,445,High-Value Customers,13,Low risk
CUS-08111,320,3,231.05,2,2,2,222,Hibernating,75,High risk
CUS-08112,91,16,1410.7,3,5,5,355,High-Value Customers,18,Low risk
CUS-08113,116,6,659.03,3,4,5,345,High-Value Customers,26,Low risk
CUS-08114,56,7,393.15999999999997,4,4,3,443,Discount Seekers,28,Low risk
CUS-08115,28,3,325.89,5,2,3,523,Potential Loyalists,5,Low risk
CUS-08116,102,1,47.13,3,1,1,311,Potential Loyalists,18,Low risk
CUS-08117,81,1,49.63,4,1,1,411,Potential Loyalists,13,Low risk
CUS-08118,534,2,93.15,1,2,1,121,Hibernating,90,High risk
CUS-08119,193,3,290.13,2,2,3,223,Hibernating,69,High risk
CUS-08120,39,2,91.14,5,2,1,521,Potential Loyalists,5,Low risk
CUS-08121,297,4,412.86,2,3,4,234,At Risk,67,High risk
CUS-08122,115,4,227.51,3,3,2,332,Potential Loyalists,18,Low risk
CUS-08123,103,8,677.41,3,5,5,355,High-Value Customers,18,Low risk
CUS-08124,869,1,179.79,1,1,2,112,Hibernating,77,High risk
CUS-08125,79,9,799.65,4,5,5,455,High-Value Customers,5,Low risk
CUS-08126,420,2,167.60000000000002,1,2,2,122,Hibernating,67,High risk
CUS-08127,397,1,26.85,2,1,1,211,Hibernating,85,High risk
CUS-08128,635,2,146.4,1,2,2,122,Hibernating,77,High risk
CUS-08129,228,3,203.60999999999999,2,2,2,222,Hibernating,59,Medium risk
CUS-08130,33,3,89.96000000000001,5,2,1,521,Potential Loyalists,20,Low risk
CUS-08131,140,5,355.07,2,4,3,243,At Risk,30,Low risk
CUS-08132,41,3,381.98,5,2,3,523,Potential Loyalists,5,Low risk
CUS-08133,12,6,527.6,5,4,4,544,Champions,13,Low risk
CUS-08134,48,2,54.480000000000004,5,2,1,521,Potential Loyalists,5,Low risk
CUS-08135,152,6,358.07000000000005,2,4,3,243,At Risk,52,Medium risk
CUS-08136,17,6,573.3199999999999,5,4,4,544,Champions,20,Low risk
CUS-08137,107,10,828.3000000000001,3,5,5,355,High-Value Customers,33,Low risk
CUS-08138,320,3,342.64,2,2,3,223,Hibernating,67,High risk
CUS-08139,53,1,72.28,4,1,1,411,Potential Loyalists,20,Low risk
CUS-08140,663,2,78.41,1,2,1,121,Hibernating,77,High risk
CUS-08141,36,18,2235.8,5,5,5,555,High-Value Customers,5,Low risk
CUS-08142,40,4,237.28,5,3,2,532,Potential Loyalists,20,Low risk
CUS-08143,182,5,531.76,2,4,4,244,At Risk,44,Medium risk
CUS-08144,128,7,1024.65,3,4,5,345,High-Value Customers,45,Medium risk
CUS-08145,32,5,273.65999999999997,5,4,3,543,Discount Seekers,13,Low risk
CUS-08146,394,2,222.0,2,2,2,222,Hibernating,82,High risk
CUS-08147,171,5,523.73,2,4,4,244,At Risk,54,Medium risk
CUS-08148,107,3,216.45,3,2,2,322,Potential Loyalists,38,Medium risk
CUS-08149,617,2,222.34,1,2,2,122,Hibernating,77,High risk
CUS-08150,21,8,778.6999999999999,5,5,5,555,High-Value Customers,13,Low risk
CUS-08151,75,7,414.94,4,4,4,444,Champions,5,Low risk
CUS-08152,40,5,484.34000000000003,5,4,4,544,Champions,20,Low risk
CUS-08153,168,8,389.25,2,5,3,253,At Risk,59,Medium risk
CUS-08154,80,23,2603.51,4,5,5,455,High-Value Customers,5,Low risk
CUS-08155,508,1,122.79,1,1,1,111,Hibernating,77,High risk
CUS-08156,72,8,670.48,4,5,5,455,High-Value Customers,5,Low risk
CUS-08157,104,10,1247.18,3,5,5,355,High-Value Customers,18,Low risk
CUS-08158,881,2,99.93,1,2,1,121,Hibernating,85,High risk
CUS-08159,98,17,1230.4,3,5,5,355,High-Value Customers,18,Low risk
CUS-08160,67,9,970.25,4,5,5,455,High-Value Customers,20,Low risk
CUS-08161,58,5,306.1,4,4,3,443,Loyal Customers,13,Low risk
CUS-08162,156,3,247.68,2,2,3,223,Hibernating,54,Medium risk
CUS-08163,269,1,96.31,2,1,1,211,Hibernating,85,High risk
CUS-08164,95,6,778.16,3,4,5,345,High-Value Customers,26,Low risk
CUS-08165,668,1,47.59,1,1,1,111,Hibernating,85,High risk
CUS-08166,136,8,1027.1,3,5,5,355,High-Value Customers,30,Low risk
CUS-08167,388,3,92.77000000000001,2,2,1,221,Hibernating,57,Medium risk
CUS-08168,589,2,259.1,1,2,3,123,Hibernating,67,High risk
CUS-08169,123,5,550.88,3,4,4,344,Loyal Customers,40,Medium risk
CUS-08170,109,6,856.2,3,4,5,345,High-Value Customers,26,Low risk
CUS-08171,659,1,54.63,1,1,1,111,Hibernating,85,High risk
CUS-08172,279,6,637.54,2,4,4,244,At Risk,67,High risk
CUS-08173,40,5,327.45,5,4,3,543,Loyal Customers,13,Low risk
CUS-08174,175,6,388.38,2,4,3,243,At Risk,44,Medium risk
CUS-08175,93,5,253.32999999999998,3,4,3,343,Loyal Customers,18,Low risk
CUS-08176,47,2,83.23,5,2,1,521,Potential Loyalists,15,Low risk
CUS-08177,390,3,404.56,2,2,4,224,Hibernating,67,High risk
CUS-08178,449,2,162.26999999999998,1,2,2,122,Hibernating,67,High risk
CUS-08179,82,4,558.12,3,3,4,334,Potential Loyalists,5,Low risk
CUS-08180,303,3,263.12,2,2,3,223,Hibernating,67,High risk
CUS-08181,9,5,145.32,5,4,2,542,Loyal Customers,5,Low risk
CUS-08182,84,15,1402.62,3,5,5,355,High-Value Customers,5,Low risk
CUS-08183,126,5,266.07,3,4,3,343,Loyal Customers,55,Medium risk
CUS-08184,175,1,70.08,2,1,1,211,Hibernating,54,Medium risk
CUS-08185,316,3,324.78999999999996,2,2,3,223,Hibernating,92,High risk
CUS-08186,70,5,437.03999999999996,4,4,4,444,Champions,20,Low risk
CUS-08187,64,5,433.14,4,4,4,444,Champions,5,Low risk
CUS-08188,818,3,207.99,1,2,2,122,Hibernating,92,High risk
CUS-08189,632,1,164.13,1,1,2,112,Hibernating,77,High risk
CUS-08190,286,5,429.04,2,4,4,244,At Risk,57,Medium risk
CUS-08191,559,2,122.17000000000002,1,2,1,121,Hibernating,77,High risk
CUS-08192,303,5,355.34,2,4,3,243,At Risk,65,High risk
CUS-08193,883,2,100.75,1,2,1,121,Hibernating,77,High risk
CUS-08194,629,1,164.41,1,1,2,112,Hibernating,85,High risk
CUS-08195,139,3,253.32,2,2,3,223,Hibernating,45,Medium risk
CUS-08196,46,1,40.61,5,1,1,511,Potential Loyalists,5,Low risk
CUS-08197,96,2,151.59,3,2,2,322,Discount Seekers,68,High risk
CUS-08198,54,5,373.46999999999997,4,4,3,443,Loyal Customers,5,Low risk
CUS-08199,51,2,103.92,4,2,1,421,Potential Loyalists,5,Low risk
CUS-08200,78,11,1483.54,4,5,5,455,High-Value Customers,5,Low risk
CUS-08201,146,5,658.02,2,4,4,244,At Risk,30,Low risk
CUS-08202,505,5,605.57,1,4,4,144,At Risk,67,High risk
CUS-08203,76,5,361.33,4,4,3,443,Discount Seekers,20,Low risk
CUS-08204,185,8,601.79,2,5,4,254,At Risk,44,Medium risk
CUS-08205,644,1,113.42,1,1,1,111,Hibernating,77,High risk
CUS-08206,18,3,224.76999999999998,5,2,2,522,Potential Loyalists,5,Low risk
CUS-08207,61,9,759.6600000000001,4,5,5,455,High-Value Customers,28,Low risk
CUS-08208,58,9,648.5,4,5,4,454,Champions,13,Low risk
CUS-08209,96,7,692.9,3,4,5,345,High-Value Customers,33,Low risk
CUS-08210,55,8,510.03,4,5,4,454,Champions,5,Low risk
CUS-08211,432,2,80.82,1,2,1,121,Hibernating,67,High risk
CUS-08212,114,6,654.89,3,4,4,344,Loyal Customers,18,Low risk
CUS-08213,280,10,1010.93,2,5,5,255,High-Value Customers,57,Medium risk
CUS-08214,611,3,200.51999999999998,1,2,2,122,Hibernating,82,High risk
CUS-08215,58,23,2685.13,4,5,5,455,High-Value Customers,13,Low risk
CUS-08216,20,10,897.7,5,5,5,555,High-Value Customers,13,Low risk
CUS-08217,57,12,1169.47,4,5,5,455,High-Value Customers,5,Low risk
CUS-08218,67,3,147.06,4,2,2,422,Potential Loyalists,30,Low risk
CUS-08219,77,4,298.34000000000003,4,3,3,433,Discount Seekers,28,Low risk
CUS-08220,56,4,307.0,4,3,3,433,Discount Seekers,13,Low risk
CUS-08221,40,7,515.85,5,4,4,544,Champions,5,Low risk
CUS-08222,40,3,118.75999999999999,5,2,1,521,Potential Loyalists,5,Low risk
CUS-08223,85,8,684.24,3,5,5,355,High-Value Customers,5,Low risk
CUS-08224,21,2,57.58,5,2,1,521,Potential Loyalists,5,Low risk
CUS-08225,105,4,447.67,3,3,4,334,Potential Loyalists,33,Low risk
CUS-08226,136,9,558.22,3,5,4,354,Loyal Customers,38,Medium risk
CUS-08227,33,2,131.97,5,2,1,521,Potential Loyalists,5,Low risk
CUS-08228,222,2,102.50999999999999,2,2,1,221,Hibernating,54,Medium risk
CUS-08229,64,11,982.15,4,5,5,455,High-Value Customers,5,Low risk
CUS-08230,167,6,422.15999999999997,2,4,4,244,At Risk,59,Medium risk
CUS-08231,103,4,207.25,3,3,2,332,Discount Seekers,26,Low risk
CUS-08232,398,5,326.06,2,4,3,243,At Risk,72,High risk
CUS-08233,97,6,846.1800000000001,3,4,5,345,High-Value Customers,26,Low risk
CUS-08234,106,5,338.87,3,4,3,343,Loyal Customers,18,Low risk
CUS-08235,15,4,500.59000000000003,5,3,4,534,Potential Loyalists,20,Low risk
CUS-08236,78,9,987.3,4,5,5,455,High-Value Customers,20,Low risk
CUS-08237,61,7,514.76,4,4,4,444,Champions,13,Low risk
CUS-08238,356,1,151.74,2,1,2,212,Hibernating,77,High risk
CUS-08239,84,5,450.02,3,4,4,344,Loyal Customers,23,Low risk
CUS-08240,438,3,195.51,1,2,2,122,Hibernating,57,Medium risk
CUS-08241,112,3,329.96,3,2,3,323,Potential Loyalists,33,Low risk
CUS-08242,226,2,66.8,2,2,1,221,Hibernating,64,Medium risk
CUS-08243,45,5,472.81,5,4,4,544,Champions,5,Low risk
CUS-08244,71,4,366.37,4,3,3,433,Potential Loyalists,30,Low risk
CUS-08245,40,2,218.37,5,2,2,522,Potential Loyalists,13,Low risk
CUS-08246,56,7,415.52,4,4,4,444,Champions,21,Low risk
CUS-08247,111,4,309.78000000000003,3,3,3,333,Discount Seekers,33,Low risk
CUS-08248,217,4,383.32,2,3,3,233,At Risk,44,Medium risk
CUS-08249,514,3,210.61,1,2,2,122,Hibernating,67,High risk
CUS-08250,110,6,466.44,3,4,4,344,Loyal Customers,26,Low risk
CUS-08251,22,4,323.8,5,3,3,533,Potential Loyalists,5,Low risk
CUS-08252,175,8,850.1800000000001,2,5,5,255,High-Value Customers,44,Medium risk
CUS-08253,8,4,268.68,5,3,3,533,Potential Loyalists,20,Low risk
CUS-08254,39,16,1138.17,5,5,5,555,High-Value Customers,5,Low risk
CUS-08255,35,7,436.68,5,4,4,544,Champions,28,Low risk
CUS-08256,360,2,158.03,2,2,2,222,Hibernating,92,High risk
CUS-08257,165,7,663.94,2,4,5,245,High-Value Customers,44,Medium risk
CUS-08258,646,1,59.13,1,1,1,111,Hibernating,85,High risk
CUS-08259,80,8,616.76,4,5,4,454,Champions,5,Low risk
CUS-08260,559,1,60.35,1,1,1,111,Hibernating,77,High risk
CUS-08261,29,9,732.72,5,5,5,555,High-Value Customers,5,Low risk
CUS-08262,32,7,606.09,5,4,4,544,Champions,20,Low risk
CUS-08263,322,7,889.6700000000001,2,4,5,245,High-Value Customers,65,High risk
CUS-08264,33,2,135.69,5,2,2,522,Potential Loyalists,5,Low risk
CUS-08265,72,2,92.16,4,2,1,421,Potential Loyalists,20,Low risk
CUS-08266,44,2,215.41,5,2,2,522,Potential Loyalists,5,Low risk
CUS-08267,12,8,622.18,5,5,4,554,Champions,20,Low risk
CUS-08268,14,8,687.01,5,5,5,555,High-Value Customers,5,Low risk
CUS-08269,687,1,243.8,1,1,2,112,Hibernating,77,High risk
CUS-08270,306,9,786.45,2,5,5,255,High-Value Customers,57,Medium risk
CUS-08271,49,9,852.5500000000001,4,5,5,455,High-Value Customers,20,Low risk
CUS-08272,323,3,476.32,2,2,4,224,Hibernating,67,High risk
CUS-08273,611,2,201.45999999999998,1,2,2,122,Hibernating,77,High risk
CUS-08274,600,3,379.38,1,2,3,123,Hibernating,77,High risk
CUS-08275,435,2,108.74,1,2,1,121,Hibernating,67,High risk
CUS-08276,87,3,187.5,3,2,2,322,Potential Loyalists,5,Low risk
CUS-08277,18,2,114.05000000000001,5,2,1,521,Potential Loyalists,5,Low risk
CUS-08278,36,1,75.57,5,1,1,511,Potential Loyalists,5,Low risk
CUS-08279,14,8,350.51,5,5,3,553,Loyal Customers,20,Low risk
CUS-08280,9,8,904.99,5,5,5,555,High-Value Customers,20,Low risk
CUS-08281,54,15,1560.67,4,5,5,455,High-Value Customers,5,Low risk
CUS-08282,25,4,292.73,5,3,3,533,Potential Loyalists,28,Low risk
CUS-08283,50,3,205.81,4,2,2,422,Potential Loyalists,15,Low risk
CUS-08284,237,5,275.99,2,4,3,243,At Risk,44,Medium risk
CUS-08285,78,3,296.18,4,2,3,423,Potential Loyalists,20,Low risk
CUS-08286,329,3,197.76999999999998,2,2,2,222,Hibernating,67,High risk
CUS-08287,25,5,595.49,5,4,4,544,Champions,13,Low risk
CUS-08288,618,3,321.72,1,2,3,123,Hibernating,82,High risk
CUS-08289,75,16,1417.3400000000001,4,5,5,455,High-Value Customers,5,Low risk
CUS-08290,384,2,138.46,2,2,2,222,Hibernating,67,High risk
CUS-08291,27,4,260.57,5,3,3,533,Potential Loyalists,5,Low risk
CUS-08292,85,5,762.6,3,4,5,345,High-Value Customers,5,Low risk
CUS-08293,600,3,205.47,1,2,2,122,Hibernating,67,High risk
CUS-08294,268,5,385.05,2,4,3,243,At Risk,57,Medium risk
CUS-08295,357,1,75.42,2,1,1,211,Hibernating,77,High risk
CUS-08296,75,14,1574.55,4,5,5,455,High-Value Customers,20,Low risk
CUS-08297,372,5,533.33,2,4,4,244,At Risk,67,High risk
CUS-08298,418,3,223.67,1,2,2,122,Hibernating,77,High risk
CUS-08299,77,14,1729.17,4,5,5,455,High-Value Customers,13,Low risk
CUS-08300,153,1,106.68,2,1,1,211,Hibernating,79,High risk
CUS-08301,57,4,269.02,4,3,3,433,Potential Loyalists,5,Low risk
CUS-08302,765,2,258.95,1,2,3,123,Hibernating,92,High risk
CUS-08303,132,2,114.03,3,2,1,321,Potential Loyalists,30,Low risk
CUS-08304,635,3,380.69,1,2,3,123,Hibernating,82,High risk
CUS-08305,14,9,810.55,5,5,5,555,High-Value Customers,5,Low risk
CUS-08306,444,4,309.21999999999997,1,3,3,133,At Risk,67,High risk
CUS-08307,703,1,91.06,1,1,1,111,Hibernating,77,High risk
CUS-08308,386,3,275.52,2,2,3,223,Hibernating,65,High risk
CUS-08309,759,1,75.62,1,1,1,111,Hibernating,85,High risk
CUS-08310,36,4,269.69,5,3,3,533,Potential Loyalists,28,Low risk
CUS-08311,85,17,2132.13,3,5,5,355,High-Value Customers,20,Low risk
CUS-08312,384,5,527.01,2,4,4,244,At Risk,57,Medium risk
CUS-08313,74,4,514.83,4,3,4,434,Potential Loyalists,15,Low risk
CUS-08314,55,2,263.58,4,2,3,423,Potential Loyalists,5,Low risk
CUS-08315,66,7,598.76,4,4,4,444,Champions,5,Low risk
CUS-08316,207,8,825.9300000000001,2,5,5,255,High-Value Customers,44,Medium risk
CUS-08317,46,7,390.7,5,4,3,543,Loyal Customers,20,Low risk
CUS-08318,99,3,222.10999999999999,3,2,2,322,Potential Loyalists,33,Low risk
CUS-08319,23,8,667.24,5,5,5,555,High-Value Customers,5,Low risk
CUS-08320,35,3,104.85,5,2,1,521,Potential Loyalists,5,Low risk
CUS-08321,68,6,376.93,4,4,3,443,Loyal Customers,5,Low risk
CUS-08322,24,2,304.63,5,2,3,523,Potential Loyalists,5,Low risk
CUS-08323,58,7,558.02,4,4,4,444,Champions,21,Low risk
CUS-08324,20,2,133.22,5,2,2,522,Potential Loyalists,5,Low risk
CUS-08325,18,2,101.37,5,2,1,521,Potential Loyalists,5,Low risk
CUS-08326,24,10,756.01,5,5,5,555,High-Value Customers,13,Low risk
CUS-08327,364,2,87.05,2,2,1,221,Hibernating,67,High risk
CUS-08328,122,4,301.53,3,3,3,333,Potential Loyalists,30,Low risk
CUS-08329,141,9,921.93,2,5,5,255,High-Value Customers,30,Low risk
CUS-08330,559,2,265.76,1,2,3,123,Hibernating,92,High risk
CUS-08331,72,6,387.48,4,4,3,443,Discount Seekers,28,Low risk
CUS-08332,27,3,163.62,5,2,2,522,Potential Loyalists,5,Low risk
CUS-08333,78,9,634.53,4,5,4,454,Champions,20,Low risk
CUS-08334,589,1,49.09,1,1,1,111,Hibernating,92,High risk
CUS-08335,320,6,617.98,2,4,4,244,At Risk,57,Medium risk
CUS-08336,77,4,388.01,4,3,3,433,Potential Loyalists,5,Low risk
CUS-08337,77,8,468.21000000000004,4,5,4,454,Champions,35,Medium risk
CUS-08338,773,2,149.69,1,2,2,122,Hibernating,92,High risk
CUS-08339,382,1,236.81,2,1,2,212,Hibernating,92,High risk
CUS-08340,837,3,173.21,1,2,2,122,Hibernating,77,High risk
CUS-08341,661,2,204.01,1,2,2,122,Hibernating,77,High risk
CUS-08342,36,2,52.16,5,2,1,521,Potential Loyalists,5,Low risk
CUS-08343,38,2,101.83,5,2,1,521,Potential Loyalists,5,Low risk
CUS-08344,835,2,184.32999999999998,1,2,2,122,Hibernating,92,High risk
CUS-08345,257,2,79.88,2,2,1,221,Hibernating,82,High risk
CUS-08346,57,3,119.69,4,2,1,421,Potential Loyalists,5,Low risk
CUS-08347,144,6,482.42,2,4,4,244,At Risk,30,Low risk
CUS-08348,564,4,331.09000000000003,1,3,3,133,At Risk,67,High risk
CUS-08349,700,2,138.99,1,2,2,122,Hibernating,77,High risk
CUS-08350,74,7,489.44,4,4,4,444,Champions,5,Low risk
CUS-08351,31,9,665.77,5,5,5,555,High-Value Customers,20,Low risk
CUS-08352,186,4,238.88,2,3,2,232,At Risk,54,Medium risk
CUS-08353,21,16,1524.69,5,5,5,555,High-Value Customers,5,Low risk
CUS-08354,32,10,719.3,5,5,5,555,High-Value Customers,13,Low risk
CUS-08355,15,4,279.18,5,3,3,533,Potential Loyalists,5,Low risk
CUS-08356,57,4,108.12,4,3,1,431,Potential Loyalists,5,Low risk
CUS-08357,582,2,132.26,1,2,1,121,Hibernating,85,High risk
CUS-08358,49,1,72.2,4,1,1,411,Potential Loyalists,5,Low risk
CUS-08359,63,6,701.33,4,4,5,445,High-Value Customers,13,Low risk
CUS-08360,67,27,3269.9,4,5,5,455,High-Value Customers,20,Low risk
CUS-08361,83,4,251.03,3,3,3,333,Potential Loyalists,5,Low risk
CUS-08362,142,1,60.35,2,1,1,211,Hibernating,30,Low risk
CUS-08363,13,19,1634.54,5,5,5,555,High-Value Customers,13,Low risk
CUS-08364,323,7,623.53,2,4,4,244,At Risk,65,High risk
CUS-08365,688,1,16.58,1,1,1,111,Hibernating,85,High risk
CUS-08366,81,5,667.24,4,4,5,445,High-Value Customers,5,Low risk
CUS-08367,96,2,113.16999999999999,3,2,1,321,Potential Loyalists,18,Low risk
CUS-08368,454,5,323.45,1,4,3,143,At Risk,57,Medium risk
CUS-08369,89,3,134.31,3,2,2,322,Discount Seekers,23,Low risk
CUS-08370,43,1,25.26,5,1,1,511,Potential Loyalists,5,Low risk
CUS-08371,87,7,341.4,3,4,3,343,Loyal Customers,5,Low risk
CUS-08372,245,2,172.32,2,2,2,222,Hibernating,92,High risk
CUS-08373,38,2,196.23000000000002,5,2,2,522,Potential Loyalists,5,Low risk
CUS-08374,509,1,64.13,1,1,1,111,Hibernating,77,High risk
CUS-08375,30,3,196.19,5,2,2,522,Potential Loyalists,5,Low risk
CUS-08376,180,4,393.75,2,3,3,233,At Risk,44,Medium risk
CUS-08377,379,1,51.26,2,1,1,211,Hibernating,77,High risk
CUS-08378,55,1,168.92,4,1,2,412,Potential Loyalists,5,Low risk
CUS-08379,266,2,227.60999999999999,2,2,2,222,Hibernating,92,High risk
CUS-08380,62,1,83.52,4,1,1,411,Potential Loyalists,5,Low risk
CUS-08381,180,2,113.77,2,2,1,221,Hibernating,69,High risk
CUS-08382,624,5,458.67999999999995,1,4,4,144,At Risk,57,Medium risk
CUS-08383,213,3,82.98,2,2,1,221,Hibernating,54,Medium risk
CUS-08384,631,5,590.11,1,4,4,144,At Risk,57,Medium risk
CUS-08385,29,9,798.04,5,5,5,555,High-Value Customers,5,Low risk
CUS-08386,26,3,265.62,5,2,3,523,Potential Loyalists,5,Low risk
CUS-08387,50,1,73.06,4,1,1,411,Potential Loyalists,30,Low risk
CUS-08388,18,12,1086.19,5,5,5,555,High-Value Customers,5,Low risk
CUS-08389,43,6,356.35,5,4,3,543,Loyal Customers,5,Low risk
CUS-08390,103,3,183.93,3,2,2,322,Potential Loyalists,36,Medium risk
CUS-08391,154,5,554.62,2,4,4,244,At Risk,52,Medium risk
CUS-08392,635,3,104.24000000000001,1,2,1,121,Hibernating,67,High risk
CUS-08393,275,3,567.24,2,2,4,224,Hibernating,65,High risk
CUS-08394,38,1,157.71,5,1,2,512,Potential Loyalists,5,Low risk
CUS-08395,171,2,135.18,2,2,2,222,Hibernating,64,Medium risk
CUS-08396,103,8,493.35,3,5,4,354,Loyal Customers,18,Low risk
CUS-08397,64,8,783.53,4,5,5,455,High-Value Customers,20,Low risk
CUS-08398,487,3,201.39999999999998,1,2,2,122,Hibernating,67,High risk
CUS-08399,55,3,308.88,4,2,3,423,Potential Loyalists,5,Low risk
CUS-08400,145,3,432.63,2,2,4,224,Hibernating,63,Medium risk
CUS-08401,64,7,416.24,4,4,4,444,Champions,13,Low risk
CUS-08402,408,3,356.18,1,2,3,123,Hibernating,82,High risk
CUS-08403,59,4,312.79,4,3,3,433,Potential Loyalists,15,Low risk
CUS-08404,51,5,465.59000000000003,4,4,4,444,Champions,5,Low risk
CUS-08405,39,10,868.76,5,5,5,555,High-Value Customers,5,Low risk
CUS-08406,66,5,426.88,4,4,4,444,Champions,13,Low risk
CUS-08407,742,4,348.04,1,3,3,133,At Risk,67,High risk
CUS-08408,28,2,92.51,5,2,1,521,Potential Loyalists,5,Low risk
CUS-08409,63,6,369.26,4,4,3,443,Loyal Customers,13,Low risk
CUS-08410,210,3,250.41,2,2,3,223,Hibernating,44,Medium risk
CUS-08411,52,17,2036.25,4,5,5,455,High-Value Customers,5,Low risk
CUS-08412,129,10,1358.49,3,5,5,355,High-Value Customers,30,Low risk
CUS-08413,37,7,795.77,5,4,5,545,High-Value Customers,13,Low risk
CUS-08414,477,3,306.3,1,2,3,123,Hibernating,67,High risk
CUS-08415,97,11,982.28,3,5,5,355,High-Value Customers,18,Low risk
CUS-08416,25,2,177.68,5,2,2,522,Potential Loyalists,5,Low risk
CUS-08417,552,2,113.88,1,2,1,121,Hibernating,67,High risk
CUS-08418,128,5,442.78,3,4,4,344,Loyal Customers,30,Low risk
CUS-08419,397,2,98.45,2,2,1,221,Hibernating,67,High risk
CUS-08420,354,3,444.15999999999997,2,2,4,224,Hibernating,67,High risk
CUS-08421,129,6,1045.1,3,4,5,345,High-Value Customers,30,Low risk
CUS-08422,75,3,546.25,4,2,4,424,Potential Loyalists,5,Low risk
CUS-08423,404,3,474.07,1,2,4,124,Hibernating,92,High risk
CUS-08424,433,1,46.57,1,1,1,111,Hibernating,77,High risk
CUS-08425,33,8,787.23,5,5,5,555,High-Value Customers,5,Low risk
CUS-08426,239,4,349.12,2,3,3,233,At Risk,69,High risk
CUS-08427,24,1,92.73,5,1,1,511,Potential Loyalists,20,Low risk
CUS-08428,68,5,732.23,4,4,5,445,High-Value Customers,20,Low risk
CUS-08429,70,11,794.37,4,5,5,455,High-Value Customers,21,Low risk
CUS-08430,190,2,191.26,2,2,2,222,Hibernating,64,Medium risk
CUS-08431,83,12,842.11,3,5,5,355,High-Value Customers,21,Low risk
CUS-08432,10,10,697.0699999999999,5,5,5,555,High-Value Customers,28,Low risk
CUS-08433,333,1,160.12,2,1,2,212,Hibernating,77,High risk
CUS-08434,128,8,766.25,3,5,5,355,High-Value Customers,30,Low risk
CUS-08435,44,6,350.5,5,4,3,543,Loyal Customers,5,Low risk
CUS-08436,134,16,1394.28,3,5,5,355,High-Value Customers,30,Low risk
CUS-08437,54,10,850.2,4,5,5,455,High-Value Customers,13,Low risk
CUS-08438,300,3,263.26,2,3,3,233,At Risk,67,High risk
CUS-08439,112,7,532.37,3,4,4,344,Loyal Customers,18,Low risk
CUS-08440,688,2,316.3,1,2,3,123,Hibernating,92,High risk
CUS-08441,339,3,240.41,2,3,2,232,At Risk,67,High risk
CUS-08442,479,1,129.25,1,1,1,111,Hibernating,85,High risk
CUS-08443,117,10,1084.81,3,5,5,355,High-Value Customers,18,Low risk
CUS-08444,49,2,143.82999999999998,4,2,2,422,Potential Loyalists,5,Low risk
CUS-08445,660,3,158.94,1,3,2,132,At Risk,77,High risk
CUS-08446,51,4,186.24,4,3,2,432,Potential Loyalists,5,Low risk
CUS-08447,59,3,320.49,4,3,3,433,Potential Loyalists,5,Low risk
CUS-08448,618,2,118.60999999999999,1,2,1,121,Hibernating,77,High risk
CUS-08449,25,9,721.99,5,5,5,555,High-Value Customers,5,Low risk
CUS-08450,469,4,335.36,1,3,3,133,At Risk,80,High risk
CUS-08451,50,3,95.68,4,3,1,431,Potential Loyalists,20,Low risk
CUS-08452,127,5,246.14000000000001,3,4,2,342,Loyal Customers,30,Low risk
CUS-08453,571,5,201.74,1,4,2,142,At Risk,67,High risk
CUS-08454,11,7,288.29,5,4,3,543,Loyal Customers,5,Low risk
CUS-08455,310,3,614.5799999999999,2,3,4,234,Discount Seekers,82,High risk
CUS-08456,71,6,534.45,4,4,4,444,Champions,28,Low risk
CUS-08457,99,2,85.75999999999999,3,2,1,321,Potential Loyalists,28,Low risk
CUS-08458,99,4,265.92,3,3,3,333,Potential Loyalists,18,Low risk
CUS-08459,103,5,163.82999999999998,3,4,2,342,Loyal Customers,18,Low risk
CUS-08460,100,3,214.07999999999998,3,3,2,332,Discount Seekers,46,Medium risk
CUS-08461,765,1,53.05,1,1,1,111,Hibernating,85,High risk
CUS-08462,94,10,804.85,3,5,5,355,High-Value Customers,18,Low risk
CUS-08463,22,2,100.62,5,2,1,521,Potential Loyalists,5,Low risk
CUS-08464,87,8,988.25,3,5,5,355,High-Value Customers,20,Low risk
CUS-08465,45,2,82.57,5,2,1,521,Potential Loyalists,5,Low risk
CUS-08466,70,1,63.69,4,1,1,411,Potential Loyalists,23,Low risk
CUS-08467,72,11,1404.75,4,5,5,455,High-Value Customers,5,Low risk
CUS-08468,382,2,155.33,2,2,2,222,Hibernating,75,High risk
CUS-08469,104,6,497.31,3,4,4,344,Loyal Customers,26,Low risk
CUS-08470,41,2,126.49,5,2,1,521,Potential Loyalists,5,Low risk
CUS-08471,536,3,429.48,1,3,4,134,At Risk,67,High risk
CUS-08472,54,8,546.81,4,5,4,454,Champions,5,Low risk
CUS-08473,24,3,99.84,5,3,1,531,Potential Loyalists,5,Low risk
CUS-08474,87,8,397.56,3,5,3,353,Discount Seekers,20,Low risk
CUS-08475,53,2,88.13,4,2,1,421,Potential Loyalists,5,Low risk
CUS-08476,143,4,253.47,2,3,3,233,Discount Seekers,48,Medium risk
CUS-08477,67,6,515.5500000000001,4,4,4,444,Champions,5,Low risk
CUS-08478,783,5,495.31,1,4,4,144,At Risk,75,High risk
CUS-08479,140,5,407.8,2,4,4,244,At Risk,40,Medium risk
CUS-08480,11,10,1217.72,5,5,5,555,High-Value Customers,5,Low risk
CUS-08481,80,6,840.9599999999999,4,4,5,445,High-Value Customers,5,Low risk
CUS-08482,58,3,68.93,4,3,1,431,Potential Loyalists,5,Low risk
CUS-08483,199,2,62.86,2,2,1,221,Hibernating,44,Medium risk
CUS-08484,420,5,520.82,1,4,4,144,At Risk,83,High risk
CUS-08485,146,1,56.75,2,1,1,211,Hibernating,50,Medium risk
CUS-08486,263,4,232.99,2,3,2,232,At Risk,72,High risk
CUS-08487,318,5,358.18,2,4,3,243,At Risk,57,Medium risk
CUS-08488,37,3,403.84000000000003,5,3,4,534,Potential Loyalists,5,Low risk
CUS-08489,170,4,533.71,2,3,4,234,At Risk,54,Medium risk
CUS-08490,139,8,538.67,2,5,4,254,At Risk,53,Medium risk
CUS-08491,69,7,366.26,4,4,3,443,Loyal Customers,5,Low risk
CUS-08492,383,3,235.49,2,3,2,232,At Risk,82,High risk
CUS-08493,246,5,369.13,2,4,3,243,At Risk,82,High risk
CUS-08494,172,9,765.29,2,5,5,255,High-Value Customers,59,Medium risk
CUS-08495,55,6,740.03,4,4,5,445,High-Value Customers,5,Low risk
CUS-08496,130,6,231.41,3,4,2,342,Loyal Customers,30,Low risk
CUS-08497,823,4,472.08,1,3,4,134,At Risk,67,High risk
CUS-08498,161,2,192.19,2,2,2,222,Hibernating,44,Medium risk
CUS-08499,682,2,281.11,1,2,3,123,Hibernating,77,High risk
CUS-08500,322,2,331.72,2,2,3,223,Hibernating,67,High risk
CUS-08501,147,8,918.8599999999999,2,5,5,255,High-Value Customers,30,Low risk
CUS-08502,98,7,513.62,3,4,4,344,Loyal Customers,26,Low risk
CUS-08503,625,2,328.78,1,2,3,123,Hibernating,77,High risk
CUS-08504,599,5,413.92,1,4,4,144,At Risk,67,High risk
CUS-08505,86,2,211.63,3,2,2,322,Potential Loyalists,20,Low risk
CUS-08506,96,5,323.68,3,4,3,343,Loyal Customers,33,Low risk
CUS-08507,884,1,54.86,1,1,1,111,Hibernating,85,High risk
CUS-08508,59,9,1138.52,4,5,5,455,High-Value Customers,5,Low risk
CUS-08509,530,4,273.65999999999997,1,3,3,133,At Risk,67,High risk
CUS-08510,143,6,455.61,2,4,4,244,At Risk,38,Medium risk
CUS-08511,332,3,294.81,2,3,3,233,At Risk,67,High risk
CUS-08512,319,2,143.06,2,2,2,222,Hibernating,77,High risk
CUS-08513,730,2,93.46000000000001,1,2,1,121,Hibernating,77,High risk
CUS-08514,54,10,986.12,4,5,5,455,High-Value Customers,5,Low risk
CUS-08515,135,1,45.12,3,1,1,311,Potential Loyalists,40,Medium risk
CUS-08516,43,10,1201.78,5,5,5,555,High-Value Customers,13,Low risk
CUS-08517,411,2,156.64,1,2,2,122,Hibernating,77,High risk
CUS-08518,37,7,597.62,5,4,4,544,Champions,20,Low risk
CUS-08519,11,16,1428.2,5,5,5,555,High-Value Customers,5,Low risk
CUS-08520,458,4,348.29,1,3,3,133,At Risk,57,Medium risk
CUS-08521,43,5,474.97,5,4,4,544,Champions,5,Low risk
CUS-08522,12,14,1318.71,5,5,5,555,High-Value Customers,13,Low risk
CUS-08523,667,3,250.8,1,3,3,133,At Risk,67,High risk
CUS-08524,708,1,65.31,1,1,1,111,Hibernating,85,High risk
CUS-08525,27,5,402.85,5,4,4,544,Champions,28,Low risk
CUS-08526,600,1,121.81,1,1,1,111,Hibernating,77,High risk
CUS-08527,37,1,36.35,5,1,1,511,Potential Loyalists,5,Low risk
CUS-08528,488,2,190.26,1,2,2,122,Hibernating,67,High risk
CUS-08529,69,8,934.34,4,5,5,455,High-Value Customers,5,Low risk
CUS-08530,541,2,134.14,1,2,2,122,Hibernating,92,High risk
CUS-08531,106,11,1021.6,3,5,5,355,High-Value Customers,18,Low risk
CUS-08532,103,9,704.74,3,5,5,355,High-Value Customers,26,Low risk
CUS-08533,436,5,594.4300000000001,1,4,4,144,At Risk,57,Medium risk
CUS-08534,42,2,182.76,5,2,2,522,Potential Loyalists,20,Low risk
CUS-08535,24,2,85.37,5,2,1,521,Potential Loyalists,5,Low risk
CUS-08536,454,3,211.69,1,3,2,132,At Risk,77,High risk
CUS-08537,195,3,176.11,2,3,2,232,At Risk,54,Medium risk
CUS-08538,521,3,296.27,1,3,3,133,At Risk,67,High risk
CUS-08539,53,4,411.62,4,3,4,434,Potential Loyalists,20,Low risk
CUS-08540,150,1,54.0,2,1,1,211,Hibernating,40,Medium risk
CUS-08541,114,8,531.65,3,5,4,354,Loyal Customers,18,Low risk
CUS-08542,391,2,290.71,2,2,3,223,Hibernating,92,High risk
CUS-08543,369,2,139.99,2,2,2,222,Hibernating,67,High risk
CUS-08544,83,2,176.05,3,2,2,322,Potential Loyalists,15,Low risk
CUS-08545,133,7,548.5,3,4,4,344,Loyal Customers,46,Medium risk
CUS-08546,46,4,287.26,5,3,3,533,Potential Loyalists,5,Low risk
CUS-08547,44,2,118.69999999999999,5,2,1,521,Potential Loyalists,5,Low risk
CUS-08548,32,14,1041.3,5,5,5,555,High-Value Customers,13,Low risk
CUS-08549,63,2,298.53,4,2,3,423,Potential Loyalists,15,Low risk
CUS-08550,81,5,411.43999999999994,4,4,4,444,Champions,28,Low risk
CUS-08551,284,1,146.68,2,1,2,212,Hibernating,77,High risk
CUS-08552,717,3,158.59,1,3,2,132,At Risk,92,High risk
CUS-08553,84,5,286.81,3,4,3,343,Loyal Customers,15,Low risk
CUS-08554,79,15,2237.01,4,5,5,455,High-Value Customers,5,Low risk
CUS-08555,31,2,69.11,5,2,1,521,Potential Loyalists,5,Low risk
CUS-08556,81,11,827.24,4,5,5,455,High-Value Customers,5,Low risk
CUS-08557,58,8,1367.1299999999999,4,5,5,455,High-Value Customers,20,Low risk
CUS-08558,358,5,297.4,2,4,3,243,At Risk,57,Medium risk
CUS-08559,632,1,60.07,1,1,1,111,Hibernating,92,High risk
CUS-08560,107,11,1253.71,3,5,5,355,High-Value Customers,26,Low risk
CUS-08561,772,2,213.73999999999998,1,2,2,122,Hibernating,77,High risk
CUS-08562,94,12,916.1099999999999,3,5,5,355,High-Value Customers,26,Low risk
CUS-08563,649,1,44.54,1,1,1,111,Hibernating,77,High risk
CUS-08564,564,1,25.28,1,1,1,111,Hibernating,77,High risk
CUS-08565,678,4,390.48,1,3,3,133,At Risk,82,High risk
CUS-08566,50,7,428.12,4,4,4,444,Champions,5,Low risk
CUS-08567,121,3,103.75,3,3,1,331,Potential Loyalists,30,Low risk
CUS-08568,33,3,253.7,5,3,3,533,Potential Loyalists,28,Low risk
CUS-08569,345,5,232.12,2,4,2,242,At Risk,72,High risk
CUS-08570,871,1,27.34,1,1,1,111,Hibernating,77,High risk
CUS-08571,315,6,740.18,2,4,5,245,High-Value Customers,57,Medium risk
CUS-08572,133,10,1038.58,3,5,5,355,High-Value Customers,30,Low risk
CUS-08573,95,7,575.6600000000001,3,4,4,344,Loyal Customers,26,Low risk
CUS-08574,355,1,71.81,2,1,1,211,Hibernating,85,High risk
CUS-08575,83,11,1463.42,3,5,5,355,High-Value Customers,5,Low risk
CUS-08576,7,3,68.68,5,3,1,531,Potential Loyalists,5,Low risk
CUS-08577,634,2,59.61,1,2,1,121,Hibernating,77,High risk
CUS-08578,309,2,186.6,2,2,2,222,Hibernating,67,High risk
CUS-08579,151,4,275.55,2,3,3,233,At Risk,44,Medium risk
CUS-08580,565,2,98.53999999999999,1,2,1,121,Hibernating,77,High risk
CUS-08581,137,5,192.92000000000002,3,4,2,342,Loyal Customers,38,Medium risk
CUS-08582,15,6,466.93,5,4,4,544,Champions,28,Low risk
CUS-08583,81,9,861.64,4,5,5,455,High-Value Customers,5,Low risk
CUS-08584,162,5,427.89,2,4,4,244,At Risk,62,Medium risk
CUS-08585,66,3,261.01,4,3,3,433,Potential Loyalists,5,Low risk
CUS-08586,28,4,275.61,5,3,3,533,Potential Loyalists,5,Low risk
CUS-08587,17,2,63.21000000000001,5,2,1,521,Potential Loyalists,5,Low risk
CUS-08588,74,4,352.36,4,3,3,433,Potential Loyalists,15,Low risk
CUS-08589,13,1,56.14,5,1,1,511,Potential Loyalists,13,Low risk
CUS-08590,91,4,232.83,3,3,2,332,Discount Seekers,26,Low risk
CUS-08591,852,1,99.55,1,1,1,111,Hibernating,77,High risk
CUS-08592,91,3,300.28,3,3,3,333,Potential Loyalists,33,Low risk
CUS-08593,287,2,266.44,2,2,3,223,Hibernating,67,High risk
CUS-08594,65,6,266.96,4,4,3,443,Loyal Customers,28,Low risk
CUS-08595,442,2,165.93,1,2,2,122,Hibernating,67,High risk
CUS-08596,73,4,237.91,4,3,2,432,Potential Loyalists,5,Low risk
CUS-08597,79,6,683.63,4,4,5,445,High-Value Customers,5,Low risk
CUS-08598,146,7,332.15999999999997,2,4,3,243,At Risk,53,Medium risk
CUS-08599,92,4,251.57,3,3,3,333,Potential Loyalists,18,Low risk
CUS-08600,103,7,492.86,3,4,4,344,Loyal Customers,18,Low risk
CUS-08601,680,1,103.37,1,1,1,111,Hibernating,77,High risk
CUS-08602,87,12,704.63,3,5,5,355,High-Value Customers,5,Low risk
CUS-08603,85,5,470.4,3,4,4,344,Discount Seekers,21,Low risk
CUS-08604,63,12,926.58,4,5,5,455,High-Value Customers,5,Low risk
CUS-08605,457,1,102.5,1,1,1,111,Hibernating,77,High risk
CUS-08606,38,17,1553.55,5,5,5,555,High-Value Customers,5,Low risk
CUS-08607,96,7,764.96,3,4,5,345,High-Value Customers,18,Low risk
CUS-08608,55,7,480.87,4,4,4,444,Champions,28,Low risk
CUS-08609,67,5,336.26,4,4,3,443,Discount Seekers,21,Low risk
CUS-08610,35,3,221.87,5,3,2,532,Potential Loyalists,15,Low risk
CUS-08611,53,8,852.96,4,5,5,455,High-Value Customers,20,Low risk
CUS-08612,26,7,457.95000000000005,5,4,4,544,Champions,13,Low risk
CUS-08613,24,2,199.1,5,2,2,522,Potential Loyalists,5,Low risk
CUS-08614,122,4,447.9,3,3,4,334,Potential Loyalists,30,Low risk
CUS-08615,62,9,556.96,4,5,4,454,Champions,20,Low risk
CUS-08616,646,1,59.8,1,1,1,111,Hibernating,77,High risk
CUS-08617,325,3,250.1,2,3,3,233,At Risk,67,High risk
CUS-08618,254,4,360.20000000000005,2,3,3,233,At Risk,57,Medium risk
CUS-08619,82,7,827.87,3,4,5,345,High-Value Customers,13,Low risk
CUS-08620,61,1,29.92,4,1,1,411,Potential Loyalists,5,Low risk
CUS-08621,183,8,859.08,2,5,5,255,High-Value Customers,44,Medium risk
CUS-08622,29,11,1755.65,5,5,5,555,High-Value Customers,5,Low risk
CUS-08623,113,6,612.19,3,4,4,344,Loyal Customers,18,Low risk
CUS-08624,125,11,933.28,3,5,5,355,High-Value Customers,38,Medium risk
CUS-08625,207,6,559.04,2,4,4,244,At Risk,44,Medium risk
CUS-08626,69,10,825.21,4,5,5,455,High-Value Customers,20,Low risk
CUS-08627,120,7,503.48,3,4,4,344,Discount Seekers,41,Medium risk
CUS-08628,144,8,657.24,2,5,4,254,At Risk,30,Low risk
CUS-08629,33,4,252.0,5,3,3,533,Potential Loyalists,20,Low risk
CUS-08630,32,4,183.94,5,3,2,532,Potential Loyalists,5,Low risk
CUS-08631,168,4,293.34,2,3,3,233,At Risk,54,Medium risk
CUS-08632,672,2,132.61,1,2,2,122,Hibernating,77,High risk
CUS-08633,45,10,806.58,5,5,5,555,High-Value Customers,5,Low risk
CUS-08634,22,4,515.99,5,3,4,534,Potential Loyalists,5,Low risk
CUS-08635,18,6,773.9,5,4,5,545,High-Value Customers,20,Low risk
CUS-08636,107,2,191.43,3,2,2,322,Potential Loyalists,18,Low risk
CUS-08637,113,3,208.89,3,3,2,332,Potential Loyalists,33,Low risk
CUS-08638,46,11,888.6800000000001,5,5,5,555,High-Value Customers,5,Low risk
CUS-08639,49,14,772.22,4,5,5,455,High-Value Customers,5,Low risk
CUS-08640,125,7,799.63,3,4,5,345,High-Value Customers,45,Medium risk
CUS-08641,38,6,377.58000000000004,5,4,3,543,Loyal Customers,5,Low risk
CUS-08642,74,9,1073.01,4,5,5,455,High-Value Customers,5,Low risk
CUS-08643,99,5,138.19,3,4,2,342,Loyal Customers,18,Low risk
CUS-08644,122,2,126.3,3,2,1,321,Potential Loyalists,65,High risk
CUS-08645,37,1,76.9,5,1,1,511,Potential Loyalists,25,Low risk
CUS-08646,561,1,43.6,1,1,1,111,Hibernating,77,High risk
CUS-08647,39,10,694.47,5,5,5,555,High-Value Customers,28,Low risk
CUS-08648,434,2,193.43,1,2,2,122,Hibernating,75,High risk
CUS-08649,602,2,144.61,1,2,2,122,Hibernating,85,High risk
CUS-08650,408,2,139.46,1,2,2,122,Hibernating,75,High risk
CUS-08651,110,4,303.01,3,3,3,333,Potential Loyalists,33,Low risk
CUS-08652,35,4,279.3,5,3,3,533,Discount Seekers,13,Low risk
CUS-08653,423,1,62.58,1,1,1,111,Hibernating,77,High risk
CUS-08654,96,17,2155.49,3,5,5,355,High-Value Customers,18,Low risk
CUS-08655,22,1,87.34,5,1,1,511,Potential Loyalists,5,Low risk
CUS-08656,169,6,279.09000000000003,2,4,3,243,At Risk,44,Medium risk
CUS-08657,115,7,479.55999999999995,3,4,4,344,Loyal Customers,18,Low risk
CUS-08658,96,3,186.72,3,3,2,332,Discount Seekers,48,Medium risk
CUS-08659,85,5,419.33,3,4,4,344,Loyal Customers,23,Low risk
CUS-08660,812,2,264.0,1,2,3,123,Hibernating,77,High risk
CUS-08661,74,6,476.93,4,4,4,444,Champions,5,Low risk
CUS-08662,50,3,370.26,4,3,3,433,Potential Loyalists,5,Low risk
CUS-08663,108,4,243.38,3,3,2,332,Potential Loyalists,18,Low risk
CUS-08664,379,7,556.73,2,4,4,244,At Risk,65,High risk
CUS-08665,753,2,157.1,1,2,2,122,Hibernating,85,High risk
CUS-08666,66,6,452.8,4,4,4,444,Champions,5,Low risk
CUS-08667,78,8,548.38,4,5,4,454,Champions,5,Low risk
CUS-08668,329,4,291.38,2,3,3,233,At Risk,57,Medium risk
CUS-08669,25,5,327.15999999999997,5,4,3,543,Discount Seekers,28,Low risk
CUS-08670,276,4,223.73000000000002,2,3,2,232,At Risk,82,High risk
CUS-08671,478,1,22.02,1,1,1,111,Hibernating,77,High risk
CUS-08672,21,7,545.15,5,4,4,544,Champions,13,Low risk
CUS-08673,72,3,220.16,4,3,2,432,Potential Loyalists,5,Low risk
CUS-08674,168,5,421.97,2,4,4,244,At Risk,54,Medium risk
CUS-08675,190,3,201.24,2,3,2,232,At Risk,59,Medium risk
CUS-08676,100,9,1252.01,3,5,5,355,High-Value Customers,18,Low risk
CUS-08677,180,5,197.73000000000002,2,4,2,242,At Risk,54,Medium risk
CUS-08678,589,2,289.18,1,2,3,123,Hibernating,92,High risk
CUS-08679,635,2,140.5,1,2,2,122,Hibernating,92,High risk
CUS-08680,24,3,139.03,5,3,2,532,Potential Loyalists,5,Low risk
CUS-08681,121,5,449.32000000000005,3,4,4,344,Loyal Customers,38,Medium risk
CUS-08682,60,1,79.49,4,1,1,411,Potential Loyalists,5,Low risk
CUS-08683,617,1,62.63,1,1,1,111,Hibernating,77,High risk
CUS-08684,406,3,202.0,1,3,2,132,At Risk,75,High risk
CUS-08685,526,1,106.73,1,1,1,111,Hibernating,100,High risk
CUS-08686,369,4,275.84999999999997,2,3,3,233,At Risk,57,Medium risk
CUS-08687,77,11,896.9499999999999,4,5,5,455,High-Value Customers,21,Low risk
CUS-08688,23,13,755.52,5,5,5,555,High-Value Customers,21,Low risk
CUS-08689,47,10,522.5,5,5,4,554,Champions,5,Low risk
CUS-08690,146,7,753.74,2,4,5,245,High-Value Customers,38,Medium risk
CUS-08691,454,2,97.55000000000001,1,2,1,121,Hibernating,100,High risk
CUS-08692,98,4,361.22999999999996,3,3,3,333,Potential Loyalists,18,Low risk
CUS-08693,62,14,1479.44,4,5,5,455,High-Value Customers,5,Low risk
CUS-08694,773,2,203.38,1,2,2,122,Hibernating,92,High risk
CUS-08695,65,2,82.43,4,2,1,421,Potential Loyalists,5,Low risk
CUS-08696,722,4,243.14,1,3,2,132,At Risk,82,High risk
CUS-08697,76,2,115.67,4,2,1,421,Potential Loyalists,5,Low risk
CUS-08698,67,19,1809.02,4,5,5,455,High-Value Customers,5,Low risk
CUS-08699,166,4,198.62,2,3,2,232,At Risk,54,Medium risk
CUS-08700,45,6,730.5,5,4,5,545,High-Value Customers,13,Low risk
CUS-08701,105,4,287.07,3,3,3,333,Potential Loyalists,33,Low risk
CUS-08702,754,2,136.4,1,2,2,122,Hibernating,77,High risk
CUS-08703,264,2,321.21,2,2,3,223,Hibernating,57,Medium risk
CUS-08704,25,5,281.52,5,4,3,543,Loyal Customers,13,Low risk
CUS-08705,65,1,106.16,4,1,1,411,Potential Loyalists,5,Low risk
CUS-08706,95,5,209.47,3,4,2,342,Loyal Customers,18,Low risk
CUS-08707,400,2,149.1,1,2,2,122,Hibernating,77,High risk
CUS-08708,609,2,117.4,1,2,1,121,Hibernating,77,High risk
CUS-08709,145,16,1820.56,2,5,5,255,High-Value Customers,30,Low risk
CUS-08710,108,2,159.62,3,2,2,322,Potential Loyalists,53,Medium risk
CUS-08711,487,1,71.69,1,1,1,111,Hibernating,77,High risk
CUS-08712,547,3,250.11,1,3,3,133,At Risk,90,High risk
CUS-08713,34,3,105.46000000000001,5,3,1,531,Potential Loyalists,5,Low risk
CUS-08714,340,2,82.05000000000001,2,2,1,221,Hibernating,92,High risk
CUS-08715,64,7,928.38,4,4,5,445,High-Value Customers,5,Low risk
CUS-08716,30,9,835.95,5,5,5,555,High-Value Customers,5,Low risk
CUS-08717,461,2,85.94,1,2,1,121,Hibernating,67,High risk
CUS-08718,791,1,260.65,1,1,3,113,Hibernating,85,High risk
CUS-08719,868,1,23.67,1,1,1,111,Hibernating,77,High risk
CUS-08720,133,4,309.40999999999997,3,3,3,333,Potential Loyalists,55,Medium risk
CUS-08721,25,4,156.69,5,3,2,532,Potential Loyalists,5,Low risk
CUS-08722,609,6,366.44,1,4,3,143,At Risk,57,Medium risk
CUS-08723,88,5,469.46,3,4,4,344,Loyal Customers,5,Low risk
CUS-08724,70,3,408.85,4,3,4,434,Potential Loyalists,5,Low risk
CUS-08725,457,1,54.31,1,1,1,111,Hibernating,100,High risk
CUS-08726,35,9,972.05,5,5,5,555,High-Value Customers,5,Low risk
CUS-08727,205,2,138.84,2,2,2,222,Hibernating,54,Medium risk
CUS-08728,85,7,627.78,3,4,4,344,Loyal Customers,20,Low risk
CUS-08729,52,3,194.62,4,3,2,432,Potential Loyalists,28,Low risk
CUS-08730,83,6,556.14,3,4,4,344,Loyal Customers,5,Low risk
CUS-08731,97,4,287.31,3,3,3,333,Potential Loyalists,18,Low risk
CUS-08732,119,2,77.91,3,2,1,321,Potential Loyalists,28,Low risk
CUS-08733,59,11,1135.11,4,5,5,455,High-Value Customers,5,Low risk
CUS-08734,135,3,360.49,3,3,3,333,Potential Loyalists,45,Medium risk
CUS-08735,410,3,387.46999999999997,1,3,3,133,At Risk,67,High risk
CUS-08736,95,7,650.85,3,4,4,344,Loyal Customers,18,Low risk
CUS-08737,213,4,278.26,2,3,3,233,At Risk,54,Medium risk
CUS-08738,34,5,313.51,5,4,3,543,Loyal Customers,5,Low risk
CUS-08739,156,8,486.58000000000004,2,5,4,254,At Risk,44,Medium risk
CUS-08740,80,17,1193.97,4,5,5,455,High-Value Customers,5,Low risk
CUS-08741,679,2,154.15,1,2,2,122,Hibernating,77,High risk
CUS-08742,639,3,292.68,1,3,3,133,At Risk,67,High risk
CUS-08743,426,3,198.56,1,3,2,132,Discount Seekers,90,High risk
CUS-08744,93,3,149.97,3,3,2,332,Potential Loyalists,28,Low risk
CUS-08745,132,5,443.48,3,4,4,344,Discount Seekers,63,Medium risk
CUS-08746,437,3,194.54,1,3,2,132,At Risk,67,High risk
CUS-08747,86,2,288.58,3,2,3,323,Potential Loyalists,15,Low risk
CUS-08748,27,2,154.17000000000002,5,2,2,522,Potential Loyalists,5,Low risk
CUS-08749,714,1,22.39,1,1,1,111,Hibernating,85,High risk
CUS-08750,199,5,209.57,2,4,2,242,At Risk,44,Medium risk
CUS-08751,232,5,346.79,2,4,3,243,At Risk,62,Medium risk
CUS-08752,347,1,63.13,2,1,1,211,Hibernating,77,High risk
CUS-08753,92,5,683.89,3,4,5,345,High-Value Customers,33,Low risk
CUS-08754,99,4,467.09000000000003,3,3,4,334,Potential Loyalists,28,Low risk
CUS-08755,40,7,530.83,5,4,4,544,Champions,20,Low risk
CUS-08756,60,9,908.89,4,5,5,455,High-Value Customers,5,Low risk
CUS-08757,82,7,545.1700000000001,3,4,4,344,Loyal Customers,5,Low risk
CUS-08758,56,8,690.09,4,5,5,455,High-Value Customers,20,Low risk
CUS-08759,39,5,427.97,5,4,4,544,Champions,21,Low risk
CUS-08760,660,1,46.82,1,1,1,111,Hibernating,85,High risk
CUS-08761,40,6,291.90999999999997,5,4,3,543,Discount Seekers,28,Low risk
CUS-08762,92,1,95.79,3,1,1,311,Potential Loyalists,18,Low risk
CUS-08763,144,5,268.29,2,4,3,243,At Risk,30,Low risk
CUS-08764,135,3,312.84000000000003,3,3,3,333,Potential Loyalists,40,Medium risk
CUS-08765,69,9,1094.1,4,5,5,455,High-Value Customers,5,Low risk
CUS-08766,124,3,183.2,3,3,2,332,Discount Seekers,38,Medium risk
CUS-08767,47,5,232.94,5,4,2,542,Loyal Customers,5,Low risk
CUS-08768,38,4,366.54999999999995,5,3,3,533,Potential Loyalists,20,Low risk
CUS-08769,24,6,483.78,5,4,4,544,Champions,5,Low risk
CUS-08770,603,1,48.55,1,1,1,111,Hibernating,77,High risk
CUS-08771,83,10,745.97,3,5,5,355,High-Value Customers,13,Low risk
CUS-08772,370,4,302.77,2,3,3,233,At Risk,57,Medium risk
CUS-08773,636,2,210.81,1,2,2,122,Hibernating,77,High risk
CUS-08774,49,4,212.04,4,3,2,432,Potential Loyalists,28,Low risk
CUS-08775,167,6,442.28000000000003,2,4,4,244,At Risk,59,Medium risk
CUS-08776,108,13,1342.8700000000001,3,5,5,355,High-Value Customers,33,Low risk
CUS-08777,17,6,357.94,5,4,3,543,Loyal Customers,5,Low risk
CUS-08778,44,10,811.04,5,5,5,555,High-Value Customers,13,Low risk
CUS-08779,50,7,526.39,4,4,4,444,Champions,5,Low risk
CUS-08780,252,3,285.94,2,3,3,233,At Risk,75,High risk
CUS-08781,88,7,969.38,3,4,5,345,High-Value Customers,20,Low risk
CUS-08782,87,7,447.19,3,4,4,344,Loyal Customers,20,Low risk
CUS-08783,364,2,169.7,2,2,2,222,Hibernating,77,High risk
CUS-08784,90,4,271.63,3,3,3,333,Potential Loyalists,15,Low risk
CUS-08785,24,1,114.21,5,1,1,511,Potential Loyalists,5,Low risk
CUS-08786,20,5,421.82,5,4,4,544,Champions,21,Low risk
CUS-08787,150,2,90.02,2,2,1,221,Hibernating,50,Medium risk
CUS-08788,147,3,102.27,2,3,1,231,At Risk,40,Medium risk
CUS-08789,74,14,1033.43,4,5,5,455,High-Value Customers,5,Low risk
CUS-08790,72,7,697.01,4,4,5,445,High-Value Customers,20,Low risk
CUS-08791,742,5,419.47,1,4,4,144,At Risk,67,High risk
CUS-08792,209,2,64.97,2,2,1,221,Hibernating,64,Medium risk
CUS-08793,35,5,374.51,5,4,3,543,Loyal Customers,13,Low risk
CUS-08794,79,4,356.46999999999997,4,3,3,433,Potential Loyalists,20,Low risk
CUS-08795,90,7,545.78,3,4,4,344,Loyal Customers,13,Low risk
CUS-08796,382,4,284.52,2,3,3,233,At Risk,67,High risk
CUS-08797,734,4,317.61,1,3,3,133,At Risk,82,High risk
CUS-08798,51,3,201.13,4,3,2,432,Potential Loyalists,5,Low risk
CUS-08799,107,3,368.09,3,3,3,333,Potential Loyalists,33,Low risk
CUS-08800,30,9,579.16,5,5,4,554,Champions,5,Low risk
CUS-08801,26,1,81.52,5,1,1,511,Potential Loyalists,5,Low risk
CUS-08802,55,17,1274.26,4,5,5,455,High-Value Customers,5,Low risk
CUS-08803,80,7,538.94,4,4,4,444,Champions,13,Low risk
CUS-08804,143,5,589.26,2,4,4,244,At Risk,48,Medium risk
CUS-08805,48,2,78.0,5,2,1,521,Potential Loyalists,5,Low risk
CUS-08806,94,11,873.68,3,5,5,355,High-Value Customers,26,Low risk
CUS-08807,735,3,265.9,1,3,3,133,At Risk,85,High risk
CUS-08808,74,7,619.76,4,4,4,444,Champions,20,Low risk
CUS-08809,137,3,234.93,3,3,2,332,Discount Seekers,70,High risk
CUS-08810,186,5,283.53,2,4,3,243,At Risk,52,Medium risk
CUS-08811,813,3,274.96000000000004,1,3,3,133,At Risk,92,High risk
CUS-08812,586,2,141.29,1,2,2,122,Hibernating,77,High risk
CUS-08813,244,2,128.49,2,2,1,221,Hibernating,77,High risk
CUS-08814,136,7,1051.98,3,4,5,345,High-Value Customers,38,Medium risk
CUS-08815,130,2,142.62,3,2,2,322,Potential Loyalists,50,Medium risk
CUS-08816,434,2,104.15,1,2,1,121,Hibernating,77,High risk
CUS-08817,74,6,496.5,4,4,4,444,Champions,21,Low risk
CUS-08818,81,8,979.4300000000001,4,5,5,455,High-Value Customers,5,Low risk
CUS-08819,77,6,727.6600000000001,4,4,5,445,High-Value Customers,5,Low risk
CUS-08820,83,14,1179.17,3,5,5,355,High-Value Customers,5,Low risk
CUS-08821,135,2,178.9,3,2,2,322,Potential Loyalists,50,Medium risk
CUS-08822,275,4,272.7,2,3,3,233,At Risk,72,High risk
CUS-08823,72,4,222.37,4,3,2,432,Potential Loyalists,5,Low risk
CUS-08824,61,3,309.47,4,3,3,433,Potential Loyalists,20,Low risk
CUS-08825,81,5,258.82,4,4,3,443,Discount Seekers,13,Low risk
CUS-08826,904,1,32.15,1,1,1,111,Hibernating,85,High risk
CUS-08827,451,1,20.13,1,1,1,111,Hibernating,77,High risk
CUS-08828,45,25,3082.98,5,5,5,555,High-Value Customers,5,Low risk
CUS-08829,70,4,234.25,4,3,2,432,Discount Seekers,13,Low risk
CUS-08830,163,3,139.16,2,3,2,232,At Risk,44,Medium risk
CUS-08831,57,2,76.75,4,2,1,421,Potential Loyalists,20,Low risk
CUS-08832,48,17,1717.85,5,5,5,555,High-Value Customers,5,Low risk
CUS-08833,61,6,622.58,4,4,4,444,Champions,13,Low risk
CUS-08834,33,5,358.11,5,4,3,543,Loyal Customers,5,Low risk
CUS-08835,912,1,38.92,1,1,1,111,Hibernating,85,High risk
CUS-08836,568,5,408.42,1,4,4,144,At Risk,75,High risk
CUS-08837,680,1,89.71,1,1,1,111,Hibernating,85,High risk
CUS-08838,393,3,187.5,2,3,2,232,At Risk,72,High risk
CUS-08839,67,5,630.06,4,4,4,444,Champions,28,Low risk
CUS-08840,20,5,515.53,5,4,4,544,Champions,13,Low risk
CUS-08841,135,6,654.53,3,4,4,344,Loyal Customers,38,Medium risk
CUS-08842,423,4,331.03000000000003,1,3,3,133,At Risk,57,Medium risk
CUS-08843,44,2,118.74,5,2,1,521,Potential Loyalists,5,Low risk
CUS-08844,639,3,267.21000000000004,1,3,3,133,At Risk,82,High risk
CUS-08845,352,2,283.29,2,2,3,223,Hibernating,85,High risk
CUS-08846,50,3,234.72,4,3,2,432,Potential Loyalists,5,Low risk
CUS-08847,355,2,124.54,2,2,1,221,Hibernating,67,High risk
CUS-08848,171,3,162.95,2,3,2,232,At Risk,44,Medium risk
CUS-08849,233,2,144.41,2,2,2,222,Hibernating,87,High risk
CUS-08850,151,5,450.52,2,4,4,244,At Risk,44,Medium risk
CUS-08851,397,3,239.73,2,3,2,232,At Risk,77,High risk
CUS-08852,38,4,383.33000000000004,5,3,3,533,Potential Loyalists,13,Low risk
CUS-08853,138,8,720.04,2,5,5,255,High-Value Customers,30,Low risk
CUS-08854,121,3,94.88,3,3,1,331,Potential Loyalists,30,Low risk
CUS-08855,174,5,555.88,2,4,4,244,At Risk,44,Medium risk
CUS-08856,30,3,208.4,5,3,2,532,Potential Loyalists,5,Low risk
CUS-08857,35,6,226.73000000000002,5,4,2,542,Loyal Customers,5,Low risk
CUS-08858,64,7,368.74,4,4,3,443,Loyal Customers,13,Low risk
CUS-08859,72,3,299.29,4,3,3,433,Discount Seekers,28,Low risk
CUS-08860,134,6,462.44,3,4,4,344,Loyal Customers,38,Medium risk
CUS-08861,26,2,61.269999999999996,5,2,1,521,Potential Loyalists,5,Low risk
CUS-08862,463,6,549.0,1,4,4,144,At Risk,57,Medium risk
CUS-08863,4,12,1481.62,5,5,5,555,High-Value Customers,5,Low risk
CUS-08864,88,9,877.11,3,5,5,355,High-Value Customers,20,Low risk
CUS-08865,81,17,1520.24,4,5,5,455,High-Value Customers,5,Low risk
CUS-08866,581,3,223.3,1,3,2,132,At Risk,67,High risk
CUS-08867,55,17,1774.31,4,5,5,455,High-Value Customers,5,Low risk
CUS-08868,409,2,131.81,1,2,1,121,Hibernating,90,High risk
CUS-08869,28,6,301.89,5,4,3,543,Loyal Customers,13,Low risk
CUS-08870,31,11,854.76,5,5,5,555,High-Value Customers,5,Low risk
CUS-08871,441,3,275.45,1,3,3,133,At Risk,67,High risk
CUS-08872,167,1,48.3,2,1,1,211,Hibernating,54,Medium risk
CUS-08873,100,5,554.67,3,4,4,344,Loyal Customers,28,Low risk
CUS-08874,62,6,362.1,4,4,3,443,Discount Seekers,35,Medium risk
CUS-08875,245,2,224.2,2,2,2,222,Hibernating,67,High risk
CUS-08876,85,5,275.81,3,4,3,343,Loyal Customers,5,Low risk
CUS-08877,118,10,585.1899999999999,3,5,4,354,Loyal Customers,18,Low risk
CUS-08878,567,4,257.1,1,3,3,133,At Risk,72,High risk
CUS-08879,695,2,213.76,1,2,2,122,Hibernating,77,High risk
CUS-08880,241,2,249.28000000000003,2,2,3,223,Hibernating,92,High risk
CUS-08881,99,10,706.63,3,5,5,355,High-Value Customers,18,Low risk
CUS-08882,931,1,36.94,1,1,1,111,Hibernating,77,High risk
CUS-08883,83,2,185.01999999999998,3,2,2,322,Potential Loyalists,5,Low risk
CUS-08884,59,7,329.19,4,4,3,443,Loyal Customers,5,Low risk
CUS-08885,32,16,2183.14,5,5,5,555,High-Value Customers,20,Low risk
CUS-08886,360,2,136.48000000000002,2,2,2,222,Hibernating,67,High risk
CUS-08887,38,1,153.28,5,1,2,512,Potential Loyalists,25,Low risk
CUS-08888,491,2,158.20999999999998,1,2,2,122,Hibernating,77,High risk
CUS-08889,15,4,239.5,5,3,2,532,Potential Loyalists,5,Low risk
CUS-08890,62,9,1086.51,4,5,5,455,High-Value Customers,5,Low risk
CUS-08891,164,5,915.88,2,4,5,245,High-Value Customers,62,Medium risk
CUS-08892,626,1,79.1,1,1,1,111,Hibernating,77,High risk
CUS-08893,102,2,176.27,3,2,2,322,Potential Loyalists,18,Low risk
CUS-08894,441,2,245.9,1,2,2,122,Hibernating,77,High risk
CUS-08895,77,3,249.18,4,3,3,433,Potential Loyalists,20,Low risk
CUS-08896,625,2,138.3,1,2,2,122,Hibernating,77,High risk
CUS-08897,47,6,567.78,5,4,4,544,Champions,30,Low risk
CUS-08898,3,5,465.04,5,4,4,544,Champions,5,Low risk
CUS-08899,120,1,48.07,3,1,1,311,Potential Loyalists,28,Low risk
CUS-08900,62,3,114.91,4,3,1,431,Potential Loyalists,5,Low risk
CUS-08901,80,1,96.48,4,1,1,411,Potential Loyalists,30,Low risk
CUS-08902,75,8,568.75,4,5,4,454,Champions,5,Low risk
CUS-08903,115,7,1238.6,3,4,5,345,High-Value Customers,18,Low risk
CUS-08904,109,5,258.01,3,4,3,343,Loyal Customers,18,Low risk
CUS-08905,142,13,1216.41,2,5,5,255,High-Value Customers,30,Low risk
CUS-08906,129,4,220.58999999999997,3,3,2,332,Potential Loyalists,55,Medium risk
CUS-08907,473,6,564.11,1,4,4,144,At Risk,57,Medium risk
CUS-08908,31,3,296.3,5,3,3,533,Potential Loyalists,15,Low risk
CUS-08909,65,2,124.4,4,2,1,421,Potential Loyalists,20,Low risk
CUS-08910,621,1,46.53,1,1,1,111,Hibernating,85,High risk
CUS-08911,185,4,323.88,2,3,3,233,At Risk,59,Medium risk
CUS-08912,151,6,412.68,2,4,4,244,At Risk,44,Medium risk
CUS-08913,153,4,119.32,2,3,1,231,At Risk,44,Medium risk
CUS-08914,656,2,196.31,1,2,2,122,Hibernating,77,High risk
CUS-08915,52,5,568.06,4,4,4,444,Champions,13,Low risk
CUS-08916,613,1,73.3,1,1,1,111,Hibernating,77,High risk
CUS-08917,169,3,147.67,2,3,2,232,At Risk,67,High risk
CUS-08918,243,10,1007.87,2,5,5,255,High-Value Customers,72,High risk
CUS-08919,107,8,661.9,3,5,5,355,High-Value Customers,33,Low risk
CUS-08920,299,3,196.91,2,3,2,232,At Risk,67,High risk
CUS-08921,74,18,2304.6800000000003,4,5,5,455,High-Value Customers,5,Low risk
CUS-08922,42,6,737.97,5,4,5,545,High-Value Customers,13,Low risk
CUS-08923,264,2,140.0,2,2,2,222,Hibernating,82,High risk
CUS-08924,487,1,78.34,1,1,1,111,Hibernating,92,High risk
CUS-08925,114,5,775.94,3,4,5,345,High-Value Customers,36,Medium risk
CUS-08926,120,6,644.0699999999999,3,4,4,344,Loyal Customers,26,Low risk
CUS-08927,498,1,36.03,1,1,1,111,Hibernating,85,High risk
CUS-08928,48,3,298.96000000000004,5,3,3,533,Potential Loyalists,5,Low risk
CUS-08929,68,9,1014.29,4,5,5,455,High-Value Customers,5,Low risk
CUS-08930,52,6,251.9,4,4,3,443,Loyal Customers,5,Low risk
CUS-08931,44,5,374.11,5,4,3,543,Loyal Customers,5,Low risk
CUS-08932,119,8,699.5,3,5,5,355,High-Value Customers,18,Low risk
CUS-08933,425,5,316.45,1,4,3,143,At Risk,67,High risk
CUS-08934,49,6,165.0,4,4,2,442,Loyal Customers,5,Low risk
CUS-08935,29,4,194.33,5,3,2,532,Potential Loyalists,20,Low risk
CUS-08936,84,6,926.3100000000001,3,4,5,345,High-Value Customers,5,Low risk
CUS-08937,163,6,618.05,2,4,4,244,At Risk,44,Medium risk
CUS-08938,67,6,432.35,4,4,4,444,Champions,5,Low risk
CUS-08939,107,1,74.5,3,1,1,311,Potential Loyalists,33,Low risk
CUS-08940,467,2,156.31,1,2,2,122,Hibernating,75,High risk
CUS-08941,427,2,75.86,1,2,1,121,Hibernating,75,High risk
CUS-08942,81,4,230.93,4,3,2,432,Potential Loyalists,5,Low risk
CUS-08943,141,3,400.61,2,3,4,234,At Risk,30,Low risk
CUS-08944,105,7,271.02,3,4,3,343,Loyal Customers,26,Low risk
CUS-08945,23,11,953.66,5,5,5,555,High-Value Customers,20,Low risk
CUS-08946,212,3,63.5,2,3,1,231,At Risk,44,Medium risk
CUS-08947,141,8,658.45,2,5,5,255,High-Value Customers,30,Low risk
CUS-08948,70,4,526.25,4,3,4,434,Potential Loyalists,20,Low risk
CUS-08949,74,6,587.86,4,4,4,444,Champions,5,Low risk
CUS-08950,562,1,47.61,1,1,1,111,Hibernating,77,High risk
CUS-08951,26,3,301.4,5,3,3,533,Potential Loyalists,5,Low risk
CUS-08952,116,12,1394.55,3,5,5,355,High-Value Customers,26,Low risk
CUS-08953,44,8,613.89,5,5,4,554,Champions,5,Low risk
CUS-08954,170,6,762.89,2,4,5,245,High-Value Customers,52,Medium risk
CUS-08955,23,10,836.4,5,5,5,555,High-Value Customers,5,Low risk
CUS-08956,632,1,74.26,1,1,1,111,Hibernating,77,High risk
CUS-08957,831,1,67.79,1,1,1,111,Hibernating,77,High risk
CUS-08958,74,8,541.12,4,5,4,454,Champions,20,Low risk
CUS-08959,639,2,86.64,1,2,1,121,Hibernating,85,High risk
CUS-08960,89,8,1000.1800000000001,3,5,5,355,High-Value Customers,5,Low risk
CUS-08961,89,3,108.48,3,3,1,331,Potential Loyalists,15,Low risk
CUS-08962,227,2,111.37,2,2,1,221,Hibernating,64,Medium risk
CUS-08963,60,6,829.12,4,4,5,445,High-Value Customers,5,Low risk
CUS-08964,42,10,1032.29,5,5,5,555,High-Value Customers,5,Low risk
CUS-08965,115,4,177.16,3,3,2,332,Potential Loyalists,28,Low risk
CUS-08966,78,3,230.12,4,3,2,432,Discount Seekers,23,Low risk
CUS-08967,87,8,923.21,3,5,5,355,High-Value Customers,20,Low risk
CUS-08968,148,4,165.29,2,3,2,232,At Risk,63,Medium risk
CUS-08969,749,3,374.85,1,3,3,133,At Risk,77,High risk
CUS-08970,46,2,136.01,5,2,2,522,Potential Loyalists,13,Low risk
CUS-08971,549,2,68.02000000000001,1,2,1,121,Hibernating,77,High risk
CUS-08972,429,2,140.28,1,2,2,122,Hibernating,67,High risk
CUS-08973,253,6,558.51,2,4,4,244,At Risk,67,High risk
CUS-08974,86,5,290.65,3,4,3,343,Loyal Customers,13,Low risk
CUS-08975,181,6,486.96000000000004,2,4,4,244,At Risk,60,Medium risk
CUS-08976,106,3,126.53999999999999,3,3,1,331,Discount Seekers,53,Medium risk
CUS-08977,364,4,323.09,2,3,3,233,At Risk,57,Medium risk
CUS-08978,86,2,119.02000000000001,3,2,1,321,Potential Loyalists,5,Low risk
CUS-08979,24,5,420.23,5,4,4,544,Champions,5,Low risk
CUS-08980,114,3,558.61,3,3,4,334,Potential Loyalists,28,Low risk
CUS-08981,84,3,263.36,3,3,3,333,Potential Loyalists,5,Low risk
CUS-08982,532,7,562.16,1,4,4,144,At Risk,65,High risk
CUS-08983,509,6,670.3399999999999,1,4,5,145,High-Value Customers,57,Medium risk
CUS-08984,41,4,178.07,5,3,2,532,Potential Loyalists,5,Low risk
CUS-08985,54,3,141.57999999999998,4,3,2,432,Potential Loyalists,5,Low risk
CUS-08986,664,2,157.19,1,2,2,122,Hibernating,77,High risk
CUS-08987,17,5,518.16,5,4,4,544,Champions,5,Low risk
CUS-08988,126,6,606.79,3,4,4,344,Loyal Customers,40,Medium risk
CUS-08989,558,3,293.36,1,3,3,133,At Risk,82,High risk
CUS-08990,157,6,470.9,2,4,4,244,At Risk,44,Medium risk
CUS-08991,59,12,1219.2,4,5,5,455,High-Value Customers,5,Low risk
CUS-08992,557,2,232.35,1,2,2,122,Hibernating,77,High risk
CUS-08993,114,5,325.21000000000004,3,4,3,343,Loyal Customers,18,Low risk
CUS-08994,77,9,796.07,4,5,5,455,High-Value Customers,28,Low risk
CUS-08995,33,9,932.92,5,5,5,555,High-Value Customers,5,Low risk
CUS-08996,119,6,521.9200000000001,3,4,4,344,Loyal Customers,26,Low risk
CUS-08997,97,6,386.77,3,4,3,343,Loyal Customers,26,Low risk
CUS-08998,464,1,46.31,1,1,1,111,Hibernating,77,High risk
CUS-08999,109,12,1564.46,3,5,5,355,High-Value Customers,26,Low risk
CUS-09000,83,14,884.3199999999999,3,5,5,355,High-Value Customers,28,Low risk
CUS-09001,11,6,362.25,5,4,3,543,Loyal Customers,5,Low risk
CUS-09002,533,1,112.03,1,1,1,111,Hibernating,77,High risk
CUS-09003,101,5,750.3,3,4,5,345,High-Value Customers,18,Low risk
CUS-09004,17,1,25.21,5,1,1,511,Potential Loyalists,5,Low risk
CUS-09005,81,6,519.31,4,4,4,444,Champions,13,Low risk
CUS-09006,136,15,963.8199999999999,3,5,5,355,High-Value Customers,30,Low risk
CUS-09007,147,2,175.39,2,2,2,222,Hibernating,40,Medium risk
CUS-09008,354,4,318.01,2,3,3,233,At Risk,82,High risk
CUS-09009,122,4,390.47,3,3,3,333,Potential Loyalists,40,Medium risk
CUS-09010,14,2,80.97,5,2,1,521,Potential Loyalists,5,Low risk
CUS-09011,196,1,141.15,2,1,2,212,Hibernating,87,High risk
CUS-09012,229,1,53.03,2,1,1,211,Hibernating,64,Medium risk
CUS-09013,573,3,207.81,1,3,2,132,Discount Seekers,90,High risk
CUS-09014,51,14,971.19,4,5,5,455,High-Value Customers,5,Low risk
CUS-09015,845,1,60.07,1,1,1,111,Hibernating,100,High risk
CUS-09016,68,1,73.99,4,1,1,411,Potential Loyalists,13,Low risk
CUS-09017,58,5,431.89,4,4,4,444,Champions,5,Low risk
CUS-09018,686,2,330.68,1,2,3,123,Hibernating,77,High risk
CUS-09019,759,1,107.57,1,1,1,111,Hibernating,77,High risk
CUS-09020,81,1,129.09,4,1,1,411,Potential Loyalists,5,Low risk
CUS-09021,110,18,931.0,3,5,5,355,High-Value Customers,18,Low risk
CUS-09022,70,4,459.76,4,3,4,434,Potential Loyalists,5,Low risk
CUS-09023,146,13,1680.4099999999999,2,5,5,255,High-Value Customers,38,Medium risk
CUS-09024,374,3,191.61,2,3,2,232,At Risk,72,High risk
CUS-09025,521,2,155.56,1,2,2,122,Hibernating,85,High risk
CUS-09026,769,2,188.25,1,2,2,122,Hibernating,85,High risk
CUS-09027,932,2,115.24,1,2,1,121,Hibernating,92,High risk
CUS-09028,131,5,368.51,3,4,3,343,Loyal Customers,30,Low risk
CUS-09029,45,1,21.48,5,1,1,511,Potential Loyalists,5,Low risk
CUS-09030,414,4,605.5799999999999,1,3,4,134,At Risk,67,High risk
CUS-09031,48,15,980.52,5,5,5,555,High-Value Customers,5,Low risk
CUS-09032,24,9,832.88,5,5,5,555,High-Value Customers,5,Low risk
CUS-09033,682,2,342.96,1,2,3,123,Hibernating,100,High risk
CUS-09034,138,4,346.73,2,3,3,233,At Risk,48,Medium risk
CUS-09035,358,2,195.89000000000001,2,2,2,222,Hibernating,67,High risk
CUS-09036,31,4,279.51000000000005,5,3,3,533,Potential Loyalists,5,Low risk
CUS-09037,95,10,1011.5600000000001,3,5,5,355,High-Value Customers,18,Low risk
CUS-09038,20,5,294.13,5,4,3,543,Loyal Customers,5,Low risk
CUS-09039,87,6,377.87,3,4,3,343,Loyal Customers,5,Low risk
CUS-09040,170,8,748.0,2,5,5,255,High-Value Customers,44,Medium risk
CUS-09041,626,3,225.76,1,3,2,132,At Risk,75,High risk
CUS-09042,59,12,1137.28,4,5,5,455,High-Value Customers,28,Low risk
CUS-09043,695,4,280.95,1,3,3,133,At Risk,75,High risk
CUS-09044,431,5,444.53000000000003,1,4,4,144,At Risk,57,Medium risk
CUS-09045,208,3,133.79,2,3,2,232,At Risk,44,Medium risk
CUS-09046,134,6,435.91,3,4,4,344,Loyal Customers,30,Low risk
CUS-09047,94,6,378.25,3,4,3,343,Loyal Customers,41,Medium risk
CUS-09048,27,6,402.03,5,4,4,544,Champions,20,Low risk
CUS-09049,99,9,905.94,3,5,5,355,High-Value Customers,33,Low risk
CUS-09050,62,4,265.78999999999996,4,3,3,433,Potential Loyalists,20,Low risk
CUS-09051,424,4,339.29,1,3,3,133,At Risk,67,High risk
CUS-09052,57,7,673.63,4,4,5,445,High-Value Customers,13,Low risk
CUS-09053,67,3,335.31,4,3,3,433,Potential Loyalists,13,Low risk
CUS-09054,62,12,2114.1,4,5,5,455,High-Value Customers,5,Low risk
CUS-09055,21,4,292.26,5,3,3,533,Potential Loyalists,5,Low risk
CUS-09056,100,9,706.96,3,5,5,355,High-Value Customers,26,Low risk
CUS-09057,22,3,183.15,5,3,2,532,Potential Loyalists,5,Low risk
CUS-09058,102,2,117.25999999999999,3,2,1,321,Potential Loyalists,18,Low risk
CUS-09059,263,4,392.7,2,3,3,233,At Risk,57,Medium risk
CUS-09060,19,17,1526.05,5,5,5,555,High-Value Customers,13,Low risk
CUS-09061,179,6,392.06,2,4,3,243,At Risk,59,Medium risk
CUS-09062,12,11,1322.59,5,5,5,555,High-Value Customers,5,Low risk
CUS-09063,85,11,835.55,3,5,5,355,High-Value Customers,20,Low risk
CUS-09064,66,6,479.87,4,4,4,444,Champions,13,Low risk
CUS-09065,73,3,317.12,4,3,3,433,Potential Loyalists,5,Low risk
CUS-09066,135,5,430.85,3,4,4,344,Loyal Customers,30,Low risk
CUS-09067,91,3,324.83000000000004,3,3,3,333,Potential Loyalists,28,Low risk
CUS-09068,23,10,1027.16,5,5,5,555,High-Value Customers,13,Low risk
CUS-09069,622,1,78.54,1,1,1,111,Hibernating,77,High risk
CUS-09070,141,6,348.23,2,4,3,243,Discount Seekers,46,Medium risk
CUS-09071,127,6,440.46999999999997,3,4,4,344,Loyal Customers,30,Low risk
CUS-09072,28,4,369.12,5,3,3,533,Potential Loyalists,20,Low risk
CUS-09073,47,5,413.46,5,4,4,544,Champions,13,Low risk
CUS-09074,55,2,171.5,4,2,2,422,Potential Loyalists,5,Low risk
CUS-09075,38,6,472.1,5,4,4,544,Champions,5,Low risk
CUS-09076,638,1,23.67,1,1,1,111,Hibernating,85,High risk
CUS-09077,537,1,59.56,1,1,1,111,Hibernating,92,High risk
CUS-09078,171,7,490.85,2,4,4,244,At Risk,52,Medium risk
CUS-09079,69,10,910.3199999999999,4,5,5,455,High-Value Customers,5,Low risk
CUS-09080,27,15,1775.58,5,5,5,555,High-Value Customers,5,Low risk
CUS-09081,666,2,150.4,1,2,2,122,Hibernating,77,High risk
CUS-09082,205,5,355.54,2,4,3,243,At Risk,44,Medium risk
CUS-09083,88,8,534.52,3,5,4,354,Loyal Customers,5,Low risk
CUS-09084,11,3,254.29999999999998,5,3,3,533,Potential Loyalists,5,Low risk
CUS-09085,83,5,345.56,3,4,3,343,Discount Seekers,21,Low risk
CUS-09086,86,6,822.4,3,4,5,345,High-Value Customers,13,Low risk
CUS-09087,126,9,1093.45,3,5,5,355,High-Value Customers,30,Low risk
CUS-09088,32,5,276.26,5,4,3,543,Loyal Customers,13,Low risk
CUS-09089,504,1,207.87,1,1,2,112,Hibernating,77,High risk
CUS-09090,26,3,99.02000000000001,5,3,1,531,Potential Loyalists,20,Low risk
CUS-09091,150,5,513.46,2,4,4,244,Discount Seekers,46,Medium risk
CUS-09092,85,23,2100.53,3,5,5,355,High-Value Customers,5,Low risk
CUS-09093,223,2,224.22000000000003,2,2,2,222,Hibernating,54,Medium risk
CUS-09094,57,3,90.85,4,3,1,431,Potential Loyalists,15,Low risk
CUS-09095,139,3,125.47,2,3,1,231,At Risk,40,Medium risk
CUS-09096,97,1,55.52,3,1,1,311,Potential Loyalists,28,Low risk
CUS-09097,491,1,70.43,1,1,1,111,Hibernating,85,High risk
CUS-09098,548,3,212.82,1,3,2,132,At Risk,67,High risk
CUS-09099,586,1,23.53,1,1,1,111,Hibernating,85,High risk
CUS-09100,90,4,257.17999999999995,3,3,3,333,Potential Loyalists,5,Low risk
CUS-09101,67,1,82.06,4,1,1,411,Potential Loyalists,5,Low risk
CUS-09102,71,5,627.73,4,4,4,444,Champions,23,Low risk
CUS-09103,46,2,231.55,5,2,2,522,Potential Loyalists,5,Low risk
CUS-09104,84,7,524.17,3,4,4,344,Loyal Customers,5,Low risk
CUS-09105,159,3,750.17,2,3,5,235,At Risk,64,Medium risk
CUS-09106,210,9,858.7,2,5,5,255,High-Value Customers,52,Medium risk
CUS-09107,678,3,75.44,1,3,1,131,At Risk,67,High risk
CUS-09108,55,11,984.04,4,5,5,455,High-Value Customers,21,Low risk
CUS-09109,110,7,741.86,3,4,5,345,High-Value Customers,33,Low risk
CUS-09110,15,4,318.95,5,3,3,533,Potential Loyalists,5,Low risk
CUS-09111,125,8,601.42,3,5,4,354,Loyal Customers,30,Low risk
CUS-09112,96,5,382.76,3,4,3,343,Discount Seekers,33,Low risk
CUS-09113,85,4,361.19,3,3,3,333,Potential Loyalists,15,Low risk
CUS-09114,79,4,261.05,4,3,3,433,Potential Loyalists,15,Low risk
CUS-09115,467,3,415.51,1,3,4,134,At Risk,67,High risk
CUS-09116,51,8,1168.59,4,5,5,455,High-Value Customers,5,Low risk
CUS-09117,853,1,38.12,1,1,1,111,Hibernating,77,High risk
CUS-09118,19,8,350.25,5,5,3,553,Loyal Customers,5,Low risk
CUS-09119,385,3,367.47,2,3,3,233,At Risk,72,High risk
CUS-09120,100,9,480.91,3,5,4,354,Discount Seekers,33,Low risk
CUS-09121,295,5,373.39,2,4,3,243,At Risk,72,High risk
CUS-09122,103,7,503.98,3,4,4,344,Loyal Customers,26,Low risk
CUS-09123,17,21,3212.61,5,5,5,555,High-Value Customers,13,Low risk
CUS-09124,240,11,1233.88,2,5,5,255,High-Value Customers,59,Medium risk
CUS-09125,40,8,680.9,5,5,5,555,High-Value Customers,5,Low risk
CUS-09126,38,3,390.67,5,3,3,533,Potential Loyalists,20,Low risk
CUS-09127,175,3,273.62,2,3,3,233,At Risk,54,Medium risk
CUS-09128,65,7,945.4,4,4,5,445,High-Value Customers,5,Low risk
CUS-09129,101,5,363.89,3,4,3,343,Loyal Customers,18,Low risk
CUS-09130,95,5,349.14,3,4,3,343,Discount Seekers,41,Medium risk
CUS-09131,185,6,961.05,2,4,5,245,High-Value Customers,59,Medium risk
CUS-09132,391,3,251.22,2,3,3,233,At Risk,67,High risk
CUS-09133,24,2,157.32,5,2,2,522,Potential Loyalists,5,Low risk
CUS-09134,98,8,696.23,3,5,5,355,High-Value Customers,18,Low risk
CUS-09135,79,3,238.18,4,3,2,432,Discount Seekers,28,Low risk
CUS-09136,34,14,1714.07,5,5,5,555,High-Value Customers,20,Low risk
CUS-09137,184,1,29.49,2,1,1,211,Hibernating,64,Medium risk
CUS-09138,457,5,330.94,1,4,3,143,At Risk,57,Medium risk
CUS-09139,751,3,212.77,1,3,2,132,At Risk,82,High risk
CUS-09140,408,6,792.4200000000001,1,4,5,145,High-Value Customers,57,Medium risk
CUS-09141,373,1,47.16,2,1,1,211,Hibernating,85,High risk
CUS-09142,47,4,320.55,5,3,3,533,Potential Loyalists,5,Low risk
CUS-09143,27,4,187.11,5,3,2,532,Potential Loyalists,5,Low risk
CUS-09144,214,3,349.07,2,3,3,233,At Risk,54,Medium risk
CUS-09145,23,4,136.79,5,3,2,532,Potential Loyalists,20,Low risk
CUS-09146,27,2,97.01,5,2,1,521,Potential Loyalists,5,Low risk
CUS-09147,59,4,280.37,4,3,3,433,Potential Loyalists,5,Low risk
CUS-09148,281,4,253.52,2,3,3,233,At Risk,82,High risk
CUS-09149,86,5,645.39,3,4,4,344,Loyal Customers,5,Low risk
CUS-09150,45,10,2216.86,5,5,5,555,High-Value Customers,20,Low risk
CUS-09151,120,5,654.94,3,4,4,344,Loyal Customers,26,Low risk
CUS-09152,87,5,400.12,3,4,4,344,Loyal Customers,5,Low risk
CUS-09153,27,3,261.1,5,3,3,533,Potential Loyalists,5,Low risk
CUS-09154,297,3,317.59000000000003,2,3,3,233,At Risk,82,High risk
CUS-09155,31,3,148.0,5,3,2,532,Potential Loyalists,5,Low risk
CUS-09156,177,3,388.96000000000004,2,3,3,233,At Risk,44,Medium risk
CUS-09157,118,10,928.31,3,5,5,355,High-Value Customers,26,Low risk
CUS-09158,115,6,810.24,3,4,5,345,High-Value Customers,33,Low risk
CUS-09159,261,3,225.41,2,3,2,232,At Risk,57,Medium risk
CUS-09160,403,1,69.13,1,1,1,111,Hibernating,77,High risk
CUS-09161,656,2,190.01999999999998,1,2,2,122,Hibernating,77,High risk
CUS-09162,288,4,328.63,2,3,3,233,At Risk,57,Medium risk
CUS-09163,535,6,659.32,1,4,5,145,High-Value Customers,57,Medium risk
CUS-09164,650,1,28.11,1,1,1,111,Hibernating,85,High risk
CUS-09165,540,1,50.98,1,1,1,111,Hibernating,77,High risk
CUS-09166,373,3,146.54999999999998,2,3,2,232,At Risk,72,High risk
CUS-09167,90,6,458.26,3,4,4,344,Loyal Customers,13,Low risk
CUS-09168,80,8,671.5500000000001,4,5,5,455,High-Value Customers,5,Low risk
CUS-09169,96,11,949.8299999999999,3,5,5,355,High-Value Customers,33,Low risk
CUS-09170,27,3,98.83,5,3,1,531,Potential Loyalists,5,Low risk
CUS-09171,775,1,51.02,1,1,1,111,Hibernating,85,High risk
CUS-09172,163,3,82.51,2,3,1,231,At Risk,54,Medium risk
CUS-09173,115,5,453.91,3,4,4,344,Loyal Customers,28,Low risk
CUS-09174,757,2,72.06,1,2,1,121,Hibernating,85,High risk
CUS-09175,55,10,733.99,4,5,5,455,High-Value Customers,5,Low risk
CUS-09176,528,1,21.11,1,1,1,111,Hibernating,77,High risk
CUS-09177,232,5,550.79,2,4,4,244,At Risk,54,Medium risk
CUS-09178,204,5,421.92,2,4,4,244,At Risk,44,Medium risk
CUS-09179,140,6,382.14,2,4,3,243,At Risk,38,Medium risk
CUS-09180,69,6,512.99,4,4,4,444,Champions,13,Low risk
CUS-09181,57,28,3529.68,4,5,5,455,High-Value Customers,5,Low risk
CUS-09182,248,3,326.02000000000004,2,3,3,233,At Risk,77,High risk
CUS-09183,99,2,105.1,3,2,1,321,Potential Loyalists,18,Low risk
CUS-09184,49,6,402.17,4,4,4,444,Champions,5,Low risk
CUS-09185,804,1,43.74,1,1,1,111,Hibernating,77,High risk
CUS-09186,77,7,640.36,4,4,4,444,Champions,5,Low risk
CUS-09187,166,4,345.19,2,3,3,233,At Risk,44,Medium risk
CUS-09188,262,5,774.61,2,4,5,245,High-Value Customers,75,High risk
CUS-09189,91,8,691.83,3,5,5,355,High-Value Customers,26,Low risk
CUS-09190,626,2,142.8,1,2,2,122,Hibernating,85,High risk
CUS-09191,36,2,219.60000000000002,5,2,2,522,Potential Loyalists,25,Low risk
CUS-09192,71,9,766.72,4,5,5,455,High-Value Customers,13,Low risk
CUS-09193,98,9,271.05,3,5,3,353,Loyal Customers,33,Low risk
CUS-09194,759,3,187.4,1,3,2,132,At Risk,77,High risk
CUS-09195,200,4,262.5,2,3,3,233,At Risk,44,Medium risk
CUS-09196,70,3,206.97,4,3,2,432,Discount Seekers,48,Medium risk
CUS-09197,113,8,719.87,3,5,5,355,High-Value Customers,18,Low risk
CUS-09198,95,4,168.02,3,3,2,332,Potential Loyalists,18,Low risk
CUS-09199,236,5,567.98,2,4,4,244,At Risk,69,High risk
CUS-09200,51,2,237.79000000000002,4,2,2,422,Potential Loyalists,5,Low risk
CUS-09201,89,11,1199.29,3,5,5,355,High-Value Customers,5,Low risk
CUS-09202,67,13,1531.64,4,5,5,455,High-Value Customers,13,Low risk
CUS-09203,154,7,742.13,2,4,5,245,High-Value Customers,44,Medium risk
CUS-09204,223,3,345.93,2,3,3,233,At Risk,69,High risk
CUS-09205,29,2,40.95,5,2,1,521,Potential Loyalists,20,Low risk
CUS-09206,59,2,185.78,4,2,2,422,Potential Loyalists,5,Low risk
CUS-09207,23,7,356.62,5,4,3,543,Loyal Customers,13,Low risk
CUS-09208,631,2,249.44,1,2,3,123,Hibernating,85,High risk
CUS-09209,111,3,241.20999999999998,3,3,2,332,Potential Loyalists,28,Low risk
CUS-09210,244,2,244.42000000000002,2,2,2,222,Hibernating,82,High risk
CUS-09211,118,7,525.8399999999999,3,4,4,344,Discount Seekers,48,Medium risk
CUS-09212,514,8,736.24,1,5,5,155,High-Value Customers,57,Medium risk
CUS-09213,55,5,254.35,4,4,3,443,Loyal Customers,5,Low risk
CUS-09214,98,7,539.41,3,4,4,344,Loyal Customers,33,Low risk
CUS-09215,69,5,234.77,4,4,2,442,Loyal Customers,5,Low risk
CUS-09216,440,2,152.25,1,2,2,122,Hibernating,67,High risk
CUS-09217,57,4,140.4,4,3,2,432,Potential Loyalists,5,Low risk
CUS-09218,80,16,1972.5,4,5,5,455,High-Value Customers,5,Low risk
CUS-09219,61,15,1412.43,4,5,5,455,High-Value Customers,5,Low risk
CUS-09220,532,4,576.19,1,3,4,134,At Risk,82,High risk
CUS-09221,83,10,838.61,3,5,5,355,High-Value Customers,13,Low risk
CUS-09222,41,3,317.79,5,3,3,533,Potential Loyalists,5,Low risk
CUS-09223,68,8,863.6,4,5,5,455,High-Value Customers,5,Low risk
CUS-09224,737,1,166.68,1,1,2,112,Hibernating,77,High risk
CUS-09225,55,5,233.78,4,4,2,442,Loyal Customers,23,Low risk
CUS-09226,69,7,513.19,4,4,4,444,Champions,21,Low risk
CUS-09227,36,6,318.84999999999997,5,4,3,543,Discount Seekers,13,Low risk
CUS-09228,61,4,419.2,4,3,4,434,Potential Loyalists,5,Low risk
CUS-09229,19,2,160.18,5,2,2,522,Potential Loyalists,15,Low risk
CUS-09230,249,8,475.43,2,5,4,254,At Risk,57,Medium risk
CUS-09231,740,3,210.56,1,3,2,132,At Risk,75,High risk
CUS-09232,137,2,101.98,2,2,1,221,Hibernating,50,Medium risk
CUS-09233,57,6,249.92000000000002,4,4,3,443,Loyal Customers,13,Low risk
CUS-09234,76,5,375.89,4,4,3,443,Loyal Customers,13,Low risk
CUS-09235,526,2,162.55,1,2,2,122,Hibernating,77,High risk
CUS-09236,690,4,481.57,1,3,4,134,At Risk,67,High risk
CUS-09237,63,6,329.12,4,4,3,443,Loyal Customers,20,Low risk
CUS-09238,243,3,240.2,2,3,2,232,At Risk,72,High risk
CUS-09239,30,18,1713.84,5,5,5,555,High-Value Customers,5,Low risk
CUS-09240,214,8,779.09,2,5,5,255,High-Value Customers,44,Medium risk
CUS-09241,40,1,64.67,5,1,1,511,Potential Loyalists,5,Low risk
CUS-09242,338,1,52.76,2,1,1,211,Hibernating,77,High risk
CUS-09243,45,4,413.54999999999995,5,3,4,534,Potential Loyalists,5,Low risk
CUS-09244,281,8,550.1,2,5,4,254,At Risk,65,High risk
CUS-09245,579,4,338.56,1,3,3,133,At Risk,82,High risk
CUS-09246,81,3,324.27,4,3,3,433,Potential Loyalists,5,Low risk
CUS-09247,26,4,230.47,5,3,2,532,Potential Loyalists,5,Low risk
CUS-09248,389,3,171.89,2,3,2,232,At Risk,67,High risk
CUS-09249,86,9,1427.22,3,5,5,355,High-Value Customers,5,Low risk
CUS-09250,9,10,749.54,5,5,5,555,High-Value Customers,5,Low risk
CUS-09251,27,1,26.98,5,1,1,511,Potential Loyalists,5,Low risk
CUS-09252,15,3,182.97,5,3,2,532,Potential Loyalists,5,Low risk
CUS-09253,39,5,399.8,5,4,4,544,Champions,13,Low risk
CUS-09254,543,2,126.55000000000001,1,2,1,121,Hibernating,85,High risk
CUS-09255,68,5,309.08,4,4,3,443,Loyal Customers,13,Low risk
CUS-09256,182,3,105.99000000000001,2,3,1,231,At Risk,54,Medium risk
CUS-09257,18,3,151.63,5,3,2,532,Potential Loyalists,5,Low risk
CUS-09258,62,10,1261.17,4,5,5,455,High-Value Customers,5,Low risk
CUS-09259,97,6,536.19,3,4,4,344,Loyal Customers,26,Low risk
CUS-09260,339,1,40.58,2,1,1,211,Hibernating,100,High risk
CUS-09261,72,1,31.87,4,1,1,411,Potential Loyalists,13,Low risk
CUS-09262,61,5,238.07,4,4,2,442,Loyal Customers,5,Low risk
CUS-09263,805,3,193.37,1,3,2,132,At Risk,92,High risk
CUS-09264,46,8,814.9100000000001,5,5,5,555,High-Value Customers,5,Low risk
CUS-09265,61,19,2008.6000000000001,4,5,5,455,High-Value Customers,5,Low risk
CUS-09266,134,17,1835.24,3,5,5,355,High-Value Customers,38,Medium risk
CUS-09267,24,5,615.9100000000001,5,4,4,544,Champions,5,Low risk
CUS-09268,108,7,1109.0700000000002,3,4,5,345,High-Value Customers,18,Low risk
CUS-09269,192,4,360.64,2,3,3,233,Discount Seekers,77,High risk
CUS-09270,448,2,204.46,1,2,2,122,Hibernating,77,High risk
CUS-09271,113,9,672.1,3,5,5,355,High-Value Customers,41,Medium risk
CUS-09272,57,1,64.22,4,1,1,411,Potential Loyalists,5,Low risk
CUS-09273,75,10,906.8100000000001,4,5,5,455,High-Value Customers,5,Low risk
CUS-09274,30,15,1658.05,5,5,5,555,High-Value Customers,5,Low risk
CUS-09275,280,4,331.33,2,3,3,233,Discount Seekers,90,High risk
CUS-09276,559,5,271.93,1,4,3,143,At Risk,67,High risk
CUS-09277,88,6,423.63,3,4,4,344,Discount Seekers,13,Low risk
CUS-09278,661,1,85.77,1,1,1,111,Hibernating,77,High risk
CUS-09279,472,2,69.88,1,2,1,121,Hibernating,92,High risk
CUS-09280,520,3,189.78,1,3,2,132,At Risk,67,High risk
CUS-09281,36,7,754.34,5,4,5,545,High-Value Customers,5,Low risk
CUS-09282,96,8,1094.85,3,5,5,355,High-Value Customers,18,Low risk
CUS-09283,106,8,1591.34,3,5,5,355,High-Value Customers,18,Low risk
CUS-09284,122,7,288.52,3,4,3,343,Loyal Customers,30,Low risk
CUS-09285,48,5,388.53,5,4,3,543,Discount Seekers,21,Low risk
CUS-09286,42,4,349.45,5,3,3,533,Potential Loyalists,5,Low risk
CUS-09287,40,2,78.25999999999999,5,2,1,521,Potential Loyalists,5,Low risk
CUS-09288,246,5,412.12,2,4,4,244,At Risk,65,High risk
CUS-09289,517,3,167.67,1,3,2,132,At Risk,90,High risk
CUS-09290,173,8,573.3,2,5,4,254,At Risk,44,Medium risk
CUS-09291,51,3,128.32999999999998,4,3,1,431,Potential Loyalists,5,Low risk
CUS-09292,71,3,112.67,4,3,1,431,Potential Loyalists,5,Low risk
CUS-09293,484,2,88.3,1,2,1,121,Hibernating,67,High risk
CUS-09294,36,3,508.97,5,3,4,534,Potential Loyalists,20,Low risk
CUS-09295,276,3,180.41,2,3,2,232,At Risk,57,Medium risk
CUS-09296,27,2,238.44,5,2,2,522,Potential Loyalists,13,Low risk
CUS-09297,322,4,358.16999999999996,2,3,3,233,At Risk,72,High risk
CUS-09298,422,2,227.48000000000002,1,2,2,122,Hibernating,77,High risk
CUS-09299,702,4,286.79999999999995,1,3,3,133,At Risk,67,High risk
CUS-09300,409,1,47.08,1,1,1,111,Hibernating,77,High risk
CUS-09301,42,2,82.65,5,2,1,521,Potential Loyalists,5,Low risk
CUS-09302,51,7,579.1,4,4,4,444,Champions,5,Low risk
CUS-09303,417,4,237.04,1,3,2,132,At Risk,67,High risk
CUS-09304,118,7,684.0699999999999,3,4,5,345,High-Value Customers,33,Low risk
CUS-09305,157,7,602.99,2,4,4,244,At Risk,44,Medium risk
CUS-09306,718,1,89.4,1,1,1,111,Hibernating,77,High risk
CUS-09307,184,2,175.56,2,2,2,222,Hibernating,44,Medium risk
CUS-09308,37,4,170.28,5,3,2,532,Potential Loyalists,5,Low risk
CUS-09309,66,7,592.52,4,4,4,444,Champions,20,Low risk
CUS-09310,24,5,290.32,5,4,3,543,Loyal Customers,13,Low risk
CUS-09311,233,4,448.35,2,3,4,234,At Risk,54,Medium risk
CUS-09312,102,2,251.16000000000003,3,2,3,323,Potential Loyalists,28,Low risk
CUS-09313,28,6,836.4200000000001,5,4,5,545,High-Value Customers,23,Low risk
CUS-09314,826,2,75.58,1,2,1,121,Hibernating,77,High risk
CUS-09315,616,2,95.5,1,2,1,121,Hibernating,77,High risk
CUS-09316,81,1,91.84,4,1,1,411,Potential Loyalists,5,Low risk
CUS-09317,235,5,484.62,2,4,4,244,At Risk,44,Medium risk
CUS-09318,27,1,24.18,5,1,1,511,Potential Loyalists,13,Low risk
CUS-09319,112,7,669.28,3,4,5,345,High-Value Customers,26,Low risk
CUS-09320,739,2,234.35,1,2,2,122,Hibernating,92,High risk
CUS-09321,639,3,243.25,1,3,2,132,At Risk,67,High risk
CUS-09322,75,16,1229.92,4,5,5,455,High-Value Customers,5,Low risk
CUS-09323,576,1,50.48,1,1,1,111,Hibernating,77,High risk
CUS-09324,566,1,57.03,1,1,1,111,Hibernating,77,High risk
CUS-09325,114,2,210.89,3,2,2,322,Potential Loyalists,43,Medium risk
CUS-09326,662,6,509.28000000000003,1,4,4,144,At Risk,57,Medium risk
CUS-09327,637,3,147.99,1,3,2,132,At Risk,82,High risk
CUS-09328,72,10,628.53,4,5,4,454,Champions,5,Low risk
CUS-09329,138,4,293.82,2,3,3,233,At Risk,30,Low risk
CUS-09330,237,2,112.43,2,2,1,221,Hibernating,69,High risk
CUS-09331,244,5,432.15999999999997,2,4,4,244,Discount Seekers,75,High risk
CUS-09332,42,3,485.53,5,3,4,534,Potential Loyalists,5,Low risk
CUS-09333,58,1,30.44,4,1,1,411,Potential Loyalists,5,Low risk
CUS-09334,459,3,241.59,1,3,2,132,At Risk,67,High risk
CUS-09335,18,1,21.68,5,1,1,511,Potential Loyalists,13,Low risk
CUS-09336,157,18,1508.61,2,5,5,255,High-Value Customers,44,Medium risk
CUS-09337,309,2,96.21,2,2,1,221,Hibernating,67,High risk
CUS-09338,110,8,578.97,3,5,4,354,Loyal Customers,41,Medium risk
CUS-09339,544,2,182.73000000000002,1,2,2,122,Hibernating,75,High risk
CUS-09340,59,8,736.38,4,5,5,455,High-Value Customers,13,Low risk
CUS-09341,82,11,1154.78,3,5,5,355,High-Value Customers,5,Low risk
CUS-09342,57,2,88.74000000000001,4,2,1,421,Potential Loyalists,20,Low risk
CUS-09343,445,2,110.82999999999998,1,2,1,121,Hibernating,82,High risk
CUS-09344,32,6,575.85,5,4,4,544,Champions,5,Low risk
CUS-09345,433,3,114.08,1,3,1,131,At Risk,77,High risk
CUS-09346,331,2,345.67999999999995,2,2,3,223,Hibernating,67,High risk
CUS-09347,392,5,565.28,2,4,4,244,At Risk,57,Medium risk
CUS-09348,398,3,229.73000000000002,2,3,2,232,At Risk,82,High risk
CUS-09349,85,11,787.56,3,5,5,355,High-Value Customers,5,Low risk
CUS-09350,107,1,83.35,3,1,1,311,Potential Loyalists,18,Low risk
CUS-09351,40,15,1384.59,5,5,5,555,High-Value Customers,5,Low risk
CUS-09352,74,8,656.2,4,5,4,454,Champions,20,Low risk
CUS-09353,50,2,79.53,4,2,1,421,Potential Loyalists,5,Low risk
CUS-09354,321,6,320.04,2,4,3,243,At Risk,57,Medium risk
CUS-09355,85,7,1216.81,3,4,5,345,High-Value Customers,5,Low risk
CUS-09356,125,1,36.12,3,1,1,311,Potential Loyalists,40,Medium risk
CUS-09357,25,16,1238.93,5,5,5,555,High-Value Customers,20,Low risk
CUS-09358,71,26,2215.69,4,5,5,455,High-Value Customers,13,Low risk
CUS-09359,814,2,155.82999999999998,1,2,2,122,Hibernating,85,High risk
CUS-09360,49,15,1291.15,4,5,5,455,High-Value Customers,13,Low risk
CUS-09361,61,5,357.96000000000004,4,4,3,443,Loyal Customers,5,Low risk
CUS-09362,94,1,84.42,3,1,1,311,Potential Loyalists,28,Low risk
CUS-09363,78,7,549.37,4,4,4,444,Champions,20,Low risk
CUS-09364,353,2,364.65,2,2,3,223,Hibernating,77,High risk
CUS-09365,66,2,208.89,4,2,2,422,Potential Loyalists,20,Low risk
CUS-09366,134,8,419.4,3,5,4,354,Loyal Customers,30,Low risk
CUS-09367,543,1,173.28,1,1,2,112,Hibernating,85,High risk
CUS-09368,120,2,69.34,3,2,1,321,Potential Loyalists,18,Low risk
CUS-09369,479,2,252.57999999999998,1,2,3,123,Hibernating,77,High risk
CUS-09370,122,5,477.24,3,4,4,344,Loyal Customers,40,Medium risk
CUS-09371,416,5,328.16999999999996,1,4,3,143,At Risk,65,High risk
CUS-09372,36,6,221.23,5,4,2,542,Loyal Customers,5,Low risk
CUS-09373,29,2,60.67,5,2,1,521,Potential Loyalists,5,Low risk
CUS-09374,49,4,226.17000000000002,4,3,2,432,Potential Loyalists,20,Low risk
CUS-09375,13,9,930.92,5,5,5,555,High-Value Customers,5,Low risk
CUS-09376,121,6,442.43,3,4,4,344,Loyal Customers,30,Low risk
CUS-09377,78,7,519.6899999999999,4,4,4,444,Champions,21,Low risk
CUS-09378,120,3,361.21,3,3,3,333,Discount Seekers,26,Low risk
CUS-09379,29,1,165.77,5,1,2,512,Potential Loyalists,5,Low risk
CUS-09380,46,5,195.55,5,4,2,542,Loyal Customers,23,Low risk
CUS-09381,252,1,38.06,2,1,1,211,Hibernating,67,High risk
CUS-09382,26,7,880.81,5,4,5,545,High-Value Customers,13,Low risk
CUS-09383,553,1,60.55,1,1,1,111,Hibernating,77,High risk
CUS-09384,111,3,89.34,3,3,1,331,Potential Loyalists,18,Low risk
CUS-09385,47,8,631.02,5,5,4,554,Champions,20,Low risk
CUS-09386,75,3,336.49,4,3,3,433,Discount Seekers,23,Low risk
CUS-09387,83,9,1105.45,3,5,5,355,High-Value Customers,5,Low risk
CUS-09388,51,8,1419.06,4,5,5,455,High-Value Customers,5,Low risk
CUS-09389,63,9,914.99,4,5,5,455,High-Value Customers,5,Low risk
CUS-09390,45,4,134.85999999999999,5,3,2,532,Potential Loyalists,5,Low risk
CUS-09391,134,6,532.51,3,4,4,344,Loyal Customers,53,Medium risk
CUS-09392,632,3,270.03000000000003,1,3,3,133,At Risk,82,High risk
CUS-09393,127,2,114.9,3,2,1,321,Potential Loyalists,50,Medium risk
CUS-09394,219,4,510.6700000000001,2,3,4,234,At Risk,54,Medium risk
CUS-09395,843,2,119.6,1,2,1,121,Hibernating,85,High risk
CUS-09396,52,3,300.56,4,3,3,433,Potential Loyalists,5,Low risk
CUS-09397,23,8,724.81,5,5,5,555,High-Value Customers,5,Low risk
CUS-09398,172,2,121.17000000000002,2,2,1,221,Hibernating,54,Medium risk
CUS-09399,402,3,270.28,1,3,3,133,At Risk,67,High risk
CUS-09400,83,8,807.48,3,5,5,355,High-Value Customers,5,Low risk
CUS-09401,288,1,76.84,2,1,1,211,Hibernating,92,High risk
CUS-09402,8,4,329.74,5,3,3,533,Potential Loyalists,20,Low risk
CUS-09403,349,2,299.18,2,2,3,223,Hibernating,67,High risk
CUS-09404,50,10,1266.05,4,5,5,455,High-Value Customers,5,Low risk
CUS-09405,112,4,237.16,3,3,2,332,Potential Loyalists,28,Low risk
CUS-09406,108,4,198.9,3,3,2,332,Potential Loyalists,18,Low risk
CUS-09407,55,8,467.33000000000004,4,5,4,454,Champions,5,Low risk
CUS-09408,39,1,68.7,5,1,1,511,Potential Loyalists,5,Low risk
CUS-09409,85,8,694.07,3,5,5,355,High-Value Customers,20,Low risk
CUS-09410,49,12,1246.8400000000001,4,5,5,455,High-Value Customers,5,Low risk
CUS-09411,23,3,379.92,5,3,3,533,Potential Loyalists,5,Low risk
CUS-09412,759,3,175.62,1,3,2,132,At Risk,77,High risk
CUS-09413,127,5,333.97,3,4,3,343,Loyal Customers,38,Medium risk
CUS-09414,184,6,396.53999999999996,2,4,3,243,At Risk,52,Medium risk
CUS-09415,70,15,1594.27,4,5,5,455,High-Value Customers,5,Low risk
CUS-09416,16,3,162.22,5,3,2,532,Potential Loyalists,5,Low risk
CUS-09417,52,1,131.21,4,1,1,411,Potential Loyalists,5,Low risk
CUS-09418,61,6,594.0799999999999,4,4,4,444,Champions,13,Low risk
CUS-09419,79,7,657.36,4,4,4,444,Champions,13,Low risk
CUS-09420,66,8,1068.94,4,5,5,455,High-Value Customers,5,Low risk
CUS-09421,52,4,179.45,4,3,2,432,Potential Loyalists,5,Low risk
CUS-09422,662,2,239.72,1,2,2,122,Hibernating,92,High risk
CUS-09423,506,1,131.08,1,1,1,111,Hibernating,85,High risk
CUS-09424,126,3,344.46000000000004,3,3,3,333,Potential Loyalists,40,Medium risk
CUS-09425,382,3,260.14,2,3,3,233,At Risk,72,High risk
CUS-09426,26,8,421.69,5,5,4,554,Champions,5,Low risk
CUS-09427,73,10,993.32,4,5,5,455,High-Value Customers,5,Low risk
CUS-09428,50,3,260.26000000000005,4,3,3,433,Potential Loyalists,15,Low risk
CUS-09429,773,2,296.35,1,2,3,123,Hibernating,77,High risk
CUS-09430,87,8,755.25,3,5,5,355,High-Value Customers,20,Low risk
CUS-09431,28,4,154.15,5,3,2,532,Potential Loyalists,5,Low risk
CUS-09432,170,6,692.87,2,4,5,245,High-Value Customers,52,Medium risk
CUS-09433,24,4,416.64,5,3,4,534,Potential Loyalists,5,Low risk
CUS-09434,60,6,383.81,4,4,3,443,Loyal Customers,28,Low risk
CUS-09435,85,5,516.36,3,4,4,344,Loyal Customers,28,Low risk
CUS-09436,81,5,577.61,4,4,4,444,Champions,13,Low risk
CUS-09437,736,3,129.62,1,3,1,131,At Risk,67,High risk
CUS-09438,841,2,120.09,1,2,1,121,Hibernating,77,High risk
CUS-09439,448,1,125.44,1,1,1,111,Hibernating,77,High risk
CUS-09440,37,6,470.34000000000003,5,4,4,544,Champions,13,Low risk
CUS-09441,84,6,539.36,3,4,4,344,Loyal Customers,13,Low risk
CUS-09442,73,8,546.92,4,5,4,454,Champions,5,Low risk
CUS-09443,364,2,136.29,2,2,2,222,Hibernating,82,High risk
CUS-09444,630,3,172.64,1,3,2,132,At Risk,77,High risk
CUS-09445,713,2,120.43,1,2,1,121,Hibernating,92,High risk
CUS-09446,712,1,64.49,1,1,1,111,Hibernating,85,High risk
CUS-09447,50,15,1447.83,4,5,5,455,High-Value Customers,13,Low risk
CUS-09448,162,9,838.62,2,5,5,255,High-Value Customers,44,Medium risk
CUS-09449,740,1,39.65,1,1,1,111,Hibernating,85,High risk
CUS-09450,24,5,292.25,5,4,3,543,Loyal Customers,5,Low risk
CUS-09451,740,1,95.47,1,1,1,111,Hibernating,77,High risk
CUS-09452,69,5,431.26,4,4,4,444,Champions,5,Low risk
CUS-09453,74,2,73.12,4,2,1,421,Potential Loyalists,5,Low risk
CUS-09454,19,6,486.6,5,4,4,544,Champions,13,Low risk
CUS-09455,90,7,760.26,3,4,5,345,High-Value Customers,13,Low risk
CUS-09456,97,14,2005.7,3,5,5,355,High-Value Customers,18,Low risk
CUS-09457,358,1,72.78,2,1,1,211,Hibernating,77,High risk
CUS-09458,326,5,629.49,2,4,4,244,At Risk,65,High risk
CUS-09459,31,8,1644.12,5,5,5,555,High-Value Customers,5,Low risk
CUS-09460,108,3,222.23,3,3,2,332,Discount Seekers,51,Medium risk
CUS-09461,531,2,236.40000000000003,1,2,2,122,Hibernating,92,High risk
CUS-09462,13,6,751.38,5,4,5,545,High-Value Customers,5,Low risk
CUS-09463,23,3,162.68,5,3,2,532,Potential Loyalists,20,Low risk
CUS-09464,145,3,395.01,2,3,3,233,At Risk,38,Medium risk
CUS-09465,30,2,186.17000000000002,5,2,2,522,Potential Loyalists,5,Low risk
CUS-09466,3,15,1466.1499999999999,5,5,5,555,High-Value Customers,20,Low risk
CUS-09467,468,3,186.6,1,3,2,132,At Risk,75,High risk
CUS-09468,49,2,142.25,4,2,2,422,Potential Loyalists,5,Low risk
CUS-09469,86,1,72.73,3,1,1,311,Potential Loyalists,5,Low risk
CUS-09470,471,3,291.47,1,3,3,133,At Risk,67,High risk
CUS-09471,64,3,364.79999999999995,4,3,3,433,Potential Loyalists,25,Low risk
CUS-09472,278,4,207.70000000000002,2,3,2,232,At Risk,57,Medium risk
CUS-09473,525,2,244.18,1,2,2,122,Hibernating,77,High risk
CUS-09474,65,9,852.11,4,5,5,455,High-Value Customers,5,Low risk
CUS-09475,142,6,472.43,2,4,4,244,At Risk,38,Medium risk
CUS-09476,361,4,366.85,2,3,3,233,At Risk,67,High risk
CUS-09477,405,1,22.03,1,1,1,111,Hibernating,85,High risk
CUS-09478,51,1,60.56,4,1,1,411,Potential Loyalists,13,Low risk
CUS-09479,93,13,1239.17,3,5,5,355,High-Value Customers,18,Low risk
CUS-09480,37,2,159.31,5,2,2,522,Potential Loyalists,33,Low risk
CUS-09481,19,4,218.44,5,3,2,532,Potential Loyalists,5,Low risk
CUS-09482,44,3,257.45,5,3,3,533,Potential Loyalists,25,Low risk
CUS-09483,653,2,158.11,1,2,2,122,Hibernating,92,High risk
CUS-09484,110,5,522.49,3,4,4,344,Loyal Customers,26,Low risk
CUS-09485,45,5,585.34,5,4,4,544,Champions,21,Low risk
CUS-09486,460,3,339.71,1,3,3,133,At Risk,77,High risk
CUS-09487,302,2,46.57,2,2,1,221,Hibernating,67,High risk
CUS-09488,47,1,39.56,5,1,1,511,Potential Loyalists,5,Low risk
CUS-09489,31,2,102.77,5,2,1,521,Potential Loyalists,5,Low risk
CUS-09490,130,4,170.76999999999998,3,3,2,332,Discount Seekers,38,Medium risk
CUS-09491,226,3,228.22000000000003,2,3,2,232,At Risk,54,Medium risk
CUS-09492,69,4,312.76,4,3,3,433,Discount Seekers,20,Low risk
CUS-09493,68,8,711.6700000000001,4,5,5,455,High-Value Customers,5,Low risk
CUS-09494,467,1,37.23,1,1,1,111,Hibernating,77,High risk
CUS-09495,105,4,266.61,3,3,3,333,Discount Seekers,41,Medium risk
CUS-09496,438,4,313.21000000000004,1,3,3,133,At Risk,57,Medium risk
CUS-09497,95,3,448.4,3,3,4,334,Potential Loyalists,33,Low risk
CUS-09498,370,2,145.34,2,2,2,222,Hibernating,67,High risk
CUS-09499,79,6,335.72,4,4,3,443,Discount Seekers,13,Low risk
CUS-09500,311,4,214.23,2,3,2,232,At Risk,82,High risk
CUS-09501,67,3,424.36,4,3,4,434,Potential Loyalists,5,Low risk
CUS-09502,725,2,67.25,1,2,1,121,Hibernating,77,High risk
CUS-09503,84,14,1344.79,3,5,5,355,High-Value Customers,5,Low risk
CUS-09504,590,1,56.58,1,1,1,111,Hibernating,77,High risk
CUS-09505,62,5,331.03999999999996,4,4,3,443,Loyal Customers,5,Low risk
CUS-09506,79,7,433.35,4,4,4,444,Champions,5,Low risk
CUS-09507,26,5,543.44,5,4,4,544,Champions,13,Low risk
CUS-09508,295,2,88.00999999999999,2,2,1,221,Hibernating,77,High risk
CUS-09509,69,4,259.9,4,3,3,433,Discount Seekers,23,Low risk
CUS-09510,19,5,379.32,5,4,3,543,Loyal Customers,5,Low risk
CUS-09511,45,5,295.63,5,4,3,543,Loyal Customers,13,Low risk
CUS-09512,69,2,220.45000000000002,4,2,2,422,Potential Loyalists,5,Low risk
CUS-09513,68,6,603.36,4,4,4,444,Champions,5,Low risk
CUS-09514,635,1,25.39,1,1,1,111,Hibernating,85,High risk
CUS-09515,456,1,34.15,1,1,1,111,Hibernating,77,High risk
CUS-09516,406,4,299.47,1,3,3,133,At Risk,72,High risk
CUS-09517,45,3,270.96000000000004,5,3,3,533,Potential Loyalists,20,Low risk
CUS-09518,49,6,603.06,4,4,4,444,Champions,5,Low risk
CUS-09519,60,14,1451.16,4,5,5,455,High-Value Customers,5,Low risk
CUS-09520,533,3,99.19,1,3,1,131,At Risk,67,High risk
CUS-09521,63,4,398.96000000000004,4,3,4,434,Potential Loyalists,5,Low risk
CUS-09522,58,3,128.05,4,3,1,431,Potential Loyalists,5,Low risk
CUS-09523,54,1,58.68,4,1,1,411,Potential Loyalists,5,Low risk
CUS-09524,29,4,306.85,5,3,3,533,Potential Loyalists,5,Low risk
CUS-09525,592,3,243.37,1,3,2,132,At Risk,82,High risk
CUS-09526,342,3,157.02,2,3,2,232,At Risk,57,Medium risk
CUS-09527,107,4,633.06,3,3,4,334,Potential Loyalists,33,Low risk
CUS-09528,227,5,469.98,2,4,4,244,At Risk,54,Medium risk
CUS-09529,25,3,390.46000000000004,5,3,3,533,Potential Loyalists,5,Low risk
CUS-09530,52,10,990.77,4,5,5,455,High-Value Customers,5,Low risk
CUS-09531,647,2,154.62,1,2,2,122,Hibernating,85,High risk
CUS-09532,282,5,374.38,2,4,3,243,At Risk,72,High risk
CUS-09533,52,5,178.58,4,4,2,442,Loyal Customers,5,Low risk
CUS-09534,604,1,114.71,1,1,1,111,Hibernating,85,High risk
CUS-09535,24,4,207.29,5,3,2,532,Potential Loyalists,5,Low risk
CUS-09536,104,3,276.01,3,3,3,333,Potential Loyalists,18,Low risk
CUS-09537,26,7,348.06,5,4,3,543,Loyal Customers,5,Low risk
CUS-09538,64,13,1499.99,4,5,5,455,High-Value Customers,5,Low risk
CUS-09539,76,3,192.28,4,3,2,432,Discount Seekers,23,Low risk
CUS-09540,517,3,235.5,1,3,2,132,At Risk,75,High risk
CUS-09541,500,2,94.55,1,2,1,121,Hibernating,77,High risk
CUS-09542,106,6,313.49,3,4,3,343,Loyal Customers,34,Low risk
CUS-09543,838,1,22.58,1,1,1,111,Hibernating,85,High risk
CUS-09544,72,4,255.04,4,3,3,433,Potential Loyalists,20,Low risk
CUS-09545,49,7,296.4,4,4,3,443,Loyal Customers,13,Low risk
CUS-09546,52,8,393.51,4,5,3,453,Loyal Customers,5,Low risk
CUS-09547,51,6,545.18,4,4,4,444,Champions,28,Low risk
CUS-09548,17,11,798.44,5,5,5,555,High-Value Customers,28,Low risk
CUS-09549,769,1,42.62,1,1,1,111,Hibernating,85,High risk
CUS-09550,100,7,549.11,3,4,4,344,Loyal Customers,18,Low risk
CUS-09551,81,5,188.25,4,4,2,442,Loyal Customers,23,Low risk
CUS-09552,73,11,797.11,4,5,5,455,High-Value Customers,21,Low risk
CUS-09553,118,4,454.25,3,3,4,334,Potential Loyalists,18,Low risk
CUS-09554,394,4,431.63,2,3,4,234,At Risk,72,High risk
CUS-09555,28,2,85.7,5,2,1,521,Potential Loyalists,5,Low risk
CUS-09556,144,3,271.65999999999997,2,3,3,233,At Risk,45,Medium risk
CUS-09557,612,3,254.36,1,3,3,133,At Risk,100,High risk
CUS-09558,103,9,685.83,3,5,5,355,High-Value Customers,18,Low risk
CUS-09559,627,4,229.23000000000002,1,3,2,132,At Risk,67,High risk
CUS-09560,24,2,131.97,5,2,1,521,Potential Loyalists,20,Low risk
CUS-09561,57,2,266.12,4,2,3,423,Potential Loyalists,5,Low risk
CUS-09562,92,9,852.1800000000001,3,5,5,355,High-Value Customers,41,Medium risk
CUS-09563,43,2,54.519999999999996,5,2,1,521,Potential Loyalists,5,Low risk
CUS-09564,51,6,405.09,4,4,4,444,Champions,5,Low risk
CUS-09565,494,5,459.56,1,4,4,144,At Risk,75,High risk
CUS-09566,89,5,449.21,3,4,4,344,Loyal Customers,5,Low risk
CUS-09567,163,6,700.5799999999999,2,4,5,245,High-Value Customers,52,Medium risk
CUS-09568,88,2,181.0,3,2,2,322,Discount Seekers,23,Low risk
CUS-09569,425,5,561.76,1,4,4,144,At Risk,57,Medium risk
CUS-09570,24,6,541.94,5,4,4,544,Champions,5,Low risk
CUS-09571,294,4,401.75,2,3,4,234,At Risk,67,High risk
CUS-09572,38,13,1283.26,5,5,5,555,High-Value Customers,5,Low risk
CUS-09573,436,5,538.11,1,4,4,144,At Risk,75,High risk
CUS-09574,544,2,87.15,1,2,1,121,Hibernating,77,High risk
CUS-09575,54,10,1119.3500000000001,4,5,5,455,High-Value Customers,5,Low risk
CUS-09576,26,9,757.35,5,5,5,555,High-Value Customers,20,Low risk
CUS-09577,17,14,989.6700000000001,5,5,5,555,High-Value Customers,21,Low risk
CUS-09578,35,3,100.27,5,3,1,531,Potential Loyalists,5,Low risk
CUS-09579,231,4,394.78999999999996,2,3,3,233,At Risk,69,High risk
CUS-09580,359,2,189.88,2,2,2,222,Hibernating,75,High risk
CUS-09581,91,3,176.79,3,3,2,332,Discount Seekers,36,Medium risk
CUS-09582,472,2,101.47999999999999,1,2,1,121,Hibernating,67,High risk
CUS-09583,119,9,983.15,3,5,5,355,High-Value Customers,18,Low risk
CUS-09584,609,3,241.64,1,3,2,132,At Risk,67,High risk
CUS-09585,83,8,395.14,3,5,3,353,Loyal Customers,20,Low risk
CUS-09586,25,1,56.33,5,1,1,511,Potential Loyalists,13,Low risk
CUS-09587,562,2,44.19,1,2,1,121,Hibernating,77,High risk
CUS-09588,78,9,697.54,4,5,5,455,High-Value Customers,20,Low risk
CUS-09589,101,7,696.29,3,4,5,345,High-Value Customers,18,Low risk
CUS-09590,449,1,202.29,1,1,2,112,Hibernating,77,High risk
CUS-09591,81,2,207.93,4,2,2,422,Potential Loyalists,5,Low risk
CUS-09592,475,1,40.39,1,1,1,111,Hibernating,85,High risk
CUS-09593,215,6,426.91,2,4,4,244,At Risk,69,High risk
CUS-09594,140,4,231.06,2,3,2,232,At Risk,30,Low risk
CUS-09595,54,9,707.62,4,5,5,455,High-Value Customers,20,Low risk
CUS-09596,571,2,71.94999999999999,1,2,1,121,Hibernating,77,High risk
CUS-09597,722,4,106.49000000000001,1,3,1,131,At Risk,67,High risk
CUS-09598,51,2,49.21,4,2,1,421,Potential Loyalists,5,Low risk
CUS-09599,181,1,38.42,2,1,1,211,Hibernating,54,Medium risk
CUS-09600,110,4,368.28,3,3,3,333,Potential Loyalists,28,Low risk
CUS-09601,420,2,216.64,1,2,2,122,Hibernating,67,High risk
CUS-09602,35,13,1079.66,5,5,5,555,High-Value Customers,20,Low risk
CUS-09603,664,2,115.71000000000001,1,2,1,121,Hibernating,77,High risk
CUS-09604,70,9,754.14,4,5,5,455,High-Value Customers,5,Low risk
CUS-09605,529,3,272.71000000000004,1,3,3,133,At Risk,67,High risk
CUS-09606,122,4,368.78000000000003,3,3,3,333,Potential Loyalists,45,Medium risk
CUS-09607,151,4,290.06,2,3,3,233,At Risk,69,High risk
CUS-09608,422,3,213.17,1,3,2,132,At Risk,92,High risk
CUS-09609,97,6,348.04,3,4,3,343,Loyal Customers,18,Low risk
CUS-09610,74,10,805.84,4,5,5,455,High-Value Customers,5,Low risk
CUS-09611,512,2,102.89,1,2,1,121,Hibernating,67,High risk
CUS-09612,64,3,209.78,4,3,2,432,Potential Loyalists,20,Low risk
CUS-09613,772,4,145.04,1,3,2,132,At Risk,67,High risk
CUS-09614,100,5,311.27,3,4,3,343,Discount Seekers,26,Low risk
CUS-09615,88,2,94.00999999999999,3,2,1,321,Potential Loyalists,5,Low risk
CUS-09616,129,2,153.82,3,2,2,322,Potential Loyalists,30,Low risk
CUS-09617,882,2,158.78,1,2,2,122,Hibernating,85,High risk
CUS-09618,78,9,1044.52,4,5,5,455,High-Value Customers,5,Low risk
CUS-09619,45,5,419.73,5,4,4,544,Champions,20,Low risk
CUS-09620,38,1,69.28,5,1,1,511,Potential Loyalists,15,Low risk
CUS-09621,54,1,135.47,4,1,2,412,Potential Loyalists,25,Low risk
CUS-09622,477,4,282.98,1,3,3,133,At Risk,67,High risk
CUS-09623,82,9,885.2900000000001,3,5,5,355,High-Value Customers,28,Low risk
CUS-09624,674,4,393.52,1,3,3,133,At Risk,82,High risk
CUS-09625,61,5,389.9,4,4,3,443,Loyal Customers,13,Low risk
CUS-09626,859,1,29.74,1,1,1,111,Hibernating,77,High risk
CUS-09627,105,5,309.4,3,4,3,343,Discount Seekers,26,Low risk
CUS-09628,91,3,90.12,3,3,1,331,Potential Loyalists,18,Low risk
CUS-09629,54,12,1494.54,4,5,5,455,High-Value Customers,20,Low risk
CUS-09630,120,9,566.57,3,5,4,354,Discount Seekers,41,Medium risk
CUS-09631,35,5,380.84000000000003,5,4,3,543,Loyal Customers,5,Low risk
CUS-09632,49,8,759.09,4,5,5,455,High-Value Customers,5,Low risk
CUS-09633,264,3,138.31,2,3,2,232,At Risk,67,High risk
CUS-09634,903,1,49.26,1,1,1,111,Hibernating,77,High risk
CUS-09635,145,10,810.22,2,5,5,255,High-Value Customers,30,Low risk
CUS-09636,41,5,138.4,5,4,2,542,Loyal Customers,5,Low risk
CUS-09637,676,2,123.85999999999999,1,2,1,121,Hibernating,77,High risk
CUS-09638,86,2,119.0,3,2,1,321,Potential Loyalists,48,Medium risk
CUS-09639,99,3,245.06,3,3,2,332,Potential Loyalists,43,Medium risk
CUS-09640,548,1,63.3,1,1,1,111,Hibernating,77,High risk
CUS-09641,232,3,167.06,2,3,2,232,At Risk,64,Medium risk
CUS-09642,47,7,576.13,5,4,4,544,Champions,5,Low risk
CUS-09643,428,2,260.14,1,2,3,123,Hibernating,67,High risk
CUS-09644,238,2,166.43,2,2,2,222,Hibernating,54,Medium risk
CUS-09645,46,6,529.47,5,4,4,544,Champions,5,Low risk
CUS-09646,89,4,717.11,3,3,5,335,Potential Loyalists,20,Low risk
CUS-09647,63,1,44.47,4,1,1,411,Potential Loyalists,20,Low risk
CUS-09648,492,3,327.33,1,3,3,133,At Risk,77,High risk
CUS-09649,492,2,154.57,1,2,2,122,Hibernating,77,High risk
CUS-09650,161,3,198.17000000000002,2,3,2,232,At Risk,52,Medium risk
CUS-09651,18,2,118.09,5,2,1,521,Potential Loyalists,5,Low risk
CUS-09652,21,6,331.59,5,4,3,543,Loyal Customers,13,Low risk
CUS-09653,37,4,364.52,5,3,3,533,Potential Loyalists,20,Low risk
CUS-09654,262,5,392.1,2,4,3,243,At Risk,67,High risk
CUS-09655,108,9,580.46,3,5,4,354,Loyal Customers,18,Low risk
CUS-09656,13,5,354.02,5,4,3,543,Loyal Customers,20,Low risk
CUS-09657,830,3,149.87,1,3,2,132,At Risk,75,High risk
CUS-09658,18,9,973.11,5,5,5,555,High-Value Customers,20,Low risk
CUS-09659,19,3,148.34,5,3,2,532,Potential Loyalists,20,Low risk
CUS-09660,53,5,167.99,4,4,2,442,Loyal Customers,15,Low risk
CUS-09661,273,1,174.16,2,1,2,212,Hibernating,92,High risk
CUS-09662,211,4,185.5,2,3,2,232,At Risk,69,High risk
CUS-09663,58,10,761.4200000000001,4,5,5,455,High-Value Customers,5,Low risk
CUS-09664,143,4,652.85,2,3,4,234,At Risk,40,Medium risk
CUS-09665,82,5,430.22,3,4,4,344,Loyal Customers,13,Low risk
CUS-09666,448,3,294.85,1,3,3,133,At Risk,67,High risk
CUS-09667,372,6,785.13,2,4,5,245,High-Value Customers,57,Medium risk
CUS-09668,653,3,151.94,1,3,2,132,At Risk,75,High risk
CUS-09669,52,7,401.85,4,4,4,444,Champions,28,Low risk
CUS-09670,197,1,31.56,2,1,1,211,Hibernating,54,Medium risk
CUS-09671,31,11,888.19,5,5,5,555,High-Value Customers,13,Low risk
CUS-09672,226,2,157.93,2,2,2,222,Hibernating,54,Medium risk
CUS-09673,60,8,1238.63,4,5,5,455,High-Value Customers,5,Low risk
CUS-09674,27,10,847.44,5,5,5,555,High-Value Customers,13,Low risk
CUS-09675,13,6,642.65,5,4,4,544,Champions,5,Low risk
CUS-09676,86,4,433.03,3,3,4,334,Potential Loyalists,20,Low risk
CUS-09677,57,5,315.39,4,4,3,443,Loyal Customers,20,Low risk
CUS-09678,513,4,330.36,1,3,3,133,At Risk,57,Medium risk
CUS-09679,130,3,126.85,3,3,1,331,Potential Loyalists,45,Medium risk
CUS-09680,36,9,628.02,5,5,4,554,Champions,28,Low risk
CUS-09681,698,3,130.47,1,3,1,131,At Risk,67,High risk
CUS-09682,88,11,933.11,3,5,5,355,High-Value Customers,5,Low risk
CUS-09683,434,2,166.22,1,2,2,122,Hibernating,100,High risk
CUS-09684,628,3,290.14,1,3,3,133,At Risk,75,High risk
CUS-09685,51,4,308.61,4,3,3,433,Potential Loyalists,5,Low risk
CUS-09686,47,4,263.26,5,3,3,533,Potential Loyalists,20,Low risk
CUS-09687,139,9,521.17,2,5,4,254,At Risk,53,Medium risk
CUS-09688,77,2,57.05,4,2,1,421,Potential Loyalists,20,Low risk
CUS-09689,164,7,744.52,2,4,5,245,High-Value Customers,44,Medium risk
CUS-09690,92,3,145.62,3,3,2,332,Potential Loyalists,18,Low risk
CUS-09691,109,3,102.75999999999999,3,3,1,331,Potential Loyalists,38,Medium risk
CUS-09692,560,2,181.59,1,2,2,122,Hibernating,77,High risk
CUS-09693,76,10,861.72,4,5,5,455,High-Value Customers,13,Low risk
CUS-09694,331,4,391.32,2,3,3,233,At Risk,82,High risk
CUS-09695,109,1,75.32,3,1,1,311,Potential Loyalists,18,Low risk
CUS-09696,58,3,144.8,4,3,2,432,Discount Seekers,35,Medium risk
CUS-09697,11,2,143.82999999999998,5,2,2,522,Potential Loyalists,20,Low risk
CUS-09698,127,6,427.02,3,4,4,344,Discount Seekers,53,Medium risk
CUS-09699,98,8,518.18,3,5,4,354,Discount Seekers,26,Low risk
CUS-09700,207,2,142.45,2,2,2,222,Hibernating,54,Medium risk
CUS-09701,581,2,207.51999999999998,1,2,2,122,Hibernating,77,High risk
CUS-09702,55,8,529.78,4,5,4,454,Champions,20,Low risk
CUS-09703,447,1,132.07,1,1,1,111,Hibernating,77,High risk
CUS-09704,399,3,343.24,1,3,3,133,At Risk,67,High risk
CUS-09705,133,3,294.45000000000005,3,3,3,333,Potential Loyalists,30,Low risk
CUS-09706,44,12,1274.93,5,5,5,555,High-Value Customers,13,Low risk
CUS-09707,36,4,196.63,5,3,2,532,Potential Loyalists,5,Low risk
CUS-09708,573,2,101.31,1,2,1,121,Hibernating,67,High risk
CUS-09709,732,1,43.44,1,1,1,111,Hibernating,85,High risk
CUS-09710,54,6,899.71,4,4,5,445,High-Value Customers,5,Low risk
CUS-09711,94,3,264.23,3,3,3,333,Potential Loyalists,38,Medium risk
CUS-09712,34,4,258.11,5,3,3,533,Potential Loyalists,5,Low risk
CUS-09713,831,3,289.02,1,3,3,133,At Risk,92,High risk
CUS-09714,76,12,1060.33,4,5,5,455,High-Value Customers,13,Low risk
CUS-09715,173,3,300.24,2,3,3,233,At Risk,54,Medium risk
CUS-09716,47,5,405.21000000000004,5,4,4,544,Champions,28,Low risk
CUS-09717,34,2,79.28,5,2,1,521,Potential Loyalists,5,Low risk
CUS-09718,430,2,199.85,1,2,2,122,Hibernating,75,High risk
CUS-09719,92,2,58.55,3,2,1,321,Potential Loyalists,18,Low risk
CUS-09720,38,1,71.14,5,1,1,511,Potential Loyalists,5,Low risk
CUS-09721,480,7,583.96,1,4,4,144,At Risk,57,Medium risk
CUS-09722,86,6,670.62,3,4,5,345,High-Value Customers,13,Low risk
CUS-09723,49,3,201.77,4,3,2,432,Potential Loyalists,15,Low risk
CUS-09724,112,6,422.42,3,4,4,344,Loyal Customers,26,Low risk
CUS-09725,54,11,1205.8700000000001,4,5,5,455,High-Value Customers,21,Low risk
CUS-09726,508,1,76.25,1,1,1,111,Hibernating,85,High risk
CUS-09727,161,7,628.05,2,4,4,244,At Risk,52,Medium risk
CUS-09728,102,5,516.34,3,4,4,344,Loyal Customers,26,Low risk
CUS-09729,104,7,811.46,3,4,5,345,High-Value Customers,18,Low risk
CUS-09730,50,4,303.61,4,3,3,433,Discount Seekers,28,Low risk
CUS-09731,474,2,177.84,1,2,2,122,Hibernating,75,High risk
CUS-09732,83,1,38.96,3,1,1,311,Potential Loyalists,20,Low risk
CUS-09733,78,6,678.03,4,4,5,445,High-Value Customers,5,Low risk
CUS-09734,109,14,1280.56,3,5,5,355,High-Value Customers,26,Low risk
CUS-09735,9,3,372.87,5,3,3,533,Potential Loyalists,20,Low risk
CUS-09736,11,13,1258.79,5,5,5,555,High-Value Customers,5,Low risk
CUS-09737,158,6,300.43,2,4,3,243,At Risk,44,Medium risk
CUS-09738,173,4,355.21,2,3,3,233,Discount Seekers,74,High risk
CUS-09739,101,8,764.59,3,5,5,355,High-Value Customers,33,Low risk
CUS-09740,52,15,1199.24,4,5,5,455,High-Value Customers,5,Low risk
CUS-09741,218,5,434.12,2,4,4,244,At Risk,54,Medium risk
CUS-09742,600,4,451.15999999999997,1,3,4,134,At Risk,67,High risk
CUS-09743,106,9,1146.44,3,5,5,355,High-Value Customers,18,Low risk
CUS-09744,50,2,160.68,4,2,2,422,Potential Loyalists,5,Low risk
CUS-09745,599,4,437.68,1,3,4,134,At Risk,75,High risk
CUS-09746,57,5,247.60000000000002,4,4,2,442,Loyal Customers,13,Low risk
CUS-09747,172,8,297.95,2,5,3,253,At Risk,44,Medium risk
CUS-09748,95,3,253.82999999999998,3,3,3,333,Potential Loyalists,18,Low risk
CUS-09749,9,10,683.55,5,5,5,555,High-Value Customers,13,Low risk
CUS-09750,190,2,133.9,2,2,2,222,Hibernating,69,High risk
CUS-09751,600,2,163.88,1,2,2,122,Hibernating,85,High risk
CUS-09752,504,3,217.91,1,3,2,132,At Risk,82,High risk
CUS-09753,261,5,345.78000000000003,2,4,3,243,At Risk,65,High risk
CUS-09754,123,7,826.97,3,5,5,355,High-Value Customers,30,Low risk
CUS-09755,70,10,1276.71,4,5,5,455,High-Value Customers,13,Low risk
CUS-09756,393,3,209.14,2,3,2,232,At Risk,57,Medium risk
CUS-09757,658,1,57.28,1,1,1,111,Hibernating,85,High risk
CUS-09758,195,6,632.8299999999999,2,4,4,244,At Risk,59,Medium risk
CUS-09759,47,4,395.08,5,3,3,533,Potential Loyalists,20,Low risk
CUS-09760,33,7,1316.0500000000002,5,5,5,555,High-Value Customers,20,Low risk
CUS-09761,125,4,338.47,3,3,3,333,Potential Loyalists,45,Medium risk
CUS-09762,33,7,649.4,5,5,4,554,Champions,13,Low risk
CUS-09763,32,1,72.35,5,1,1,511,Potential Loyalists,5,Low risk
CUS-09764,59,6,757.96,4,4,5,445,High-Value Customers,5,Low risk
CUS-09765,336,7,519.72,2,5,4,254,At Risk,65,High risk
CUS-09766,822,3,291.49,1,3,3,133,At Risk,77,High risk
CUS-09767,40,4,134.92000000000002,5,3,2,532,Potential Loyalists,20,Low risk
CUS-09768,317,1,67.94,2,1,1,211,Hibernating,77,High risk
CUS-09769,33,2,97.10000000000001,5,2,1,521,Potential Loyalists,20,Low risk
CUS-09770,931,1,56.99,1,1,1,111,Hibernating,77,High risk
CUS-09771,58,6,893.25,4,4,5,445,High-Value Customers,5,Low risk
CUS-09772,74,6,414.19,4,4,4,444,Champions,20,Low risk
CUS-09773,740,3,398.25,1,3,4,134,At Risk,92,High risk
CUS-09774,163,1,65.17,2,1,1,211,Hibernating,64,Medium risk
CUS-09775,73,4,518.5699999999999,4,3,4,434,Potential Loyalists,15,Low risk
CUS-09776,300,3,458.29,2,3,4,234,At Risk,67,High risk
CUS-09777,522,3,81.53,1,3,1,131,At Risk,75,High risk
CUS-09778,135,3,245.95999999999998,3,3,2,332,Potential Loyalists,65,High risk
CUS-09779,456,6,506.11,1,4,4,144,At Risk,65,High risk
CUS-09780,421,1,60.4,1,1,1,111,Hibernating,77,High risk
CUS-09781,768,3,336.59,1,3,3,133,At Risk,92,High risk
CUS-09782,23,7,754.0,5,5,5,555,High-Value Customers,5,Low risk
CUS-09783,601,3,137.92,1,3,2,132,At Risk,67,High risk
CUS-09784,92,6,547.12,3,4,4,344,Loyal Customers,26,Low risk
CUS-09785,90,2,98.16,3,2,1,321,Potential Loyalists,13,Low risk
CUS-09786,138,8,736.12,2,5,5,255,High-Value Customers,45,Medium risk
CUS-09787,43,6,460.69,5,4,4,544,Champions,5,Low risk
CUS-09788,630,1,41.93,1,1,1,111,Hibernating,85,High risk
CUS-09789,47,2,52.28,5,2,1,521,Potential Loyalists,5,Low risk
CUS-09790,88,2,178.42,3,2,2,322,Potential Loyalists,5,Low risk
CUS-09791,69,2,197.66,4,2,2,422,Potential Loyalists,5,Low risk
CUS-09792,431,6,564.54,1,4,4,144,At Risk,57,Medium risk
CUS-09793,633,3,99.71000000000001,1,3,1,131,At Risk,67,High risk
CUS-09794,102,7,299.04,3,5,3,353,Loyal Customers,26,Low risk
CUS-09795,292,5,220.76,2,4,2,242,At Risk,65,High risk
CUS-09796,344,2,242.3,2,2,2,222,Hibernating,92,High risk
CUS-09797,314,6,648.03,2,4,4,244,At Risk,73,High risk
CUS-09798,296,4,265.09,2,3,3,233,At Risk,67,High risk
CUS-09799,12,3,449.54,5,3,4,534,Potential Loyalists,20,Low risk
CUS-09800,103,4,378.35,3,3,3,333,Potential Loyalists,18,Low risk
CUS-09801,589,1,235.34,1,1,2,112,Hibernating,77,High risk
CUS-09802,52,4,310.61,4,3,3,433,Potential Loyalists,20,Low risk
CUS-09803,53,5,483.24,4,4,4,444,Champions,13,Low risk
CUS-09804,110,1,36.99,3,1,1,311,Potential Loyalists,18,Low risk
CUS-09805,61,3,256.77,4,3,3,433,Potential Loyalists,5,Low risk
CUS-09806,35,9,805.13,5,5,5,555,High-Value Customers,5,Low risk
CUS-09807,102,5,303.96000000000004,3,4,3,343,Loyal Customers,36,Medium risk
CUS-09808,520,3,219.55,1,3,2,132,At Risk,67,High risk
CUS-09809,92,5,595.15,3,4,4,344,Loyal Customers,28,Low risk
CUS-09810,23,2,153.37,5,2,2,522,Potential Loyalists,5,Low risk
CUS-09811,110,7,400.59000000000003,3,5,4,354,Loyal Customers,18,Low risk
CUS-09812,432,4,275.95,1,3,3,133,At Risk,57,Medium risk
CUS-09813,22,8,516.02,5,5,4,554,Champions,5,Low risk
CUS-09814,62,8,987.6700000000001,4,5,5,455,High-Value Customers,5,Low risk
CUS-09815,117,3,66.4,3,3,1,331,Potential Loyalists,18,Low risk
CUS-09816,165,3,327.93,2,3,3,233,At Risk,64,Medium risk
CUS-09817,42,2,109.18,5,2,1,521,Potential Loyalists,5,Low risk
CUS-09818,266,7,388.64,2,5,3,253,At Risk,57,Medium risk
CUS-09819,591,2,156.03,1,2,2,122,Hibernating,85,High risk
CUS-09820,139,5,461.4,2,4,4,244,At Risk,38,Medium risk
CUS-09821,52,10,824.46,4,5,5,455,High-Value Customers,13,Low risk
CUS-09822,467,1,58.2,1,1,1,111,Hibernating,85,High risk
CUS-09823,47,11,836.95,5,5,5,555,High-Value Customers,28,Low risk
CUS-09824,68,8,653.9000000000001,4,5,4,454,Champions,28,Low risk
CUS-09825,84,7,736.2,3,5,5,355,High-Value Customers,13,Low risk
CUS-09826,82,3,209.22,3,3,2,332,Potential Loyalists,20,Low risk
CUS-09827,111,4,218.22,3,3,2,332,Discount Seekers,51,Medium risk
CUS-09828,105,5,227.53,3,4,2,342,Loyal Customers,18,Low risk
CUS-09829,73,7,750.67,4,5,5,455,High-Value Customers,5,Low risk
CUS-09830,94,7,693.14,3,5,5,355,High-Value Customers,26,Low risk
CUS-09831,79,11,1270.27,4,5,5,455,High-Value Customers,5,Low risk
CUS-09832,74,8,565.41,4,5,4,454,Champions,35,Medium risk
CUS-09833,57,2,191.32999999999998,4,2,2,422,Potential Loyalists,5,Low risk
CUS-09834,724,2,165.58999999999997,1,2,2,122,Hibernating,77,High risk
CUS-09835,98,10,915.0600000000001,3,5,5,355,High-Value Customers,18,Low risk
CUS-09836,89,7,246.59,3,5,2,352,Loyal Customers,5,Low risk
CUS-09837,447,2,82.27,1,2,1,121,Hibernating,67,High risk
CUS-09838,23,15,1725.56,5,5,5,555,High-Value Customers,5,Low risk
CUS-09839,79,13,1324.67,4,5,5,455,High-Value Customers,13,Low risk
CUS-09840,85,9,693.1800000000001,3,5,5,355,High-Value Customers,5,Low risk
CUS-09841,60,7,566.96,4,5,4,454,Champions,20,Low risk
CUS-09842,87,6,332.24,3,4,3,343,Loyal Customers,5,Low risk
CUS-09843,74,2,43.61,4,2,1,421,Potential Loyalists,5,Low risk
CUS-09844,71,7,627.56,4,5,4,454,Champions,13,Low risk
CUS-09845,53,10,1133.77,4,5,5,455,High-Value Customers,5,Low risk
CUS-09846,382,2,161.73000000000002,2,2,2,222,Hibernating,67,High risk
CUS-09847,103,10,887.56,3,5,5,355,High-Value Customers,33,Low risk
CUS-09848,596,3,122.50999999999999,1,3,1,131,At Risk,67,High risk
CUS-09849,77,8,607.05,4,5,4,454,Champions,13,Low risk
CUS-09850,536,1,47.55,1,1,1,111,Hibernating,85,High risk
CUS-09851,571,5,204.29,1,4,2,142,At Risk,67,High risk
CUS-09852,785,3,378.56,1,3,3,133,At Risk,77,High risk
CUS-09853,723,1,443.39,1,1,4,114,Hibernating,85,High risk
CUS-09854,126,3,221.63,3,3,2,332,Discount Seekers,60,Medium risk
CUS-09855,66,13,1590.48,4,5,5,455,High-Value Customers,5,Low risk
CUS-09856,20,3,120.39,5,3,1,531,Potential Loyalists,5,Low risk
CUS-09857,351,7,713.4300000000001,2,5,5,255,High-Value Customers,65,High risk
CUS-09858,779,1,56.25,1,1,1,111,Hibernating,85,High risk
CUS-09859,74,24,3496.15,4,5,5,455,High-Value Customers,5,Low risk
CUS-09860,24,3,307.18999999999994,5,3,3,533,Potential Loyalists,5,Low risk
CUS-09861,463,3,189.36,1,3,2,132,At Risk,67,High risk
CUS-09862,582,2,91.42,1,2,1,121,Hibernating,77,High risk
CUS-09863,364,1,31.35,2,1,1,211,Hibernating,77,High risk
CUS-09864,81,5,340.7,4,4,3,443,Loyal Customers,13,Low risk
CUS-09865,34,14,1277.65,5,5,5,555,High-Value Customers,5,Low risk
CUS-09866,56,3,303.74,4,3,3,433,Potential Loyalists,5,Low risk
CUS-09867,44,6,540.26,5,4,4,544,Champions,13,Low risk
CUS-09868,96,3,196.07,3,3,2,332,Discount Seekers,51,Medium risk
CUS-09869,635,4,371.78000000000003,1,3,3,133,At Risk,82,High risk
CUS-09870,79,8,359.12,4,5,3,453,Loyal Customers,5,Low risk
CUS-09871,627,2,182.49,1,2,2,122,Hibernating,92,High risk
CUS-09872,603,1,24.88,1,1,1,111,Hibernating,100,High risk
CUS-09873,30,4,213.74,5,3,2,532,Potential Loyalists,5,Low risk
CUS-09874,183,2,349.29,2,2,3,223,Hibernating,64,Medium risk
CUS-09875,17,10,809.9,5,5,5,555,High-Value Customers,5,Low risk
CUS-09876,728,1,70.94,1,1,1,111,Hibernating,77,High risk
CUS-09877,569,6,477.57,1,4,4,144,At Risk,75,High risk
CUS-09878,43,11,428.3,5,5,4,554,Champions,5,Low risk
CUS-09879,86,2,98.33,3,2,1,321,Potential Loyalists,13,Low risk
CUS-09880,332,4,438.15,2,3,4,234,At Risk,72,High risk
CUS-09881,29,4,208.12,5,3,2,532,Discount Seekers,20,Low risk
CUS-09882,29,5,401.88,5,4,4,544,Champions,20,Low risk
CUS-09883,43,5,418.66999999999996,5,4,4,544,Champions,13,Low risk
CUS-09884,53,7,482.5,4,5,4,454,Champions,21,Low risk
CUS-09885,102,3,320.94000000000005,3,3,3,333,Potential Loyalists,18,Low risk
CUS-09886,217,6,611.9399999999999,2,4,4,244,At Risk,69,High risk
CUS-09887,785,1,20.2,1,1,1,111,Hibernating,85,High risk
CUS-09888,146,2,239.70999999999998,2,2,2,222,Hibernating,30,Low risk
CUS-09889,82,4,387.03999999999996,3,3,3,333,Potential Loyalists,30,Low risk
CUS-09890,85,10,419.59,3,5,4,354,Loyal Customers,5,Low risk
CUS-09891,75,4,282.98,4,3,3,433,Potential Loyalists,13,Low risk
CUS-09892,33,5,318.52,5,4,3,543,Loyal Customers,5,Low risk
CUS-09893,530,1,44.55,1,1,1,111,Hibernating,100,High risk
CUS-09894,52,6,536.37,4,4,4,444,Champions,21,Low risk
CUS-09895,183,7,718.76,2,5,5,255,High-Value Customers,44,Medium risk
CUS-09896,50,8,657.23,4,5,4,454,Champions,13,Low risk
CUS-09897,22,1,66.77,5,1,1,511,Potential Loyalists,20,Low risk
CUS-09898,137,1,83.97,2,1,1,211,Hibernating,30,Low risk
CUS-09899,49,15,1609.77,4,5,5,455,High-Value Customers,20,Low risk
CUS-09900,180,8,471.74,2,5,4,254,At Risk,44,Medium risk
CUS-09901,117,5,421.90999999999997,3,4,4,344,Loyal Customers,36,Medium risk
CUS-09902,50,14,2168.73,4,5,5,455,High-Value Customers,13,Low risk
CUS-09903,456,2,230.64999999999998,1,2,2,122,Hibernating,77,High risk
CUS-09904,32,3,183.8,5,3,2,532,Potential Loyalists,5,Low risk
CUS-09905,20,5,471.26,5,4,4,544,Champions,13,Low risk
CUS-09906,62,4,426.31,4,3,4,434,Potential Loyalists,5,Low risk
CUS-09907,177,1,51.33,2,1,1,211,Hibernating,64,Medium risk
CUS-09908,747,3,273.14,1,3,3,133,At Risk,85,High risk
CUS-09909,138,1,37.17,2,1,1,211,Hibernating,50,Medium risk
CUS-09910,33,3,129.07,5,3,1,531,Potential Loyalists,5,Low risk
CUS-09911,75,8,393.17,4,5,3,453,Discount Seekers,13,Low risk
CUS-09912,62,9,543.95,4,5,4,454,Champions,28,Low risk
CUS-09913,28,2,291.8,5,2,3,523,Potential Loyalists,20,Low risk
CUS-09914,498,1,56.03,1,1,1,111,Hibernating,77,High risk
CUS-09915,245,2,80.08,2,2,1,221,Hibernating,67,High risk
CUS-09916,79,2,121.15,4,2,1,421,Potential Loyalists,20,Low risk
CUS-09917,147,5,294.55,2,4,3,243,At Risk,38,Medium risk
CUS-09918,19,1,75.25,5,1,1,511,Potential Loyalists,20,Low risk
CUS-09919,20,2,123.77000000000001,5,2,1,521,Potential Loyalists,5,Low risk
CUS-09920,168,5,336.33,2,4,3,243,At Risk,44,Medium risk
CUS-09921,219,3,179.63,2,3,2,232,At Risk,44,Medium risk
CUS-09922,108,8,561.62,3,5,4,354,Loyal Customers,18,Low risk
CUS-09923,51,16,750.89,4,5,5,455,High-Value Customers,5,Low risk
CUS-09924,473,2,141.01999999999998,1,2,2,122,Hibernating,67,High risk
CUS-09925,151,7,578.76,2,5,4,254,At Risk,59,Medium risk
CUS-09926,68,4,187.35,4,3,2,432,Potential Loyalists,5,Low risk
CUS-09927,248,4,661.55,2,3,5,235,At Risk,82,High risk
CUS-09928,103,5,380.03000000000003,3,4,3,343,Loyal Customers,18,Low risk
CUS-09929,77,4,396.61,4,3,3,433,Discount Seekers,30,Low risk
CUS-09930,319,2,45.59,2,2,1,221,Hibernating,75,High risk
CUS-09931,600,4,442.77,1,3,4,134,At Risk,57,Medium risk
CUS-09932,25,1,102.53,5,1,1,511,Potential Loyalists,5,Low risk
CUS-09933,89,4,307.98,3,3,3,333,Potential Loyalists,5,Low risk
CUS-09934,93,10,562.29,3,5,4,354,Discount Seekers,41,Medium risk
CUS-09935,466,2,57.09,1,2,1,121,Hibernating,82,High risk
CUS-09936,382,3,209.31,2,3,2,232,At Risk,67,High risk
CUS-09937,437,3,109.95,1,3,1,131,At Risk,57,Medium risk
CUS-09938,22,4,193.08,5,3,2,532,Potential Loyalists,5,Low risk
CUS-09939,88,5,366.43,3,4,3,343,Loyal Customers,28,Low risk
CUS-09940,443,2,89.57,1,2,1,121,Hibernating,75,High risk
CUS-09941,75,10,1889.69,4,5,5,455,High-Value Customers,5,Low risk
CUS-09942,76,5,255.76999999999998,4,4,3,443,Loyal Customers,28,Low risk
CUS-09943,89,5,497.27,3,4,4,344,Loyal Customers,13,Low risk
CUS-09944,631,3,197.16,1,3,2,132,At Risk,67,High risk
CUS-09945,83,6,484.21999999999997,3,4,4,344,Loyal Customers,20,Low risk
CUS-09946,498,1,160.64,1,1,2,112,Hibernating,77,High risk
CUS-09947,302,5,497.51,2,4,4,244,At Risk,57,Medium risk
CUS-09948,301,6,227.92,2,4,2,242,At Risk,57,Medium risk
CUS-09949,77,4,416.42,4,3,4,434,Potential Loyalists,13,Low risk
CUS-09950,21,3,70.37,5,3,1,531,Potential Loyalists,5,Low risk
CUS-09951,57,8,513.8399999999999,4,5,4,454,Champions,13,Low risk
CUS-09952,666,3,339.06,1,3,3,133,At Risk,92,High risk
CUS-09953,415,2,74.35,1,2,1,121,Hibernating,77,High risk
CUS-09954,76,8,544.56,4,5,4,454,Champions,5,Low risk
CUS-09955,71,2,56.94,4,2,1,421,Potential Loyalists,13,Low risk
CUS-09956,30,2,81.32,5,2,1,521,Potential Loyalists,20,Low risk
CUS-09957,87,7,353.59000000000003,3,5,3,353,Loyal Customers,5,Low risk
CUS-09958,32,10,714.54,5,5,5,555,High-Value Customers,13,Low risk
CUS-09959,357,5,377.05,2,4,3,243,At Risk,57,Medium risk
CUS-09960,38,2,432.99,5,2,4,524,Potential Loyalists,5,Low risk
CUS-09961,318,1,67.03,2,1,1,211,Hibernating,77,High risk
CUS-09962,286,5,457.51,2,4,4,244,At Risk,67,High risk
CUS-09963,507,2,45.650000000000006,1,2,1,121,Hibernating,67,High risk
CUS-09964,118,4,326.62,3,3,3,333,Potential Loyalists,18,Low risk
CUS-09965,630,2,118.41,1,2,1,121,Hibernating,85,High risk
CUS-09966,56,11,1090.72,4,5,5,455,High-Value Customers,5,Low risk
CUS-09967,595,1,90.14,1,1,1,111,Hibernating,77,High risk
CUS-09968,16,3,225.60000000000002,5,3,2,532,Potential Loyalists,5,Low risk
CUS-09969,97,11,809.34,3,5,5,355,High-Value Customers,34,Low risk
CUS-09970,237,5,358.55,2,4,3,243,At Risk,44,Medium risk
CUS-09971,83,5,389.96,3,4,3,343,Loyal Customers,13,Low risk
CUS-09972,63,4,435.73,4,3,4,434,Potential Loyalists,15,Low risk
CUS-09973,39,2,79.05,5,2,1,521,Potential Loyalists,5,Low risk
CUS-09974,39,6,532.71,5,4,4,544,Champions,20,Low risk
CUS-09975,106,10,1009.65,3,5,5,355,High-Value Customers,26,Low risk
CUS-09976,79,1,41.18,4,1,1,411,Potential Loyalists,15,Low risk
CUS-09977,30,4,407.53,5,3,4,534,Potential Loyalists,5,Low risk
CUS-09978,35,1,23.5,5,1,1,511,Potential Loyalists,5,Low risk
CUS-09979,49,9,754.2,4,5,5,455,High-Value Customers,20,Low risk
CUS-09980,88,8,617.0899999999999,3,5,4,354,Loyal Customers,20,Low risk
CUS-09981,91,3,256.45,3,3,3,333,Potential Loyalists,18,Low risk
CUS-09982,730,2,151.01999999999998,1,2,2,122,Hibernating,85,High risk
CUS-09983,104,7,414.53,3,5,4,354,Loyal Customers,18,Low risk
CUS-09984,595,3,445.69,1,3,4,134,At Risk,77,High risk
CUS-09985,593,2,124.97,1,2,1,121,Hibernating,92,High risk
CUS-09986,98,2,166.62,3,2,2,322,Potential Loyalists,18,Low risk
CUS-09987,36,2,123.81,5,2,1,521,Potential Loyalists,20,Low risk
CUS-09988,125,3,201.8,3,3,2,332,Potential Loyalists,40,Medium risk
CUS-09989,274,4,446.09000000000003,2,3,4,234,At Risk,67,High risk
CUS-09990,96,2,90.38,3,2,1,321,Potential Loyalists,38,Medium risk
CUS-09991,79,7,366.27,4,5,3,453,Loyal Customers,13,Low risk
CUS-09992,55,6,530.74,4,4,4,444,Champions,13,Low risk
CUS-09993,189,5,510.57,2,4,4,244,At Risk,54,Medium risk
CUS-09994,150,6,257.38,2,4,3,243,At Risk,30,Low risk
CUS-09995,638,1,47.11,1,1,1,111,Hibernating,77,High risk
CUS-09996,194,5,423.08000000000004,2,4,4,244,At Risk,62,Medium risk
CUS-09997,68,7,621.4200000000001,4,5,4,454,Champions,13,Low risk
CUS-09998,58,10,729.38,4,5,5,455,High-Value Customers,13,Low risk
CUS-09999,51,10,794.58,4,5,5,455,High-Value Customers,5,Low risk
CUS-10000,142,2,102.33,2,2,1,221,Hibernating,65,High risk
