customer_id,age_group,gender,country,customer_type,acquisition_channel,signup_date,product_category_preference,device_type,latent_business_profile
CUS-00001,25-34,Female,Germany,Returning,Meta Ads,2023-07-13,Shoes,Desktop,At Risk
CUS-00002,25-34,Female,Poland,Returning,Google Search,2025-01-02,Dresses,Desktop,Loyal Customers
CUS-00003,55+,Female,Germany,Returning,Email,2023-10-31,Dresses,Mobile,At Risk
CUS-00004,35-44,Male,Germany,Returning,TikTok Ads,2024-12-10,Accessories,Mobile,Potential Loyalists
CUS-00005,35-44,Male,Netherlands,Returning,Email,2024-12-24,Dresses,Mobile,High-Value Customers
CUS-00006,35-44,Female,Germany,Returning,Affiliate,2025-05-24,Sportswear,Mobile,Potential Loyalists
CUS-00007,18-24,Female,Netherlands,Returning,Google Search,2024-05-23,Shoes,Desktop,At Risk
CUS-00008,45-54,Female,Spain,Returning,TikTok Ads,2025-01-03,Bags,Mobile,Champions
CUS-00009,25-34,Female,Germany,Returning,Meta Ads,2023-07-21,Shoes,Mobile,Potential Loyalists
CUS-00010,18-24,Female,France,Returning,Email,2023-09-19,Jeans,Desktop,Discount Seekers
CUS-00011,35-44,Female,Poland,Returning,Meta Ads,2023-03-03,Shoes,Mobile,At Risk
CUS-00012,18-24,Male,UK,New,Google Search,2025-06-01,Beauty,Mobile,New Customers
CUS-00013,45-54,Male,Netherlands,Returning,Organic Search,2023-12-11,Sportswear,Mobile,Discount Seekers
CUS-00014,25-34,Female,Italy,Returning,Google Search,2023-07-21,Dresses,Mobile,Discount Seekers
CUS-00015,18-24,Female,Germany,Returning,TikTok Ads,2024-05-10,Beauty,Mobile,Potential Loyalists
CUS-00016,25-34,Male,Germany,New,Google Search,2025-08-07,Beauty,Desktop,New Customers
CUS-00017,25-34,Female,Germany,New,TikTok Ads,2025-07-12,Sportswear,Mobile,New Customers
CUS-00018,45-54,Male,Germany,Returning,Organic Search,2024-08-12,Bags,Desktop,At Risk
CUS-00019,18-24,Male,Spain,Returning,Organic Search,2024-05-11,Accessories,Mobile,Potential Loyalists
CUS-00020,25-34,Male,Poland,Returning,Email,2023-10-03,Jeans,Mobile,Loyal Customers
CUS-00021,35-44,Male,Germany,Returning,Meta Ads,2025-04-21,Dresses,Tablet,Discount Seekers
CUS-00022,25-34,Female,UK,Returning,Google Search,2024-03-23,Shoes,Desktop,Discount Seekers
CUS-00023,35-44,Male,Germany,Returning,Google Search,2024-02-10,Shoes,Mobile,Discount Seekers
CUS-00024,35-44,Female,Italy,Returning,Google Search,2023-07-20,Jackets,Mobile,High-Value Customers
CUS-00025,25-34,Male,Spain,Returning,Google Search,2023-11-06,Accessories,Mobile,Hibernating
CUS-00026,25-34,Female,Germany,Returning,Google Search,2024-08-22,Shoes,Desktop,Hibernating
CUS-00027,35-44,Male,UK,Returning,Affiliate,2024-11-28,Jeans,Mobile,Hibernating
CUS-00028,18-24,Female,UK,New,TikTok Ads,2025-10-30,Accessories,Desktop,New Customers
CUS-00029,18-24,Non-binary/Other,Germany,New,Affiliate,2025-08-28,Shoes,Desktop,New Customers
CUS-00030,25-34,Male,Spain,Returning,Google Search,2023-06-01,Jeans,Desktop,Loyal Customers
CUS-00031,25-34,Male,Spain,Returning,TikTok Ads,2024-09-16,Jeans,Mobile,At Risk
CUS-00032,25-34,Female,France,Returning,Affiliate,2025-05-03,Shoes,Mobile,Potential Loyalists
CUS-00033,25-34,Female,Germany,Returning,Meta Ads,2024-10-03,Shoes,Mobile,Loyal Customers
CUS-00034,35-44,Male,France,Returning,Meta Ads,2023-02-09,Dresses,Mobile,At Risk
CUS-00035,35-44,Male,Germany,Returning,Google Search,2024-03-22,Sportswear,Mobile,Potential Loyalists
CUS-00036,55+,Female,Germany,Returning,Meta Ads,2024-10-03,Dresses,Mobile,Loyal Customers
CUS-00037,25-34,Female,Germany,Returning,Email,2024-01-16,Accessories,Mobile,Hibernating
CUS-00038,45-54,Female,Poland,Returning,Organic Search,2024-12-09,Dresses,Mobile,Discount Seekers
CUS-00039,45-54,Female,Germany,Returning,Email,2023-04-17,Shoes,Mobile,Loyal Customers
CUS-00040,35-44,Male,Spain,Returning,Email,2024-03-03,Sportswear,Mobile,Champions
CUS-00041,55+,Male,Spain,Returning,TikTok Ads,2024-05-31,Accessories,Mobile,Potential Loyalists
CUS-00042,18-24,Female,UK,Returning,Email,2024-12-19,Shoes,Mobile,Hibernating
CUS-00043,18-24,Female,UK,Returning,Google Search,2024-05-30,Dresses,Desktop,Discount Seekers
CUS-00044,25-34,Female,France,Returning,Organic Search,2024-10-29,Shoes,Mobile,Loyal Customers
CUS-00045,35-44,Female,Spain,Returning,Display Ads,2023-05-18,Jeans,Mobile,Hibernating
CUS-00046,25-34,Female,Germany,Returning,Google Search,2025-01-30,Accessories,Mobile,Loyal Customers
CUS-00047,25-34,Female,Italy,Returning,Google Search,2024-08-09,Shoes,Mobile,Potential Loyalists
CUS-00048,35-44,Female,Spain,Returning,Google Search,2023-07-28,Jackets,Mobile,High-Value Customers
CUS-00049,18-24,Female,Germany,Returning,Google Search,2023-09-13,Accessories,Mobile,Loyal Customers
CUS-00050,25-34,Male,Germany,Returning,Google Search,2024-08-25,Shoes,Desktop,Loyal Customers
CUS-00051,45-54,Female,Italy,New,Organic Search,2025-12-10,Accessories,Mobile,New Customers
CUS-00052,35-44,Male,Germany,Returning,TikTok Ads,2023-05-19,Bags,Mobile,At Risk
CUS-00053,18-24,Female,Netherlands,Returning,Meta Ads,2024-01-10,Sportswear,Mobile,Discount Seekers
CUS-00054,35-44,Female,France,Returning,Email,2023-02-16,Bags,Mobile,High-Value Customers
CUS-00055,18-24,Male,Germany,Returning,Meta Ads,2024-10-04,Jackets,Mobile,Champions
CUS-00056,35-44,Female,Netherlands,Returning,Email,2023-12-08,Dresses,Desktop,Loyal Customers
CUS-00057,18-24,Non-binary/Other,Spain,Returning,Email,2023-07-21,Beauty,Mobile,Hibernating
CUS-00058,35-44,Female,Italy,Returning,Meta Ads,2024-02-01,Sportswear,Mobile,Potential Loyalists
CUS-00059,18-24,Female,Spain,Returning,TikTok Ads,2023-08-02,Dresses,Tablet,Discount Seekers
CUS-00060,45-54,Female,Spain,Returning,Display Ads,2023-06-24,Shoes,Desktop,At Risk
CUS-00061,35-44,Female,Germany,Returning,Affiliate,2025-01-31,Shoes,Desktop,Loyal Customers
CUS-00062,18-24,Male,Germany,Returning,Google Search,2025-07-04,Dresses,Desktop,Discount Seekers
CUS-00063,25-34,Female,UK,Returning,Meta Ads,2023-05-04,Accessories,Desktop,Loyal Customers
CUS-00064,25-34,Female,UK,New,Google Search,2025-11-21,Sportswear,Mobile,New Customers
CUS-00065,45-54,Female,Italy,New,Meta Ads,2025-09-06,Beauty,Desktop,New Customers
CUS-00066,25-34,Female,Spain,New,Google Search,2025-10-03,Sportswear,Mobile,New Customers
CUS-00067,45-54,Female,France,Returning,TikTok Ads,2024-03-01,Jeans,Mobile,At Risk
CUS-00068,45-54,Male,France,Returning,Meta Ads,2024-03-24,Dresses,Desktop,At Risk
CUS-00069,25-34,Female,Germany,Returning,Google Search,2023-09-13,Dresses,Mobile,High-Value Customers
CUS-00070,18-24,Male,Spain,Returning,Organic Search,2023-11-09,Jackets,Mobile,High-Value Customers
CUS-00071,18-24,Male,UK,New,Meta Ads,2025-09-01,Shoes,Tablet,New Customers
CUS-00072,25-34,Male,Germany,Returning,Google Search,2025-03-24,Sportswear,Mobile,Champions
CUS-00073,35-44,Female,Germany,Returning,Display Ads,2024-12-13,Accessories,Mobile,Hibernating
CUS-00074,25-34,Female,France,Returning,Email,2023-12-31,Bags,Desktop,High-Value Customers
CUS-00075,25-34,Female,Netherlands,Returning,Meta Ads,2023-12-04,Shoes,Mobile,Potential Loyalists
CUS-00076,35-44,Female,UK,New,Meta Ads,2025-07-31,Sportswear,Tablet,New Customers
CUS-00077,25-34,Female,UK,New,Google Search,2025-09-25,Accessories,Desktop,New Customers
CUS-00078,45-54,Male,Germany,Returning,Affiliate,2024-06-06,Shoes,Desktop,Champions
CUS-00079,35-44,Female,Germany,Returning,Affiliate,2024-01-19,Shoes,Mobile,At Risk
CUS-00080,25-34,Female,Spain,Returning,Affiliate,2024-01-04,Sportswear,Desktop,Potential Loyalists
CUS-00081,25-34,Male,UK,Returning,Affiliate,2024-04-20,Accessories,Mobile,Hibernating
CUS-00082,25-34,Male,Germany,Returning,Organic Search,2024-11-13,Jeans,Mobile,Discount Seekers
CUS-00083,35-44,Female,Germany,Returning,Display Ads,2024-10-22,Accessories,Desktop,Hibernating
CUS-00084,45-54,Female,France,Returning,Google Search,2025-07-04,Beauty,Mobile,Potential Loyalists
CUS-00085,25-34,Male,France,Returning,TikTok Ads,2024-12-21,Shoes,Desktop,Potential Loyalists
CUS-00086,25-34,Male,Spain,Returning,Google Search,2023-05-26,Shoes,Mobile,Hibernating
CUS-00087,35-44,Female,France,Returning,Organic Search,2024-10-24,Accessories,Mobile,Hibernating
CUS-00088,45-54,Non-binary/Other,Spain,New,Google Search,2025-11-19,Accessories,Mobile,New Customers
CUS-00089,25-34,Female,Netherlands,Returning,Email,2025-03-26,Dresses,Mobile,Discount Seekers
CUS-00090,25-34,Female,Italy,Returning,Google Search,2025-01-09,Dresses,Desktop,Loyal Customers
CUS-00091,25-34,Non-binary/Other,Germany,Returning,Google Search,2025-08-15,Dresses,Mobile,Discount Seekers
CUS-00092,18-24,Female,Germany,Returning,Email,2023-02-25,Jackets,Mobile,Champions
CUS-00093,45-54,Female,UK,Returning,Google Search,2024-11-15,Accessories,Mobile,Loyal Customers
CUS-00094,45-54,Female,France,New,TikTok Ads,2025-09-25,Beauty,Desktop,New Customers
CUS-00095,25-34,Non-binary/Other,UK,Returning,Email,2023-06-08,Jackets,Desktop,Champions
CUS-00096,25-34,Female,France,Returning,Email,2023-01-26,Bags,Desktop,Champions
CUS-00097,55+,Non-binary/Other,Spain,Returning,Google Search,2023-11-10,Bags,Mobile,Champions
CUS-00098,35-44,Female,France,New,Meta Ads,2025-07-09,Shoes,Mobile,New Customers
CUS-00099,25-34,Female,France,Returning,Email,2023-10-22,Shoes,Mobile,Hibernating
CUS-00100,25-34,Male,Germany,Returning,Display Ads,2023-06-15,Bags,Desktop,Champions
CUS-00101,25-34,Female,Spain,Returning,Affiliate,2023-01-18,Dresses,Desktop,At Risk
CUS-00102,25-34,Male,France,Returning,Email,2024-04-08,Shoes,Mobile,Hibernating
CUS-00103,18-24,Female,UK,Returning,Organic Search,2023-12-02,Accessories,Mobile,Loyal Customers
CUS-00104,25-34,Female,Netherlands,Returning,Organic Search,2024-11-10,Dresses,Desktop,Loyal Customers
CUS-00105,25-34,Female,Italy,Returning,Email,2024-03-07,Sportswear,Mobile,Discount Seekers
CUS-00106,25-34,Female,UK,Returning,Organic Search,2023-02-02,Beauty,Desktop,Hibernating
CUS-00107,45-54,Male,UK,New,Affiliate,2025-11-25,Shoes,Mobile,New Customers
CUS-00108,18-24,Female,France,Returning,Google Search,2024-12-03,Beauty,Mobile,Hibernating
CUS-00109,35-44,Female,Germany,Returning,Meta Ads,2024-10-01,Bags,Desktop,Champions
CUS-00110,25-34,Male,France,Returning,Display Ads,2025-05-01,Accessories,Mobile,Potential Loyalists
CUS-00111,35-44,Female,Germany,Returning,Google Search,2023-01-22,Beauty,Mobile,Hibernating
CUS-00112,35-44,Female,Netherlands,Returning,Meta Ads,2025-03-30,Jeans,Tablet,Loyal Customers
CUS-00113,45-54,Male,Spain,Returning,Organic Search,2024-02-17,Accessories,Mobile,Hibernating
CUS-00114,35-44,Female,Poland,New,Google Search,2025-07-09,Shoes,Mobile,New Customers
CUS-00115,25-34,Female,UK,Returning,Organic Search,2023-05-26,Shoes,Desktop,Hibernating
CUS-00116,35-44,Female,Italy,New,TikTok Ads,2025-06-06,Beauty,Tablet,New Customers
CUS-00117,25-34,Male,France,Returning,Meta Ads,2024-02-03,Shoes,Mobile,Potential Loyalists
CUS-00118,55+,Female,Italy,Returning,Affiliate,2025-01-10,Shoes,Mobile,Loyal Customers
CUS-00119,25-34,Female,UK,Returning,Email,2024-05-22,Shoes,Mobile,Loyal Customers
CUS-00120,18-24,Female,UK,Returning,Display Ads,2024-02-20,Accessories,Mobile,Hibernating
CUS-00121,35-44,Male,Italy,Returning,Google Search,2023-01-27,Jeans,Mobile,Loyal Customers
CUS-00122,45-54,Female,Italy,Returning,Email,2024-06-04,Jackets,Mobile,Champions
CUS-00123,35-44,Male,France,Returning,Meta Ads,2024-11-26,Shoes,Mobile,Loyal Customers
CUS-00124,45-54,Female,Italy,Returning,Affiliate,2024-01-30,Dresses,Desktop,Loyal Customers
CUS-00125,35-44,Female,Germany,Returning,Organic Search,2023-08-20,Beauty,Tablet,Hibernating
CUS-00126,55+,Non-binary/Other,France,Returning,TikTok Ads,2025-05-06,Shoes,Mobile,Potential Loyalists
CUS-00127,18-24,Female,Spain,Returning,Meta Ads,2023-06-26,Jackets,Desktop,High-Value Customers
CUS-00128,35-44,Female,France,Returning,Google Search,2023-11-22,Jeans,Mobile,Loyal Customers
CUS-00129,18-24,Female,France,Returning,TikTok Ads,2024-04-02,Jeans,Mobile,At Risk
CUS-00130,35-44,Male,Italy,New,Google Search,2025-09-28,Sportswear,Desktop,New Customers
CUS-00131,35-44,Female,France,Returning,Meta Ads,2024-01-07,Accessories,Desktop,Potential Loyalists
CUS-00132,18-24,Female,Germany,Returning,Meta Ads,2024-03-12,Shoes,Mobile,Discount Seekers
CUS-00133,25-34,Female,Germany,Returning,Email,2024-08-12,Dresses,Mobile,High-Value Customers
CUS-00134,55+,Non-binary/Other,Spain,Returning,Affiliate,2025-03-19,Shoes,Mobile,Discount Seekers
CUS-00135,25-34,Male,Germany,Returning,Google Search,2024-08-18,Jeans,Mobile,Loyal Customers
CUS-00136,35-44,Female,France,Returning,Meta Ads,2023-07-03,Jeans,Desktop,Loyal Customers
CUS-00137,18-24,Male,Italy,Returning,Organic Search,2023-05-13,Jeans,Mobile,At Risk
CUS-00138,25-34,Female,Poland,Returning,Google Search,2024-09-17,Accessories,Desktop,Potential Loyalists
CUS-00139,25-34,Female,Italy,Returning,Organic Search,2023-04-01,Accessories,Mobile,Hibernating
CUS-00140,25-34,Female,UK,New,Organic Search,2025-10-14,Beauty,Mobile,New Customers
CUS-00141,25-34,Female,UK,New,TikTok Ads,2025-10-17,Accessories,Mobile,New Customers
CUS-00142,25-34,Male,Netherlands,Returning,Organic Search,2024-10-15,Shoes,Desktop,Hibernating
CUS-00143,55+,Male,Spain,Returning,Affiliate,2023-05-26,Jeans,Tablet,Hibernating
CUS-00144,35-44,Male,Spain,Returning,Affiliate,2024-04-17,Jackets,Mobile,Champions
CUS-00145,25-34,Male,Italy,Returning,Organic Search,2025-03-24,Jackets,Desktop,Champions
CUS-00146,18-24,Male,Netherlands,Returning,Affiliate,2023-07-28,Shoes,Desktop,At Risk
CUS-00147,25-34,Male,France,New,Meta Ads,2025-11-19,Sportswear,Mobile,New Customers
CUS-00148,25-34,Male,Germany,Returning,TikTok Ads,2023-12-04,Shoes,Mobile,Loyal Customers
CUS-00149,45-54,Female,Germany,Returning,Display Ads,2024-07-21,Shoes,Desktop,Potential Loyalists
CUS-00150,35-44,Female,Spain,Returning,Meta Ads,2024-07-06,Beauty,Mobile,Hibernating
CUS-00151,35-44,Female,UK,Returning,Google Search,2023-10-19,Accessories,Desktop,Hibernating
CUS-00152,25-34,Female,Spain,New,Google Search,2025-11-25,Accessories,Tablet,New Customers
CUS-00153,18-24,Female,Germany,Returning,Meta Ads,2023-07-11,Shoes,Mobile,Potential Loyalists
CUS-00154,25-34,Female,France,Returning,Google Search,2024-11-08,Accessories,Mobile,Potential Loyalists
CUS-00155,18-24,Female,Poland,New,TikTok Ads,2025-09-18,Accessories,Desktop,New Customers
CUS-00156,45-54,Female,Germany,Returning,Affiliate,2024-12-12,Shoes,Mobile,Potential Loyalists
CUS-00157,45-54,Male,France,New,Meta Ads,2025-11-28,Accessories,Mobile,New Customers
CUS-00158,18-24,Female,Germany,Returning,Organic Search,2023-07-21,Bags,Desktop,At Risk
CUS-00159,55+,Female,Netherlands,Returning,Google Search,2023-03-06,Jackets,Mobile,Champions
CUS-00160,55+,Male,France,Returning,Google Search,2024-01-06,Shoes,Mobile,Champions
CUS-00161,25-34,Female,Italy,Returning,Email,2023-10-14,Dresses,Desktop,Loyal Customers
CUS-00162,25-34,Female,Germany,Returning,Email,2023-11-27,Jeans,Desktop,Discount Seekers
CUS-00163,25-34,Male,France,Returning,Email,2023-04-10,Jeans,Desktop,At Risk
CUS-00164,18-24,Male,Poland,Returning,Google Search,2025-03-05,Jeans,Mobile,Loyal Customers
CUS-00165,35-44,Female,France,Returning,Email,2023-08-09,Shoes,Mobile,Discount Seekers
CUS-00166,18-24,Female,Poland,New,TikTok Ads,2025-09-25,Beauty,Mobile,New Customers
CUS-00167,25-34,Female,Germany,New,Email,2025-10-29,Sportswear,Desktop,New Customers
CUS-00168,25-34,Female,Germany,Returning,Display Ads,2024-04-04,Sportswear,Mobile,Discount Seekers
CUS-00169,35-44,Female,UK,Returning,Google Search,2025-02-19,Bags,Mobile,Champions
CUS-00170,25-34,Non-binary/Other,Germany,Returning,Meta Ads,2025-03-06,Accessories,Desktop,Loyal Customers
CUS-00171,25-34,Male,Netherlands,Returning,Organic Search,2023-07-16,Bags,Mobile,At Risk
CUS-00172,18-24,Male,France,Returning,Meta Ads,2024-07-29,Shoes,Mobile,Loyal Customers
CUS-00173,25-34,Female,UK,Returning,Google Search,2023-07-10,Dresses,Desktop,At Risk
CUS-00174,18-24,Female,UK,Returning,Email,2024-01-14,Jeans,Mobile,Loyal Customers
CUS-00175,35-44,Female,UK,Returning,Google Search,2025-03-17,Bags,Mobile,Champions
CUS-00176,35-44,Female,Italy,Returning,Meta Ads,2023-06-13,Dresses,Mobile,Loyal Customers
CUS-00177,18-24,Female,UK,New,TikTok Ads,2025-08-04,Shoes,Mobile,New Customers
CUS-00178,55+,Male,UK,Returning,Email,2024-08-01,Accessories,Mobile,Loyal Customers
CUS-00179,25-34,Female,UK,Returning,Organic Search,2024-06-09,Accessories,Desktop,Loyal Customers
CUS-00180,25-34,Male,Spain,Returning,Affiliate,2023-10-24,Shoes,Mobile,Discount Seekers
CUS-00181,45-54,Female,UK,Returning,Google Search,2024-09-13,Beauty,Mobile,Potential Loyalists
CUS-00182,25-34,Female,Germany,Returning,Organic Search,2025-01-10,Accessories,Desktop,Potential Loyalists
CUS-00183,35-44,Female,Netherlands,Returning,Affiliate,2024-01-02,Bags,Mobile,Champions
CUS-00184,18-24,Male,Germany,Returning,TikTok Ads,2023-09-09,Accessories,Mobile,Potential Loyalists
CUS-00185,25-34,Non-binary/Other,UK,Returning,Email,2024-02-05,Shoes,Mobile,Loyal Customers
CUS-00186,25-34,Female,Poland,Returning,Meta Ads,2024-07-15,Bags,Mobile,At Risk
CUS-00187,25-34,Female,UK,Returning,Organic Search,2023-02-04,Accessories,Tablet,Loyal Customers
CUS-00188,35-44,Female,Germany,Returning,Google Search,2023-06-06,Shoes,Mobile,Discount Seekers
CUS-00189,35-44,Female,Germany,Returning,Meta Ads,2024-01-14,Dresses,Mobile,Discount Seekers
CUS-00190,18-24,Female,France,Returning,Affiliate,2023-08-20,Shoes,Desktop,Champions
CUS-00191,35-44,Male,France,Returning,Email,2023-08-01,Accessories,Mobile,Loyal Customers
CUS-00192,25-34,Female,Spain,Returning,Google Search,2023-01-09,Dresses,Desktop,Loyal Customers
CUS-00193,25-34,Female,France,Returning,Meta Ads,2024-11-09,Bags,Tablet,At Risk
CUS-00194,35-44,Female,Italy,Returning,Affiliate,2024-10-31,Jeans,Mobile,Loyal Customers
CUS-00195,18-24,Female,Netherlands,Returning,Email,2024-07-21,Dresses,Mobile,Discount Seekers
CUS-00196,18-24,Female,Netherlands,Returning,Organic Search,2024-05-26,Shoes,Desktop,Hibernating
CUS-00197,55+,Male,Italy,Returning,Meta Ads,2024-05-26,Accessories,Mobile,Hibernating
CUS-00198,45-54,Female,France,New,TikTok Ads,2025-11-12,Sportswear,Mobile,New Customers
CUS-00199,18-24,Female,Spain,Returning,Google Search,2024-06-18,Bags,Mobile,High-Value Customers
CUS-00200,35-44,Female,UK,Returning,Organic Search,2023-12-09,Sportswear,Mobile,Champions
CUS-00201,25-34,Female,Spain,Returning,Google Search,2024-10-15,Shoes,Mobile,Potential Loyalists
CUS-00202,18-24,Female,Netherlands,Returning,Google Search,2024-12-29,Sportswear,Mobile,Potential Loyalists
CUS-00203,35-44,Female,Poland,Returning,Email,2023-10-06,Dresses,Mobile,Discount Seekers
CUS-00204,18-24,Male,Poland,New,Google Search,2025-11-22,Shoes,Mobile,New Customers
CUS-00205,35-44,Male,Poland,Returning,Meta Ads,2023-04-16,Accessories,Desktop,Hibernating
CUS-00206,25-34,Male,Italy,Returning,Organic Search,2023-03-14,Jeans,Tablet,Loyal Customers
CUS-00207,25-34,Female,Germany,Returning,TikTok Ads,2025-01-30,Jackets,Desktop,High-Value Customers
CUS-00208,35-44,Female,UK,New,Organic Search,2025-09-27,Accessories,Mobile,New Customers
CUS-00209,55+,Female,Germany,New,Meta Ads,2025-10-04,Accessories,Desktop,New Customers
CUS-00210,45-54,Female,France,Returning,Organic Search,2024-10-22,Bags,Mobile,High-Value Customers
CUS-00211,18-24,Female,UK,Returning,Google Search,2024-04-08,Shoes,Mobile,Potential Loyalists
CUS-00212,25-34,Female,UK,Returning,TikTok Ads,2025-03-21,Sportswear,Desktop,Potential Loyalists
CUS-00213,18-24,Female,Germany,Returning,TikTok Ads,2023-04-23,Dresses,Desktop,At Risk
CUS-00214,25-34,Male,Germany,Returning,Organic Search,2023-03-25,Jeans,Desktop,Loyal Customers
CUS-00215,18-24,Female,Poland,Returning,Google Search,2024-08-14,Shoes,Desktop,Potential Loyalists
CUS-00216,25-34,Male,Germany,Returning,TikTok Ads,2024-11-14,Jeans,Tablet,Loyal Customers
CUS-00217,55+,Non-binary/Other,Germany,Returning,Email,2023-01-08,Shoes,Mobile,Loyal Customers
CUS-00218,55+,Male,Poland,Returning,Meta Ads,2025-03-12,Shoes,Mobile,Discount Seekers
CUS-00219,45-54,Female,Germany,Returning,Google Search,2024-01-03,Jeans,Mobile,At Risk
CUS-00220,18-24,Male,Spain,Returning,Google Search,2023-12-12,Sportswear,Desktop,Potential Loyalists
CUS-00221,45-54,Female,France,Returning,Meta Ads,2023-06-19,Shoes,Mobile,Potential Loyalists
CUS-00222,35-44,Male,UK,New,Meta Ads,2025-07-20,Shoes,Desktop,New Customers
CUS-00223,18-24,Female,Germany,Returning,Meta Ads,2023-05-16,Jeans,Mobile,At Risk
CUS-00224,35-44,Male,Italy,Returning,Meta Ads,2025-01-12,Shoes,Tablet,Discount Seekers
CUS-00225,35-44,Female,Italy,Returning,Email,2025-05-22,Shoes,Desktop,Discount Seekers
CUS-00226,55+,Male,Italy,Returning,Display Ads,2023-08-17,Accessories,Desktop,Potential Loyalists
CUS-00227,35-44,Female,UK,Returning,Google Search,2025-05-24,Sportswear,Mobile,Potential Loyalists
CUS-00228,25-34,Female,Italy,New,Organic Search,2025-06-23,Beauty,Tablet,New Customers
CUS-00229,25-34,Male,Germany,New,Display Ads,2025-09-27,Accessories,Desktop,New Customers
CUS-00230,18-24,Female,France,New,Meta Ads,2025-06-15,Shoes,Desktop,New Customers
CUS-00231,25-34,Female,France,Returning,Google Search,2023-08-26,Shoes,Desktop,At Risk
CUS-00232,45-54,Female,UK,New,Organic Search,2025-09-02,Shoes,Desktop,New Customers
CUS-00233,35-44,Male,Germany,Returning,Meta Ads,2024-05-09,Beauty,Desktop,Potential Loyalists
CUS-00234,45-54,Female,Germany,Returning,Google Search,2024-10-07,Sportswear,Desktop,Potential Loyalists
CUS-00235,25-34,Female,UK,Returning,Google Search,2024-10-22,Accessories,Desktop,Potential Loyalists
CUS-00236,25-34,Female,Italy,Returning,Affiliate,2024-03-17,Shoes,Mobile,Champions
CUS-00237,55+,Female,Netherlands,Returning,Email,2023-07-03,Jeans,Mobile,Loyal Customers
CUS-00238,35-44,Male,Germany,Returning,TikTok Ads,2024-07-08,Shoes,Desktop,Hibernating
CUS-00239,18-24,Female,France,Returning,Affiliate,2025-04-24,Sportswear,Mobile,Potential Loyalists
CUS-00240,25-34,Female,Germany,Returning,Google Search,2023-04-08,Accessories,Desktop,Loyal Customers
CUS-00241,25-34,Male,France,New,Google Search,2025-08-21,Beauty,Desktop,New Customers
CUS-00242,45-54,Male,Germany,Returning,Meta Ads,2024-12-01,Beauty,Mobile,Hibernating
CUS-00243,25-34,Male,France,Returning,Meta Ads,2023-04-29,Jeans,Mobile,Loyal Customers
CUS-00244,25-34,Female,Poland,Returning,Meta Ads,2023-06-17,Accessories,Desktop,Hibernating
CUS-00245,35-44,Female,Italy,Returning,Google Search,2023-06-02,Dresses,Mobile,Discount Seekers
CUS-00246,25-34,Female,UK,Returning,Display Ads,2024-02-21,Shoes,Mobile,At Risk
CUS-00247,45-54,Male,UK,Returning,Email,2023-03-29,Shoes,Mobile,At Risk
CUS-00248,25-34,Male,Netherlands,Returning,Google Search,2024-02-16,Bags,Mobile,Champions
CUS-00249,35-44,Female,Italy,Returning,TikTok Ads,2024-12-03,Jeans,Tablet,Discount Seekers
CUS-00250,18-24,Female,Italy,Returning,Google Search,2025-07-04,Shoes,Mobile,Potential Loyalists
CUS-00251,35-44,Male,UK,Returning,Meta Ads,2024-07-13,Jeans,Mobile,Discount Seekers
CUS-00252,55+,Female,Italy,New,Organic Search,2025-11-02,Accessories,Mobile,New Customers
CUS-00253,35-44,Female,France,Returning,Display Ads,2023-03-29,Shoes,Mobile,Champions
CUS-00254,18-24,Female,Italy,Returning,Affiliate,2023-02-26,Jackets,Mobile,Champions
CUS-00255,18-24,Female,France,Returning,Organic Search,2023-03-07,Dresses,Mobile,At Risk
CUS-00256,45-54,Female,Italy,New,Email,2025-11-26,Sportswear,Tablet,New Customers
CUS-00257,35-44,Female,Spain,Returning,Organic Search,2024-12-04,Jackets,Desktop,Champions
CUS-00258,25-34,Male,Italy,Returning,Organic Search,2024-07-30,Accessories,Mobile,Hibernating
CUS-00259,35-44,Female,Germany,Returning,Email,2023-11-12,Sportswear,Mobile,Discount Seekers
CUS-00260,35-44,Female,UK,New,Display Ads,2025-12-07,Sportswear,Desktop,New Customers
CUS-00261,45-54,Male,Poland,New,TikTok Ads,2025-11-01,Sportswear,Mobile,New Customers
CUS-00262,25-34,Male,UK,Returning,Affiliate,2024-10-01,Jackets,Tablet,Champions
CUS-00263,18-24,Male,Germany,Returning,Organic Search,2024-09-15,Jeans,Mobile,Hibernating
CUS-00264,35-44,Female,UK,Returning,Google Search,2023-06-13,Shoes,Mobile,Potential Loyalists
CUS-00265,18-24,Female,Germany,Returning,Meta Ads,2025-01-08,Sportswear,Mobile,Discount Seekers
CUS-00266,18-24,Male,UK,Returning,Meta Ads,2024-11-16,Accessories,Mobile,Potential Loyalists
CUS-00267,55+,Female,Poland,New,Meta Ads,2025-06-23,Shoes,Mobile,New Customers
CUS-00268,25-34,Female,Germany,Returning,TikTok Ads,2023-09-03,Beauty,Mobile,Potential Loyalists
CUS-00269,25-34,Male,Germany,Returning,Email,2023-10-10,Accessories,Mobile,Loyal Customers
CUS-00270,18-24,Male,Germany,Returning,Email,2023-02-12,Accessories,Tablet,Hibernating
CUS-00271,18-24,Female,Germany,New,Meta Ads,2025-11-22,Accessories,Desktop,New Customers
CUS-00272,18-24,Male,UK,New,TikTok Ads,2025-06-04,Accessories,Tablet,New Customers
CUS-00273,25-34,Male,Italy,Returning,Affiliate,2023-06-12,Bags,Desktop,High-Value Customers
CUS-00274,35-44,Male,Italy,Returning,Email,2025-01-25,Shoes,Mobile,High-Value Customers
CUS-00275,25-34,Female,UK,Returning,Meta Ads,2023-11-24,Sportswear,Desktop,Discount Seekers
CUS-00276,35-44,Female,Germany,Returning,Meta Ads,2024-01-30,Shoes,Mobile,Loyal Customers
CUS-00277,25-34,Female,UK,Returning,Google Search,2024-10-01,Shoes,Mobile,At Risk
CUS-00278,18-24,Female,Netherlands,Returning,Email,2025-03-24,Sportswear,Mobile,Discount Seekers
CUS-00279,55+,Female,UK,Returning,Organic Search,2025-07-05,Beauty,Desktop,Potential Loyalists
CUS-00280,25-34,Male,UK,Returning,Affiliate,2025-01-21,Accessories,Desktop,Loyal Customers
CUS-00281,25-34,Male,Netherlands,Returning,Google Search,2024-10-02,Accessories,Desktop,Hibernating
CUS-00282,25-34,Female,Netherlands,New,Google Search,2025-12-11,Accessories,Mobile,New Customers
CUS-00283,55+,Male,Germany,New,Google Search,2025-09-19,Beauty,Mobile,New Customers
CUS-00284,45-54,Female,France,Returning,Affiliate,2024-05-18,Bags,Mobile,High-Value Customers
CUS-00285,18-24,Female,Italy,Returning,Google Search,2024-02-12,Jeans,Mobile,At Risk
CUS-00286,35-44,Female,France,New,Google Search,2025-06-28,Accessories,Mobile,New Customers
CUS-00287,25-34,Male,Germany,Returning,Email,2024-03-08,Sportswear,Mobile,Potential Loyalists
CUS-00288,35-44,Female,Italy,Returning,Affiliate,2024-07-22,Beauty,Desktop,Potential Loyalists
CUS-00289,35-44,Female,France,Returning,Google Search,2023-01-28,Dresses,Mobile,Loyal Customers
CUS-00290,45-54,Female,France,Returning,Email,2023-07-16,Beauty,Tablet,Hibernating
CUS-00291,18-24,Female,Italy,Returning,Meta Ads,2023-10-24,Shoes,Desktop,Discount Seekers
CUS-00292,55+,Female,Italy,Returning,TikTok Ads,2023-11-29,Accessories,Mobile,Potential Loyalists
CUS-00293,25-34,Female,Poland,Returning,Organic Search,2025-05-13,Shoes,Mobile,Potential Loyalists
CUS-00294,25-34,Female,Germany,Returning,Email,2025-06-26,Shoes,Mobile,Discount Seekers
CUS-00295,45-54,Female,Spain,Returning,Google Search,2025-03-25,Sportswear,Mobile,Champions
CUS-00296,18-24,Female,UK,New,Google Search,2025-10-24,Shoes,Tablet,New Customers
CUS-00297,25-34,Non-binary/Other,France,New,Meta Ads,2025-10-05,Accessories,Desktop,New Customers
CUS-00298,18-24,Female,France,Returning,Organic Search,2024-06-19,Jeans,Mobile,At Risk
CUS-00299,35-44,Non-binary/Other,Germany,Returning,Meta Ads,2024-08-30,Jeans,Tablet,Loyal Customers
CUS-00300,18-24,Female,Spain,Returning,Email,2023-07-13,Shoes,Mobile,At Risk
CUS-00301,25-34,Female,Italy,Returning,Organic Search,2025-06-06,Accessories,Mobile,Potential Loyalists
CUS-00302,18-24,Female,Netherlands,Returning,Google Search,2024-06-15,Shoes,Mobile,At Risk
CUS-00303,25-34,Female,Spain,Returning,Google Search,2025-03-17,Sportswear,Mobile,Champions
CUS-00304,18-24,Male,UK,New,Organic Search,2025-10-22,Accessories,Desktop,New Customers
CUS-00305,25-34,Female,Netherlands,New,Meta Ads,2025-06-13,Sportswear,Desktop,New Customers
CUS-00306,25-34,Female,Italy,Returning,Email,2024-01-30,Accessories,Mobile,Loyal Customers
CUS-00307,45-54,Female,UK,Returning,Affiliate,2023-03-25,Jeans,Desktop,Loyal Customers
CUS-00308,18-24,Male,Spain,Returning,Affiliate,2024-04-08,Accessories,Mobile,Loyal Customers
CUS-00309,25-34,Female,UK,Returning,Organic Search,2024-08-30,Sportswear,Mobile,Potential Loyalists
CUS-00310,25-34,Male,UK,Returning,Email,2023-06-18,Sportswear,Mobile,Champions
CUS-00311,18-24,Female,Poland,Returning,Google Search,2023-09-09,Sportswear,Mobile,Discount Seekers
CUS-00312,18-24,Male,France,Returning,TikTok Ads,2024-09-12,Sportswear,Mobile,Potential Loyalists
CUS-00313,55+,Female,UK,Returning,Meta Ads,2024-05-10,Beauty,Desktop,Hibernating
CUS-00314,35-44,Female,Italy,Returning,Organic Search,2024-11-09,Bags,Mobile,High-Value Customers
CUS-00315,25-34,Female,UK,Returning,Organic Search,2024-04-14,Jackets,Mobile,Champions
CUS-00316,25-34,Female,Netherlands,Returning,Meta Ads,2023-10-16,Jeans,Mobile,At Risk
CUS-00317,55+,Male,Germany,Returning,Email,2024-04-05,Jeans,Desktop,Discount Seekers
CUS-00318,25-34,Male,France,Returning,Meta Ads,2023-05-08,Bags,Mobile,At Risk
CUS-00319,18-24,Female,Spain,New,Organic Search,2025-10-16,Accessories,Mobile,New Customers
CUS-00320,35-44,Female,Germany,New,Affiliate,2025-11-18,Beauty,Mobile,New Customers
CUS-00321,35-44,Male,UK,Returning,Affiliate,2023-04-13,Shoes,Desktop,Champions
CUS-00322,35-44,Female,France,New,Meta Ads,2025-11-01,Beauty,Mobile,New Customers
CUS-00323,45-54,Female,Netherlands,Returning,Meta Ads,2023-05-09,Jackets,Desktop,High-Value Customers
CUS-00324,25-34,Male,Spain,Returning,Email,2024-07-04,Shoes,Mobile,High-Value Customers
CUS-00325,35-44,Female,Spain,Returning,Meta Ads,2024-11-19,Bags,Mobile,Champions
CUS-00326,55+,Female,Germany,Returning,Google Search,2024-11-26,Shoes,Desktop,At Risk
CUS-00327,25-34,Female,Netherlands,Returning,Meta Ads,2024-08-02,Shoes,Mobile,Potential Loyalists
CUS-00328,18-24,Female,UK,Returning,TikTok Ads,2024-10-05,Dresses,Mobile,Discount Seekers
CUS-00329,18-24,Female,Germany,Returning,Google Search,2024-12-30,Jackets,Mobile,Champions
CUS-00330,55+,Male,Germany,Returning,Display Ads,2025-04-04,Shoes,Tablet,Discount Seekers
CUS-00331,18-24,Male,Poland,Returning,Affiliate,2024-07-21,Jeans,Mobile,Discount Seekers
CUS-00332,55+,Female,Germany,Returning,Organic Search,2023-01-31,Jeans,Mobile,Loyal Customers
CUS-00333,25-34,Female,Germany,Returning,Email,2023-01-27,Jackets,Mobile,Champions
CUS-00334,25-34,Male,Italy,Returning,Display Ads,2023-07-28,Shoes,Mobile,Discount Seekers
CUS-00335,45-54,Male,Germany,Returning,Email,2023-01-21,Shoes,Desktop,Loyal Customers
CUS-00336,35-44,Female,Germany,New,Organic Search,2025-11-23,Beauty,Mobile,New Customers
CUS-00337,35-44,Non-binary/Other,France,Returning,Meta Ads,2025-01-16,Sportswear,Mobile,Discount Seekers
CUS-00338,25-34,Male,UK,New,Google Search,2025-10-27,Shoes,Desktop,New Customers
CUS-00339,25-34,Male,France,Returning,Affiliate,2024-01-26,Accessories,Mobile,Potential Loyalists
CUS-00340,18-24,Female,Spain,New,Meta Ads,2025-08-30,Shoes,Mobile,New Customers
CUS-00341,25-34,Male,UK,Returning,Affiliate,2024-09-11,Shoes,Desktop,Champions
CUS-00342,45-54,Female,UK,Returning,Google Search,2024-01-30,Bags,Mobile,High-Value Customers
CUS-00343,18-24,Male,France,Returning,Organic Search,2025-08-28,Sportswear,Mobile,Potential Loyalists
CUS-00344,25-34,Female,UK,Returning,Organic Search,2025-01-06,Jeans,Tablet,Loyal Customers
CUS-00345,35-44,Male,France,Returning,Google Search,2025-08-29,Sportswear,Mobile,Potential Loyalists
CUS-00346,25-34,Female,Germany,Returning,Organic Search,2024-01-16,Dresses,Mobile,High-Value Customers
CUS-00347,25-34,Male,Italy,Returning,Google Search,2023-11-04,Shoes,Mobile,Champions
CUS-00348,25-34,Female,Poland,Returning,Google Search,2024-12-15,Sportswear,Mobile,Discount Seekers
CUS-00349,35-44,Male,UK,Returning,Affiliate,2023-11-29,Jeans,Desktop,At Risk
CUS-00350,25-34,Female,Netherlands,Returning,Google Search,2024-05-01,Sportswear,Mobile,Discount Seekers
CUS-00351,45-54,Female,UK,Returning,Email,2024-07-20,Jackets,Mobile,High-Value Customers
CUS-00352,25-34,Female,Poland,Returning,Google Search,2024-08-04,Jeans,Desktop,Discount Seekers
CUS-00353,18-24,Female,France,Returning,Meta Ads,2023-09-25,Jeans,Mobile,Discount Seekers
CUS-00354,25-34,Male,Germany,Returning,Google Search,2025-03-15,Accessories,Mobile,Loyal Customers
CUS-00355,25-34,Female,Germany,Returning,Organic Search,2023-01-20,Jeans,Mobile,Hibernating
CUS-00356,25-34,Female,UK,New,Meta Ads,2025-07-17,Sportswear,Desktop,New Customers
CUS-00357,18-24,Female,Spain,New,Google Search,2025-09-01,Sportswear,Mobile,New Customers
CUS-00358,25-34,Female,UK,Returning,Organic Search,2025-01-25,Jeans,Mobile,Discount Seekers
CUS-00359,35-44,Female,France,Returning,Meta Ads,2024-08-03,Dresses,Desktop,High-Value Customers
CUS-00360,55+,Male,Italy,Returning,TikTok Ads,2023-06-08,Jeans,Mobile,At Risk
CUS-00361,35-44,Female,France,New,Meta Ads,2025-11-21,Shoes,Mobile,New Customers
CUS-00362,18-24,Male,France,New,TikTok Ads,2025-11-19,Shoes,Desktop,New Customers
CUS-00363,35-44,Female,Germany,Returning,TikTok Ads,2024-06-09,Beauty,Mobile,Potential Loyalists
CUS-00364,18-24,Female,Poland,Returning,Google Search,2024-04-11,Sportswear,Mobile,Potential Loyalists
CUS-00365,55+,Female,Netherlands,Returning,Google Search,2024-11-11,Accessories,Desktop,Potential Loyalists
CUS-00366,25-34,Female,Italy,Returning,Google Search,2024-04-05,Shoes,Mobile,Champions
CUS-00367,18-24,Male,UK,Returning,Google Search,2024-01-07,Bags,Mobile,Champions
CUS-00368,25-34,Female,Italy,Returning,TikTok Ads,2024-01-24,Jeans,Mobile,Hibernating
CUS-00369,25-34,Male,Netherlands,New,Google Search,2025-12-12,Sportswear,Mobile,New Customers
CUS-00370,35-44,Non-binary/Other,UK,Returning,TikTok Ads,2025-05-13,Sportswear,Mobile,Discount Seekers
CUS-00371,55+,Female,Poland,Returning,Affiliate,2023-01-18,Jeans,Desktop,At Risk
CUS-00372,35-44,Non-binary/Other,Spain,Returning,Email,2023-06-11,Sportswear,Mobile,Champions
CUS-00373,18-24,Female,France,Returning,Meta Ads,2023-08-08,Shoes,Mobile,Loyal Customers
CUS-00374,35-44,Male,Poland,Returning,Organic Search,2024-01-04,Jeans,Mobile,Loyal Customers
CUS-00375,55+,Female,Germany,Returning,Meta Ads,2024-06-23,Jackets,Mobile,High-Value Customers
CUS-00376,18-24,Male,Germany,Returning,Meta Ads,2024-02-13,Jeans,Mobile,Loyal Customers
CUS-00377,45-54,Female,Germany,New,Google Search,2025-12-06,Accessories,Desktop,New Customers
CUS-00378,35-44,Male,Netherlands,Returning,Meta Ads,2024-10-24,Sportswear,Mobile,Discount Seekers
CUS-00379,25-34,Female,France,Returning,Meta Ads,2024-10-17,Shoes,Mobile,High-Value Customers
CUS-00380,18-24,Male,Italy,Returning,Google Search,2024-01-25,Dresses,Mobile,Loyal Customers
CUS-00381,18-24,Female,Germany,Returning,Organic Search,2023-09-03,Shoes,Desktop,Champions
CUS-00382,35-44,Male,Spain,Returning,Organic Search,2023-09-02,Accessories,Desktop,Loyal Customers
CUS-00383,45-54,Female,Germany,Returning,Google Search,2024-10-05,Bags,Mobile,Champions
CUS-00384,18-24,Female,UK,Returning,Organic Search,2023-11-27,Shoes,Mobile,Loyal Customers
CUS-00385,25-34,Female,Italy,New,TikTok Ads,2025-11-13,Beauty,Mobile,New Customers
CUS-00386,18-24,Male,Poland,Returning,Organic Search,2025-05-22,Shoes,Mobile,Discount Seekers
CUS-00387,45-54,Male,UK,New,Meta Ads,2025-12-14,Shoes,Mobile,New Customers
CUS-00388,35-44,Female,UK,Returning,Organic Search,2024-05-30,Jeans,Mobile,At Risk
CUS-00389,45-54,Male,Spain,Returning,Google Search,2023-10-09,Accessories,Mobile,Loyal Customers
CUS-00390,18-24,Female,Italy,Returning,Meta Ads,2024-04-14,Shoes,Mobile,Hibernating
CUS-00391,25-34,Male,Germany,Returning,TikTok Ads,2023-05-15,Dresses,Mobile,At Risk
CUS-00392,18-24,Female,Spain,Returning,Meta Ads,2024-02-21,Shoes,Desktop,Discount Seekers
CUS-00393,25-34,Female,Netherlands,Returning,Meta Ads,2025-06-24,Jeans,Mobile,Discount Seekers
CUS-00394,25-34,Male,Poland,Returning,Meta Ads,2024-01-09,Beauty,Mobile,Potential Loyalists
CUS-00395,55+,Female,Germany,Returning,Organic Search,2023-04-16,Jackets,Tablet,Champions
CUS-00396,25-34,Male,Spain,Returning,Email,2024-11-09,Dresses,Mobile,Loyal Customers
CUS-00397,25-34,Female,Spain,New,Google Search,2025-11-18,Accessories,Mobile,New Customers
CUS-00398,25-34,Female,Poland,Returning,Google Search,2023-06-28,Sportswear,Desktop,Discount Seekers
CUS-00399,25-34,Male,UK,Returning,Meta Ads,2024-05-07,Sportswear,Mobile,Potential Loyalists
CUS-00400,18-24,Male,France,Returning,TikTok Ads,2024-08-18,Beauty,Mobile,Hibernating
CUS-00401,35-44,Female,Italy,New,Google Search,2025-06-29,Accessories,Mobile,New Customers
CUS-00402,18-24,Female,Italy,Returning,Affiliate,2023-04-10,Jeans,Mobile,Loyal Customers
CUS-00403,25-34,Male,France,Returning,TikTok Ads,2025-07-11,Sportswear,Desktop,Potential Loyalists
CUS-00404,25-34,Female,UK,Returning,Google Search,2023-05-01,Bags,Mobile,At Risk
CUS-00405,25-34,Female,France,Returning,Display Ads,2024-03-19,Bags,Mobile,At Risk
CUS-00406,45-54,Female,Italy,New,Meta Ads,2025-07-05,Sportswear,Mobile,New Customers
CUS-00407,18-24,Male,Spain,Returning,Meta Ads,2024-03-03,Dresses,Mobile,Loyal Customers
CUS-00408,18-24,Male,Germany,Returning,Organic Search,2024-11-05,Accessories,Mobile,Hibernating
CUS-00409,25-34,Female,Spain,Returning,Email,2023-08-22,Accessories,Mobile,Loyal Customers
CUS-00410,25-34,Female,UK,Returning,TikTok Ads,2023-09-14,Sportswear,Mobile,Discount Seekers
CUS-00411,35-44,Female,UK,Returning,Google Search,2024-12-06,Accessories,Desktop,Loyal Customers
CUS-00412,35-44,Male,Spain,Returning,Google Search,2024-02-18,Shoes,Mobile,Loyal Customers
CUS-00413,35-44,Female,Spain,New,Organic Search,2025-12-12,Sportswear,Mobile,New Customers
CUS-00414,18-24,Non-binary/Other,Germany,New,Google Search,2025-11-22,Sportswear,Mobile,New Customers
CUS-00415,55+,Female,UK,New,Google Search,2025-10-05,Sportswear,Mobile,New Customers
CUS-00416,18-24,Male,Poland,New,Google Search,2025-08-02,Sportswear,Mobile,New Customers
CUS-00417,45-54,Male,Germany,Returning,Google Search,2023-05-17,Dresses,Desktop,High-Value Customers
CUS-00418,35-44,Male,France,New,Google Search,2025-09-07,Accessories,Mobile,New Customers
CUS-00419,25-34,Female,Poland,New,TikTok Ads,2025-12-13,Sportswear,Mobile,New Customers
CUS-00420,25-34,Non-binary/Other,Netherlands,New,Google Search,2025-11-19,Sportswear,Mobile,New Customers
CUS-00421,35-44,Male,France,Returning,Organic Search,2023-10-02,Jackets,Mobile,Champions
CUS-00422,35-44,Female,Germany,Returning,Affiliate,2023-06-08,Bags,Mobile,At Risk
CUS-00423,45-54,Female,UK,Returning,Organic Search,2025-01-04,Shoes,Mobile,Loyal Customers
CUS-00424,35-44,Female,France,Returning,Meta Ads,2024-02-10,Shoes,Mobile,At Risk
CUS-00425,18-24,Male,UK,Returning,Meta Ads,2024-10-01,Bags,Desktop,Champions
CUS-00426,35-44,Male,Netherlands,Returning,Google Search,2023-07-02,Bags,Mobile,High-Value Customers
CUS-00427,18-24,Male,Italy,New,TikTok Ads,2025-08-18,Sportswear,Desktop,New Customers
CUS-00428,18-24,Male,Italy,Returning,Meta Ads,2023-12-30,Sportswear,Desktop,Discount Seekers
CUS-00429,18-24,Male,Poland,New,Google Search,2025-09-13,Accessories,Desktop,New Customers
CUS-00430,18-24,Female,Netherlands,Returning,Google Search,2024-02-06,Shoes,Mobile,Champions
CUS-00431,25-34,Female,Germany,Returning,Organic Search,2023-08-17,Beauty,Mobile,Hibernating
CUS-00432,18-24,Female,Spain,Returning,Meta Ads,2024-07-07,Bags,Mobile,At Risk
CUS-00433,25-34,Female,Poland,Returning,TikTok Ads,2023-03-03,Jeans,Mobile,Hibernating
CUS-00434,35-44,Female,Poland,New,Meta Ads,2025-08-18,Beauty,Desktop,New Customers
CUS-00435,35-44,Male,Italy,Returning,Affiliate,2024-02-13,Dresses,Desktop,At Risk
CUS-00436,25-34,Female,France,Returning,Display Ads,2024-02-29,Sportswear,Mobile,Discount Seekers
CUS-00437,35-44,Female,Germany,Returning,Google Search,2024-03-23,Dresses,Mobile,At Risk
CUS-00438,25-34,Female,France,Returning,Meta Ads,2024-03-13,Beauty,Mobile,Potential Loyalists
CUS-00439,18-24,Male,Germany,Returning,Meta Ads,2023-04-04,Dresses,Mobile,At Risk
CUS-00440,18-24,Female,UK,Returning,Google Search,2023-04-06,Dresses,Desktop,At Risk
CUS-00441,18-24,Female,Germany,Returning,Organic Search,2023-08-05,Bags,Mobile,High-Value Customers
CUS-00442,55+,Female,Germany,Returning,TikTok Ads,2024-08-31,Shoes,Tablet,Potential Loyalists
CUS-00443,35-44,Female,Italy,New,Google Search,2025-09-10,Accessories,Mobile,New Customers
CUS-00444,35-44,Female,Italy,Returning,Organic Search,2023-04-15,Accessories,Desktop,Hibernating
CUS-00445,25-34,Male,Germany,New,Organic Search,2025-07-12,Sportswear,Mobile,New Customers
CUS-00446,25-34,Male,Spain,Returning,Organic Search,2023-08-17,Jeans,Mobile,Hibernating
CUS-00447,55+,Male,France,New,TikTok Ads,2025-08-13,Accessories,Mobile,New Customers
CUS-00448,35-44,Male,Netherlands,Returning,TikTok Ads,2025-01-10,Jeans,Mobile,Loyal Customers
CUS-00449,35-44,Female,Netherlands,Returning,Google Search,2024-05-24,Beauty,Mobile,Hibernating
CUS-00450,55+,Female,Germany,Returning,TikTok Ads,2023-05-15,Accessories,Mobile,Loyal Customers
CUS-00451,25-34,Female,Italy,Returning,Email,2023-06-23,Jeans,Desktop,Loyal Customers
CUS-00452,25-34,Female,Poland,Returning,Meta Ads,2023-03-19,Dresses,Mobile,At Risk
CUS-00453,45-54,Female,France,Returning,Organic Search,2024-08-19,Beauty,Mobile,Hibernating
CUS-00454,25-34,Non-binary/Other,Spain,Returning,Google Search,2024-02-15,Shoes,Desktop,Discount Seekers
CUS-00455,35-44,Female,Germany,Returning,TikTok Ads,2024-07-25,Beauty,Mobile,Potential Loyalists
CUS-00456,25-34,Male,UK,Returning,Email,2024-05-08,Accessories,Mobile,Loyal Customers
CUS-00457,18-24,Male,UK,Returning,Organic Search,2024-09-21,Bags,Mobile,High-Value Customers
CUS-00458,35-44,Female,Germany,Returning,Meta Ads,2023-01-22,Jeans,Mobile,Loyal Customers
CUS-00459,18-24,Male,Italy,Returning,Email,2023-10-31,Accessories,Mobile,Loyal Customers
CUS-00460,25-34,Male,UK,Returning,Affiliate,2025-03-15,Accessories,Tablet,Potential Loyalists
CUS-00461,25-34,Male,Germany,New,TikTok Ads,2025-06-08,Sportswear,Mobile,New Customers
CUS-00462,25-34,Female,Germany,Returning,Google Search,2024-11-29,Shoes,Mobile,Discount Seekers
CUS-00463,35-44,Male,Spain,Returning,Meta Ads,2024-08-11,Shoes,Mobile,Hibernating
CUS-00464,18-24,Male,Spain,Returning,Email,2023-04-05,Shoes,Desktop,At Risk
CUS-00465,45-54,Female,Netherlands,Returning,Meta Ads,2023-11-05,Shoes,Mobile,Loyal Customers
CUS-00466,25-34,Female,Germany,Returning,TikTok Ads,2024-09-22,Shoes,Desktop,Potential Loyalists
CUS-00467,25-34,Male,France,New,Organic Search,2025-12-06,Accessories,Mobile,New Customers
CUS-00468,18-24,Female,Italy,Returning,Organic Search,2024-11-14,Dresses,Mobile,Loyal Customers
CUS-00469,25-34,Female,Netherlands,Returning,Organic Search,2025-04-02,Accessories,Mobile,Potential Loyalists
CUS-00470,18-24,Female,Spain,Returning,Meta Ads,2023-08-27,Shoes,Desktop,Potential Loyalists
CUS-00471,25-34,Female,France,Returning,Email,2024-11-22,Shoes,Tablet,Loyal Customers
CUS-00472,35-44,Female,Netherlands,New,Organic Search,2025-09-09,Sportswear,Desktop,New Customers
CUS-00473,18-24,Male,UK,Returning,Meta Ads,2024-04-04,Dresses,Mobile,At Risk
CUS-00474,25-34,Male,Italy,Returning,Email,2024-01-23,Bags,Mobile,Champions
CUS-00475,25-34,Female,France,New,Meta Ads,2025-06-19,Sportswear,Desktop,New Customers
CUS-00476,45-54,Female,Poland,Returning,Email,2023-10-19,Accessories,Mobile,Hibernating
CUS-00477,25-34,Male,Spain,Returning,TikTok Ads,2023-08-05,Beauty,Mobile,Hibernating
CUS-00478,35-44,Female,UK,Returning,Meta Ads,2024-05-04,Shoes,Desktop,Hibernating
CUS-00479,45-54,Female,France,New,Meta Ads,2025-08-01,Shoes,Desktop,New Customers
CUS-00480,45-54,Female,Italy,Returning,Organic Search,2023-11-17,Jeans,Desktop,Hibernating
CUS-00481,35-44,Female,Germany,Returning,Organic Search,2024-01-04,Dresses,Desktop,Loyal Customers
CUS-00482,55+,Female,Netherlands,Returning,Affiliate,2025-01-03,Sportswear,Desktop,Potential Loyalists
CUS-00483,55+,Male,Germany,Returning,Meta Ads,2024-03-03,Accessories,Desktop,Loyal Customers
CUS-00484,55+,Female,Netherlands,New,Meta Ads,2025-12-02,Beauty,Desktop,New Customers
CUS-00485,25-34,Male,Germany,Returning,Affiliate,2024-09-07,Accessories,Desktop,Potential Loyalists
CUS-00486,18-24,Female,Germany,Returning,Organic Search,2023-03-28,Dresses,Mobile,Loyal Customers
CUS-00487,55+,Male,Italy,Returning,Meta Ads,2023-12-01,Shoes,Desktop,Hibernating
CUS-00488,55+,Female,Germany,Returning,Display Ads,2024-02-13,Beauty,Desktop,Potential Loyalists
CUS-00489,35-44,Female,France,Returning,Meta Ads,2024-11-10,Sportswear,Mobile,Potential Loyalists
CUS-00490,25-34,Female,UK,Returning,Email,2024-08-24,Shoes,Mobile,Loyal Customers
CUS-00491,35-44,Female,Germany,New,Organic Search,2025-12-07,Shoes,Desktop,New Customers
CUS-00492,55+,Male,Netherlands,Returning,Meta Ads,2024-11-17,Accessories,Desktop,Potential Loyalists
CUS-00493,45-54,Female,UK,Returning,Google Search,2025-01-22,Accessories,Mobile,Potential Loyalists
CUS-00494,35-44,Female,Italy,Returning,Meta Ads,2023-07-31,Accessories,Mobile,Loyal Customers
CUS-00495,35-44,Male,Spain,Returning,Organic Search,2024-12-21,Jeans,Mobile,Hibernating
CUS-00496,25-34,Female,France,Returning,Email,2024-03-14,Shoes,Desktop,Discount Seekers
CUS-00497,45-54,Female,France,New,Affiliate,2025-11-02,Accessories,Desktop,New Customers
CUS-00498,45-54,Female,Poland,Returning,Display Ads,2024-01-29,Bags,Mobile,At Risk
CUS-00499,25-34,Male,Poland,Returning,Affiliate,2023-09-28,Dresses,Mobile,Discount Seekers
CUS-00500,25-34,Female,Germany,Returning,Google Search,2023-05-31,Jackets,Mobile,High-Value Customers
CUS-00501,35-44,Female,France,Returning,Email,2024-11-09,Jeans,Tablet,At Risk
CUS-00502,35-44,Male,Italy,Returning,Email,2024-06-15,Sportswear,Mobile,Discount Seekers
CUS-00503,25-34,Female,UK,Returning,Meta Ads,2023-06-29,Shoes,Mobile,Discount Seekers
CUS-00504,25-34,Female,UK,Returning,Meta Ads,2023-10-08,Beauty,Desktop,Hibernating
CUS-00505,18-24,Female,France,New,Google Search,2025-08-19,Accessories,Mobile,New Customers
CUS-00506,55+,Male,Germany,Returning,Meta Ads,2023-09-01,Bags,Desktop,Champions
CUS-00507,55+,Female,Germany,Returning,Meta Ads,2023-02-04,Jackets,Desktop,Champions
CUS-00508,45-54,Female,Spain,New,Google Search,2025-09-26,Sportswear,Mobile,New Customers
CUS-00509,55+,Female,France,New,Google Search,2025-07-01,Shoes,Mobile,New Customers
CUS-00510,45-54,Female,Italy,Returning,Google Search,2023-08-15,Sportswear,Mobile,Potential Loyalists
CUS-00511,25-34,Female,Italy,New,Organic Search,2025-06-28,Accessories,Mobile,New Customers
CUS-00512,45-54,Female,Netherlands,New,Organic Search,2025-06-09,Shoes,Desktop,New Customers
CUS-00513,35-44,Female,Italy,Returning,Display Ads,2024-08-21,Shoes,Mobile,Discount Seekers
CUS-00514,25-34,Female,Italy,Returning,Organic Search,2024-11-28,Accessories,Mobile,Loyal Customers
CUS-00515,25-34,Male,Italy,Returning,Organic Search,2024-12-03,Accessories,Mobile,Loyal Customers
CUS-00516,45-54,Female,UK,Returning,Organic Search,2023-11-20,Jeans,Desktop,Hibernating
CUS-00517,35-44,Male,France,Returning,Email,2024-12-12,Sportswear,Desktop,Discount Seekers
CUS-00518,18-24,Female,France,Returning,Affiliate,2024-03-12,Shoes,Mobile,High-Value Customers
CUS-00519,45-54,Female,Italy,Returning,TikTok Ads,2025-02-25,Sportswear,Mobile,Discount Seekers
CUS-00520,35-44,Male,France,Returning,Google Search,2024-02-01,Jeans,Mobile,Discount Seekers
CUS-00521,35-44,Female,Poland,Returning,Google Search,2025-02-05,Accessories,Mobile,Potential Loyalists
CUS-00522,35-44,Male,Germany,Returning,Affiliate,2023-11-13,Shoes,Desktop,Potential Loyalists
CUS-00523,45-54,Male,Germany,Returning,Meta Ads,2024-01-11,Accessories,Tablet,Loyal Customers
CUS-00524,35-44,Male,Netherlands,Returning,Affiliate,2023-06-05,Shoes,Desktop,At Risk
CUS-00525,35-44,Male,Germany,Returning,Meta Ads,2023-11-08,Dresses,Desktop,Discount Seekers
CUS-00526,18-24,Female,UK,Returning,Meta Ads,2024-10-12,Beauty,Desktop,Potential Loyalists
CUS-00527,35-44,Female,France,New,Meta Ads,2025-06-23,Shoes,Desktop,New Customers
CUS-00528,25-34,Non-binary/Other,Germany,Returning,Meta Ads,2023-12-09,Accessories,Desktop,Potential Loyalists
CUS-00529,55+,Female,Spain,Returning,Google Search,2023-06-07,Dresses,Mobile,Loyal Customers
CUS-00530,55+,Male,Italy,Returning,Google Search,2024-01-20,Dresses,Mobile,Loyal Customers
CUS-00531,45-54,Female,UK,Returning,Email,2023-06-17,Shoes,Mobile,Champions
CUS-00532,18-24,Female,Spain,Returning,Meta Ads,2023-08-22,Jeans,Desktop,Discount Seekers
CUS-00533,45-54,Male,Germany,Returning,Meta Ads,2024-09-01,Sportswear,Mobile,Potential Loyalists
CUS-00534,35-44,Male,Germany,Returning,Google Search,2025-01-13,Sportswear,Desktop,Discount Seekers
CUS-00535,45-54,Male,Italy,Returning,Email,2024-11-03,Shoes,Desktop,At Risk
CUS-00536,45-54,Non-binary/Other,UK,Returning,Affiliate,2025-02-12,Accessories,Desktop,Loyal Customers
CUS-00537,35-44,Female,France,Returning,Google Search,2024-05-07,Shoes,Desktop,Loyal Customers
CUS-00538,35-44,Female,France,Returning,Google Search,2023-05-31,Beauty,Mobile,Hibernating
CUS-00539,45-54,Female,Italy,Returning,Organic Search,2023-06-17,Dresses,Mobile,Loyal Customers
CUS-00540,18-24,Female,Germany,Returning,TikTok Ads,2023-07-23,Sportswear,Tablet,Discount Seekers
CUS-00541,35-44,Female,Poland,Returning,Email,2024-09-08,Jeans,Mobile,Loyal Customers
CUS-00542,25-34,Female,Germany,Returning,Google Search,2023-06-10,Bags,Desktop,At Risk
CUS-00543,55+,Female,Italy,Returning,Affiliate,2023-05-31,Jeans,Mobile,Hibernating
CUS-00544,35-44,Male,Netherlands,Returning,Meta Ads,2024-05-27,Jeans,Mobile,Loyal Customers
CUS-00545,25-34,Female,Poland,Returning,Google Search,2025-01-24,Beauty,Mobile,Potential Loyalists
CUS-00546,18-24,Female,Germany,Returning,Google Search,2023-02-21,Shoes,Mobile,High-Value Customers
CUS-00547,25-34,Female,Italy,Returning,Meta Ads,2024-03-18,Accessories,Mobile,Loyal Customers
CUS-00548,25-34,Female,Germany,New,Organic Search,2025-06-29,Accessories,Tablet,New Customers
CUS-00549,18-24,Male,France,New,Google Search,2025-06-12,Sportswear,Tablet,New Customers
CUS-00550,18-24,Male,Germany,Returning,TikTok Ads,2024-05-12,Accessories,Mobile,Loyal Customers
CUS-00551,55+,Female,UK,Returning,Organic Search,2024-11-12,Accessories,Desktop,Hibernating
CUS-00552,55+,Male,Italy,Returning,Meta Ads,2023-05-15,Shoes,Desktop,Hibernating
CUS-00553,18-24,Female,UK,Returning,TikTok Ads,2024-11-04,Sportswear,Desktop,Potential Loyalists
CUS-00554,35-44,Female,Italy,Returning,Google Search,2023-08-06,Jeans,Mobile,Discount Seekers
CUS-00555,35-44,Female,UK,Returning,Google Search,2023-10-20,Jeans,Desktop,Loyal Customers
CUS-00556,25-34,Male,Spain,Returning,Google Search,2024-07-08,Jackets,Mobile,Champions
CUS-00557,25-34,Male,Germany,New,Google Search,2025-10-15,Beauty,Desktop,New Customers
CUS-00558,55+,Male,UK,Returning,Email,2023-10-14,Shoes,Mobile,High-Value Customers
CUS-00559,25-34,Female,Germany,Returning,Organic Search,2023-07-11,Bags,Mobile,Champions
CUS-00560,45-54,Male,UK,Returning,Google Search,2025-03-28,Jeans,Desktop,Loyal Customers
CUS-00561,25-34,Male,Germany,New,Meta Ads,2025-10-23,Shoes,Mobile,New Customers
CUS-00562,25-34,Male,UK,Returning,Affiliate,2023-12-17,Accessories,Desktop,Hibernating
CUS-00563,18-24,Male,Germany,Returning,Affiliate,2023-04-15,Sportswear,Mobile,Champions
CUS-00564,25-34,Male,Germany,Returning,Google Search,2025-07-02,Beauty,Mobile,Potential Loyalists
CUS-00565,35-44,Male,Italy,Returning,Affiliate,2024-09-22,Jeans,Desktop,Hibernating
CUS-00566,18-24,Female,Spain,Returning,Google Search,2023-06-25,Accessories,Mobile,Potential Loyalists
CUS-00567,35-44,Female,Italy,Returning,Email,2023-04-08,Dresses,Mobile,Loyal Customers
CUS-00568,45-54,Male,Germany,Returning,Google Search,2023-11-25,Dresses,Mobile,Loyal Customers
CUS-00569,25-34,Female,Germany,Returning,Google Search,2025-05-12,Accessories,Mobile,Potential Loyalists
CUS-00570,25-34,Male,Germany,New,Meta Ads,2025-06-12,Sportswear,Desktop,New Customers
CUS-00571,45-54,Female,France,Returning,Email,2025-01-03,Shoes,Mobile,Discount Seekers
CUS-00572,25-34,Female,Spain,Returning,Affiliate,2023-10-16,Bags,Desktop,At Risk
CUS-00573,25-34,Male,Poland,Returning,Meta Ads,2023-06-25,Bags,Mobile,At Risk
CUS-00574,18-24,Male,France,Returning,Organic Search,2023-02-11,Dresses,Mobile,High-Value Customers
CUS-00575,45-54,Female,Italy,Returning,Organic Search,2025-04-18,Beauty,Tablet,Potential Loyalists
CUS-00576,35-44,Male,France,Returning,TikTok Ads,2023-06-09,Accessories,Mobile,Potential Loyalists
CUS-00577,18-24,Male,UK,Returning,Meta Ads,2024-04-08,Dresses,Mobile,Discount Seekers
CUS-00578,55+,Male,Poland,Returning,Organic Search,2024-03-08,Accessories,Mobile,Loyal Customers
CUS-00579,25-34,Female,France,Returning,Meta Ads,2024-04-14,Accessories,Desktop,Hibernating
CUS-00580,25-34,Non-binary/Other,Poland,Returning,Organic Search,2023-03-31,Beauty,Desktop,Hibernating
CUS-00581,35-44,Male,Germany,Returning,Email,2023-07-29,Sportswear,Mobile,Champions
CUS-00582,18-24,Female,UK,New,Google Search,2025-09-10,Beauty,Mobile,New Customers
CUS-00583,35-44,Male,Germany,Returning,Organic Search,2024-10-08,Accessories,Mobile,Loyal Customers
CUS-00584,25-34,Male,Poland,Returning,Organic Search,2024-06-29,Dresses,Desktop,Loyal Customers
CUS-00585,35-44,Female,UK,New,Display Ads,2025-06-17,Shoes,Tablet,New Customers
CUS-00586,25-34,Female,France,Returning,Google Search,2024-09-25,Shoes,Mobile,Potential Loyalists
CUS-00587,18-24,Female,Spain,Returning,Meta Ads,2024-09-18,Accessories,Mobile,Hibernating
CUS-00588,45-54,Female,Spain,Returning,Meta Ads,2024-05-29,Shoes,Mobile,Discount Seekers
CUS-00589,55+,Non-binary/Other,Spain,Returning,Organic Search,2023-04-05,Jeans,Mobile,Hibernating
CUS-00590,25-34,Female,France,Returning,Affiliate,2023-03-06,Jeans,Desktop,Loyal Customers
CUS-00591,35-44,Male,Netherlands,Returning,Organic Search,2025-06-15,Accessories,Mobile,Potential Loyalists
CUS-00592,35-44,Non-binary/Other,Germany,Returning,Meta Ads,2023-08-05,Jeans,Mobile,Loyal Customers
CUS-00593,45-54,Female,UK,Returning,Affiliate,2025-03-13,Dresses,Mobile,Loyal Customers
CUS-00594,35-44,Female,Poland,Returning,Email,2024-07-18,Dresses,Tablet,Discount Seekers
CUS-00595,45-54,Female,Italy,Returning,Meta Ads,2023-09-04,Sportswear,Mobile,Potential Loyalists
CUS-00596,45-54,Male,Germany,Returning,Email,2024-10-26,Shoes,Desktop,Loyal Customers
CUS-00597,25-34,Male,Italy,Returning,Email,2024-10-01,Shoes,Mobile,Discount Seekers
CUS-00598,18-24,Male,UK,Returning,Organic Search,2024-05-22,Beauty,Desktop,Potential Loyalists
CUS-00599,35-44,Female,France,Returning,Email,2025-03-21,Bags,Mobile,Champions
CUS-00600,55+,Female,UK,Returning,Meta Ads,2023-02-04,Shoes,Mobile,Loyal Customers
CUS-00601,45-54,Female,Germany,Returning,TikTok Ads,2023-09-21,Dresses,Mobile,At Risk
CUS-00602,18-24,Female,France,Returning,Google Search,2024-11-21,Shoes,Mobile,Hibernating
CUS-00603,55+,Female,France,Returning,Affiliate,2023-09-18,Dresses,Mobile,Loyal Customers
CUS-00604,45-54,Male,Poland,Returning,Email,2025-05-08,Shoes,Mobile,Discount Seekers
CUS-00605,25-34,Male,Spain,Returning,Organic Search,2024-04-04,Sportswear,Desktop,Discount Seekers
CUS-00606,35-44,Female,Spain,Returning,Email,2024-07-02,Dresses,Mobile,Discount Seekers
CUS-00607,25-34,Female,Poland,Returning,Email,2024-06-28,Accessories,Mobile,Loyal Customers
CUS-00608,25-34,Female,UK,Returning,Meta Ads,2023-03-17,Shoes,Mobile,Champions
CUS-00609,18-24,Male,Netherlands,Returning,Meta Ads,2024-11-12,Shoes,Mobile,Discount Seekers
CUS-00610,35-44,Male,Germany,Returning,Meta Ads,2025-01-20,Sportswear,Desktop,Potential Loyalists
CUS-00611,35-44,Male,Germany,Returning,Organic Search,2024-09-27,Jeans,Mobile,At Risk
CUS-00612,55+,Female,Spain,Returning,Meta Ads,2023-11-09,Accessories,Mobile,Hibernating
CUS-00613,35-44,Female,Spain,Returning,Email,2024-10-02,Jeans,Mobile,Loyal Customers
CUS-00614,35-44,Female,Spain,Returning,Email,2024-02-17,Shoes,Tablet,Hibernating
CUS-00615,25-34,Female,Poland,Returning,Organic Search,2025-04-12,Sportswear,Mobile,Discount Seekers
CUS-00616,25-34,Male,Poland,Returning,Organic Search,2023-04-15,Jeans,Mobile,Hibernating
CUS-00617,18-24,Female,UK,New,Meta Ads,2025-12-01,Sportswear,Mobile,New Customers
CUS-00618,25-34,Male,Germany,Returning,TikTok Ads,2024-03-26,Dresses,Mobile,Discount Seekers
CUS-00619,25-34,Male,France,New,Google Search,2025-10-30,Accessories,Desktop,New Customers
CUS-00620,45-54,Female,Netherlands,Returning,Google Search,2024-12-30,Accessories,Mobile,Hibernating
CUS-00621,35-44,Male,Germany,Returning,Meta Ads,2024-09-08,Beauty,Desktop,Hibernating
CUS-00622,25-34,Female,Spain,Returning,Organic Search,2023-01-25,Shoes,Desktop,Hibernating
CUS-00623,25-34,Male,France,Returning,Google Search,2025-08-13,Accessories,Desktop,Potential Loyalists
CUS-00624,18-24,Male,UK,Returning,Google Search,2025-03-22,Jeans,Mobile,Loyal Customers
CUS-00625,25-34,Female,France,Returning,Google Search,2023-10-01,Jeans,Desktop,Loyal Customers
CUS-00626,45-54,Female,Germany,New,Meta Ads,2025-09-03,Accessories,Desktop,New Customers
CUS-00627,35-44,Female,Germany,New,TikTok Ads,2025-06-23,Sportswear,Mobile,New Customers
CUS-00628,25-34,Male,Netherlands,Returning,Google Search,2023-10-03,Bags,Mobile,At Risk
CUS-00629,25-34,Female,Netherlands,Returning,Google Search,2023-07-22,Accessories,Desktop,Potential Loyalists
CUS-00630,35-44,Female,France,Returning,Google Search,2024-03-08,Jeans,Mobile,Hibernating
CUS-00631,25-34,Male,Germany,Returning,Google Search,2024-05-18,Jeans,Mobile,Discount Seekers
CUS-00632,25-34,Female,Italy,Returning,Affiliate,2025-03-25,Dresses,Desktop,Loyal Customers
CUS-00633,45-54,Male,Italy,Returning,Meta Ads,2024-08-13,Jeans,Mobile,Hibernating
CUS-00634,25-34,Male,UK,Returning,Google Search,2024-04-30,Dresses,Mobile,At Risk
CUS-00635,25-34,Female,France,New,Google Search,2025-10-18,Beauty,Mobile,New Customers
CUS-00636,45-54,Female,UK,Returning,Affiliate,2024-04-19,Accessories,Desktop,Loyal Customers
CUS-00637,18-24,Male,Germany,Returning,Organic Search,2024-04-21,Jeans,Mobile,Hibernating
CUS-00638,45-54,Male,France,Returning,Organic Search,2023-04-05,Jackets,Desktop,High-Value Customers
CUS-00639,55+,Female,Germany,Returning,Organic Search,2024-02-15,Jeans,Mobile,Hibernating
CUS-00640,18-24,Female,Germany,Returning,Email,2024-04-16,Sportswear,Desktop,Discount Seekers
CUS-00641,18-24,Female,UK,Returning,Email,2025-03-15,Bags,Mobile,High-Value Customers
CUS-00642,25-34,Male,UK,Returning,Meta Ads,2024-02-08,Sportswear,Mobile,Potential Loyalists
CUS-00643,18-24,Female,Spain,Returning,Meta Ads,2023-09-23,Dresses,Desktop,At Risk
CUS-00644,25-34,Male,UK,New,Google Search,2025-10-04,Accessories,Mobile,New Customers
CUS-00645,25-34,Male,France,Returning,TikTok Ads,2023-01-04,Shoes,Mobile,High-Value Customers
CUS-00646,45-54,Female,Netherlands,Returning,Google Search,2023-06-05,Shoes,Mobile,Champions
CUS-00647,45-54,Female,France,Returning,Organic Search,2025-05-09,Sportswear,Mobile,Potential Loyalists
CUS-00648,45-54,Female,Germany,Returning,TikTok Ads,2025-03-08,Dresses,Desktop,Discount Seekers
CUS-00649,35-44,Male,France,Returning,Meta Ads,2023-08-18,Shoes,Desktop,Potential Loyalists
CUS-00650,18-24,Female,Netherlands,Returning,Meta Ads,2023-02-27,Jeans,Mobile,Hibernating
CUS-00651,18-24,Non-binary/Other,France,Returning,TikTok Ads,2024-05-09,Sportswear,Desktop,Potential Loyalists
CUS-00652,45-54,Male,Spain,Returning,Affiliate,2023-05-03,Bags,Mobile,High-Value Customers
CUS-00653,18-24,Male,UK,Returning,TikTok Ads,2025-04-01,Sportswear,Desktop,Discount Seekers
CUS-00654,18-24,Male,Poland,Returning,TikTok Ads,2024-05-31,Beauty,Desktop,Potential Loyalists
CUS-00655,45-54,Female,France,Returning,Organic Search,2024-06-10,Shoes,Desktop,Hibernating
CUS-00656,25-34,Female,Spain,Returning,Organic Search,2023-06-14,Sportswear,Mobile,Potential Loyalists
CUS-00657,25-34,Male,UK,Returning,Google Search,2024-12-24,Jeans,Mobile,At Risk
CUS-00658,25-34,Female,UK,Returning,Display Ads,2024-03-16,Bags,Mobile,At Risk
CUS-00659,18-24,Female,Spain,Returning,Organic Search,2023-08-30,Jeans,Mobile,Hibernating
CUS-00660,25-34,Male,Germany,Returning,Meta Ads,2025-02-27,Sportswear,Desktop,Champions
CUS-00661,35-44,Male,Spain,Returning,Affiliate,2023-03-27,Accessories,Mobile,Loyal Customers
CUS-00662,35-44,Male,Netherlands,Returning,TikTok Ads,2024-05-06,Jeans,Mobile,Hibernating
CUS-00663,45-54,Female,Netherlands,New,Google Search,2025-12-14,Beauty,Mobile,New Customers
CUS-00664,25-34,Male,Germany,New,Meta Ads,2025-11-28,Sportswear,Mobile,New Customers
CUS-00665,18-24,Female,Italy,Returning,Display Ads,2023-05-18,Sportswear,Desktop,Champions
CUS-00666,25-34,Female,Netherlands,Returning,Organic Search,2023-11-20,Accessories,Desktop,Potential Loyalists
CUS-00667,45-54,Female,UK,Returning,Display Ads,2024-03-25,Sportswear,Mobile,Discount Seekers
CUS-00668,25-34,Male,Spain,Returning,Organic Search,2024-10-22,Shoes,Mobile,Champions
CUS-00669,18-24,Male,Germany,Returning,TikTok Ads,2025-08-02,Shoes,Mobile,Potential Loyalists
CUS-00670,35-44,Male,Italy,Returning,Google Search,2024-06-26,Shoes,Mobile,Discount Seekers
CUS-00671,25-34,Male,UK,Returning,Organic Search,2024-03-25,Bags,Mobile,Champions
CUS-00672,25-34,Female,UK,Returning,Email,2023-10-19,Shoes,Mobile,Hibernating
CUS-00673,35-44,Male,Italy,Returning,Email,2024-06-30,Accessories,Desktop,Loyal Customers
CUS-00674,35-44,Female,Spain,Returning,Google Search,2023-07-02,Dresses,Mobile,Discount Seekers
CUS-00675,25-34,Female,France,Returning,Organic Search,2023-03-24,Beauty,Mobile,Hibernating
CUS-00676,55+,Male,Germany,Returning,TikTok Ads,2025-03-12,Jeans,Mobile,Discount Seekers
CUS-00677,25-34,Female,UK,Returning,Email,2024-08-16,Accessories,Mobile,Loyal Customers
CUS-00678,25-34,Female,Netherlands,New,Google Search,2025-07-25,Sportswear,Mobile,New Customers
CUS-00679,45-54,Female,Spain,Returning,TikTok Ads,2023-02-26,Jeans,Mobile,Hibernating
CUS-00680,18-24,Female,Spain,Returning,TikTok Ads,2023-07-09,Jeans,Mobile,Loyal Customers
CUS-00681,18-24,Female,UK,Returning,Google Search,2024-05-23,Accessories,Tablet,Loyal Customers
CUS-00682,25-34,Male,Germany,Returning,Display Ads,2023-11-21,Sportswear,Desktop,Champions
CUS-00683,35-44,Male,UK,Returning,Meta Ads,2025-01-31,Jackets,Mobile,High-Value Customers
CUS-00684,18-24,Female,Spain,Returning,Meta Ads,2023-05-23,Accessories,Mobile,Hibernating
CUS-00685,25-34,Male,Germany,Returning,Affiliate,2023-12-12,Jeans,Mobile,At Risk
CUS-00686,25-34,Male,Germany,Returning,Organic Search,2024-06-26,Beauty,Mobile,Hibernating
CUS-00687,35-44,Female,France,New,Affiliate,2025-09-07,Beauty,Desktop,New Customers
CUS-00688,55+,Female,Germany,New,Affiliate,2025-11-30,Shoes,Mobile,New Customers
CUS-00689,18-24,Female,UK,New,Meta Ads,2025-11-30,Beauty,Mobile,New Customers
CUS-00690,55+,Female,Germany,Returning,Email,2024-08-28,Bags,Mobile,At Risk
CUS-00691,35-44,Male,Germany,Returning,Email,2025-03-01,Dresses,Mobile,Loyal Customers
CUS-00692,25-34,Male,Spain,Returning,Meta Ads,2024-04-19,Sportswear,Mobile,Discount Seekers
CUS-00693,25-34,Female,France,Returning,Organic Search,2023-01-26,Beauty,Mobile,Hibernating
CUS-00694,25-34,Male,Italy,Returning,Meta Ads,2024-11-01,Beauty,Mobile,Potential Loyalists
CUS-00695,25-34,Male,Germany,New,Affiliate,2025-08-04,Accessories,Mobile,New Customers
CUS-00696,25-34,Female,Germany,Returning,Organic Search,2024-08-25,Accessories,Desktop,Loyal Customers
CUS-00697,35-44,Female,Italy,Returning,Organic Search,2023-07-24,Shoes,Mobile,High-Value Customers
CUS-00698,45-54,Male,Spain,Returning,Meta Ads,2024-03-18,Sportswear,Mobile,Discount Seekers
CUS-00699,35-44,Female,Netherlands,Returning,Meta Ads,2025-01-14,Dresses,Mobile,Discount Seekers
CUS-00700,35-44,Female,Germany,Returning,Google Search,2023-11-09,Sportswear,Mobile,Potential Loyalists
CUS-00701,25-34,Female,Germany,Returning,Google Search,2023-06-16,Accessories,Mobile,Loyal Customers
CUS-00702,18-24,Female,UK,Returning,Affiliate,2023-10-15,Shoes,Mobile,Loyal Customers
CUS-00703,35-44,Male,Germany,Returning,Organic Search,2023-05-30,Bags,Desktop,Champions
CUS-00704,45-54,Female,Poland,Returning,Organic Search,2024-02-20,Accessories,Mobile,Loyal Customers
CUS-00705,55+,Female,Spain,Returning,TikTok Ads,2024-08-22,Shoes,Desktop,Champions
CUS-00706,35-44,Female,Netherlands,Returning,Google Search,2025-01-14,Jackets,Mobile,High-Value Customers
CUS-00707,18-24,Non-binary/Other,Germany,Returning,Google Search,2024-10-21,Shoes,Desktop,Champions
CUS-00708,25-34,Male,UK,Returning,Organic Search,2024-07-14,Shoes,Mobile,Loyal Customers
CUS-00709,35-44,Male,UK,Returning,Affiliate,2023-03-17,Jeans,Mobile,Hibernating
CUS-00710,35-44,Female,France,Returning,Google Search,2024-07-27,Shoes,Desktop,At Risk
CUS-00711,25-34,Female,Poland,Returning,Meta Ads,2023-07-20,Beauty,Mobile,Hibernating
CUS-00712,35-44,Female,Netherlands,Returning,Affiliate,2024-08-24,Jeans,Mobile,At Risk
CUS-00713,25-34,Female,Italy,Returning,Meta Ads,2024-01-19,Shoes,Desktop,Discount Seekers
CUS-00714,25-34,Non-binary/Other,France,Returning,Google Search,2024-02-07,Shoes,Mobile,At Risk
CUS-00715,25-34,Female,France,New,Google Search,2025-09-10,Sportswear,Mobile,New Customers
CUS-00716,45-54,Male,Germany,Returning,Meta Ads,2024-06-06,Beauty,Mobile,Hibernating
CUS-00717,35-44,Female,Netherlands,New,Meta Ads,2025-09-08,Accessories,Desktop,New Customers
CUS-00718,35-44,Male,Spain,Returning,TikTok Ads,2023-07-25,Accessories,Mobile,Potential Loyalists
CUS-00719,45-54,Female,Poland,New,Meta Ads,2025-09-13,Accessories,Desktop,New Customers
CUS-00720,55+,Female,UK,Returning,Organic Search,2023-08-22,Dresses,Mobile,Loyal Customers
CUS-00721,45-54,Male,Germany,Returning,Email,2023-03-21,Jeans,Mobile,Hibernating
CUS-00722,35-44,Female,France,Returning,Meta Ads,2023-10-13,Shoes,Desktop,Loyal Customers
CUS-00723,25-34,Male,Spain,Returning,Meta Ads,2024-11-21,Jeans,Tablet,Loyal Customers
CUS-00724,25-34,Female,Germany,Returning,Affiliate,2025-03-24,Dresses,Mobile,Loyal Customers
CUS-00725,25-34,Female,UK,Returning,Google Search,2025-02-18,Sportswear,Tablet,Discount Seekers
CUS-00726,45-54,Male,UK,Returning,Google Search,2024-12-08,Beauty,Mobile,Potential Loyalists
CUS-00727,25-34,Female,Italy,Returning,Meta Ads,2024-07-23,Bags,Mobile,At Risk
CUS-00728,25-34,Female,Netherlands,Returning,Email,2023-12-01,Dresses,Mobile,Discount Seekers
CUS-00729,45-54,Male,Poland,Returning,Organic Search,2023-01-20,Sportswear,Mobile,Champions
CUS-00730,25-34,Female,Poland,Returning,Email,2023-03-17,Jeans,Mobile,Hibernating
CUS-00731,35-44,Female,Netherlands,Returning,Meta Ads,2025-08-05,Accessories,Mobile,Potential Loyalists
CUS-00732,55+,Female,UK,Returning,Email,2024-08-24,Dresses,Desktop,Loyal Customers
CUS-00733,25-34,Male,Spain,Returning,Meta Ads,2023-07-05,Jeans,Mobile,At Risk
CUS-00734,35-44,Female,Spain,Returning,Google Search,2025-05-21,Jeans,Desktop,Discount Seekers
CUS-00735,45-54,Female,Germany,Returning,Google Search,2024-01-05,Sportswear,Mobile,Potential Loyalists
CUS-00736,35-44,Male,France,New,Meta Ads,2025-09-17,Accessories,Mobile,New Customers
CUS-00737,18-24,Female,Germany,Returning,Google Search,2025-07-13,Accessories,Mobile,Potential Loyalists
CUS-00738,18-24,Male,Germany,New,TikTok Ads,2025-12-08,Beauty,Mobile,New Customers
CUS-00739,35-44,Female,Netherlands,Returning,Meta Ads,2023-06-24,Bags,Mobile,At Risk
CUS-00740,35-44,Female,UK,Returning,Google Search,2024-11-23,Shoes,Mobile,At Risk
CUS-00741,25-34,Non-binary/Other,Germany,Returning,Organic Search,2023-08-12,Bags,Desktop,At Risk
CUS-00742,18-24,Female,Germany,Returning,Email,2024-04-03,Jeans,Tablet,Loyal Customers
CUS-00743,18-24,Female,France,Returning,Email,2024-09-27,Dresses,Mobile,At Risk
CUS-00744,18-24,Male,France,Returning,Google Search,2024-02-15,Bags,Mobile,At Risk
CUS-00745,25-34,Male,France,Returning,Meta Ads,2024-06-23,Shoes,Tablet,At Risk
CUS-00746,18-24,Male,Spain,Returning,Google Search,2023-04-08,Sportswear,Mobile,Champions
CUS-00747,35-44,Male,UK,New,Meta Ads,2025-10-23,Beauty,Mobile,New Customers
CUS-00748,45-54,Female,France,Returning,Meta Ads,2024-04-15,Beauty,Desktop,Potential Loyalists
CUS-00749,35-44,Female,Italy,Returning,Email,2024-06-03,Bags,Desktop,Champions
CUS-00750,45-54,Female,Germany,Returning,Organic Search,2023-12-01,Jeans,Mobile,Loyal Customers
CUS-00751,35-44,Male,France,New,Affiliate,2025-08-11,Sportswear,Desktop,New Customers
CUS-00752,25-34,Female,UK,Returning,Display Ads,2024-08-10,Beauty,Mobile,Hibernating
CUS-00753,25-34,Female,Poland,Returning,Google Search,2024-06-18,Accessories,Mobile,Loyal Customers
CUS-00754,18-24,Female,Italy,Returning,Google Search,2023-07-17,Jeans,Desktop,Hibernating
CUS-00755,18-24,Female,Germany,New,Affiliate,2025-06-06,Shoes,Mobile,New Customers
CUS-00756,35-44,Female,Italy,Returning,Google Search,2024-04-17,Accessories,Mobile,Hibernating
CUS-00757,35-44,Male,UK,New,Google Search,2025-10-07,Accessories,Desktop,New Customers
CUS-00758,35-44,Female,Germany,New,Meta Ads,2025-12-14,Beauty,Mobile,New Customers
CUS-00759,18-24,Female,France,Returning,Google Search,2023-07-09,Shoes,Mobile,At Risk
CUS-00760,55+,Female,Germany,Returning,Meta Ads,2024-01-01,Sportswear,Desktop,Discount Seekers
CUS-00761,25-34,Male,Germany,New,Meta Ads,2025-07-11,Accessories,Mobile,New Customers
CUS-00762,35-44,Female,Italy,New,Meta Ads,2025-11-01,Shoes,Mobile,New Customers
CUS-00763,35-44,Male,Spain,Returning,Meta Ads,2023-11-09,Bags,Mobile,At Risk
CUS-00764,18-24,Female,UK,Returning,Google Search,2023-04-13,Jeans,Desktop,Hibernating
CUS-00765,25-34,Male,Italy,Returning,Google Search,2023-04-25,Shoes,Mobile,Champions
CUS-00766,45-54,Female,Germany,New,TikTok Ads,2025-07-12,Sportswear,Mobile,New Customers
CUS-00767,35-44,Male,Poland,New,TikTok Ads,2025-07-10,Sportswear,Desktop,New Customers
CUS-00768,25-34,Male,Italy,Returning,Display Ads,2023-12-19,Shoes,Mobile,Discount Seekers
CUS-00769,45-54,Female,Italy,New,Meta Ads,2025-11-25,Accessories,Mobile,New Customers
CUS-00770,45-54,Female,Spain,New,Email,2025-06-27,Beauty,Mobile,New Customers
CUS-00771,18-24,Male,Germany,Returning,Meta Ads,2023-02-26,Bags,Tablet,High-Value Customers
CUS-00772,25-34,Non-binary/Other,Germany,New,Google Search,2025-11-10,Accessories,Mobile,New Customers
CUS-00773,45-54,Male,Poland,Returning,Google Search,2023-01-15,Accessories,Mobile,Loyal Customers
CUS-00774,55+,Male,UK,Returning,Organic Search,2023-03-31,Shoes,Mobile,Loyal Customers
CUS-00775,35-44,Non-binary/Other,UK,Returning,Google Search,2025-03-13,Shoes,Tablet,Champions
CUS-00776,25-34,Male,Italy,Returning,Meta Ads,2023-01-30,Jackets,Mobile,Champions
CUS-00777,25-34,Male,Netherlands,New,Google Search,2025-06-22,Sportswear,Desktop,New Customers
CUS-00778,55+,Female,UK,Returning,Affiliate,2024-11-19,Shoes,Desktop,Hibernating
CUS-00779,25-34,Female,Germany,Returning,Affiliate,2023-05-02,Shoes,Desktop,Hibernating
CUS-00780,25-34,Male,Germany,Returning,Email,2025-01-25,Sportswear,Mobile,Champions
CUS-00781,35-44,Male,Germany,New,Google Search,2025-11-24,Shoes,Mobile,New Customers
CUS-00782,25-34,Female,Germany,Returning,Organic Search,2023-03-09,Jeans,Mobile,Loyal Customers
CUS-00783,25-34,Female,UK,Returning,Google Search,2023-09-24,Shoes,Desktop,Discount Seekers
CUS-00784,25-34,Non-binary/Other,UK,Returning,Email,2024-09-29,Dresses,Mobile,Loyal Customers
CUS-00785,18-24,Male,France,Returning,Affiliate,2024-12-12,Dresses,Tablet,At Risk
CUS-00786,35-44,Female,France,Returning,Organic Search,2024-07-20,Sportswear,Mobile,Potential Loyalists
CUS-00787,35-44,Female,Germany,Returning,Email,2023-06-21,Bags,Mobile,At Risk
CUS-00788,25-34,Female,Poland,Returning,Meta Ads,2024-10-09,Sportswear,Mobile,Potential Loyalists
CUS-00789,35-44,Male,Poland,Returning,Google Search,2023-10-13,Shoes,Mobile,Hibernating
CUS-00790,18-24,Male,Germany,Returning,Organic Search,2024-10-30,Jeans,Desktop,Loyal Customers
CUS-00791,25-34,Non-binary/Other,Spain,Returning,Affiliate,2024-11-18,Shoes,Desktop,Discount Seekers
CUS-00792,18-24,Female,Italy,New,TikTok Ads,2025-06-15,Beauty,Mobile,New Customers
CUS-00793,18-24,Male,France,Returning,Meta Ads,2024-10-06,Shoes,Mobile,Hibernating
CUS-00794,45-54,Female,France,Returning,Email,2025-03-19,Shoes,Mobile,Discount Seekers
CUS-00795,25-34,Male,Italy,Returning,Google Search,2024-01-13,Shoes,Desktop,High-Value Customers
CUS-00796,55+,Male,Germany,Returning,Affiliate,2023-02-17,Dresses,Mobile,Loyal Customers
CUS-00797,55+,Male,France,Returning,TikTok Ads,2023-09-28,Accessories,Mobile,Potential Loyalists
CUS-00798,55+,Female,UK,Returning,Google Search,2023-08-03,Shoes,Tablet,Loyal Customers
CUS-00799,25-34,Female,Spain,Returning,TikTok Ads,2024-02-08,Accessories,Tablet,Loyal Customers
CUS-00800,35-44,Female,Italy,Returning,Display Ads,2023-07-24,Bags,Mobile,At Risk
CUS-00801,25-34,Non-binary/Other,Italy,Returning,Google Search,2023-08-05,Dresses,Mobile,High-Value Customers
CUS-00802,25-34,Male,Germany,Returning,Organic Search,2024-02-26,Jackets,Mobile,High-Value Customers
CUS-00803,55+,Male,Netherlands,New,Display Ads,2025-10-14,Shoes,Mobile,New Customers
CUS-00804,18-24,Female,UK,Returning,Organic Search,2024-11-29,Bags,Desktop,At Risk
CUS-00805,55+,Female,Poland,Returning,Google Search,2024-02-19,Shoes,Mobile,Discount Seekers
CUS-00806,25-34,Male,Spain,Returning,Affiliate,2025-04-16,Shoes,Mobile,Discount Seekers
CUS-00807,18-24,Female,Germany,Returning,Meta Ads,2024-02-10,Shoes,Desktop,Loyal Customers
CUS-00808,45-54,Female,France,New,Google Search,2025-06-06,Sportswear,Mobile,New Customers
CUS-00809,55+,Male,UK,Returning,Email,2024-05-29,Jeans,Tablet,Discount Seekers
CUS-00810,45-54,Female,Germany,Returning,Organic Search,2023-12-11,Sportswear,Mobile,Potential Loyalists
CUS-00811,18-24,Male,Italy,New,Organic Search,2025-08-25,Shoes,Desktop,New Customers
CUS-00812,25-34,Female,Italy,Returning,Email,2025-02-09,Shoes,Mobile,High-Value Customers
CUS-00813,25-34,Female,Netherlands,Returning,Email,2024-12-12,Dresses,Desktop,High-Value Customers
CUS-00814,25-34,Male,UK,Returning,Email,2024-01-10,Dresses,Mobile,Discount Seekers
CUS-00815,18-24,Female,UK,Returning,Organic Search,2023-07-01,Accessories,Mobile,Hibernating
CUS-00816,35-44,Female,France,Returning,Organic Search,2023-02-16,Shoes,Desktop,Loyal Customers
CUS-00817,25-34,Female,Spain,Returning,TikTok Ads,2023-10-07,Beauty,Mobile,Potential Loyalists
CUS-00818,25-34,Male,France,New,Google Search,2025-10-02,Sportswear,Mobile,New Customers
CUS-00819,25-34,Male,Italy,New,Meta Ads,2025-06-15,Shoes,Mobile,New Customers
CUS-00820,25-34,Male,Germany,New,Display Ads,2025-06-19,Shoes,Mobile,New Customers
CUS-00821,35-44,Female,UK,Returning,Google Search,2024-12-24,Jeans,Desktop,At Risk
CUS-00822,18-24,Female,Germany,Returning,Display Ads,2023-12-14,Beauty,Mobile,Potential Loyalists
CUS-00823,25-34,Female,Poland,Returning,Meta Ads,2023-10-14,Beauty,Desktop,Hibernating
CUS-00824,35-44,Female,Germany,Returning,Google Search,2024-08-05,Shoes,Mobile,Potential Loyalists
CUS-00825,45-54,Female,France,Returning,TikTok Ads,2025-05-24,Accessories,Mobile,Potential Loyalists
CUS-00826,35-44,Female,France,Returning,Google Search,2023-12-16,Dresses,Mobile,Loyal Customers
CUS-00827,35-44,Non-binary/Other,Germany,Returning,Affiliate,2024-12-11,Jeans,Tablet,Loyal Customers
CUS-00828,55+,Non-binary/Other,Spain,Returning,Display Ads,2023-12-22,Shoes,Mobile,Discount Seekers
CUS-00829,55+,Male,Germany,New,Meta Ads,2025-06-14,Accessories,Mobile,New Customers
CUS-00830,25-34,Female,France,Returning,Google Search,2024-03-26,Accessories,Tablet,Loyal Customers
CUS-00831,25-34,Female,Spain,Returning,Email,2024-01-04,Jeans,Mobile,Hibernating
CUS-00832,45-54,Male,Italy,New,Meta Ads,2025-07-18,Accessories,Tablet,New Customers
CUS-00833,25-34,Male,Netherlands,Returning,Affiliate,2024-04-02,Bags,Desktop,Champions
CUS-00834,25-34,Female,Italy,Returning,Meta Ads,2025-05-17,Shoes,Mobile,Potential Loyalists
CUS-00835,18-24,Male,UK,Returning,Google Search,2023-01-27,Accessories,Mobile,Loyal Customers
CUS-00836,25-34,Female,Italy,Returning,TikTok Ads,2024-09-01,Dresses,Mobile,At Risk
CUS-00837,18-24,Female,Germany,Returning,TikTok Ads,2025-04-15,Shoes,Desktop,Potential Loyalists
CUS-00838,35-44,Female,UK,Returning,Google Search,2023-02-02,Sportswear,Mobile,Champions
CUS-00839,25-34,Non-binary/Other,Germany,Returning,Google Search,2023-01-22,Jackets,Tablet,Champions
CUS-00840,25-34,Female,UK,Returning,Display Ads,2024-03-05,Dresses,Desktop,At Risk
CUS-00841,25-34,Female,Italy,Returning,Meta Ads,2024-04-29,Jackets,Mobile,Champions
CUS-00842,45-54,Male,Netherlands,Returning,TikTok Ads,2023-09-12,Shoes,Desktop,Discount Seekers
CUS-00843,18-24,Female,Germany,Returning,Display Ads,2023-11-27,Accessories,Desktop,Loyal Customers
CUS-00844,25-34,Male,Germany,Returning,Google Search,2023-05-13,Bags,Mobile,At Risk
CUS-00845,45-54,Female,UK,New,Meta Ads,2025-11-05,Sportswear,Mobile,New Customers
CUS-00846,25-34,Female,UK,New,TikTok Ads,2025-09-28,Sportswear,Desktop,New Customers
CUS-00847,18-24,Male,France,Returning,Meta Ads,2024-08-16,Shoes,Mobile,Champions
CUS-00848,35-44,Female,Germany,Returning,Google Search,2024-07-06,Shoes,Mobile,Hibernating
CUS-00849,25-34,Female,UK,Returning,TikTok Ads,2024-11-02,Dresses,Mobile,Discount Seekers
CUS-00850,25-34,Male,Netherlands,Returning,Organic Search,2023-03-01,Sportswear,Mobile,Champions
CUS-00851,35-44,Female,Germany,Returning,Google Search,2023-01-30,Shoes,Mobile,Loyal Customers
CUS-00852,25-34,Male,Spain,Returning,Google Search,2025-01-28,Sportswear,Mobile,Discount Seekers
CUS-00853,55+,Male,Italy,New,TikTok Ads,2025-07-22,Beauty,Mobile,New Customers
CUS-00854,55+,Male,France,Returning,Google Search,2023-04-11,Accessories,Mobile,Loyal Customers
CUS-00855,35-44,Male,Poland,Returning,Google Search,2023-10-25,Shoes,Mobile,Loyal Customers
CUS-00856,55+,Male,France,Returning,Email,2024-03-16,Jeans,Mobile,At Risk
CUS-00857,25-34,Female,UK,Returning,Email,2023-04-10,Jeans,Mobile,Hibernating
CUS-00858,35-44,Female,Poland,Returning,Meta Ads,2024-02-27,Shoes,Mobile,At Risk
CUS-00859,35-44,Female,Germany,Returning,Google Search,2023-12-17,Jackets,Desktop,High-Value Customers
CUS-00860,35-44,Female,Italy,New,TikTok Ads,2025-11-02,Shoes,Mobile,New Customers
CUS-00861,25-34,Male,France,Returning,Meta Ads,2024-02-16,Beauty,Tablet,Potential Loyalists
CUS-00862,25-34,Male,Germany,New,Organic Search,2025-08-15,Sportswear,Mobile,New Customers
CUS-00863,55+,Female,Spain,Returning,Meta Ads,2024-09-25,Shoes,Mobile,Potential Loyalists
CUS-00864,35-44,Male,Netherlands,Returning,Google Search,2025-03-12,Accessories,Mobile,Loyal Customers
CUS-00865,35-44,Female,UK,Returning,Organic Search,2024-09-11,Jackets,Mobile,Champions
CUS-00866,25-34,Female,Germany,Returning,Google Search,2025-02-14,Beauty,Mobile,Potential Loyalists
CUS-00867,45-54,Male,Germany,Returning,Organic Search,2023-09-09,Accessories,Tablet,Hibernating
CUS-00868,55+,Female,Italy,Returning,Google Search,2023-03-30,Shoes,Desktop,Champions
CUS-00869,55+,Non-binary/Other,Germany,New,TikTok Ads,2025-06-14,Sportswear,Mobile,New Customers
CUS-00870,18-24,Male,Italy,Returning,Google Search,2023-10-12,Jeans,Tablet,At Risk
CUS-00871,25-34,Female,Spain,Returning,Affiliate,2023-12-15,Bags,Mobile,At Risk
CUS-00872,18-24,Female,UK,Returning,Meta Ads,2023-08-10,Beauty,Mobile,Hibernating
CUS-00873,25-34,Female,Germany,Returning,Display Ads,2024-12-21,Beauty,Mobile,Hibernating
CUS-00874,25-34,Male,France,Returning,Meta Ads,2024-11-28,Jeans,Desktop,Hibernating
CUS-00875,25-34,Female,Poland,Returning,Organic Search,2024-11-14,Accessories,Desktop,Loyal Customers
CUS-00876,45-54,Male,Germany,New,Display Ads,2025-08-15,Sportswear,Desktop,New Customers
CUS-00877,25-34,Female,Spain,Returning,Affiliate,2024-04-01,Shoes,Mobile,At Risk
CUS-00878,18-24,Female,France,Returning,Email,2025-02-26,Jeans,Mobile,Loyal Customers
CUS-00879,25-34,Male,Poland,Returning,Organic Search,2023-03-24,Shoes,Desktop,Champions
CUS-00880,18-24,Male,France,Returning,Google Search,2025-02-23,Dresses,Mobile,Loyal Customers
CUS-00881,25-34,Female,Italy,New,Google Search,2025-10-03,Shoes,Mobile,New Customers
CUS-00882,55+,Female,Germany,Returning,Meta Ads,2024-03-19,Accessories,Mobile,Potential Loyalists
CUS-00883,35-44,Female,Spain,Returning,Meta Ads,2023-02-12,Accessories,Mobile,Loyal Customers
CUS-00884,25-34,Female,Netherlands,Returning,TikTok Ads,2024-12-07,Shoes,Mobile,Hibernating
CUS-00885,25-34,Female,UK,Returning,Meta Ads,2024-10-26,Dresses,Mobile,Discount Seekers
CUS-00886,45-54,Male,Italy,Returning,Organic Search,2023-08-13,Jeans,Mobile,Loyal Customers
CUS-00887,18-24,Female,Poland,Returning,Meta Ads,2024-05-16,Jeans,Desktop,Discount Seekers
CUS-00888,25-34,Female,Germany,Returning,Meta Ads,2023-02-16,Shoes,Mobile,Champions
CUS-00889,45-54,Male,France,Returning,Display Ads,2024-10-17,Jeans,Mobile,Discount Seekers
CUS-00890,25-34,Male,France,Returning,Email,2023-07-17,Bags,Desktop,High-Value Customers
CUS-00891,45-54,Female,France,Returning,Meta Ads,2025-02-15,Jackets,Mobile,Champions
CUS-00892,45-54,Female,Germany,Returning,Organic Search,2023-01-08,Jeans,Desktop,Hibernating
CUS-00893,35-44,Male,France,Returning,Affiliate,2023-11-07,Dresses,Mobile,High-Value Customers
CUS-00894,55+,Male,Italy,Returning,TikTok Ads,2025-01-06,Dresses,Desktop,Discount Seekers
CUS-00895,25-34,Female,Germany,Returning,Google Search,2024-03-05,Jackets,Desktop,High-Value Customers
CUS-00896,45-54,Male,Germany,New,TikTok Ads,2025-11-18,Beauty,Mobile,New Customers
CUS-00897,25-34,Female,UK,Returning,Organic Search,2023-10-17,Sportswear,Mobile,Champions
CUS-00898,25-34,Male,France,Returning,Google Search,2024-04-06,Sportswear,Mobile,Discount Seekers
CUS-00899,45-54,Male,Germany,Returning,TikTok Ads,2023-10-29,Dresses,Mobile,At Risk
CUS-00900,45-54,Male,Netherlands,Returning,Meta Ads,2024-09-12,Shoes,Mobile,At Risk
CUS-00901,18-24,Female,UK,Returning,Affiliate,2024-06-26,Accessories,Desktop,Potential Loyalists
CUS-00902,25-34,Female,UK,New,Affiliate,2025-10-29,Sportswear,Mobile,New Customers
CUS-00903,25-34,Male,Spain,Returning,Email,2023-06-04,Accessories,Desktop,Loyal Customers
CUS-00904,45-54,Male,France,Returning,Meta Ads,2023-09-05,Jeans,Tablet,Hibernating
CUS-00905,35-44,Non-binary/Other,France,Returning,Meta Ads,2023-11-02,Sportswear,Mobile,Champions
CUS-00906,35-44,Male,Germany,Returning,Meta Ads,2024-07-11,Accessories,Desktop,Hibernating
CUS-00907,55+,Female,Netherlands,Returning,Google Search,2024-06-28,Sportswear,Mobile,Discount Seekers
CUS-00908,25-34,Male,UK,New,Google Search,2025-07-25,Shoes,Mobile,New Customers
CUS-00909,25-34,Female,UK,New,Affiliate,2025-09-26,Beauty,Mobile,New Customers
CUS-00910,35-44,Female,France,Returning,TikTok Ads,2024-01-17,Beauty,Desktop,Potential Loyalists
CUS-00911,45-54,Female,France,Returning,Email,2024-01-14,Jackets,Mobile,High-Value Customers
CUS-00912,18-24,Female,France,Returning,Google Search,2024-09-03,Accessories,Desktop,Hibernating
CUS-00913,25-34,Female,UK,Returning,Organic Search,2024-07-06,Accessories,Mobile,Potential Loyalists
CUS-00914,55+,Female,UK,Returning,Organic Search,2023-10-13,Shoes,Desktop,Loyal Customers
CUS-00915,25-34,Female,Germany,Returning,Email,2023-05-13,Dresses,Mobile,Loyal Customers
CUS-00916,35-44,Male,Netherlands,New,Google Search,2025-08-01,Shoes,Mobile,New Customers
CUS-00917,25-34,Female,Spain,Returning,Meta Ads,2023-09-22,Shoes,Mobile,Discount Seekers
CUS-00918,55+,Male,Germany,Returning,TikTok Ads,2024-12-15,Beauty,Desktop,Hibernating
CUS-00919,35-44,Male,Italy,Returning,Google Search,2024-04-15,Shoes,Desktop,Loyal Customers
CUS-00920,18-24,Female,France,Returning,Google Search,2024-05-28,Jeans,Desktop,Discount Seekers
CUS-00921,18-24,Male,Poland,Returning,Google Search,2023-12-23,Accessories,Desktop,Potential Loyalists
CUS-00922,45-54,Female,Netherlands,Returning,Email,2023-07-22,Sportswear,Mobile,Discount Seekers
CUS-00923,25-34,Female,UK,Returning,Google Search,2024-12-12,Shoes,Desktop,Loyal Customers
CUS-00924,25-34,Female,Germany,Returning,Google Search,2023-12-14,Shoes,Mobile,At Risk
CUS-00925,55+,Female,Germany,Returning,Affiliate,2023-07-04,Dresses,Mobile,Discount Seekers
CUS-00926,18-24,Male,UK,Returning,Organic Search,2023-01-18,Dresses,Mobile,Loyal Customers
CUS-00927,35-44,Male,Italy,Returning,TikTok Ads,2024-06-22,Bags,Desktop,At Risk
CUS-00928,18-24,Male,UK,Returning,Email,2024-01-31,Shoes,Mobile,High-Value Customers
CUS-00929,18-24,Female,Germany,Returning,Google Search,2023-09-24,Shoes,Mobile,Loyal Customers
CUS-00930,55+,Male,Germany,Returning,TikTok Ads,2023-03-10,Jackets,Mobile,Champions
CUS-00931,25-34,Male,Italy,Returning,Meta Ads,2024-11-08,Dresses,Desktop,At Risk
CUS-00932,45-54,Male,UK,Returning,Affiliate,2025-07-03,Shoes,Desktop,Potential Loyalists
CUS-00933,18-24,Male,UK,Returning,Google Search,2024-07-29,Jackets,Mobile,Champions
CUS-00934,18-24,Non-binary/Other,UK,New,Meta Ads,2025-07-25,Accessories,Desktop,New Customers
CUS-00935,35-44,Male,France,Returning,Email,2023-06-03,Accessories,Tablet,Hibernating
CUS-00936,18-24,Female,France,Returning,Organic Search,2023-07-26,Accessories,Desktop,Potential Loyalists
CUS-00937,45-54,Female,UK,Returning,TikTok Ads,2025-04-13,Shoes,Mobile,Potential Loyalists
CUS-00938,25-34,Male,Poland,Returning,Meta Ads,2024-11-16,Shoes,Mobile,Discount Seekers
CUS-00939,18-24,Male,France,New,Google Search,2025-11-02,Shoes,Desktop,New Customers
CUS-00940,18-24,Female,Spain,Returning,Organic Search,2025-04-09,Jeans,Mobile,Discount Seekers
CUS-00941,18-24,Male,UK,New,Meta Ads,2025-08-28,Beauty,Mobile,New Customers
CUS-00942,35-44,Female,Germany,Returning,Email,2025-02-19,Bags,Mobile,High-Value Customers
CUS-00943,18-24,Female,France,Returning,Meta Ads,2024-03-13,Shoes,Mobile,At Risk
CUS-00944,25-34,Male,UK,Returning,Google Search,2023-04-30,Dresses,Desktop,Loyal Customers
CUS-00945,55+,Female,Netherlands,Returning,Affiliate,2024-08-24,Jeans,Mobile,Discount Seekers
CUS-00946,35-44,Female,UK,New,Organic Search,2025-09-29,Shoes,Desktop,New Customers
CUS-00947,45-54,Male,Spain,Returning,Email,2023-09-29,Accessories,Desktop,Loyal Customers
CUS-00948,18-24,Male,Germany,Returning,Organic Search,2024-06-04,Jeans,Mobile,Loyal Customers
CUS-00949,25-34,Female,UK,Returning,Affiliate,2023-10-23,Shoes,Mobile,At Risk
CUS-00950,25-34,Female,France,Returning,Organic Search,2023-07-17,Jackets,Desktop,Champions
CUS-00951,25-34,Female,Poland,Returning,Display Ads,2024-05-04,Accessories,Mobile,Potential Loyalists
CUS-00952,25-34,Female,Poland,Returning,Organic Search,2024-09-17,Jeans,Tablet,Loyal Customers
CUS-00953,25-34,Male,Italy,New,Meta Ads,2025-09-14,Beauty,Mobile,New Customers
CUS-00954,35-44,Male,Germany,Returning,Google Search,2025-02-18,Sportswear,Mobile,Potential Loyalists
CUS-00955,25-34,Female,Spain,New,Google Search,2025-09-04,Shoes,Mobile,New Customers
CUS-00956,25-34,Male,Italy,Returning,TikTok Ads,2024-09-30,Beauty,Mobile,Potential Loyalists
CUS-00957,25-34,Female,France,Returning,TikTok Ads,2023-08-05,Jackets,Mobile,Champions
CUS-00958,18-24,Male,Italy,Returning,Google Search,2024-09-01,Shoes,Mobile,At Risk
CUS-00959,55+,Male,Netherlands,Returning,TikTok Ads,2023-11-16,Shoes,Desktop,Potential Loyalists
CUS-00960,45-54,Female,Netherlands,Returning,Affiliate,2024-06-24,Shoes,Mobile,At Risk
CUS-00961,35-44,Male,Germany,Returning,Email,2024-09-05,Accessories,Desktop,Loyal Customers
CUS-00962,45-54,Male,UK,Returning,Affiliate,2024-02-26,Shoes,Mobile,Champions
CUS-00963,45-54,Female,France,Returning,TikTok Ads,2023-11-24,Accessories,Mobile,Loyal Customers
CUS-00964,25-34,Female,UK,New,TikTok Ads,2025-08-20,Sportswear,Desktop,New Customers
CUS-00965,25-34,Female,Germany,Returning,Meta Ads,2024-01-22,Sportswear,Desktop,Potential Loyalists
CUS-00966,18-24,Male,Spain,Returning,Meta Ads,2024-03-27,Beauty,Mobile,Hibernating
CUS-00967,18-24,Male,Spain,Returning,Organic Search,2025-03-08,Accessories,Mobile,Potential Loyalists
CUS-00968,45-54,Female,UK,New,TikTok Ads,2025-10-06,Beauty,Mobile,New Customers
CUS-00969,55+,Male,France,Returning,Display Ads,2024-03-21,Shoes,Desktop,At Risk
CUS-00970,35-44,Female,UK,Returning,Email,2024-03-19,Shoes,Mobile,Champions
CUS-00971,35-44,Female,France,New,Google Search,2025-11-24,Beauty,Desktop,New Customers
CUS-00972,18-24,Male,Germany,Returning,Meta Ads,2023-06-11,Accessories,Mobile,Potential Loyalists
CUS-00973,18-24,Male,Spain,New,Display Ads,2025-10-11,Beauty,Tablet,New Customers
CUS-00974,18-24,Female,France,Returning,Organic Search,2025-01-01,Dresses,Mobile,Loyal Customers
CUS-00975,25-34,Male,France,Returning,Affiliate,2023-08-30,Accessories,Mobile,Hibernating
CUS-00976,25-34,Male,Spain,Returning,Meta Ads,2024-08-26,Jeans,Mobile,Discount Seekers
CUS-00977,18-24,Female,Germany,Returning,Affiliate,2024-12-01,Shoes,Desktop,Champions
CUS-00978,35-44,Non-binary/Other,Poland,Returning,Meta Ads,2023-10-14,Shoes,Mobile,At Risk
CUS-00979,45-54,Female,UK,Returning,Email,2023-12-08,Accessories,Mobile,Hibernating
CUS-00980,45-54,Female,Netherlands,Returning,Google Search,2024-09-15,Beauty,Desktop,Potential Loyalists
CUS-00981,25-34,Non-binary/Other,Poland,Returning,Organic Search,2023-02-23,Beauty,Desktop,Hibernating
CUS-00982,25-34,Female,Netherlands,Returning,Organic Search,2023-08-27,Dresses,Tablet,At Risk
CUS-00983,35-44,Female,Germany,Returning,TikTok Ads,2024-07-23,Sportswear,Desktop,Discount Seekers
CUS-00984,55+,Male,UK,Returning,Organic Search,2023-01-13,Jackets,Mobile,High-Value Customers
CUS-00985,25-34,Female,Germany,Returning,Email,2023-03-09,Bags,Desktop,Champions
CUS-00986,45-54,Female,Poland,New,Google Search,2025-08-22,Sportswear,Mobile,New Customers
CUS-00987,45-54,Male,Spain,New,Google Search,2025-08-05,Shoes,Mobile,New Customers
CUS-00988,35-44,Female,Germany,Returning,Email,2024-06-28,Shoes,Mobile,Loyal Customers
CUS-00989,25-34,Female,Italy,Returning,TikTok Ads,2024-03-30,Beauty,Mobile,Potential Loyalists
CUS-00990,55+,Male,Germany,Returning,Email,2025-01-19,Jackets,Mobile,High-Value Customers
CUS-00991,25-34,Male,France,Returning,Google Search,2023-03-15,Shoes,Desktop,Champions
CUS-00992,35-44,Female,Germany,New,Google Search,2025-10-27,Accessories,Tablet,New Customers
CUS-00993,45-54,Female,Spain,Returning,TikTok Ads,2023-07-08,Shoes,Desktop,Discount Seekers
CUS-00994,35-44,Female,Germany,Returning,Affiliate,2024-08-06,Shoes,Mobile,Potential Loyalists
CUS-00995,55+,Female,France,New,Organic Search,2025-10-20,Beauty,Desktop,New Customers
CUS-00996,35-44,Female,UK,Returning,Affiliate,2024-01-18,Jackets,Tablet,High-Value Customers
CUS-00997,18-24,Male,France,New,Affiliate,2025-06-13,Beauty,Mobile,New Customers
CUS-00998,35-44,Non-binary/Other,Germany,Returning,Organic Search,2024-04-28,Shoes,Mobile,Loyal Customers
CUS-00999,25-34,Female,Italy,Returning,Meta Ads,2025-02-16,Shoes,Mobile,Champions
CUS-01000,45-54,Male,UK,Returning,Meta Ads,2023-12-13,Dresses,Tablet,Discount Seekers
CUS-01001,45-54,Female,Netherlands,Returning,Meta Ads,2024-10-08,Shoes,Mobile,Loyal Customers
CUS-01002,18-24,Female,Poland,New,Google Search,2025-07-26,Accessories,Mobile,New Customers
CUS-01003,25-34,Female,Germany,Returning,Organic Search,2023-12-05,Jackets,Desktop,Champions
CUS-01004,45-54,Female,France,New,Organic Search,2025-06-10,Beauty,Desktop,New Customers
CUS-01005,25-34,Female,France,Returning,Email,2024-08-11,Jeans,Mobile,Discount Seekers
CUS-01006,35-44,Female,Netherlands,New,Email,2025-08-26,Sportswear,Mobile,New Customers
CUS-01007,45-54,Male,UK,Returning,Email,2023-08-28,Shoes,Desktop,High-Value Customers
CUS-01008,18-24,Female,Netherlands,Returning,Google Search,2024-09-24,Accessories,Mobile,Loyal Customers
CUS-01009,35-44,Male,Germany,New,Affiliate,2025-08-30,Shoes,Mobile,New Customers
CUS-01010,25-34,Female,Poland,Returning,Affiliate,2024-08-03,Sportswear,Mobile,Discount Seekers
CUS-01011,35-44,Non-binary/Other,UK,New,Organic Search,2025-09-11,Accessories,Mobile,New Customers
CUS-01012,25-34,Female,Poland,Returning,Google Search,2025-08-05,Beauty,Tablet,Potential Loyalists
CUS-01013,25-34,Male,Italy,Returning,Meta Ads,2025-04-03,Dresses,Mobile,Discount Seekers
CUS-01014,45-54,Female,France,Returning,Google Search,2025-08-29,Sportswear,Desktop,Potential Loyalists
CUS-01015,45-54,Female,Germany,New,Google Search,2025-11-14,Sportswear,Desktop,New Customers
CUS-01016,35-44,Female,Poland,Returning,Email,2024-06-29,Jackets,Mobile,High-Value Customers
CUS-01017,55+,Male,Spain,Returning,Email,2023-01-04,Accessories,Mobile,Loyal Customers
CUS-01018,35-44,Male,Germany,Returning,Google Search,2023-07-14,Sportswear,Desktop,Potential Loyalists
CUS-01019,35-44,Male,UK,Returning,Meta Ads,2024-04-27,Shoes,Mobile,Champions
CUS-01020,35-44,Male,Netherlands,Returning,Google Search,2025-01-09,Shoes,Desktop,Potential Loyalists
CUS-01021,45-54,Female,France,Returning,Email,2023-12-05,Dresses,Mobile,Loyal Customers
CUS-01022,18-24,Female,Italy,Returning,TikTok Ads,2024-06-13,Bags,Mobile,At Risk
CUS-01023,18-24,Male,France,Returning,Meta Ads,2024-12-22,Dresses,Mobile,Loyal Customers
CUS-01024,45-54,Female,Italy,Returning,Google Search,2023-01-09,Bags,Mobile,At Risk
CUS-01025,45-54,Female,Netherlands,Returning,Affiliate,2024-06-19,Accessories,Desktop,Loyal Customers
CUS-01026,25-34,Male,Germany,Returning,Meta Ads,2025-01-04,Accessories,Mobile,Potential Loyalists
CUS-01027,18-24,Female,Spain,Returning,Meta Ads,2023-07-08,Accessories,Mobile,Potential Loyalists
CUS-01028,35-44,Female,UK,Returning,Email,2023-11-15,Jeans,Tablet,Hibernating
CUS-01029,25-34,Male,Netherlands,New,Email,2025-08-13,Sportswear,Mobile,New Customers
CUS-01030,35-44,Female,UK,Returning,Google Search,2024-10-07,Sportswear,Mobile,Potential Loyalists
CUS-01031,18-24,Male,Spain,Returning,Meta Ads,2023-11-22,Shoes,Mobile,Discount Seekers
CUS-01032,25-34,Male,Italy,New,Organic Search,2025-07-04,Beauty,Tablet,New Customers
CUS-01033,35-44,Female,France,Returning,Meta Ads,2024-08-18,Shoes,Mobile,Loyal Customers
CUS-01034,35-44,Female,Germany,Returning,TikTok Ads,2023-12-18,Shoes,Desktop,Discount Seekers
CUS-01035,18-24,Female,Spain,Returning,Email,2025-03-23,Beauty,Mobile,Potential Loyalists
CUS-01036,25-34,Male,Germany,Returning,Email,2023-04-23,Jackets,Tablet,Champions
CUS-01037,25-34,Female,Germany,New,Organic Search,2025-09-02,Accessories,Tablet,New Customers
CUS-01038,45-54,Female,France,Returning,Email,2024-12-13,Shoes,Mobile,Loyal Customers
CUS-01039,35-44,Female,Poland,Returning,Google Search,2023-04-16,Jeans,Mobile,Loyal Customers
CUS-01040,25-34,Female,UK,Returning,Google Search,2023-05-31,Shoes,Mobile,Hibernating
CUS-01041,35-44,Female,Netherlands,Returning,Organic Search,2024-11-08,Dresses,Mobile,Loyal Customers
CUS-01042,45-54,Male,Italy,Returning,Google Search,2023-11-04,Shoes,Mobile,Hibernating
CUS-01043,25-34,Male,Spain,Returning,Meta Ads,2025-06-13,Sportswear,Mobile,Discount Seekers
CUS-01044,18-24,Male,Poland,Returning,Google Search,2024-07-13,Bags,Mobile,At Risk
CUS-01045,45-54,Female,Germany,Returning,Google Search,2024-08-13,Beauty,Mobile,Hibernating
CUS-01046,25-34,Male,Germany,Returning,Organic Search,2023-11-11,Jeans,Desktop,Hibernating
CUS-01047,35-44,Female,France,Returning,Meta Ads,2023-08-31,Shoes,Mobile,High-Value Customers
CUS-01048,18-24,Female,Italy,Returning,Meta Ads,2023-11-03,Beauty,Mobile,Potential Loyalists
CUS-01049,25-34,Female,France,Returning,Google Search,2024-12-05,Shoes,Mobile,Loyal Customers
CUS-01050,35-44,Female,Italy,New,Organic Search,2025-10-07,Sportswear,Tablet,New Customers
CUS-01051,25-34,Female,Spain,New,Google Search,2025-07-09,Beauty,Desktop,New Customers
CUS-01052,35-44,Female,France,Returning,TikTok Ads,2023-01-14,Shoes,Desktop,Loyal Customers
CUS-01053,25-34,Male,Poland,Returning,Organic Search,2024-09-26,Dresses,Desktop,At Risk
CUS-01054,45-54,Female,Poland,Returning,Organic Search,2023-01-13,Jackets,Mobile,Champions
CUS-01055,35-44,Male,Italy,Returning,Display Ads,2023-06-27,Dresses,Mobile,Discount Seekers
CUS-01056,35-44,Female,France,Returning,Organic Search,2024-02-01,Dresses,Mobile,Loyal Customers
CUS-01057,45-54,Female,Netherlands,Returning,Organic Search,2024-02-06,Sportswear,Mobile,Champions
CUS-01058,25-34,Male,UK,Returning,Meta Ads,2025-02-18,Shoes,Tablet,Loyal Customers
CUS-01059,35-44,Male,Germany,Returning,Meta Ads,2025-02-02,Jeans,Mobile,Loyal Customers
CUS-01060,18-24,Male,Germany,Returning,Meta Ads,2023-06-23,Shoes,Mobile,Potential Loyalists
CUS-01061,25-34,Female,Netherlands,Returning,Organic Search,2023-07-23,Bags,Mobile,Champions
CUS-01062,35-44,Female,Germany,Returning,Google Search,2023-10-27,Sportswear,Mobile,Potential Loyalists
CUS-01063,25-34,Male,France,Returning,TikTok Ads,2024-06-28,Dresses,Mobile,Loyal Customers
CUS-01064,18-24,Female,Italy,Returning,TikTok Ads,2024-02-21,Accessories,Desktop,Potential Loyalists
CUS-01065,25-34,Female,France,Returning,Meta Ads,2024-11-14,Shoes,Mobile,Potential Loyalists
CUS-01066,55+,Female,UK,Returning,Organic Search,2023-08-27,Sportswear,Desktop,Potential Loyalists
CUS-01067,35-44,Female,Spain,Returning,Google Search,2024-07-16,Beauty,Tablet,Potential Loyalists
CUS-01068,35-44,Female,Germany,Returning,Meta Ads,2023-12-11,Shoes,Desktop,Champions
CUS-01069,55+,Female,Italy,Returning,Email,2023-10-11,Shoes,Mobile,Champions
CUS-01070,35-44,Male,France,Returning,Email,2024-07-14,Jeans,Mobile,Loyal Customers
CUS-01071,18-24,Male,Poland,Returning,Google Search,2024-12-26,Accessories,Mobile,Hibernating
CUS-01072,35-44,Male,Spain,Returning,Affiliate,2023-10-21,Bags,Desktop,High-Value Customers
CUS-01073,25-34,Female,Poland,Returning,Affiliate,2023-12-12,Dresses,Mobile,Discount Seekers
CUS-01074,25-34,Male,Germany,New,TikTok Ads,2025-06-13,Beauty,Mobile,New Customers
CUS-01075,35-44,Female,Spain,New,Google Search,2025-11-10,Shoes,Desktop,New Customers
CUS-01076,35-44,Female,Italy,Returning,Google Search,2024-05-23,Sportswear,Mobile,Potential Loyalists
CUS-01077,25-34,Male,France,Returning,TikTok Ads,2024-01-01,Accessories,Mobile,Hibernating
CUS-01078,45-54,Female,Poland,Returning,Organic Search,2024-03-14,Jeans,Mobile,Hibernating
CUS-01079,35-44,Male,Germany,Returning,Meta Ads,2023-12-22,Jeans,Mobile,Discount Seekers
CUS-01080,35-44,Female,France,Returning,Affiliate,2023-10-03,Sportswear,Tablet,Discount Seekers
CUS-01081,25-34,Female,Italy,New,Google Search,2025-06-18,Beauty,Mobile,New Customers
CUS-01082,35-44,Female,UK,Returning,Google Search,2023-05-21,Shoes,Mobile,Hibernating
CUS-01083,18-24,Female,Netherlands,Returning,Organic Search,2024-08-18,Jeans,Mobile,Hibernating
CUS-01084,18-24,Male,Netherlands,Returning,TikTok Ads,2023-11-14,Beauty,Mobile,Potential Loyalists
CUS-01085,25-34,Female,Germany,Returning,Email,2024-06-08,Jeans,Mobile,Discount Seekers
CUS-01086,35-44,Male,France,Returning,Email,2023-04-12,Shoes,Desktop,Champions
CUS-01087,35-44,Female,Germany,Returning,Display Ads,2024-11-15,Jackets,Mobile,High-Value Customers
CUS-01088,18-24,Non-binary/Other,Netherlands,Returning,Google Search,2023-01-04,Jeans,Mobile,Hibernating
CUS-01089,35-44,Female,Germany,Returning,Email,2023-03-24,Shoes,Desktop,Champions
CUS-01090,18-24,Male,Germany,Returning,TikTok Ads,2023-05-19,Dresses,Mobile,At Risk
CUS-01091,18-24,Female,Germany,Returning,Email,2024-06-21,Shoes,Desktop,Champions
CUS-01092,35-44,Female,Germany,Returning,Email,2024-01-01,Accessories,Mobile,Hibernating
CUS-01093,25-34,Male,Netherlands,Returning,Meta Ads,2023-10-04,Beauty,Tablet,Hibernating
CUS-01094,18-24,Female,Spain,Returning,Affiliate,2023-02-12,Jeans,Tablet,At Risk
CUS-01095,25-34,Male,Poland,Returning,Affiliate,2023-08-07,Shoes,Mobile,Discount Seekers
CUS-01096,18-24,Male,Poland,Returning,Email,2024-12-08,Sportswear,Mobile,Champions
CUS-01097,55+,Male,Spain,Returning,Organic Search,2024-06-23,Sportswear,Mobile,Potential Loyalists
CUS-01098,18-24,Female,France,Returning,Meta Ads,2023-07-01,Accessories,Mobile,Potential Loyalists
CUS-01099,18-24,Male,Germany,Returning,Organic Search,2025-01-29,Sportswear,Mobile,Champions
CUS-01100,35-44,Female,UK,New,Google Search,2025-08-29,Shoes,Mobile,New Customers
CUS-01101,18-24,Male,Germany,Returning,Meta Ads,2024-02-22,Shoes,Mobile,Loyal Customers
CUS-01102,25-34,Male,France,Returning,Meta Ads,2025-08-03,Shoes,Mobile,Potential Loyalists
CUS-01103,35-44,Female,Netherlands,New,TikTok Ads,2025-12-07,Accessories,Mobile,New Customers
CUS-01104,55+,Female,France,Returning,Organic Search,2023-09-27,Shoes,Mobile,Discount Seekers
CUS-01105,25-34,Female,Spain,Returning,Google Search,2023-08-02,Shoes,Mobile,Potential Loyalists
CUS-01106,55+,Female,France,Returning,Organic Search,2024-03-11,Dresses,Mobile,Discount Seekers
CUS-01107,35-44,Female,Spain,New,Display Ads,2025-06-24,Sportswear,Mobile,New Customers
CUS-01108,45-54,Female,France,Returning,Google Search,2024-11-19,Sportswear,Desktop,Potential Loyalists
CUS-01109,55+,Female,Poland,New,Meta Ads,2025-08-26,Shoes,Mobile,New Customers
CUS-01110,25-34,Female,Germany,Returning,Meta Ads,2024-03-31,Beauty,Desktop,Potential Loyalists
CUS-01111,35-44,Female,UK,Returning,Affiliate,2023-05-30,Shoes,Mobile,Loyal Customers
CUS-01112,55+,Female,UK,New,Google Search,2025-07-20,Sportswear,Desktop,New Customers
CUS-01113,55+,Non-binary/Other,Germany,Returning,Affiliate,2023-12-28,Shoes,Mobile,Loyal Customers
CUS-01114,18-24,Male,Germany,Returning,Organic Search,2023-11-12,Beauty,Mobile,Potential Loyalists
CUS-01115,55+,Male,France,New,Meta Ads,2025-06-12,Shoes,Mobile,New Customers
CUS-01116,55+,Female,UK,Returning,Affiliate,2025-07-22,Shoes,Mobile,Potential Loyalists
CUS-01117,25-34,Female,Italy,Returning,TikTok Ads,2023-12-16,Shoes,Tablet,Hibernating
CUS-01118,18-24,Female,UK,Returning,Email,2024-05-09,Dresses,Mobile,Loyal Customers
CUS-01119,45-54,Female,Italy,Returning,Meta Ads,2024-07-27,Shoes,Desktop,High-Value Customers
CUS-01120,35-44,Female,Germany,Returning,Meta Ads,2023-03-06,Jeans,Mobile,Hibernating
CUS-01121,25-34,Non-binary/Other,France,Returning,Meta Ads,2023-08-23,Dresses,Mobile,High-Value Customers
CUS-01122,45-54,Female,Netherlands,Returning,Google Search,2025-01-13,Dresses,Mobile,Discount Seekers
CUS-01123,35-44,Female,Poland,Returning,Meta Ads,2024-04-26,Shoes,Mobile,Loyal Customers
CUS-01124,35-44,Male,France,New,Email,2025-06-25,Sportswear,Mobile,New Customers
CUS-01125,18-24,Male,Germany,Returning,Organic Search,2024-02-03,Accessories,Desktop,Loyal Customers
CUS-01126,25-34,Female,Spain,Returning,Email,2024-01-05,Shoes,Mobile,Hibernating
CUS-01127,25-34,Female,Italy,Returning,Google Search,2023-07-03,Jeans,Mobile,At Risk
CUS-01128,35-44,Male,Germany,Returning,TikTok Ads,2024-01-16,Accessories,Mobile,Loyal Customers
CUS-01129,35-44,Female,France,Returning,Google Search,2023-12-01,Jeans,Mobile,Discount Seekers
CUS-01130,18-24,Female,France,Returning,Affiliate,2025-03-13,Accessories,Mobile,Loyal Customers
CUS-01131,45-54,Female,Spain,New,Meta Ads,2025-06-11,Accessories,Desktop,New Customers
CUS-01132,18-24,Female,France,Returning,Email,2024-02-09,Accessories,Mobile,Hibernating
CUS-01133,35-44,Female,Spain,Returning,Email,2024-08-10,Shoes,Mobile,Champions
CUS-01134,45-54,Male,Germany,Returning,Email,2024-10-06,Shoes,Desktop,At Risk
CUS-01135,25-34,Female,Italy,Returning,Organic Search,2024-12-02,Beauty,Desktop,Hibernating
CUS-01136,25-34,Male,Germany,Returning,Google Search,2024-08-13,Sportswear,Mobile,Champions
CUS-01137,18-24,Female,France,New,Meta Ads,2025-10-01,Sportswear,Mobile,New Customers
CUS-01138,25-34,Female,Spain,Returning,Affiliate,2023-09-12,Shoes,Desktop,Loyal Customers
CUS-01139,18-24,Female,Poland,Returning,Meta Ads,2023-01-05,Dresses,Mobile,At Risk
CUS-01140,55+,Female,Spain,Returning,TikTok Ads,2024-02-12,Accessories,Mobile,Loyal Customers
CUS-01141,55+,Female,Spain,Returning,Google Search,2025-07-13,Jeans,Mobile,Discount Seekers
CUS-01142,35-44,Male,Spain,Returning,Email,2025-01-30,Shoes,Mobile,Discount Seekers
CUS-01143,25-34,Female,France,Returning,Meta Ads,2023-02-20,Accessories,Mobile,Loyal Customers
CUS-01144,25-34,Male,Poland,Returning,Meta Ads,2023-06-04,Shoes,Tablet,Potential Loyalists
CUS-01145,25-34,Male,Italy,Returning,Organic Search,2024-10-31,Dresses,Mobile,At Risk
CUS-01146,18-24,Male,Germany,Returning,TikTok Ads,2023-09-07,Jeans,Mobile,Hibernating
CUS-01147,25-34,Male,France,New,Google Search,2025-08-16,Shoes,Mobile,New Customers
CUS-01148,35-44,Male,UK,Returning,Email,2024-04-02,Shoes,Mobile,Loyal Customers
CUS-01149,55+,Male,Germany,Returning,TikTok Ads,2024-08-26,Accessories,Tablet,Loyal Customers
CUS-01150,35-44,Male,Spain,Returning,Email,2023-03-23,Jackets,Mobile,High-Value Customers
CUS-01151,25-34,Male,France,New,Affiliate,2025-07-28,Sportswear,Desktop,New Customers
CUS-01152,25-34,Female,Spain,Returning,Email,2024-02-29,Shoes,Mobile,Discount Seekers
CUS-01153,55+,Male,Italy,New,Display Ads,2025-08-30,Sportswear,Desktop,New Customers
CUS-01154,55+,Female,Poland,Returning,Affiliate,2024-07-23,Dresses,Mobile,Discount Seekers
CUS-01155,18-24,Female,Italy,Returning,Organic Search,2024-08-13,Jackets,Mobile,Champions
CUS-01156,35-44,Female,Germany,Returning,Google Search,2024-11-19,Shoes,Mobile,Loyal Customers
CUS-01157,45-54,Female,Germany,Returning,Affiliate,2025-04-22,Shoes,Tablet,Discount Seekers
CUS-01158,45-54,Male,Netherlands,Returning,Meta Ads,2025-02-27,Jeans,Mobile,Discount Seekers
CUS-01159,45-54,Male,France,Returning,Google Search,2024-10-19,Sportswear,Mobile,Potential Loyalists
CUS-01160,55+,Female,Italy,Returning,Meta Ads,2025-06-03,Beauty,Desktop,Potential Loyalists
CUS-01161,25-34,Male,Netherlands,New,Organic Search,2025-09-26,Sportswear,Mobile,New Customers
CUS-01162,35-44,Male,UK,Returning,Display Ads,2023-06-12,Sportswear,Mobile,Potential Loyalists
CUS-01163,25-34,Female,France,Returning,Email,2025-02-27,Accessories,Desktop,Loyal Customers
CUS-01164,18-24,Male,France,Returning,Meta Ads,2024-11-15,Shoes,Desktop,Discount Seekers
CUS-01165,18-24,Female,Italy,Returning,Email,2024-01-15,Shoes,Desktop,Loyal Customers
CUS-01166,55+,Female,Germany,Returning,Google Search,2024-09-16,Dresses,Mobile,At Risk
CUS-01167,45-54,Male,Spain,Returning,Google Search,2024-11-16,Jackets,Desktop,Champions
CUS-01168,35-44,Male,Germany,Returning,Email,2024-11-20,Jackets,Desktop,Champions
CUS-01169,35-44,Male,UK,Returning,Meta Ads,2023-12-02,Dresses,Mobile,At Risk
CUS-01170,25-34,Female,Germany,Returning,Display Ads,2023-10-03,Accessories,Desktop,Potential Loyalists
CUS-01171,55+,Male,Poland,Returning,Google Search,2024-06-24,Shoes,Mobile,At Risk
CUS-01172,25-34,Female,Spain,Returning,Email,2023-09-20,Sportswear,Mobile,Champions
CUS-01173,25-34,Female,Germany,Returning,TikTok Ads,2025-06-14,Jeans,Desktop,Discount Seekers
CUS-01174,25-34,Male,Germany,Returning,Meta Ads,2023-02-19,Jeans,Mobile,Hibernating
CUS-01175,18-24,Female,Italy,Returning,Affiliate,2025-08-30,Shoes,Desktop,Discount Seekers
CUS-01176,35-44,Female,Germany,Returning,Google Search,2023-10-22,Accessories,Mobile,Loyal Customers
CUS-01177,25-34,Male,Italy,Returning,Meta Ads,2023-08-19,Sportswear,Mobile,Potential Loyalists
CUS-01178,25-34,Female,UK,Returning,Google Search,2023-06-02,Sportswear,Tablet,Potential Loyalists
CUS-01179,35-44,Female,Germany,New,Meta Ads,2025-06-17,Shoes,Tablet,New Customers
CUS-01180,25-34,Non-binary/Other,France,Returning,Meta Ads,2024-11-22,Sportswear,Mobile,Potential Loyalists
CUS-01181,55+,Female,Spain,Returning,Meta Ads,2025-01-31,Jackets,Desktop,Champions
CUS-01182,45-54,Male,Italy,Returning,Google Search,2025-07-26,Accessories,Mobile,Potential Loyalists
CUS-01183,25-34,Female,Spain,Returning,Affiliate,2024-06-18,Dresses,Tablet,Loyal Customers
CUS-01184,45-54,Male,Poland,Returning,Affiliate,2024-03-16,Shoes,Mobile,Potential Loyalists
CUS-01185,55+,Male,Spain,Returning,Organic Search,2024-10-05,Shoes,Desktop,Loyal Customers
CUS-01186,55+,Male,UK,Returning,Google Search,2023-10-13,Accessories,Mobile,Loyal Customers
CUS-01187,45-54,Male,UK,Returning,Meta Ads,2024-07-14,Dresses,Mobile,At Risk
CUS-01188,35-44,Female,UK,Returning,TikTok Ads,2023-06-11,Accessories,Mobile,Potential Loyalists
CUS-01189,55+,Female,Germany,Returning,Meta Ads,2023-12-03,Accessories,Mobile,Potential Loyalists
CUS-01190,18-24,Female,Spain,New,Google Search,2025-06-23,Accessories,Desktop,New Customers
CUS-01191,25-34,Female,Germany,Returning,Meta Ads,2024-02-25,Jeans,Desktop,Hibernating
CUS-01192,18-24,Female,Germany,Returning,Affiliate,2025-08-04,Accessories,Mobile,Potential Loyalists
CUS-01193,45-54,Male,Italy,Returning,Google Search,2024-03-15,Jeans,Mobile,At Risk
CUS-01194,35-44,Male,Germany,Returning,Organic Search,2024-02-21,Jackets,Mobile,High-Value Customers
CUS-01195,18-24,Female,Germany,New,TikTok Ads,2025-07-07,Sportswear,Mobile,New Customers
CUS-01196,45-54,Male,Italy,Returning,Email,2023-10-10,Jeans,Mobile,Discount Seekers
CUS-01197,25-34,Female,France,Returning,Google Search,2024-04-16,Beauty,Mobile,Hibernating
CUS-01198,18-24,Male,Italy,Returning,Email,2024-10-30,Jackets,Desktop,Champions
CUS-01199,25-34,Female,France,New,Google Search,2025-06-14,Accessories,Desktop,New Customers
CUS-01200,25-34,Female,UK,Returning,Affiliate,2023-03-01,Dresses,Desktop,At Risk
CUS-01201,35-44,Female,France,Returning,Affiliate,2024-06-14,Dresses,Mobile,High-Value Customers
CUS-01202,18-24,Male,Germany,New,Display Ads,2025-10-23,Accessories,Mobile,New Customers
CUS-01203,25-34,Female,UK,Returning,Affiliate,2023-11-27,Jackets,Mobile,Champions
CUS-01204,18-24,Female,Poland,New,Meta Ads,2025-09-06,Accessories,Desktop,New Customers
CUS-01205,25-34,Male,Germany,Returning,Organic Search,2023-04-29,Dresses,Mobile,Loyal Customers
CUS-01206,45-54,Female,Poland,Returning,Display Ads,2023-03-16,Jeans,Mobile,Hibernating
CUS-01207,45-54,Female,Spain,New,Google Search,2025-09-21,Accessories,Mobile,New Customers
CUS-01208,35-44,Male,Italy,Returning,Meta Ads,2024-04-13,Beauty,Mobile,Hibernating
CUS-01209,25-34,Female,Italy,Returning,Meta Ads,2025-03-09,Dresses,Mobile,Discount Seekers
CUS-01210,18-24,Non-binary/Other,UK,Returning,Google Search,2023-11-18,Shoes,Desktop,At Risk
CUS-01211,45-54,Female,UK,Returning,Affiliate,2024-05-07,Shoes,Mobile,At Risk
CUS-01212,25-34,Female,Germany,Returning,Organic Search,2023-07-05,Beauty,Mobile,Hibernating
CUS-01213,25-34,Female,UK,Returning,Email,2023-12-27,Sportswear,Desktop,Discount Seekers
CUS-01214,25-34,Male,Germany,Returning,Email,2024-04-04,Jeans,Desktop,Discount Seekers
CUS-01215,35-44,Male,Germany,Returning,Meta Ads,2024-07-11,Jackets,Mobile,Champions
CUS-01216,35-44,Female,UK,New,Google Search,2025-08-30,Sportswear,Mobile,New Customers
CUS-01217,18-24,Female,Italy,Returning,Email,2025-03-17,Shoes,Mobile,Loyal Customers
CUS-01218,18-24,Female,Poland,Returning,TikTok Ads,2024-05-14,Shoes,Mobile,Discount Seekers
CUS-01219,35-44,Female,Poland,Returning,TikTok Ads,2023-10-18,Dresses,Mobile,At Risk
CUS-01220,35-44,Female,Poland,New,Organic Search,2025-08-06,Shoes,Mobile,New Customers
CUS-01221,25-34,Male,Italy,Returning,Meta Ads,2023-04-09,Shoes,Tablet,Loyal Customers
CUS-01222,45-54,Male,Germany,Returning,Google Search,2024-02-16,Shoes,Mobile,Potential Loyalists
CUS-01223,25-34,Male,France,Returning,TikTok Ads,2023-07-17,Bags,Desktop,At Risk
CUS-01224,35-44,Female,Germany,Returning,Google Search,2024-06-25,Dresses,Mobile,Loyal Customers
CUS-01225,25-34,Female,Germany,Returning,Email,2024-03-20,Bags,Desktop,Champions
CUS-01226,55+,Female,Germany,Returning,TikTok Ads,2024-03-21,Shoes,Mobile,Discount Seekers
CUS-01227,45-54,Female,Netherlands,Returning,Google Search,2023-09-10,Beauty,Desktop,Hibernating
CUS-01228,35-44,Female,Poland,Returning,Organic Search,2023-10-24,Dresses,Mobile,Loyal Customers
CUS-01229,35-44,Male,France,Returning,TikTok Ads,2024-03-20,Beauty,Desktop,Potential Loyalists
CUS-01230,25-34,Male,Germany,Returning,Google Search,2025-03-07,Shoes,Tablet,High-Value Customers
CUS-01231,18-24,Female,Spain,Returning,Google Search,2023-03-12,Jeans,Mobile,At Risk
CUS-01232,25-34,Female,Germany,Returning,Display Ads,2024-12-03,Jeans,Mobile,At Risk
CUS-01233,45-54,Male,Spain,Returning,Meta Ads,2024-12-02,Accessories,Desktop,Potential Loyalists
CUS-01234,25-34,Female,UK,Returning,Meta Ads,2025-02-09,Beauty,Desktop,Potential Loyalists
CUS-01235,25-34,Female,Netherlands,Returning,TikTok Ads,2023-04-02,Jackets,Mobile,Champions
CUS-01236,45-54,Female,Italy,Returning,Meta Ads,2023-10-19,Shoes,Tablet,Hibernating
CUS-01237,35-44,Female,Italy,Returning,Meta Ads,2023-01-23,Bags,Mobile,Champions
CUS-01238,45-54,Female,Netherlands,Returning,Google Search,2024-02-01,Bags,Mobile,Champions
CUS-01239,25-34,Male,Germany,Returning,Organic Search,2023-02-07,Accessories,Mobile,Hibernating
CUS-01240,18-24,Male,Netherlands,Returning,TikTok Ads,2023-08-04,Shoes,Mobile,Discount Seekers
CUS-01241,35-44,Female,Italy,Returning,Affiliate,2023-04-20,Shoes,Desktop,Hibernating
CUS-01242,25-34,Male,France,New,Meta Ads,2025-07-25,Accessories,Tablet,New Customers
CUS-01243,25-34,Male,Italy,New,Display Ads,2025-09-15,Beauty,Mobile,New Customers
CUS-01244,25-34,Female,Poland,New,Google Search,2025-10-06,Accessories,Mobile,New Customers
CUS-01245,18-24,Female,Italy,Returning,Google Search,2023-06-05,Shoes,Tablet,Potential Loyalists
CUS-01246,18-24,Male,UK,New,Google Search,2025-06-24,Sportswear,Mobile,New Customers
CUS-01247,35-44,Female,Italy,New,TikTok Ads,2025-11-06,Sportswear,Desktop,New Customers
CUS-01248,45-54,Male,Germany,Returning,Organic Search,2024-12-16,Shoes,Mobile,At Risk
CUS-01249,35-44,Female,Germany,Returning,Email,2023-11-14,Shoes,Desktop,Discount Seekers
CUS-01250,35-44,Female,UK,Returning,Affiliate,2024-08-10,Dresses,Mobile,High-Value Customers
CUS-01251,25-34,Female,Italy,Returning,Email,2024-08-17,Bags,Mobile,Champions
CUS-01252,45-54,Female,Spain,Returning,TikTok Ads,2025-05-26,Shoes,Mobile,Potential Loyalists
CUS-01253,35-44,Female,Italy,Returning,Google Search,2024-10-22,Jeans,Desktop,Loyal Customers
CUS-01254,25-34,Male,Germany,Returning,Display Ads,2024-04-25,Shoes,Mobile,Potential Loyalists
CUS-01255,18-24,Female,Germany,Returning,Google Search,2024-04-27,Shoes,Mobile,Potential Loyalists
CUS-01256,25-34,Female,Germany,Returning,Google Search,2023-09-30,Dresses,Mobile,Loyal Customers
CUS-01257,18-24,Female,Poland,Returning,Meta Ads,2023-04-27,Jeans,Mobile,Hibernating
CUS-01258,25-34,Female,Spain,New,TikTok Ads,2025-11-05,Shoes,Tablet,New Customers
CUS-01259,35-44,Male,UK,Returning,Organic Search,2024-11-08,Sportswear,Mobile,Discount Seekers
CUS-01260,18-24,Male,France,Returning,Organic Search,2024-09-30,Jackets,Mobile,Champions
CUS-01261,18-24,Male,UK,Returning,Meta Ads,2024-03-03,Sportswear,Mobile,Champions
CUS-01262,25-34,Male,Germany,Returning,Email,2025-05-31,Sportswear,Desktop,Potential Loyalists
CUS-01263,45-54,Male,Spain,Returning,Organic Search,2023-04-21,Shoes,Mobile,Champions
CUS-01264,18-24,Female,Italy,Returning,Meta Ads,2024-09-11,Accessories,Mobile,Loyal Customers
CUS-01265,25-34,Male,Germany,Returning,Google Search,2023-10-25,Bags,Desktop,High-Value Customers
CUS-01266,45-54,Female,Netherlands,Returning,Email,2024-06-11,Accessories,Desktop,Loyal Customers
CUS-01267,25-34,Female,France,Returning,Google Search,2023-07-09,Shoes,Mobile,Loyal Customers
CUS-01268,25-34,Female,UK,New,Organic Search,2025-06-14,Shoes,Mobile,New Customers
CUS-01269,55+,Male,UK,New,TikTok Ads,2025-06-09,Shoes,Tablet,New Customers
CUS-01270,35-44,Female,Spain,Returning,Affiliate,2024-07-07,Jeans,Tablet,At Risk
CUS-01271,18-24,Female,Netherlands,Returning,Google Search,2025-04-16,Beauty,Mobile,Potential Loyalists
CUS-01272,25-34,Female,UK,Returning,Meta Ads,2023-03-11,Beauty,Desktop,Hibernating
CUS-01273,25-34,Male,UK,Returning,Email,2024-08-29,Dresses,Mobile,Loyal Customers
CUS-01274,35-44,Male,Poland,New,Google Search,2025-11-13,Accessories,Mobile,New Customers
CUS-01275,35-44,Female,Netherlands,Returning,Organic Search,2024-05-02,Dresses,Mobile,At Risk
CUS-01276,18-24,Female,Italy,Returning,Organic Search,2024-07-13,Jeans,Mobile,Discount Seekers
CUS-01277,25-34,Female,Poland,Returning,Affiliate,2024-08-10,Sportswear,Desktop,Potential Loyalists
CUS-01278,18-24,Male,Italy,New,Google Search,2025-10-27,Sportswear,Mobile,New Customers
CUS-01279,45-54,Female,Netherlands,Returning,Organic Search,2023-05-03,Bags,Desktop,Champions
CUS-01280,25-34,Male,UK,Returning,Google Search,2024-01-22,Shoes,Desktop,Loyal Customers
CUS-01281,25-34,Male,France,Returning,Organic Search,2024-04-02,Shoes,Mobile,Champions
CUS-01282,18-24,Female,UK,Returning,Organic Search,2024-02-21,Jeans,Desktop,Hibernating
CUS-01283,18-24,Male,France,Returning,Google Search,2023-08-29,Sportswear,Mobile,Potential Loyalists
CUS-01284,35-44,Female,Spain,Returning,Meta Ads,2023-06-14,Accessories,Mobile,Hibernating
CUS-01285,25-34,Male,Italy,Returning,Organic Search,2023-01-14,Bags,Mobile,Champions
CUS-01286,25-34,Female,Italy,Returning,Meta Ads,2025-05-22,Jeans,Mobile,Discount Seekers
CUS-01287,18-24,Female,France,Returning,Display Ads,2025-07-21,Jeans,Mobile,Discount Seekers
CUS-01288,25-34,Female,Italy,Returning,Google Search,2024-07-30,Shoes,Tablet,Champions
CUS-01289,25-34,Male,Italy,Returning,Display Ads,2024-03-09,Sportswear,Mobile,Champions
CUS-01290,25-34,Female,Poland,Returning,Meta Ads,2024-08-16,Sportswear,Mobile,Champions
CUS-01291,18-24,Female,France,Returning,TikTok Ads,2024-08-18,Dresses,Desktop,Discount Seekers
CUS-01292,45-54,Female,Spain,Returning,Affiliate,2023-07-25,Shoes,Desktop,Loyal Customers
CUS-01293,35-44,Male,Italy,New,Google Search,2025-06-08,Beauty,Mobile,New Customers
CUS-01294,25-34,Male,Netherlands,New,Meta Ads,2025-10-19,Sportswear,Mobile,New Customers
CUS-01295,35-44,Female,Italy,Returning,TikTok Ads,2024-05-16,Beauty,Desktop,Hibernating
CUS-01296,45-54,Female,Germany,New,TikTok Ads,2025-10-06,Sportswear,Mobile,New Customers
CUS-01297,18-24,Female,Italy,New,Meta Ads,2025-06-02,Shoes,Mobile,New Customers
CUS-01298,25-34,Female,Netherlands,Returning,Organic Search,2023-03-05,Jackets,Tablet,High-Value Customers
CUS-01299,25-34,Female,Italy,Returning,Affiliate,2023-04-21,Shoes,Desktop,Loyal Customers
CUS-01300,35-44,Male,UK,Returning,Affiliate,2023-10-03,Jeans,Desktop,Discount Seekers
CUS-01301,55+,Male,Spain,Returning,Google Search,2023-07-24,Shoes,Mobile,Champions
CUS-01302,18-24,Female,UK,New,Google Search,2025-10-05,Shoes,Desktop,New Customers
CUS-01303,18-24,Female,Germany,Returning,Google Search,2025-02-11,Shoes,Mobile,Discount Seekers
CUS-01304,25-34,Male,UK,Returning,Email,2024-06-27,Dresses,Mobile,At Risk
CUS-01305,35-44,Female,Italy,Returning,Organic Search,2024-11-10,Shoes,Mobile,At Risk
CUS-01306,45-54,Female,Netherlands,Returning,TikTok Ads,2024-06-29,Jeans,Desktop,Loyal Customers
CUS-01307,55+,Male,Italy,Returning,Google Search,2024-10-10,Accessories,Mobile,Potential Loyalists
CUS-01308,25-34,Male,Germany,Returning,Google Search,2025-08-17,Accessories,Mobile,Potential Loyalists
CUS-01309,18-24,Female,Poland,New,Affiliate,2025-07-02,Shoes,Desktop,New Customers
CUS-01310,25-34,Male,Germany,New,Meta Ads,2025-07-31,Beauty,Desktop,New Customers
CUS-01311,45-54,Female,Germany,Returning,Google Search,2025-03-13,Sportswear,Tablet,Potential Loyalists
CUS-01312,35-44,Female,Netherlands,Returning,TikTok Ads,2023-07-07,Beauty,Mobile,Potential Loyalists
CUS-01313,45-54,Male,Germany,Returning,Organic Search,2024-09-21,Accessories,Mobile,Loyal Customers
CUS-01314,25-34,Female,UK,Returning,TikTok Ads,2024-08-25,Accessories,Mobile,Potential Loyalists
CUS-01315,35-44,Female,France,Returning,Organic Search,2025-01-21,Accessories,Desktop,Loyal Customers
CUS-01316,55+,Female,Italy,Returning,Affiliate,2023-10-19,Jeans,Mobile,Discount Seekers
CUS-01317,35-44,Female,Germany,Returning,Google Search,2023-04-29,Jeans,Desktop,At Risk
CUS-01318,25-34,Non-binary/Other,Spain,Returning,Email,2024-05-14,Shoes,Mobile,Loyal Customers
CUS-01319,25-34,Female,Germany,Returning,Google Search,2023-05-02,Jeans,Mobile,At Risk
CUS-01320,18-24,Male,Germany,Returning,Email,2023-06-05,Dresses,Mobile,Discount Seekers
CUS-01321,18-24,Female,Spain,Returning,Email,2024-01-26,Jeans,Mobile,Loyal Customers
CUS-01322,25-34,Female,France,Returning,Email,2024-10-30,Dresses,Mobile,Loyal Customers
CUS-01323,25-34,Male,France,Returning,TikTok Ads,2024-09-23,Sportswear,Mobile,Champions
CUS-01324,18-24,Non-binary/Other,Poland,Returning,Meta Ads,2023-11-30,Bags,Mobile,Champions
CUS-01325,55+,Male,Germany,Returning,Affiliate,2024-03-28,Shoes,Mobile,Hibernating
CUS-01326,35-44,Male,Germany,Returning,Email,2023-04-30,Shoes,Mobile,High-Value Customers
CUS-01327,25-34,Female,Netherlands,Returning,Email,2024-09-02,Jackets,Desktop,Champions
CUS-01328,45-54,Female,Germany,Returning,Google Search,2024-03-10,Beauty,Mobile,Hibernating
CUS-01329,35-44,Male,Italy,Returning,Organic Search,2024-04-13,Sportswear,Tablet,Champions
CUS-01330,25-34,Female,France,Returning,Organic Search,2024-09-04,Shoes,Mobile,At Risk
CUS-01331,35-44,Female,UK,Returning,Organic Search,2023-09-06,Jeans,Mobile,Hibernating
CUS-01332,25-34,Female,France,Returning,Google Search,2023-07-02,Shoes,Mobile,Potential Loyalists
CUS-01333,18-24,Female,France,Returning,Meta Ads,2023-02-01,Bags,Mobile,Champions
CUS-01334,25-34,Male,France,Returning,Display Ads,2024-10-10,Dresses,Mobile,At Risk
CUS-01335,35-44,Male,Netherlands,Returning,Email,2024-04-08,Shoes,Mobile,High-Value Customers
CUS-01336,55+,Non-binary/Other,Germany,Returning,Google Search,2024-08-04,Accessories,Mobile,Loyal Customers
CUS-01337,18-24,Female,France,Returning,Google Search,2024-01-25,Jeans,Desktop,Loyal Customers
CUS-01338,45-54,Female,Italy,Returning,Email,2023-09-21,Shoes,Mobile,Loyal Customers
CUS-01339,45-54,Female,Germany,New,TikTok Ads,2025-11-17,Accessories,Mobile,New Customers
CUS-01340,25-34,Female,Germany,Returning,Meta Ads,2023-02-17,Dresses,Mobile,At Risk
CUS-01341,35-44,Male,Germany,Returning,Google Search,2023-01-10,Jeans,Desktop,Hibernating
CUS-01342,45-54,Female,Germany,Returning,Meta Ads,2024-09-27,Beauty,Mobile,Hibernating
CUS-01343,18-24,Female,Italy,Returning,Meta Ads,2024-08-24,Jeans,Desktop,Discount Seekers
CUS-01344,25-34,Female,Poland,Returning,Google Search,2024-11-01,Jeans,Mobile,Hibernating
CUS-01345,18-24,Female,UK,Returning,Affiliate,2023-04-01,Accessories,Mobile,Loyal Customers
CUS-01346,35-44,Female,UK,New,Affiliate,2025-09-30,Sportswear,Desktop,New Customers
CUS-01347,18-24,Male,Italy,Returning,Organic Search,2024-05-17,Accessories,Mobile,Potential Loyalists
CUS-01348,35-44,Male,Italy,Returning,Organic Search,2023-07-19,Accessories,Mobile,Potential Loyalists
CUS-01349,25-34,Male,Germany,Returning,Email,2023-08-18,Dresses,Tablet,Discount Seekers
CUS-01350,35-44,Male,Germany,Returning,TikTok Ads,2024-12-13,Bags,Mobile,At Risk
CUS-01351,25-34,Female,Italy,Returning,Email,2023-09-13,Dresses,Desktop,High-Value Customers
CUS-01352,45-54,Female,Spain,Returning,TikTok Ads,2023-08-30,Shoes,Mobile,Potential Loyalists
CUS-01353,45-54,Female,Italy,New,Google Search,2025-10-14,Accessories,Desktop,New Customers
CUS-01354,35-44,Female,Germany,New,Meta Ads,2025-09-01,Beauty,Desktop,New Customers
CUS-01355,55+,Male,Italy,Returning,Email,2023-08-19,Jeans,Tablet,Loyal Customers
CUS-01356,25-34,Male,Poland,Returning,Email,2025-03-15,Jeans,Mobile,Loyal Customers
CUS-01357,35-44,Female,Spain,New,Meta Ads,2025-12-14,Shoes,Mobile,New Customers
CUS-01358,25-34,Male,Germany,Returning,Organic Search,2023-09-03,Bags,Mobile,Champions
CUS-01359,35-44,Female,Poland,Returning,TikTok Ads,2024-07-31,Sportswear,Mobile,Discount Seekers
CUS-01360,55+,Male,Poland,Returning,Meta Ads,2023-02-12,Accessories,Mobile,Loyal Customers
CUS-01361,25-34,Male,UK,Returning,Email,2024-10-21,Shoes,Mobile,Loyal Customers
CUS-01362,35-44,Female,Italy,Returning,Organic Search,2023-12-03,Jeans,Mobile,Hibernating
CUS-01363,55+,Female,Italy,Returning,Meta Ads,2024-11-13,Sportswear,Mobile,Champions
CUS-01364,35-44,Male,Italy,Returning,Affiliate,2025-01-30,Shoes,Mobile,Discount Seekers
CUS-01365,18-24,Female,Italy,Returning,Google Search,2023-07-27,Accessories,Mobile,Hibernating
CUS-01366,35-44,Female,Germany,Returning,Google Search,2023-02-02,Jackets,Mobile,Champions
CUS-01367,55+,Female,France,Returning,Email,2023-11-26,Shoes,Mobile,At Risk
CUS-01368,18-24,Male,Poland,Returning,TikTok Ads,2024-02-22,Dresses,Mobile,At Risk
CUS-01369,18-24,Female,Spain,Returning,Meta Ads,2024-09-16,Accessories,Mobile,Hibernating
CUS-01370,18-24,Female,France,Returning,Email,2024-03-07,Accessories,Mobile,Hibernating
CUS-01371,35-44,Female,Germany,Returning,Organic Search,2023-09-22,Jeans,Desktop,Hibernating
CUS-01372,25-34,Female,Germany,Returning,Organic Search,2023-09-28,Dresses,Mobile,At Risk
CUS-01373,18-24,Female,UK,Returning,Meta Ads,2023-12-22,Sportswear,Mobile,Potential Loyalists
CUS-01374,35-44,Male,Netherlands,Returning,Display Ads,2023-08-03,Bags,Tablet,At Risk
CUS-01375,25-34,Female,Italy,Returning,Affiliate,2024-09-02,Bags,Mobile,High-Value Customers
CUS-01376,45-54,Male,France,Returning,Google Search,2024-04-13,Bags,Mobile,At Risk
CUS-01377,35-44,Female,UK,Returning,TikTok Ads,2024-10-02,Jeans,Mobile,At Risk
CUS-01378,55+,Female,Netherlands,New,Google Search,2025-06-17,Accessories,Mobile,New Customers
CUS-01379,35-44,Male,Spain,Returning,Meta Ads,2023-02-28,Shoes,Desktop,Hibernating
CUS-01380,45-54,Male,Netherlands,Returning,Affiliate,2024-04-20,Jackets,Mobile,High-Value Customers
CUS-01381,25-34,Male,Italy,Returning,TikTok Ads,2023-07-31,Jeans,Desktop,Loyal Customers
CUS-01382,45-54,Male,Germany,Returning,Google Search,2023-06-02,Shoes,Desktop,Loyal Customers
CUS-01383,55+,Female,Germany,New,Google Search,2025-09-08,Beauty,Desktop,New Customers
CUS-01384,45-54,Male,Italy,New,Google Search,2025-07-16,Shoes,Mobile,New Customers
CUS-01385,25-34,Male,Netherlands,New,TikTok Ads,2025-12-12,Sportswear,Mobile,New Customers
CUS-01386,35-44,Male,France,Returning,Email,2024-02-10,Sportswear,Mobile,Champions
CUS-01387,35-44,Male,Germany,Returning,Organic Search,2025-07-31,Accessories,Mobile,Potential Loyalists
CUS-01388,18-24,Male,Italy,Returning,TikTok Ads,2024-06-26,Shoes,Mobile,At Risk
CUS-01389,25-34,Female,France,Returning,TikTok Ads,2023-03-03,Dresses,Mobile,At Risk
CUS-01390,25-34,Female,Netherlands,Returning,TikTok Ads,2023-01-02,Shoes,Mobile,At Risk
CUS-01391,45-54,Female,France,Returning,Organic Search,2023-02-17,Shoes,Desktop,Hibernating
CUS-01392,35-44,Male,Spain,Returning,Google Search,2024-08-27,Jeans,Mobile,At Risk
CUS-01393,25-34,Male,France,Returning,Meta Ads,2023-01-02,Beauty,Mobile,Hibernating
CUS-01394,45-54,Male,Netherlands,Returning,Display Ads,2023-07-18,Bags,Mobile,At Risk
CUS-01395,45-54,Male,UK,New,Display Ads,2025-08-18,Beauty,Mobile,New Customers
CUS-01396,35-44,Female,Netherlands,Returning,Organic Search,2023-03-21,Bags,Mobile,At Risk
CUS-01397,25-34,Female,Germany,Returning,Google Search,2023-05-22,Jeans,Mobile,Loyal Customers
CUS-01398,18-24,Female,UK,Returning,Google Search,2025-06-27,Beauty,Tablet,Potential Loyalists
CUS-01399,45-54,Female,Spain,New,Google Search,2025-06-30,Sportswear,Mobile,New Customers
CUS-01400,25-34,Male,Italy,Returning,Meta Ads,2024-05-29,Sportswear,Mobile,Discount Seekers
CUS-01401,25-34,Female,Germany,Returning,Display Ads,2024-08-30,Bags,Mobile,At Risk
CUS-01402,35-44,Female,UK,Returning,Organic Search,2024-02-14,Sportswear,Mobile,Champions
CUS-01403,25-34,Male,Italy,Returning,TikTok Ads,2023-11-02,Jeans,Mobile,At Risk
CUS-01404,45-54,Female,Poland,Returning,Organic Search,2024-10-18,Dresses,Mobile,Loyal Customers
CUS-01405,35-44,Male,Germany,Returning,Organic Search,2024-07-25,Shoes,Mobile,Hibernating
CUS-01406,25-34,Female,Poland,Returning,TikTok Ads,2023-08-14,Shoes,Mobile,Hibernating
CUS-01407,25-34,Male,Netherlands,Returning,Google Search,2023-02-08,Bags,Mobile,At Risk
CUS-01408,55+,Female,Italy,Returning,Email,2024-05-17,Bags,Mobile,At Risk
CUS-01409,25-34,Female,UK,Returning,Organic Search,2025-07-10,Beauty,Mobile,Potential Loyalists
CUS-01410,18-24,Female,Poland,New,Meta Ads,2025-11-01,Accessories,Mobile,New Customers
CUS-01411,18-24,Female,Spain,Returning,Affiliate,2024-08-20,Sportswear,Mobile,Discount Seekers
CUS-01412,35-44,Male,UK,Returning,Organic Search,2024-03-16,Beauty,Mobile,Hibernating
CUS-01413,55+,Male,Spain,New,Google Search,2025-06-17,Shoes,Mobile,New Customers
CUS-01414,18-24,Male,Spain,Returning,TikTok Ads,2024-03-28,Beauty,Mobile,Potential Loyalists
CUS-01415,35-44,Female,France,Returning,Google Search,2024-12-20,Sportswear,Desktop,Champions
CUS-01416,35-44,Female,Germany,Returning,Meta Ads,2023-06-12,Shoes,Mobile,Loyal Customers
CUS-01417,45-54,Female,Germany,Returning,Organic Search,2025-02-06,Accessories,Mobile,Loyal Customers
CUS-01418,18-24,Male,Poland,Returning,Google Search,2023-12-12,Shoes,Tablet,Potential Loyalists
CUS-01419,55+,Male,Netherlands,Returning,Email,2024-10-01,Sportswear,Desktop,Discount Seekers
CUS-01420,35-44,Male,Germany,New,Google Search,2025-06-21,Beauty,Mobile,New Customers
CUS-01421,25-34,Female,UK,Returning,Email,2023-09-22,Dresses,Mobile,Loyal Customers
CUS-01422,25-34,Female,Germany,Returning,Display Ads,2023-05-09,Shoes,Mobile,Loyal Customers
CUS-01423,35-44,Male,France,Returning,Google Search,2024-08-12,Shoes,Mobile,Potential Loyalists
CUS-01424,25-34,Non-binary/Other,Poland,Returning,Email,2023-06-01,Jeans,Mobile,Hibernating
CUS-01425,55+,Male,Germany,Returning,Google Search,2024-12-28,Beauty,Mobile,Potential Loyalists
CUS-01426,25-34,Female,UK,Returning,Meta Ads,2023-12-31,Shoes,Desktop,Hibernating
CUS-01427,25-34,Male,Italy,Returning,Affiliate,2023-05-10,Jeans,Desktop,Hibernating
CUS-01428,18-24,Female,Italy,Returning,Organic Search,2023-09-25,Shoes,Mobile,Loyal Customers
CUS-01429,35-44,Non-binary/Other,France,Returning,Google Search,2023-12-24,Bags,Desktop,At Risk
CUS-01430,35-44,Male,UK,Returning,Affiliate,2023-09-20,Dresses,Mobile,High-Value Customers
CUS-01431,25-34,Female,Germany,Returning,TikTok Ads,2024-05-21,Shoes,Desktop,Potential Loyalists
CUS-01432,25-34,Female,UK,Returning,Meta Ads,2024-05-01,Jackets,Mobile,Champions
CUS-01433,25-34,Male,Italy,Returning,Google Search,2023-11-11,Sportswear,Mobile,Discount Seekers
CUS-01434,25-34,Male,France,Returning,Meta Ads,2024-04-01,Dresses,Mobile,Discount Seekers
CUS-01435,55+,Female,Spain,New,Google Search,2025-10-02,Accessories,Mobile,New Customers
CUS-01436,45-54,Female,Spain,New,Google Search,2025-12-06,Accessories,Mobile,New Customers
CUS-01437,35-44,Female,Germany,Returning,Organic Search,2024-01-01,Jeans,Mobile,Loyal Customers
CUS-01438,25-34,Female,France,Returning,TikTok Ads,2023-08-01,Accessories,Mobile,Hibernating
CUS-01439,35-44,Male,Italy,New,Meta Ads,2025-11-16,Accessories,Desktop,New Customers
CUS-01440,35-44,Female,Germany,Returning,Email,2023-11-23,Jackets,Mobile,Champions
CUS-01441,35-44,Female,UK,Returning,Email,2024-08-03,Shoes,Desktop,At Risk
CUS-01442,25-34,Male,UK,Returning,Google Search,2023-07-21,Dresses,Mobile,High-Value Customers
CUS-01443,18-24,Female,Spain,Returning,Organic Search,2023-07-12,Accessories,Tablet,Hibernating
CUS-01444,25-34,Male,UK,Returning,Meta Ads,2024-02-20,Shoes,Mobile,Potential Loyalists
CUS-01445,35-44,Female,Germany,Returning,Affiliate,2025-01-20,Bags,Mobile,Champions
CUS-01446,25-34,Male,Italy,Returning,Email,2023-06-18,Dresses,Mobile,Discount Seekers
CUS-01447,25-34,Female,UK,Returning,Affiliate,2025-03-07,Sportswear,Mobile,Discount Seekers
CUS-01448,25-34,Male,Italy,New,Meta Ads,2025-10-19,Beauty,Mobile,New Customers
CUS-01449,18-24,Male,Germany,Returning,Organic Search,2024-10-04,Bags,Mobile,At Risk
CUS-01450,18-24,Female,Italy,New,TikTok Ads,2025-07-06,Shoes,Desktop,New Customers
CUS-01451,35-44,Male,France,Returning,Organic Search,2025-02-16,Beauty,Mobile,Potential Loyalists
CUS-01452,45-54,Female,Germany,Returning,Google Search,2024-08-23,Dresses,Mobile,Loyal Customers
CUS-01453,18-24,Female,UK,Returning,Meta Ads,2023-08-12,Bags,Mobile,Champions
CUS-01454,45-54,Male,UK,Returning,Meta Ads,2025-02-04,Shoes,Mobile,Loyal Customers
CUS-01455,25-34,Male,Spain,Returning,TikTok Ads,2024-07-19,Jeans,Mobile,Discount Seekers
CUS-01456,55+,Female,Netherlands,Returning,Google Search,2023-11-08,Jeans,Desktop,Loyal Customers
CUS-01457,35-44,Female,France,Returning,Email,2023-04-19,Shoes,Mobile,Loyal Customers
CUS-01458,18-24,Male,Germany,New,TikTok Ads,2025-11-30,Shoes,Mobile,New Customers
CUS-01459,25-34,Male,Italy,Returning,Google Search,2023-02-03,Dresses,Desktop,Loyal Customers
CUS-01460,25-34,Female,Spain,Returning,Organic Search,2024-10-18,Shoes,Desktop,Loyal Customers
CUS-01461,18-24,Male,UK,New,TikTok Ads,2025-09-11,Beauty,Tablet,New Customers
CUS-01462,25-34,Male,Italy,Returning,Organic Search,2024-02-25,Sportswear,Mobile,Potential Loyalists
CUS-01463,45-54,Male,Poland,Returning,TikTok Ads,2024-07-25,Dresses,Mobile,At Risk
CUS-01464,25-34,Non-binary/Other,Poland,Returning,TikTok Ads,2025-01-31,Jeans,Tablet,Discount Seekers
CUS-01465,45-54,Male,Italy,Returning,Affiliate,2024-09-16,Dresses,Mobile,Loyal Customers
CUS-01466,25-34,Male,Germany,Returning,Meta Ads,2023-08-09,Sportswear,Desktop,Discount Seekers
CUS-01467,45-54,Female,Germany,Returning,TikTok Ads,2025-01-03,Sportswear,Desktop,Discount Seekers
CUS-01468,45-54,Female,Netherlands,Returning,Meta Ads,2024-03-09,Shoes,Desktop,Hibernating
CUS-01469,25-34,Male,Spain,Returning,Meta Ads,2023-11-19,Shoes,Mobile,At Risk
CUS-01470,55+,Male,Germany,Returning,Affiliate,2023-07-16,Shoes,Mobile,At Risk
CUS-01471,18-24,Female,UK,Returning,Google Search,2024-06-29,Dresses,Mobile,At Risk
CUS-01472,25-34,Female,France,Returning,Organic Search,2024-07-08,Shoes,Desktop,At Risk
CUS-01473,35-44,Male,Italy,Returning,Email,2023-10-20,Jackets,Mobile,Champions
CUS-01474,25-34,Female,Poland,Returning,Google Search,2024-05-11,Bags,Mobile,High-Value Customers
CUS-01475,35-44,Female,Poland,Returning,Meta Ads,2023-11-28,Bags,Mobile,At Risk
CUS-01476,25-34,Male,Germany,Returning,Organic Search,2024-12-19,Jeans,Mobile,Hibernating
CUS-01477,18-24,Male,Germany,Returning,Organic Search,2024-02-02,Accessories,Desktop,Potential Loyalists
CUS-01478,18-24,Male,Italy,Returning,Email,2024-02-04,Bags,Mobile,Champions
CUS-01479,55+,Female,Germany,New,Google Search,2025-12-05,Sportswear,Desktop,New Customers
CUS-01480,25-34,Female,UK,New,Meta Ads,2025-12-12,Sportswear,Tablet,New Customers
CUS-01481,18-24,Female,Germany,New,TikTok Ads,2025-08-14,Shoes,Desktop,New Customers
CUS-01482,25-34,Male,Spain,Returning,TikTok Ads,2025-01-11,Sportswear,Mobile,Potential Loyalists
CUS-01483,35-44,Male,Germany,Returning,Google Search,2023-03-23,Accessories,Mobile,Loyal Customers
CUS-01484,35-44,Female,Poland,New,Organic Search,2025-10-19,Sportswear,Mobile,New Customers
CUS-01485,35-44,Female,Italy,Returning,Google Search,2024-07-25,Beauty,Desktop,Potential Loyalists
CUS-01486,45-54,Male,Germany,Returning,Meta Ads,2024-10-22,Dresses,Desktop,High-Value Customers
CUS-01487,35-44,Female,Germany,Returning,Email,2024-09-24,Dresses,Desktop,Loyal Customers
CUS-01488,35-44,Female,Spain,Returning,TikTok Ads,2024-07-25,Beauty,Mobile,Potential Loyalists
CUS-01489,35-44,Female,Italy,Returning,Google Search,2024-09-12,Shoes,Desktop,Potential Loyalists
CUS-01490,35-44,Male,Italy,New,Google Search,2025-09-04,Sportswear,Desktop,New Customers
CUS-01491,18-24,Female,Italy,New,Meta Ads,2025-07-11,Sportswear,Mobile,New Customers
CUS-01492,45-54,Female,France,Returning,Organic Search,2023-02-16,Shoes,Mobile,At Risk
CUS-01493,18-24,Female,France,Returning,Meta Ads,2024-08-18,Shoes,Desktop,High-Value Customers
CUS-01494,45-54,Male,UK,Returning,Google Search,2023-06-11,Beauty,Desktop,Potential Loyalists
CUS-01495,25-34,Female,Italy,Returning,Meta Ads,2024-07-10,Dresses,Mobile,At Risk
CUS-01496,35-44,Female,Spain,Returning,Email,2025-03-05,Bags,Mobile,Champions
CUS-01497,18-24,Female,Netherlands,Returning,Google Search,2024-12-17,Dresses,Tablet,Loyal Customers
CUS-01498,25-34,Male,Spain,New,Google Search,2025-12-13,Beauty,Mobile,New Customers
CUS-01499,25-34,Male,Spain,Returning,Google Search,2025-02-13,Bags,Desktop,Champions
CUS-01500,45-54,Non-binary/Other,Italy,Returning,Display Ads,2023-09-14,Jeans,Desktop,At Risk
CUS-01501,18-24,Female,France,Returning,Email,2023-04-17,Jeans,Mobile,At Risk
CUS-01502,25-34,Female,Germany,Returning,Display Ads,2024-01-03,Beauty,Mobile,Hibernating
CUS-01503,18-24,Non-binary/Other,Germany,New,TikTok Ads,2025-09-02,Accessories,Mobile,New Customers
CUS-01504,35-44,Male,Italy,Returning,Meta Ads,2024-06-03,Jeans,Tablet,At Risk
CUS-01505,55+,Female,UK,Returning,Meta Ads,2024-03-29,Beauty,Desktop,Potential Loyalists
CUS-01506,25-34,Female,Germany,Returning,Google Search,2024-02-10,Bags,Desktop,Champions
CUS-01507,18-24,Female,Germany,Returning,Display Ads,2024-12-01,Jackets,Mobile,Champions
CUS-01508,35-44,Female,France,Returning,Affiliate,2024-06-08,Bags,Desktop,At Risk
CUS-01509,45-54,Female,UK,Returning,TikTok Ads,2024-12-28,Jackets,Desktop,High-Value Customers
CUS-01510,25-34,Female,UK,Returning,Google Search,2023-02-10,Jackets,Desktop,Champions
CUS-01511,55+,Male,Spain,New,Organic Search,2025-09-03,Accessories,Mobile,New Customers
CUS-01512,18-24,Female,UK,Returning,Affiliate,2023-04-16,Beauty,Desktop,Hibernating
CUS-01513,35-44,Female,Germany,Returning,Google Search,2023-05-12,Jeans,Mobile,Hibernating
CUS-01514,25-34,Female,France,New,Affiliate,2025-10-29,Accessories,Mobile,New Customers
CUS-01515,35-44,Female,Germany,Returning,Display Ads,2024-09-09,Shoes,Mobile,At Risk
CUS-01516,45-54,Male,Spain,Returning,Organic Search,2023-06-24,Dresses,Mobile,At Risk
CUS-01517,25-34,Male,UK,Returning,Google Search,2023-08-12,Sportswear,Mobile,Discount Seekers
CUS-01518,25-34,Male,Germany,Returning,Google Search,2023-01-14,Accessories,Mobile,Loyal Customers
CUS-01519,35-44,Male,Italy,Returning,Meta Ads,2024-06-25,Jeans,Mobile,Discount Seekers
CUS-01520,35-44,Male,UK,Returning,Affiliate,2024-10-24,Sportswear,Mobile,Champions
CUS-01521,45-54,Male,Germany,Returning,Affiliate,2025-03-18,Shoes,Mobile,Discount Seekers
CUS-01522,35-44,Female,UK,Returning,Affiliate,2024-12-02,Jackets,Desktop,Champions
CUS-01523,35-44,Male,UK,Returning,Google Search,2023-01-13,Jeans,Mobile,Loyal Customers
CUS-01524,25-34,Female,Netherlands,Returning,Organic Search,2025-03-28,Bags,Mobile,Champions
CUS-01525,55+,Female,UK,New,TikTok Ads,2025-12-06,Sportswear,Desktop,New Customers
CUS-01526,18-24,Male,Spain,Returning,Meta Ads,2024-04-24,Beauty,Tablet,Potential Loyalists
CUS-01527,45-54,Male,Germany,Returning,Organic Search,2024-08-19,Jeans,Mobile,Loyal Customers
CUS-01528,45-54,Male,Spain,New,Affiliate,2025-07-04,Sportswear,Mobile,New Customers
CUS-01529,18-24,Male,Italy,Returning,TikTok Ads,2023-11-24,Shoes,Mobile,Potential Loyalists
CUS-01530,25-34,Non-binary/Other,Netherlands,Returning,Email,2024-09-20,Beauty,Desktop,Hibernating
CUS-01531,18-24,Male,Spain,Returning,Google Search,2025-01-08,Dresses,Mobile,Discount Seekers
CUS-01532,18-24,Female,France,Returning,Display Ads,2023-02-21,Shoes,Mobile,At Risk
CUS-01533,18-24,Female,Spain,Returning,TikTok Ads,2023-08-10,Shoes,Mobile,Loyal Customers
CUS-01534,45-54,Female,UK,Returning,Organic Search,2024-04-04,Accessories,Desktop,Potential Loyalists
CUS-01535,18-24,Male,Germany,Returning,Meta Ads,2023-09-29,Sportswear,Desktop,Discount Seekers
CUS-01536,18-24,Female,Spain,Returning,Google Search,2024-03-22,Bags,Mobile,Champions
CUS-01537,18-24,Male,Germany,Returning,Meta Ads,2023-11-10,Sportswear,Desktop,Potential Loyalists
CUS-01538,35-44,Female,Spain,Returning,Affiliate,2024-12-19,Dresses,Desktop,Discount Seekers
CUS-01539,45-54,Male,UK,Returning,Google Search,2024-04-25,Bags,Mobile,High-Value Customers
CUS-01540,25-34,Male,Poland,Returning,Google Search,2023-07-31,Shoes,Tablet,Potential Loyalists
CUS-01541,25-34,Male,Italy,Returning,Email,2024-01-03,Shoes,Mobile,At Risk
CUS-01542,55+,Female,Germany,New,Google Search,2025-12-13,Beauty,Mobile,New Customers
CUS-01543,55+,Female,Netherlands,Returning,Email,2024-02-20,Jeans,Mobile,Hibernating
CUS-01544,25-34,Male,Spain,Returning,TikTok Ads,2023-06-24,Shoes,Desktop,Champions
CUS-01545,18-24,Male,Spain,Returning,Organic Search,2023-10-04,Accessories,Mobile,Loyal Customers
CUS-01546,25-34,Female,Germany,Returning,Email,2023-11-24,Jeans,Mobile,At Risk
CUS-01547,35-44,Female,UK,Returning,Organic Search,2025-01-30,Shoes,Desktop,Loyal Customers
CUS-01548,45-54,Male,Italy,Returning,Display Ads,2024-06-10,Jeans,Mobile,At Risk
CUS-01549,45-54,Female,UK,Returning,Google Search,2023-09-29,Sportswear,Mobile,Potential Loyalists
CUS-01550,25-34,Non-binary/Other,UK,Returning,Affiliate,2025-05-30,Dresses,Mobile,Discount Seekers
CUS-01551,45-54,Female,UK,Returning,Organic Search,2024-07-21,Jeans,Mobile,Hibernating
CUS-01552,55+,Female,Italy,New,Google Search,2025-06-13,Beauty,Mobile,New Customers
CUS-01553,35-44,Female,Netherlands,Returning,Organic Search,2023-03-04,Jeans,Mobile,Hibernating
CUS-01554,35-44,Male,Germany,Returning,Organic Search,2025-04-13,Shoes,Mobile,Potential Loyalists
CUS-01555,55+,Female,UK,New,Meta Ads,2025-10-25,Sportswear,Mobile,New Customers
CUS-01556,18-24,Male,Poland,Returning,Display Ads,2023-02-15,Accessories,Mobile,Loyal Customers
CUS-01557,18-24,Female,UK,Returning,Email,2023-11-19,Sportswear,Mobile,Discount Seekers
CUS-01558,25-34,Male,France,Returning,Affiliate,2023-02-12,Accessories,Desktop,Hibernating
CUS-01559,18-24,Female,France,Returning,Organic Search,2024-01-30,Jeans,Mobile,Discount Seekers
CUS-01560,45-54,Male,UK,Returning,Organic Search,2025-07-17,Shoes,Mobile,Discount Seekers
CUS-01561,45-54,Female,Spain,Returning,Email,2024-11-28,Shoes,Desktop,High-Value Customers
CUS-01562,35-44,Female,UK,Returning,Organic Search,2023-06-12,Accessories,Mobile,Loyal Customers
CUS-01563,25-34,Female,Netherlands,Returning,Affiliate,2023-07-13,Sportswear,Mobile,Discount Seekers
CUS-01564,45-54,Male,France,New,Meta Ads,2025-08-28,Beauty,Mobile,New Customers
CUS-01565,18-24,Female,Netherlands,New,Meta Ads,2025-09-05,Accessories,Desktop,New Customers
CUS-01566,18-24,Female,Germany,New,TikTok Ads,2025-10-09,Accessories,Desktop,New Customers
CUS-01567,45-54,Male,Spain,Returning,TikTok Ads,2023-12-18,Accessories,Desktop,Potential Loyalists
CUS-01568,18-24,Male,Spain,Returning,Google Search,2024-10-05,Shoes,Tablet,Potential Loyalists
CUS-01569,35-44,Male,UK,Returning,Organic Search,2024-11-30,Shoes,Desktop,Loyal Customers
CUS-01570,55+,Male,France,Returning,Email,2025-03-17,Bags,Mobile,Champions
CUS-01571,18-24,Female,Spain,New,Organic Search,2025-10-16,Accessories,Tablet,New Customers
CUS-01572,35-44,Female,Germany,Returning,Email,2024-08-27,Dresses,Mobile,Discount Seekers
CUS-01573,25-34,Male,Netherlands,Returning,Affiliate,2023-01-11,Bags,Mobile,At Risk
CUS-01574,55+,Female,Germany,New,Display Ads,2025-09-12,Accessories,Desktop,New Customers
CUS-01575,18-24,Female,Netherlands,New,Meta Ads,2025-09-20,Shoes,Mobile,New Customers
CUS-01576,35-44,Female,Netherlands,New,Google Search,2025-11-17,Beauty,Mobile,New Customers
CUS-01577,55+,Male,Poland,Returning,Google Search,2024-04-23,Accessories,Mobile,Loyal Customers
CUS-01578,25-34,Male,Netherlands,Returning,Google Search,2024-10-03,Accessories,Mobile,Hibernating
CUS-01579,35-44,Female,UK,Returning,Meta Ads,2023-04-14,Accessories,Mobile,Loyal Customers
CUS-01580,25-34,Female,France,Returning,Google Search,2024-07-27,Jeans,Mobile,Hibernating
CUS-01581,45-54,Male,Germany,Returning,TikTok Ads,2023-01-27,Jeans,Mobile,Hibernating
CUS-01582,35-44,Non-binary/Other,Germany,New,Meta Ads,2025-07-03,Accessories,Mobile,New Customers
CUS-01583,18-24,Male,Germany,Returning,Email,2023-11-26,Shoes,Desktop,Discount Seekers
CUS-01584,55+,Male,France,Returning,Display Ads,2024-11-21,Shoes,Desktop,Potential Loyalists
CUS-01585,35-44,Male,Italy,Returning,Organic Search,2025-03-01,Dresses,Mobile,Discount Seekers
CUS-01586,25-34,Male,UK,Returning,Google Search,2024-09-04,Accessories,Mobile,Hibernating
CUS-01587,18-24,Female,Germany,Returning,TikTok Ads,2023-12-08,Beauty,Mobile,Hibernating
CUS-01588,35-44,Female,Germany,Returning,Email,2024-06-10,Jeans,Mobile,At Risk
CUS-01589,25-34,Female,France,Returning,Display Ads,2025-01-01,Dresses,Mobile,Discount Seekers
CUS-01590,55+,Female,Spain,Returning,Email,2024-09-19,Shoes,Mobile,High-Value Customers
CUS-01591,18-24,Male,France,New,TikTok Ads,2025-08-24,Sportswear,Mobile,New Customers
CUS-01592,18-24,Male,Italy,Returning,Organic Search,2024-12-20,Jeans,Mobile,Hibernating
CUS-01593,25-34,Female,France,Returning,Display Ads,2023-04-06,Jeans,Desktop,Hibernating
CUS-01594,25-34,Male,Italy,New,TikTok Ads,2025-06-01,Accessories,Mobile,New Customers
CUS-01595,18-24,Non-binary/Other,Spain,Returning,Organic Search,2024-09-22,Dresses,Mobile,Discount Seekers
CUS-01596,25-34,Male,UK,Returning,TikTok Ads,2024-12-02,Beauty,Mobile,Potential Loyalists
CUS-01597,18-24,Female,Netherlands,New,Display Ads,2025-07-16,Beauty,Mobile,New Customers
CUS-01598,45-54,Female,Spain,Returning,Affiliate,2023-09-15,Jeans,Mobile,Loyal Customers
CUS-01599,25-34,Female,Poland,Returning,Email,2023-02-23,Shoes,Mobile,Loyal Customers
CUS-01600,45-54,Female,Germany,Returning,Email,2023-09-28,Jeans,Mobile,Discount Seekers
CUS-01601,25-34,Female,Poland,Returning,Organic Search,2024-11-15,Shoes,Tablet,Potential Loyalists
CUS-01602,25-34,Female,Italy,Returning,Google Search,2025-06-24,Accessories,Tablet,Potential Loyalists
CUS-01603,35-44,Male,Netherlands,Returning,Email,2024-12-07,Shoes,Mobile,Loyal Customers
CUS-01604,35-44,Male,France,New,Affiliate,2025-11-25,Accessories,Mobile,New Customers
CUS-01605,55+,Female,Italy,Returning,TikTok Ads,2024-09-19,Jeans,Tablet,Hibernating
CUS-01606,25-34,Male,Italy,Returning,TikTok Ads,2025-05-18,Dresses,Mobile,Discount Seekers
CUS-01607,55+,Male,Poland,Returning,Display Ads,2023-05-14,Jackets,Mobile,Champions
CUS-01608,35-44,Male,Italy,New,Google Search,2025-12-07,Shoes,Tablet,New Customers
CUS-01609,45-54,Female,France,New,TikTok Ads,2025-08-11,Shoes,Desktop,New Customers
CUS-01610,25-34,Male,Poland,Returning,Google Search,2023-12-02,Jeans,Mobile,At Risk
CUS-01611,25-34,Female,France,New,TikTok Ads,2025-11-19,Accessories,Mobile,New Customers
CUS-01612,55+,Female,Spain,Returning,Google Search,2025-02-21,Shoes,Desktop,Potential Loyalists
CUS-01613,25-34,Male,Italy,New,Meta Ads,2025-11-13,Sportswear,Desktop,New Customers
CUS-01614,25-34,Non-binary/Other,Germany,Returning,Google Search,2023-12-06,Dresses,Mobile,At Risk
CUS-01615,18-24,Female,Italy,New,Affiliate,2025-08-11,Sportswear,Mobile,New Customers
CUS-01616,18-24,Male,Italy,New,Meta Ads,2025-09-29,Sportswear,Desktop,New Customers
CUS-01617,25-34,Female,Germany,Returning,Organic Search,2023-07-22,Beauty,Mobile,Hibernating
CUS-01618,18-24,Non-binary/Other,Spain,Returning,Google Search,2024-06-10,Shoes,Mobile,Hibernating
CUS-01619,18-24,Female,Spain,Returning,Organic Search,2025-06-02,Accessories,Desktop,Potential Loyalists
CUS-01620,35-44,Male,UK,Returning,Organic Search,2023-02-27,Shoes,Desktop,Hibernating
CUS-01621,55+,Female,Italy,Returning,TikTok Ads,2023-10-21,Shoes,Mobile,Discount Seekers
CUS-01622,55+,Female,Italy,Returning,Email,2024-01-29,Dresses,Desktop,Loyal Customers
CUS-01623,18-24,Female,Italy,Returning,Google Search,2024-07-26,Bags,Mobile,At Risk
CUS-01624,18-24,Non-binary/Other,Poland,Returning,Email,2023-12-26,Shoes,Mobile,Potential Loyalists
CUS-01625,35-44,Male,Germany,Returning,Google Search,2024-05-30,Shoes,Desktop,Hibernating
CUS-01626,18-24,Female,France,Returning,Display Ads,2025-03-02,Accessories,Desktop,Loyal Customers
CUS-01627,35-44,Male,France,Returning,Google Search,2024-01-26,Bags,Desktop,At Risk
CUS-01628,25-34,Female,Spain,Returning,Organic Search,2023-02-28,Jeans,Mobile,Loyal Customers
CUS-01629,25-34,Female,Germany,New,Meta Ads,2025-11-01,Sportswear,Mobile,New Customers
CUS-01630,45-54,Female,Netherlands,Returning,Display Ads,2024-09-14,Shoes,Mobile,Discount Seekers
CUS-01631,25-34,Male,UK,Returning,TikTok Ads,2024-12-30,Sportswear,Desktop,Potential Loyalists
CUS-01632,18-24,Female,UK,Returning,Affiliate,2025-03-09,Shoes,Desktop,Discount Seekers
CUS-01633,35-44,Female,Germany,Returning,Google Search,2024-03-28,Shoes,Mobile,High-Value Customers
CUS-01634,25-34,Male,Germany,Returning,Google Search,2024-10-25,Dresses,Mobile,Discount Seekers
CUS-01635,25-34,Female,UK,Returning,Display Ads,2024-07-26,Dresses,Mobile,Loyal Customers
CUS-01636,25-34,Female,France,Returning,Meta Ads,2023-08-16,Accessories,Desktop,Hibernating
CUS-01637,35-44,Female,France,Returning,Meta Ads,2024-03-14,Sportswear,Desktop,Champions
CUS-01638,35-44,Female,France,Returning,Meta Ads,2024-12-31,Sportswear,Mobile,Potential Loyalists
CUS-01639,35-44,Female,Germany,Returning,Affiliate,2023-12-31,Shoes,Mobile,Discount Seekers
CUS-01640,25-34,Male,Italy,Returning,Google Search,2023-05-24,Shoes,Mobile,At Risk
CUS-01641,18-24,Male,Germany,New,Google Search,2025-09-08,Shoes,Desktop,New Customers
CUS-01642,25-34,Male,Germany,Returning,TikTok Ads,2024-10-20,Accessories,Mobile,Potential Loyalists
CUS-01643,25-34,Female,Netherlands,Returning,Google Search,2024-10-29,Shoes,Mobile,Hibernating
CUS-01644,35-44,Female,France,Returning,Meta Ads,2024-03-21,Dresses,Mobile,At Risk
CUS-01645,25-34,Female,France,New,Google Search,2025-08-11,Sportswear,Desktop,New Customers
CUS-01646,45-54,Male,France,Returning,Email,2024-05-14,Sportswear,Mobile,Discount Seekers
CUS-01647,35-44,Female,Spain,Returning,Email,2025-02-06,Accessories,Tablet,Loyal Customers
CUS-01648,45-54,Female,France,Returning,Affiliate,2024-07-06,Accessories,Mobile,Loyal Customers
CUS-01649,55+,Male,Poland,Returning,Google Search,2023-09-30,Jeans,Mobile,At Risk
CUS-01650,18-24,Female,UK,Returning,Organic Search,2024-05-03,Dresses,Mobile,High-Value Customers
CUS-01651,35-44,Female,Spain,Returning,Email,2023-05-29,Dresses,Mobile,Loyal Customers
CUS-01652,25-34,Female,Poland,Returning,TikTok Ads,2025-01-15,Dresses,Mobile,Loyal Customers
CUS-01653,55+,Male,Germany,Returning,Email,2024-09-15,Dresses,Mobile,Loyal Customers
CUS-01654,55+,Male,Netherlands,Returning,TikTok Ads,2024-07-02,Sportswear,Mobile,Discount Seekers
CUS-01655,35-44,Female,France,Returning,Google Search,2023-07-22,Jeans,Mobile,Loyal Customers
CUS-01656,18-24,Male,UK,New,TikTok Ads,2025-11-15,Sportswear,Desktop,New Customers
CUS-01657,45-54,Female,UK,Returning,Affiliate,2023-12-31,Dresses,Desktop,High-Value Customers
CUS-01658,35-44,Female,UK,Returning,Organic Search,2024-01-26,Sportswear,Mobile,Champions
CUS-01659,35-44,Male,Netherlands,New,Google Search,2025-12-03,Sportswear,Desktop,New Customers
CUS-01660,25-34,Male,UK,New,Google Search,2025-09-02,Accessories,Desktop,New Customers
CUS-01661,18-24,Male,France,Returning,Meta Ads,2023-04-22,Shoes,Desktop,Hibernating
CUS-01662,45-54,Male,Poland,Returning,Affiliate,2024-06-02,Beauty,Mobile,Potential Loyalists
CUS-01663,35-44,Female,Italy,Returning,Affiliate,2023-06-01,Accessories,Mobile,Potential Loyalists
CUS-01664,35-44,Female,Netherlands,Returning,Google Search,2024-07-24,Dresses,Desktop,Loyal Customers
CUS-01665,25-34,Female,Germany,Returning,Google Search,2023-07-07,Shoes,Mobile,Hibernating
CUS-01666,45-54,Male,Germany,Returning,Meta Ads,2024-06-23,Accessories,Desktop,Hibernating
CUS-01667,35-44,Female,Poland,Returning,TikTok Ads,2024-09-26,Dresses,Mobile,Loyal Customers
CUS-01668,25-34,Male,Germany,Returning,Google Search,2025-06-13,Beauty,Mobile,Potential Loyalists
CUS-01669,45-54,Female,Netherlands,Returning,Affiliate,2025-04-09,Shoes,Mobile,Discount Seekers
CUS-01670,25-34,Female,Spain,Returning,Email,2025-03-21,Shoes,Mobile,Champions
CUS-01671,25-34,Male,Italy,Returning,Meta Ads,2025-03-22,Beauty,Mobile,Potential Loyalists
CUS-01672,55+,Female,Netherlands,New,Display Ads,2025-11-10,Accessories,Mobile,New Customers
CUS-01673,35-44,Female,Poland,Returning,Meta Ads,2025-03-12,Beauty,Desktop,Potential Loyalists
CUS-01674,18-24,Female,Germany,Returning,Google Search,2025-05-31,Beauty,Desktop,Potential Loyalists
CUS-01675,55+,Female,France,New,Google Search,2025-10-31,Beauty,Mobile,New Customers
CUS-01676,25-34,Male,France,Returning,Google Search,2024-07-06,Jeans,Mobile,Loyal Customers
CUS-01677,25-34,Male,Germany,New,Google Search,2025-08-25,Accessories,Mobile,New Customers
CUS-01678,55+,Male,Spain,Returning,TikTok Ads,2023-11-11,Dresses,Mobile,At Risk
CUS-01679,45-54,Female,UK,New,TikTok Ads,2025-06-15,Beauty,Desktop,New Customers
CUS-01680,18-24,Male,Germany,Returning,Organic Search,2024-11-01,Bags,Mobile,Champions
CUS-01681,55+,Female,Spain,Returning,Google Search,2025-04-18,Sportswear,Mobile,Discount Seekers
CUS-01682,35-44,Female,France,Returning,Display Ads,2024-09-30,Dresses,Desktop,Loyal Customers
CUS-01683,35-44,Female,UK,Returning,Display Ads,2023-03-27,Accessories,Tablet,Hibernating
CUS-01684,25-34,Female,France,Returning,Google Search,2023-12-24,Sportswear,Mobile,Potential Loyalists
CUS-01685,25-34,Male,Spain,Returning,Email,2023-01-25,Jeans,Mobile,Hibernating
CUS-01686,18-24,Male,Germany,Returning,Organic Search,2023-05-27,Accessories,Mobile,Loyal Customers
CUS-01687,18-24,Male,France,Returning,Google Search,2023-07-27,Accessories,Desktop,Loyal Customers
CUS-01688,35-44,Female,Spain,New,Organic Search,2025-10-10,Beauty,Mobile,New Customers
CUS-01689,55+,Male,UK,Returning,Email,2024-03-27,Sportswear,Mobile,Champions
CUS-01690,25-34,Male,Italy,Returning,Email,2024-11-15,Dresses,Mobile,Loyal Customers
CUS-01691,45-54,Female,Poland,Returning,Email,2023-04-30,Accessories,Mobile,Hibernating
CUS-01692,35-44,Female,Italy,Returning,Meta Ads,2024-12-25,Shoes,Mobile,Discount Seekers
CUS-01693,35-44,Male,Germany,Returning,Organic Search,2023-01-27,Shoes,Desktop,Champions
CUS-01694,18-24,Female,Germany,Returning,Display Ads,2023-08-17,Jeans,Desktop,Discount Seekers
CUS-01695,25-34,Female,Germany,Returning,Meta Ads,2024-02-01,Accessories,Mobile,Hibernating
CUS-01696,25-34,Female,France,Returning,TikTok Ads,2025-05-25,Dresses,Mobile,Discount Seekers
CUS-01697,25-34,Male,Germany,Returning,Email,2023-04-16,Dresses,Mobile,At Risk
CUS-01698,35-44,Male,Poland,Returning,TikTok Ads,2023-10-26,Dresses,Mobile,At Risk
CUS-01699,25-34,Female,Netherlands,New,Meta Ads,2025-07-12,Sportswear,Mobile,New Customers
CUS-01700,18-24,Non-binary/Other,Germany,Returning,Meta Ads,2023-04-26,Jeans,Mobile,At Risk
CUS-01701,18-24,Female,France,Returning,Meta Ads,2024-07-06,Jeans,Desktop,Discount Seekers
CUS-01702,55+,Female,UK,Returning,Organic Search,2024-07-19,Dresses,Desktop,Loyal Customers
CUS-01703,25-34,Male,Germany,Returning,Google Search,2024-03-13,Shoes,Mobile,Potential Loyalists
CUS-01704,35-44,Female,Poland,Returning,Google Search,2023-08-10,Sportswear,Desktop,Champions
CUS-01705,35-44,Female,UK,Returning,TikTok Ads,2024-08-04,Dresses,Desktop,Discount Seekers
CUS-01706,18-24,Female,Italy,New,TikTok Ads,2025-07-08,Accessories,Mobile,New Customers
CUS-01707,35-44,Female,Germany,Returning,Meta Ads,2024-09-30,Jeans,Mobile,At Risk
CUS-01708,35-44,Female,Spain,Returning,Meta Ads,2024-10-22,Sportswear,Tablet,Discount Seekers
CUS-01709,45-54,Male,Netherlands,Returning,Google Search,2023-10-18,Bags,Desktop,High-Value Customers
CUS-01710,25-34,Female,Italy,Returning,Organic Search,2024-02-13,Jeans,Desktop,Loyal Customers
CUS-01711,35-44,Female,France,Returning,Organic Search,2023-12-09,Jeans,Mobile,Hibernating
CUS-01712,25-34,Female,Spain,Returning,Google Search,2025-05-14,Sportswear,Tablet,Discount Seekers
CUS-01713,45-54,Male,France,Returning,Email,2024-08-22,Sportswear,Desktop,Champions
CUS-01714,45-54,Female,Netherlands,Returning,Email,2023-07-25,Jeans,Desktop,Hibernating
CUS-01715,35-44,Male,UK,Returning,Google Search,2024-12-16,Shoes,Mobile,Potential Loyalists
CUS-01716,35-44,Male,Germany,Returning,Google Search,2024-06-15,Shoes,Desktop,At Risk
CUS-01717,18-24,Female,Germany,New,Affiliate,2025-07-21,Shoes,Desktop,New Customers
CUS-01718,35-44,Male,UK,Returning,Meta Ads,2023-06-17,Jeans,Mobile,Loyal Customers
CUS-01719,35-44,Female,Spain,Returning,Google Search,2024-04-15,Accessories,Mobile,Loyal Customers
CUS-01720,55+,Female,France,Returning,Organic Search,2024-01-29,Jeans,Desktop,Loyal Customers
CUS-01721,25-34,Female,UK,Returning,Meta Ads,2024-07-14,Jeans,Desktop,Loyal Customers
CUS-01722,45-54,Female,UK,Returning,Organic Search,2023-12-22,Shoes,Mobile,At Risk
CUS-01723,25-34,Female,Germany,Returning,Meta Ads,2024-06-23,Sportswear,Desktop,Potential Loyalists
CUS-01724,35-44,Female,France,Returning,Email,2024-06-20,Shoes,Mobile,Loyal Customers
CUS-01725,25-34,Male,UK,Returning,TikTok Ads,2023-10-19,Jeans,Tablet,At Risk
CUS-01726,45-54,Female,Netherlands,Returning,Email,2023-06-11,Bags,Mobile,At Risk
CUS-01727,25-34,Male,Poland,New,TikTok Ads,2025-08-26,Sportswear,Mobile,New Customers
CUS-01728,25-34,Female,Germany,Returning,Affiliate,2023-06-15,Sportswear,Tablet,Discount Seekers
CUS-01729,35-44,Male,Germany,Returning,Google Search,2025-05-24,Sportswear,Mobile,Potential Loyalists
CUS-01730,25-34,Female,UK,Returning,TikTok Ads,2024-01-09,Sportswear,Mobile,Discount Seekers
CUS-01731,18-24,Male,Spain,Returning,Organic Search,2023-03-19,Bags,Mobile,Champions
CUS-01732,45-54,Female,Germany,Returning,Google Search,2023-03-26,Beauty,Mobile,Hibernating
CUS-01733,55+,Male,Spain,Returning,Display Ads,2024-09-29,Bags,Desktop,High-Value Customers
CUS-01734,18-24,Male,UK,Returning,Organic Search,2024-10-11,Dresses,Mobile,Discount Seekers
CUS-01735,45-54,Male,Netherlands,New,Google Search,2025-06-26,Beauty,Mobile,New Customers
CUS-01736,55+,Female,Italy,Returning,Google Search,2023-04-26,Shoes,Desktop,At Risk
CUS-01737,55+,Female,Italy,Returning,Affiliate,2025-04-18,Sportswear,Mobile,Potential Loyalists
CUS-01738,35-44,Male,Spain,Returning,Email,2024-08-04,Dresses,Mobile,At Risk
CUS-01739,18-24,Female,Poland,Returning,Organic Search,2023-11-26,Shoes,Mobile,Hibernating
CUS-01740,35-44,Female,Spain,Returning,Email,2025-01-09,Jackets,Mobile,High-Value Customers
CUS-01741,35-44,Male,UK,New,Google Search,2025-09-19,Accessories,Mobile,New Customers
CUS-01742,35-44,Male,Poland,Returning,Email,2024-08-11,Bags,Desktop,Champions
CUS-01743,35-44,Female,Spain,Returning,Organic Search,2024-05-27,Dresses,Mobile,At Risk
CUS-01744,45-54,Male,France,Returning,Display Ads,2023-04-07,Accessories,Desktop,Loyal Customers
CUS-01745,25-34,Male,Spain,Returning,Email,2024-09-20,Jeans,Tablet,Loyal Customers
CUS-01746,35-44,Female,France,Returning,Meta Ads,2025-04-23,Sportswear,Mobile,Potential Loyalists
CUS-01747,18-24,Female,Spain,Returning,Meta Ads,2023-05-07,Jeans,Mobile,Hibernating
CUS-01748,25-34,Female,Poland,Returning,Email,2024-08-27,Shoes,Mobile,Loyal Customers
CUS-01749,18-24,Male,Poland,Returning,Google Search,2024-04-17,Jeans,Mobile,Loyal Customers
CUS-01750,18-24,Female,Italy,Returning,Email,2023-02-19,Bags,Mobile,Champions
CUS-01751,18-24,Female,Spain,Returning,Email,2025-08-04,Sportswear,Mobile,Discount Seekers
CUS-01752,35-44,Male,France,Returning,Meta Ads,2024-11-01,Shoes,Desktop,At Risk
CUS-01753,35-44,Female,France,Returning,Affiliate,2024-07-12,Jackets,Mobile,Champions
CUS-01754,25-34,Male,Poland,Returning,Email,2023-05-21,Shoes,Mobile,Champions
CUS-01755,25-34,Female,Netherlands,New,Meta Ads,2025-08-20,Accessories,Mobile,New Customers
CUS-01756,18-24,Female,France,Returning,Meta Ads,2025-03-04,Shoes,Mobile,Potential Loyalists
CUS-01757,35-44,Male,UK,Returning,Meta Ads,2024-03-12,Dresses,Desktop,At Risk
CUS-01758,25-34,Male,Italy,New,Organic Search,2025-07-23,Accessories,Mobile,New Customers
CUS-01759,18-24,Female,France,Returning,Meta Ads,2025-06-20,Jeans,Mobile,Discount Seekers
CUS-01760,18-24,Female,Italy,Returning,Meta Ads,2023-07-06,Shoes,Desktop,Potential Loyalists
CUS-01761,18-24,Male,Poland,Returning,Meta Ads,2023-06-06,Jeans,Mobile,At Risk
CUS-01762,35-44,Female,Germany,Returning,Google Search,2025-02-27,Sportswear,Desktop,Champions
CUS-01763,25-34,Female,Germany,Returning,Affiliate,2023-09-10,Shoes,Desktop,High-Value Customers
CUS-01764,45-54,Female,France,Returning,TikTok Ads,2023-10-27,Shoes,Mobile,High-Value Customers
CUS-01765,45-54,Female,France,Returning,Organic Search,2024-01-20,Jeans,Desktop,Hibernating
CUS-01766,18-24,Male,Germany,New,Google Search,2025-11-21,Accessories,Mobile,New Customers
CUS-01767,35-44,Male,France,Returning,Display Ads,2023-01-28,Dresses,Mobile,Loyal Customers
CUS-01768,18-24,Female,France,Returning,Affiliate,2024-10-04,Beauty,Mobile,Hibernating
CUS-01769,25-34,Female,Germany,Returning,Google Search,2023-10-02,Jeans,Mobile,Hibernating
CUS-01770,45-54,Female,Germany,Returning,Email,2023-01-20,Accessories,Mobile,Loyal Customers
CUS-01771,25-34,Male,Germany,New,Display Ads,2025-07-21,Sportswear,Desktop,New Customers
CUS-01772,55+,Female,Germany,New,Meta Ads,2025-06-16,Shoes,Desktop,New Customers
CUS-01773,25-34,Male,UK,Returning,Meta Ads,2023-07-13,Shoes,Mobile,Hibernating
CUS-01774,18-24,Male,France,Returning,Email,2024-09-22,Dresses,Mobile,At Risk
CUS-01775,35-44,Male,Germany,Returning,Organic Search,2023-12-31,Jeans,Desktop,At Risk
CUS-01776,35-44,Female,Spain,Returning,TikTok Ads,2024-10-22,Bags,Mobile,At Risk
CUS-01777,25-34,Female,Netherlands,Returning,Meta Ads,2023-11-27,Shoes,Mobile,Potential Loyalists
CUS-01778,25-34,Female,Netherlands,Returning,Organic Search,2024-11-21,Accessories,Desktop,Potential Loyalists
CUS-01779,35-44,Male,Netherlands,Returning,Google Search,2025-03-15,Jackets,Desktop,Champions
CUS-01780,18-24,Female,Germany,Returning,Display Ads,2024-09-05,Beauty,Mobile,Hibernating
CUS-01781,18-24,Male,France,New,Organic Search,2025-06-09,Shoes,Mobile,New Customers
CUS-01782,35-44,Female,Poland,New,Meta Ads,2025-12-14,Sportswear,Desktop,New Customers
CUS-01783,35-44,Male,Netherlands,Returning,Email,2024-03-24,Shoes,Mobile,Loyal Customers
CUS-01784,25-34,Male,UK,Returning,Google Search,2024-07-07,Accessories,Desktop,Loyal Customers
CUS-01785,25-34,Female,Poland,Returning,Email,2023-08-24,Dresses,Tablet,At Risk
CUS-01786,25-34,Female,France,Returning,Google Search,2024-01-15,Dresses,Mobile,Loyal Customers
CUS-01787,35-44,Female,France,Returning,TikTok Ads,2024-04-02,Jackets,Mobile,Champions
CUS-01788,45-54,Male,Germany,Returning,TikTok Ads,2024-06-16,Shoes,Desktop,Hibernating
CUS-01789,35-44,Female,Spain,Returning,Display Ads,2023-10-11,Accessories,Mobile,Potential Loyalists
CUS-01790,45-54,Male,Germany,Returning,Meta Ads,2024-10-05,Sportswear,Mobile,Potential Loyalists
CUS-01791,45-54,Female,Germany,New,Email,2025-10-27,Shoes,Mobile,New Customers
CUS-01792,35-44,Female,Spain,Returning,Google Search,2023-09-12,Jeans,Desktop,Hibernating
CUS-01793,25-34,Male,Germany,Returning,Affiliate,2023-10-08,Beauty,Mobile,Potential Loyalists
CUS-01794,18-24,Female,Germany,Returning,Meta Ads,2023-01-18,Shoes,Mobile,Hibernating
CUS-01795,18-24,Female,Italy,Returning,Meta Ads,2024-09-13,Dresses,Mobile,Discount Seekers
CUS-01796,35-44,Female,France,Returning,TikTok Ads,2023-01-28,Bags,Mobile,At Risk
CUS-01797,35-44,Non-binary/Other,Spain,New,Display Ads,2025-09-14,Sportswear,Mobile,New Customers
CUS-01798,35-44,Male,Germany,Returning,Google Search,2023-11-23,Beauty,Mobile,Hibernating
CUS-01799,45-54,Male,Germany,New,Meta Ads,2025-08-10,Accessories,Mobile,New Customers
CUS-01800,55+,Female,UK,Returning,Organic Search,2023-10-11,Accessories,Mobile,Potential Loyalists
CUS-01801,25-34,Female,Italy,New,Google Search,2025-07-28,Sportswear,Desktop,New Customers
CUS-01802,25-34,Female,Spain,Returning,Organic Search,2024-07-15,Accessories,Mobile,Potential Loyalists
CUS-01803,25-34,Male,Italy,Returning,Google Search,2023-03-01,Accessories,Desktop,Loyal Customers
CUS-01804,35-44,Female,Spain,Returning,Affiliate,2024-07-28,Beauty,Mobile,Potential Loyalists
CUS-01805,45-54,Male,France,Returning,Organic Search,2025-01-22,Shoes,Mobile,Loyal Customers
CUS-01806,25-34,Female,Poland,Returning,Affiliate,2025-03-31,Accessories,Mobile,Potential Loyalists
CUS-01807,55+,Male,Germany,New,Google Search,2025-09-20,Sportswear,Desktop,New Customers
CUS-01808,25-34,Female,Germany,Returning,TikTok Ads,2023-06-29,Sportswear,Mobile,Discount Seekers
CUS-01809,35-44,Male,France,Returning,Organic Search,2025-01-07,Shoes,Mobile,Champions
CUS-01810,25-34,Female,UK,Returning,Display Ads,2024-05-23,Jeans,Mobile,At Risk
CUS-01811,45-54,Male,France,New,Google Search,2025-06-08,Accessories,Mobile,New Customers
CUS-01812,25-34,Male,UK,Returning,Email,2023-05-25,Shoes,Desktop,Champions
CUS-01813,25-34,Male,Germany,Returning,Google Search,2023-11-25,Shoes,Mobile,Loyal Customers
CUS-01814,35-44,Female,UK,Returning,Email,2024-04-27,Jeans,Mobile,Loyal Customers
CUS-01815,55+,Female,UK,Returning,Organic Search,2024-08-20,Accessories,Mobile,Loyal Customers
CUS-01816,55+,Female,Germany,Returning,Meta Ads,2025-03-21,Shoes,Mobile,Potential Loyalists
CUS-01817,18-24,Male,UK,Returning,Organic Search,2024-08-09,Beauty,Mobile,Potential Loyalists
CUS-01818,35-44,Female,Italy,New,Google Search,2025-09-24,Beauty,Mobile,New Customers
CUS-01819,25-34,Female,UK,Returning,Google Search,2024-03-23,Shoes,Desktop,Champions
CUS-01820,18-24,Female,Germany,Returning,Meta Ads,2023-07-18,Jeans,Mobile,Loyal Customers
CUS-01821,55+,Male,Germany,Returning,Google Search,2024-09-08,Jackets,Mobile,Champions
CUS-01822,35-44,Female,Germany,New,Google Search,2025-11-10,Beauty,Desktop,New Customers
CUS-01823,55+,Female,UK,Returning,Meta Ads,2024-04-18,Sportswear,Mobile,Potential Loyalists
CUS-01824,25-34,Female,UK,New,Google Search,2025-09-03,Accessories,Desktop,New Customers
CUS-01825,35-44,Male,France,Returning,Organic Search,2025-03-06,Jeans,Mobile,Loyal Customers
CUS-01826,35-44,Female,Germany,Returning,Email,2023-02-17,Jackets,Mobile,Champions
CUS-01827,45-54,Female,Germany,Returning,Google Search,2024-10-15,Dresses,Desktop,Discount Seekers
CUS-01828,35-44,Female,UK,Returning,Meta Ads,2023-03-25,Accessories,Desktop,Loyal Customers
CUS-01829,45-54,Female,Netherlands,Returning,TikTok Ads,2024-06-03,Jeans,Mobile,Loyal Customers
CUS-01830,35-44,Male,France,Returning,Organic Search,2024-11-12,Dresses,Mobile,Loyal Customers
CUS-01831,25-34,Female,Netherlands,Returning,Google Search,2023-07-09,Bags,Mobile,High-Value Customers
CUS-01832,35-44,Male,Spain,Returning,Meta Ads,2024-03-09,Dresses,Mobile,At Risk
CUS-01833,55+,Female,Poland,Returning,Organic Search,2023-03-09,Jeans,Desktop,At Risk
CUS-01834,25-34,Female,UK,Returning,Google Search,2024-05-26,Dresses,Desktop,High-Value Customers
CUS-01835,45-54,Male,Germany,Returning,Google Search,2023-03-29,Jackets,Mobile,Champions
CUS-01836,35-44,Male,Spain,Returning,Email,2023-10-14,Jackets,Desktop,High-Value Customers
CUS-01837,55+,Male,Spain,Returning,Google Search,2024-06-27,Jeans,Desktop,Loyal Customers
CUS-01838,25-34,Female,UK,Returning,Google Search,2024-08-19,Dresses,Mobile,At Risk
CUS-01839,35-44,Male,Spain,New,Meta Ads,2025-07-14,Sportswear,Desktop,New Customers
CUS-01840,25-34,Non-binary/Other,Poland,Returning,Google Search,2023-08-12,Beauty,Desktop,Potential Loyalists
CUS-01841,55+,Male,Germany,Returning,Affiliate,2024-12-30,Dresses,Mobile,Discount Seekers
CUS-01842,45-54,Male,France,Returning,Affiliate,2023-07-11,Shoes,Mobile,Loyal Customers
CUS-01843,35-44,Female,France,Returning,Organic Search,2025-02-27,Bags,Desktop,High-Value Customers
CUS-01844,35-44,Male,Netherlands,Returning,Google Search,2024-07-09,Beauty,Mobile,Potential Loyalists
CUS-01845,18-24,Female,Italy,Returning,Organic Search,2023-10-28,Jeans,Desktop,At Risk
CUS-01846,25-34,Female,Germany,Returning,Google Search,2024-04-02,Bags,Tablet,High-Value Customers
CUS-01847,35-44,Female,France,Returning,Organic Search,2024-01-11,Shoes,Tablet,Champions
CUS-01848,55+,Female,Spain,Returning,Google Search,2023-06-30,Dresses,Mobile,Discount Seekers
CUS-01849,45-54,Male,UK,New,Organic Search,2025-07-17,Shoes,Mobile,New Customers
CUS-01850,18-24,Female,Germany,Returning,Affiliate,2024-06-10,Jeans,Mobile,At Risk
CUS-01851,18-24,Male,UK,Returning,Meta Ads,2023-09-28,Jeans,Mobile,Loyal Customers
CUS-01852,55+,Female,Poland,New,TikTok Ads,2025-06-14,Sportswear,Desktop,New Customers
CUS-01853,18-24,Female,Spain,Returning,Google Search,2023-12-15,Jeans,Mobile,At Risk
CUS-01854,55+,Female,Spain,New,Google Search,2025-06-23,Shoes,Desktop,New Customers
CUS-01855,25-34,Female,Germany,Returning,Email,2023-06-15,Shoes,Desktop,Loyal Customers
CUS-01856,18-24,Female,Germany,Returning,Organic Search,2023-10-13,Shoes,Mobile,Loyal Customers
CUS-01857,18-24,Male,Spain,Returning,Organic Search,2024-02-25,Dresses,Mobile,Discount Seekers
CUS-01858,18-24,Male,UK,Returning,Affiliate,2023-12-04,Bags,Mobile,Champions
CUS-01859,25-34,Male,Germany,Returning,Organic Search,2023-02-09,Bags,Mobile,At Risk
CUS-01860,45-54,Female,UK,Returning,Meta Ads,2023-05-24,Shoes,Mobile,High-Value Customers
CUS-01861,18-24,Female,UK,Returning,Meta Ads,2024-04-07,Bags,Mobile,Champions
CUS-01862,18-24,Male,Spain,Returning,TikTok Ads,2024-12-24,Jeans,Desktop,Loyal Customers
CUS-01863,35-44,Female,Italy,Returning,Google Search,2023-03-24,Shoes,Mobile,At Risk
CUS-01864,25-34,Male,Germany,Returning,Meta Ads,2024-05-17,Shoes,Desktop,Champions
CUS-01865,18-24,Female,Poland,Returning,Affiliate,2024-11-15,Dresses,Mobile,At Risk
CUS-01866,35-44,Male,Italy,Returning,Organic Search,2023-07-02,Bags,Mobile,At Risk
CUS-01867,18-24,Female,France,Returning,Display Ads,2023-11-09,Dresses,Desktop,At Risk
CUS-01868,35-44,Male,Spain,Returning,Google Search,2024-06-13,Accessories,Mobile,Potential Loyalists
CUS-01869,18-24,Female,UK,Returning,Google Search,2024-02-04,Dresses,Mobile,At Risk
CUS-01870,25-34,Male,Germany,Returning,Display Ads,2024-09-26,Bags,Desktop,At Risk
CUS-01871,35-44,Male,UK,Returning,TikTok Ads,2024-11-18,Accessories,Desktop,Loyal Customers
CUS-01872,18-24,Male,Germany,New,TikTok Ads,2025-10-01,Beauty,Mobile,New Customers
CUS-01873,25-34,Female,Spain,Returning,Organic Search,2024-12-04,Jeans,Mobile,Discount Seekers
CUS-01874,45-54,Female,Germany,Returning,TikTok Ads,2023-11-13,Dresses,Desktop,At Risk
CUS-01875,18-24,Male,Poland,New,TikTok Ads,2025-12-13,Accessories,Desktop,New Customers
CUS-01876,35-44,Male,France,Returning,Google Search,2024-07-03,Accessories,Desktop,Potential Loyalists
CUS-01877,25-34,Male,Spain,Returning,Meta Ads,2023-03-08,Bags,Desktop,Champions
CUS-01878,35-44,Non-binary/Other,Netherlands,Returning,Organic Search,2024-10-19,Shoes,Desktop,Loyal Customers
CUS-01879,35-44,Female,France,Returning,Email,2023-10-23,Jackets,Mobile,Champions
CUS-01880,25-34,Female,Germany,Returning,TikTok Ads,2023-10-13,Bags,Mobile,High-Value Customers
CUS-01881,18-24,Male,UK,Returning,Organic Search,2023-06-19,Accessories,Desktop,Loyal Customers
CUS-01882,45-54,Male,Germany,Returning,Email,2023-07-02,Shoes,Mobile,Hibernating
CUS-01883,45-54,Female,Italy,Returning,Meta Ads,2024-07-02,Accessories,Desktop,Loyal Customers
CUS-01884,25-34,Male,UK,Returning,Affiliate,2024-11-01,Beauty,Desktop,Potential Loyalists
CUS-01885,25-34,Female,Italy,Returning,Organic Search,2023-08-06,Shoes,Mobile,Potential Loyalists
CUS-01886,25-34,Female,UK,Returning,TikTok Ads,2025-04-28,Sportswear,Mobile,Potential Loyalists
CUS-01887,25-34,Male,UK,Returning,Meta Ads,2023-02-25,Shoes,Mobile,Hibernating
CUS-01888,55+,Female,France,Returning,Email,2024-01-20,Shoes,Mobile,High-Value Customers
CUS-01889,25-34,Male,France,Returning,Google Search,2024-08-15,Sportswear,Desktop,Discount Seekers
CUS-01890,35-44,Male,France,Returning,Meta Ads,2024-09-08,Shoes,Mobile,Loyal Customers
CUS-01891,35-44,Male,UK,Returning,Organic Search,2024-06-09,Beauty,Desktop,Hibernating
CUS-01892,25-34,Female,France,Returning,Organic Search,2023-07-21,Jeans,Desktop,Loyal Customers
CUS-01893,25-34,Male,Netherlands,Returning,Google Search,2023-07-18,Sportswear,Mobile,Discount Seekers
CUS-01894,35-44,Female,Germany,New,Meta Ads,2025-06-14,Beauty,Desktop,New Customers
CUS-01895,35-44,Male,Italy,Returning,Organic Search,2025-07-06,Accessories,Mobile,Potential Loyalists
CUS-01896,45-54,Male,France,Returning,Meta Ads,2023-11-07,Accessories,Mobile,Loyal Customers
CUS-01897,18-24,Female,Germany,Returning,Organic Search,2024-12-09,Shoes,Mobile,Champions
CUS-01898,25-34,Female,UK,Returning,Organic Search,2023-07-27,Accessories,Mobile,Loyal Customers
CUS-01899,25-34,Female,Germany,Returning,TikTok Ads,2025-02-07,Shoes,Mobile,Discount Seekers
CUS-01900,18-24,Female,Germany,Returning,Display Ads,2023-06-26,Shoes,Mobile,Hibernating
CUS-01901,25-34,Male,Germany,Returning,Organic Search,2024-07-07,Shoes,Desktop,High-Value Customers
CUS-01902,18-24,Female,Germany,Returning,Meta Ads,2025-03-16,Shoes,Mobile,Loyal Customers
CUS-01903,35-44,Female,Italy,Returning,TikTok Ads,2023-07-21,Jeans,Mobile,At Risk
CUS-01904,45-54,Female,Italy,Returning,Organic Search,2024-06-08,Dresses,Mobile,Loyal Customers
CUS-01905,18-24,Male,Spain,New,Affiliate,2025-11-02,Beauty,Desktop,New Customers
CUS-01906,45-54,Male,Poland,Returning,Affiliate,2025-03-14,Sportswear,Mobile,Potential Loyalists
CUS-01907,35-44,Female,France,Returning,Google Search,2025-04-03,Beauty,Mobile,Potential Loyalists
CUS-01908,25-34,Male,France,New,Affiliate,2025-10-11,Shoes,Desktop,New Customers
CUS-01909,25-34,Male,UK,Returning,Organic Search,2024-10-30,Accessories,Mobile,Loyal Customers
CUS-01910,35-44,Female,UK,New,Meta Ads,2025-11-29,Beauty,Mobile,New Customers
CUS-01911,35-44,Female,Spain,Returning,Email,2024-12-24,Bags,Desktop,At Risk
CUS-01912,18-24,Female,Spain,Returning,Affiliate,2024-09-21,Jeans,Desktop,Loyal Customers
CUS-01913,45-54,Female,Italy,Returning,Meta Ads,2025-02-20,Dresses,Desktop,Discount Seekers
CUS-01914,25-34,Male,Italy,New,Google Search,2025-09-07,Sportswear,Mobile,New Customers
CUS-01915,25-34,Female,Netherlands,Returning,Email,2024-12-30,Beauty,Desktop,Hibernating
CUS-01916,25-34,Male,Germany,Returning,Meta Ads,2024-01-12,Shoes,Mobile,At Risk
CUS-01917,25-34,Non-binary/Other,Spain,Returning,TikTok Ads,2023-12-25,Shoes,Mobile,Hibernating
CUS-01918,35-44,Female,France,Returning,Meta Ads,2024-02-01,Accessories,Tablet,Hibernating
CUS-01919,25-34,Female,Germany,Returning,Meta Ads,2023-08-17,Jeans,Desktop,Discount Seekers
CUS-01920,25-34,Male,Germany,Returning,Organic Search,2023-06-07,Shoes,Mobile,At Risk
CUS-01921,55+,Male,Germany,Returning,Meta Ads,2024-04-25,Accessories,Desktop,Potential Loyalists
CUS-01922,25-34,Female,Germany,Returning,Email,2025-03-16,Bags,Mobile,Champions
CUS-01923,25-34,Female,Germany,Returning,Display Ads,2023-07-24,Shoes,Mobile,At Risk
CUS-01924,45-54,Male,UK,Returning,Email,2023-11-22,Bags,Mobile,Champions
CUS-01925,25-34,Male,France,Returning,Meta Ads,2025-02-24,Jeans,Mobile,Loyal Customers
CUS-01926,25-34,Male,Spain,Returning,Affiliate,2023-05-30,Shoes,Mobile,Champions
CUS-01927,18-24,Male,France,New,Google Search,2025-10-02,Accessories,Mobile,New Customers
CUS-01928,25-34,Female,UK,Returning,Email,2024-10-05,Shoes,Mobile,Loyal Customers
CUS-01929,35-44,Male,UK,Returning,Meta Ads,2023-10-01,Jeans,Mobile,At Risk
CUS-01930,25-34,Female,UK,Returning,Organic Search,2024-12-06,Accessories,Desktop,Hibernating
CUS-01931,25-34,Male,France,Returning,Display Ads,2023-01-13,Jeans,Desktop,Hibernating
CUS-01932,25-34,Female,Spain,Returning,Meta Ads,2023-10-14,Shoes,Desktop,Potential Loyalists
CUS-01933,45-54,Male,Germany,New,Meta Ads,2025-10-11,Shoes,Mobile,New Customers
CUS-01934,35-44,Female,Spain,New,Meta Ads,2025-11-30,Sportswear,Mobile,New Customers
CUS-01935,35-44,Male,UK,New,TikTok Ads,2025-08-19,Sportswear,Mobile,New Customers
CUS-01936,18-24,Male,UK,Returning,Meta Ads,2024-01-03,Dresses,Mobile,At Risk
CUS-01937,35-44,Male,Italy,Returning,TikTok Ads,2024-07-06,Dresses,Mobile,Loyal Customers
CUS-01938,35-44,Male,France,Returning,Organic Search,2024-04-19,Jackets,Mobile,High-Value Customers
CUS-01939,35-44,Male,Italy,Returning,Google Search,2023-03-30,Bags,Desktop,Champions
CUS-01940,35-44,Female,Germany,Returning,Organic Search,2024-02-14,Jeans,Mobile,Hibernating
CUS-01941,25-34,Male,Spain,Returning,Display Ads,2023-03-03,Dresses,Mobile,At Risk
CUS-01942,18-24,Female,Italy,Returning,Display Ads,2024-12-20,Dresses,Mobile,Loyal Customers
CUS-01943,35-44,Female,Italy,Returning,TikTok Ads,2023-11-23,Jeans,Mobile,Hibernating
CUS-01944,25-34,Male,Germany,Returning,Email,2024-12-09,Jackets,Tablet,Champions
CUS-01945,25-34,Male,UK,Returning,Organic Search,2024-02-13,Beauty,Mobile,Hibernating
CUS-01946,25-34,Female,Poland,Returning,Email,2023-10-01,Bags,Mobile,At Risk
CUS-01947,18-24,Female,France,Returning,Email,2023-05-29,Shoes,Desktop,Loyal Customers
CUS-01948,55+,Female,France,Returning,Email,2023-09-11,Sportswear,Mobile,Champions
CUS-01949,45-54,Male,UK,Returning,TikTok Ads,2024-10-29,Accessories,Mobile,Hibernating
CUS-01950,25-34,Male,France,Returning,Meta Ads,2024-01-06,Beauty,Desktop,Potential Loyalists
CUS-01951,45-54,Female,UK,Returning,Email,2023-09-20,Sportswear,Desktop,Discount Seekers
CUS-01952,25-34,Male,UK,Returning,Google Search,2023-06-19,Shoes,Mobile,Hibernating
CUS-01953,25-34,Female,Italy,Returning,Email,2023-12-18,Jeans,Mobile,At Risk
CUS-01954,25-34,Female,Poland,Returning,Google Search,2024-11-06,Beauty,Mobile,Potential Loyalists
CUS-01955,25-34,Female,Spain,Returning,Email,2024-06-06,Shoes,Mobile,At Risk
CUS-01956,18-24,Female,Germany,Returning,Google Search,2025-07-03,Sportswear,Tablet,Discount Seekers
CUS-01957,25-34,Female,Germany,Returning,Affiliate,2024-01-16,Bags,Mobile,Champions
CUS-01958,25-34,Female,Poland,Returning,Organic Search,2025-07-03,Accessories,Mobile,Potential Loyalists
CUS-01959,45-54,Male,Italy,Returning,Email,2023-11-15,Dresses,Desktop,Loyal Customers
CUS-01960,25-34,Female,Spain,Returning,Meta Ads,2023-11-09,Beauty,Mobile,Potential Loyalists
CUS-01961,25-34,Male,UK,Returning,Affiliate,2023-05-18,Beauty,Mobile,Hibernating
CUS-01962,25-34,Female,Spain,New,Email,2025-06-15,Beauty,Mobile,New Customers
CUS-01963,55+,Female,Netherlands,New,Google Search,2025-11-21,Accessories,Mobile,New Customers
CUS-01964,25-34,Male,Italy,Returning,TikTok Ads,2024-04-03,Beauty,Desktop,Potential Loyalists
CUS-01965,35-44,Male,Spain,Returning,Email,2024-09-04,Jeans,Mobile,Loyal Customers
CUS-01966,25-34,Female,UK,Returning,Meta Ads,2024-05-18,Dresses,Mobile,Loyal Customers
CUS-01967,35-44,Female,Poland,Returning,Organic Search,2024-12-01,Sportswear,Desktop,Discount Seekers
CUS-01968,25-34,Female,Italy,Returning,Email,2023-08-05,Jeans,Desktop,At Risk
CUS-01969,55+,Female,Netherlands,Returning,Affiliate,2024-02-27,Accessories,Mobile,Potential Loyalists
CUS-01970,18-24,Female,Poland,Returning,TikTok Ads,2023-08-07,Shoes,Mobile,Hibernating
CUS-01971,25-34,Female,Germany,Returning,Email,2025-02-24,Sportswear,Mobile,Champions
CUS-01972,45-54,Female,France,Returning,Google Search,2024-07-24,Shoes,Mobile,Loyal Customers
CUS-01973,25-34,Female,UK,Returning,Google Search,2024-05-18,Jeans,Mobile,Loyal Customers
CUS-01974,18-24,Female,Germany,Returning,Organic Search,2023-12-02,Bags,Mobile,High-Value Customers
CUS-01975,35-44,Female,UK,Returning,Meta Ads,2023-12-11,Shoes,Mobile,At Risk
CUS-01976,18-24,Male,Spain,Returning,Google Search,2023-07-03,Dresses,Desktop,At Risk
CUS-01977,18-24,Female,Poland,Returning,Meta Ads,2023-07-13,Shoes,Desktop,Champions
CUS-01978,25-34,Female,Germany,Returning,Affiliate,2023-10-14,Jeans,Mobile,Loyal Customers
CUS-01979,18-24,Male,Italy,Returning,Email,2024-09-05,Shoes,Mobile,At Risk
CUS-01980,25-34,Female,Italy,Returning,Google Search,2025-01-20,Shoes,Mobile,Potential Loyalists
CUS-01981,25-34,Female,Italy,Returning,Meta Ads,2024-07-01,Dresses,Mobile,Discount Seekers
CUS-01982,35-44,Male,Spain,Returning,Organic Search,2023-08-23,Beauty,Desktop,Hibernating
CUS-01983,35-44,Male,Spain,New,Google Search,2025-11-01,Sportswear,Mobile,New Customers
CUS-01984,35-44,Female,UK,Returning,Google Search,2023-09-18,Shoes,Mobile,Hibernating
CUS-01985,25-34,Female,Germany,Returning,TikTok Ads,2024-04-15,Shoes,Mobile,High-Value Customers
CUS-01986,35-44,Female,Netherlands,New,TikTok Ads,2025-07-31,Accessories,Mobile,New Customers
CUS-01987,18-24,Female,Netherlands,Returning,Affiliate,2024-09-29,Dresses,Desktop,At Risk
CUS-01988,45-54,Male,Germany,Returning,Meta Ads,2025-07-05,Shoes,Mobile,Discount Seekers
CUS-01989,35-44,Female,Spain,Returning,Google Search,2023-03-06,Dresses,Desktop,Loyal Customers
CUS-01990,18-24,Male,France,Returning,Email,2023-09-20,Jeans,Desktop,Discount Seekers
CUS-01991,25-34,Female,Germany,Returning,Organic Search,2024-03-26,Shoes,Desktop,Champions
CUS-01992,35-44,Male,Germany,Returning,Google Search,2023-07-01,Dresses,Desktop,At Risk
CUS-01993,18-24,Female,Germany,Returning,Email,2023-12-16,Beauty,Mobile,Hibernating
CUS-01994,45-54,Female,Italy,Returning,Email,2023-04-14,Dresses,Mobile,At Risk
CUS-01995,25-34,Male,Italy,New,Google Search,2025-09-26,Accessories,Tablet,New Customers
CUS-01996,18-24,Female,France,Returning,Google Search,2023-03-19,Bags,Tablet,At Risk
CUS-01997,18-24,Female,Germany,Returning,Email,2023-02-13,Jeans,Mobile,Loyal Customers
CUS-01998,35-44,Male,Germany,Returning,Meta Ads,2024-07-19,Accessories,Desktop,Loyal Customers
CUS-01999,25-34,Non-binary/Other,Spain,Returning,Organic Search,2024-03-15,Dresses,Mobile,Loyal Customers
CUS-02000,25-34,Female,Germany,Returning,Organic Search,2023-07-21,Shoes,Mobile,At Risk
CUS-02001,45-54,Male,Germany,New,TikTok Ads,2025-06-19,Shoes,Mobile,New Customers
CUS-02002,18-24,Male,Spain,Returning,Organic Search,2023-03-13,Dresses,Mobile,Loyal Customers
CUS-02003,18-24,Non-binary/Other,Netherlands,Returning,Display Ads,2025-04-27,Jeans,Mobile,Discount Seekers
CUS-02004,35-44,Female,UK,Returning,Google Search,2024-04-20,Sportswear,Mobile,Potential Loyalists
CUS-02005,55+,Male,Spain,New,Google Search,2025-11-14,Accessories,Desktop,New Customers
CUS-02006,18-24,Female,Germany,Returning,Organic Search,2024-09-26,Shoes,Desktop,Potential Loyalists
CUS-02007,35-44,Female,Germany,Returning,Email,2024-06-28,Dresses,Desktop,Loyal Customers
CUS-02008,18-24,Female,Germany,Returning,Google Search,2023-09-09,Shoes,Mobile,Hibernating
CUS-02009,25-34,Female,Italy,New,Meta Ads,2025-12-01,Beauty,Mobile,New Customers
CUS-02010,45-54,Female,UK,Returning,Google Search,2024-01-31,Sportswear,Tablet,Champions
CUS-02011,18-24,Male,Italy,Returning,Meta Ads,2023-06-12,Bags,Mobile,High-Value Customers
CUS-02012,25-34,Female,Spain,Returning,Organic Search,2024-11-23,Jeans,Desktop,Hibernating
CUS-02013,35-44,Female,Spain,Returning,Google Search,2023-10-24,Beauty,Mobile,Hibernating
CUS-02014,35-44,Male,France,Returning,TikTok Ads,2025-02-06,Dresses,Desktop,Discount Seekers
CUS-02015,25-34,Male,Italy,Returning,Meta Ads,2023-12-19,Dresses,Mobile,Discount Seekers
CUS-02016,25-34,Male,Spain,Returning,Organic Search,2025-01-22,Accessories,Mobile,Potential Loyalists
CUS-02017,25-34,Female,UK,Returning,Meta Ads,2024-02-17,Dresses,Mobile,At Risk
CUS-02018,25-34,Female,UK,Returning,Affiliate,2023-04-16,Shoes,Mobile,At Risk
CUS-02019,25-34,Female,Spain,Returning,Email,2024-09-12,Jeans,Mobile,Loyal Customers
CUS-02020,18-24,Female,Poland,Returning,Organic Search,2023-05-28,Accessories,Mobile,Loyal Customers
CUS-02021,25-34,Male,Italy,Returning,Meta Ads,2023-04-18,Shoes,Mobile,Loyal Customers
CUS-02022,35-44,Male,UK,Returning,Meta Ads,2024-04-30,Bags,Mobile,At Risk
CUS-02023,25-34,Female,UK,Returning,Meta Ads,2024-09-01,Jeans,Desktop,Hibernating
CUS-02024,25-34,Male,Germany,Returning,Email,2024-11-28,Accessories,Desktop,Hibernating
CUS-02025,25-34,Male,Poland,Returning,Affiliate,2023-07-19,Beauty,Mobile,Potential Loyalists
CUS-02026,35-44,Female,France,Returning,Organic Search,2023-01-20,Jeans,Mobile,Loyal Customers
CUS-02027,55+,Female,Germany,New,Organic Search,2025-07-17,Sportswear,Mobile,New Customers
CUS-02028,18-24,Female,UK,New,Google Search,2025-08-24,Sportswear,Desktop,New Customers
CUS-02029,18-24,Male,Poland,Returning,Meta Ads,2025-01-19,Dresses,Desktop,Discount Seekers
CUS-02030,45-54,Male,Netherlands,Returning,Email,2024-02-13,Dresses,Tablet,Discount Seekers
CUS-02031,35-44,Male,UK,Returning,Organic Search,2025-05-26,Jeans,Desktop,Discount Seekers
CUS-02032,25-34,Male,UK,Returning,Display Ads,2023-07-27,Sportswear,Mobile,Discount Seekers
CUS-02033,18-24,Male,UK,Returning,Organic Search,2025-03-05,Shoes,Desktop,High-Value Customers
CUS-02034,45-54,Male,France,New,Meta Ads,2025-10-14,Accessories,Mobile,New Customers
CUS-02035,25-34,Female,France,Returning,Organic Search,2024-11-27,Shoes,Mobile,Champions
CUS-02036,45-54,Male,France,Returning,Google Search,2024-08-18,Sportswear,Desktop,Champions
CUS-02037,45-54,Female,France,Returning,Meta Ads,2023-09-12,Beauty,Mobile,Potential Loyalists
CUS-02038,18-24,Female,Germany,Returning,Google Search,2024-01-09,Accessories,Mobile,Loyal Customers
CUS-02039,25-34,Male,Spain,Returning,Meta Ads,2024-04-24,Shoes,Mobile,Loyal Customers
CUS-02040,25-34,Female,France,Returning,Organic Search,2023-10-05,Dresses,Mobile,High-Value Customers
CUS-02041,25-34,Female,Germany,Returning,Organic Search,2024-03-16,Accessories,Mobile,Loyal Customers
CUS-02042,55+,Female,Germany,Returning,Affiliate,2023-06-22,Shoes,Mobile,High-Value Customers
CUS-02043,45-54,Female,UK,Returning,Email,2024-11-29,Beauty,Mobile,Hibernating
CUS-02044,25-34,Female,Germany,Returning,Email,2023-04-11,Dresses,Mobile,At Risk
CUS-02045,55+,Female,Germany,Returning,Organic Search,2024-07-04,Dresses,Mobile,At Risk
CUS-02046,35-44,Female,UK,Returning,Meta Ads,2025-04-30,Accessories,Desktop,Potential Loyalists
CUS-02047,45-54,Male,Italy,Returning,Google Search,2023-03-24,Jeans,Desktop,At Risk
CUS-02048,18-24,Male,Germany,Returning,Organic Search,2023-09-11,Jeans,Mobile,Loyal Customers
CUS-02049,35-44,Female,Germany,Returning,Google Search,2025-02-21,Dresses,Desktop,Discount Seekers
CUS-02050,35-44,Male,France,Returning,Meta Ads,2024-04-21,Sportswear,Mobile,Potential Loyalists
CUS-02051,45-54,Male,Spain,Returning,Organic Search,2024-11-17,Accessories,Tablet,Loyal Customers
CUS-02052,45-54,Female,Germany,Returning,TikTok Ads,2024-04-28,Jeans,Mobile,Hibernating
CUS-02053,35-44,Female,Netherlands,Returning,Meta Ads,2023-11-23,Dresses,Mobile,At Risk
CUS-02054,35-44,Male,UK,New,Google Search,2025-12-13,Shoes,Tablet,New Customers
CUS-02055,35-44,Female,France,Returning,Organic Search,2024-07-08,Jeans,Mobile,At Risk
CUS-02056,35-44,Female,UK,Returning,Email,2024-07-09,Shoes,Mobile,Loyal Customers
CUS-02057,25-34,Female,UK,Returning,Organic Search,2023-03-25,Shoes,Mobile,At Risk
CUS-02058,25-34,Female,Spain,Returning,Meta Ads,2024-12-12,Accessories,Mobile,Potential Loyalists
CUS-02059,45-54,Female,Italy,Returning,Meta Ads,2024-03-04,Accessories,Desktop,Potential Loyalists
CUS-02060,18-24,Female,Germany,Returning,Affiliate,2023-05-12,Shoes,Mobile,Loyal Customers
CUS-02061,35-44,Female,Poland,Returning,Google Search,2024-10-13,Sportswear,Mobile,Potential Loyalists
CUS-02062,25-34,Female,Spain,Returning,Google Search,2023-12-19,Sportswear,Desktop,Potential Loyalists
CUS-02063,35-44,Female,Germany,New,Meta Ads,2025-07-17,Shoes,Mobile,New Customers
CUS-02064,25-34,Female,Poland,Returning,Meta Ads,2024-09-02,Jeans,Mobile,Loyal Customers
CUS-02065,25-34,Female,Italy,Returning,Email,2024-09-24,Dresses,Desktop,Loyal Customers
CUS-02066,18-24,Male,Germany,New,Meta Ads,2025-06-12,Beauty,Mobile,New Customers
CUS-02067,18-24,Male,UK,Returning,Display Ads,2025-02-21,Jeans,Mobile,Loyal Customers
CUS-02068,25-34,Male,France,Returning,Organic Search,2024-10-16,Shoes,Desktop,At Risk
CUS-02069,25-34,Female,Poland,Returning,Organic Search,2024-07-23,Shoes,Mobile,Discount Seekers
CUS-02070,18-24,Female,UK,New,Organic Search,2025-11-12,Beauty,Mobile,New Customers
CUS-02071,55+,Female,France,Returning,TikTok Ads,2023-08-30,Sportswear,Mobile,Discount Seekers
CUS-02072,35-44,Female,Netherlands,Returning,Meta Ads,2023-02-18,Bags,Mobile,Champions
CUS-02073,18-24,Female,Germany,Returning,Meta Ads,2024-01-28,Sportswear,Mobile,Champions
CUS-02074,25-34,Female,Germany,Returning,Meta Ads,2024-06-22,Beauty,Tablet,Hibernating
CUS-02075,35-44,Female,France,Returning,Organic Search,2023-06-28,Shoes,Desktop,Hibernating
CUS-02076,25-34,Female,Germany,Returning,Google Search,2023-11-17,Shoes,Mobile,Discount Seekers
CUS-02077,25-34,Male,Italy,Returning,Email,2024-01-30,Shoes,Mobile,Champions
CUS-02078,55+,Female,Netherlands,Returning,Meta Ads,2023-05-27,Beauty,Mobile,Hibernating
CUS-02079,35-44,Male,France,Returning,Affiliate,2024-12-26,Shoes,Desktop,Potential Loyalists
CUS-02080,18-24,Female,Netherlands,Returning,TikTok Ads,2025-01-01,Accessories,Tablet,Potential Loyalists
CUS-02081,45-54,Male,Netherlands,Returning,Affiliate,2023-01-30,Dresses,Mobile,Loyal Customers
CUS-02082,35-44,Female,Germany,Returning,Organic Search,2024-08-01,Shoes,Mobile,High-Value Customers
CUS-02083,35-44,Non-binary/Other,Italy,Returning,Meta Ads,2024-08-30,Jackets,Mobile,Champions
CUS-02084,25-34,Male,UK,Returning,Google Search,2023-12-05,Jeans,Desktop,Hibernating
CUS-02085,18-24,Female,Germany,Returning,Google Search,2023-10-10,Jeans,Tablet,At Risk
CUS-02086,45-54,Male,Germany,Returning,Organic Search,2024-06-25,Shoes,Mobile,Hibernating
CUS-02087,25-34,Female,Germany,Returning,Meta Ads,2023-11-05,Accessories,Mobile,Hibernating
CUS-02088,18-24,Female,Germany,Returning,Email,2024-06-20,Jeans,Mobile,Discount Seekers
CUS-02089,35-44,Male,Germany,Returning,Email,2023-03-12,Dresses,Desktop,Loyal Customers
CUS-02090,35-44,Female,Netherlands,Returning,TikTok Ads,2024-10-15,Shoes,Tablet,Champions
CUS-02091,35-44,Female,Italy,Returning,Google Search,2023-08-10,Shoes,Mobile,At Risk
CUS-02092,35-44,Male,Poland,Returning,Google Search,2023-11-23,Shoes,Desktop,Potential Loyalists
CUS-02093,45-54,Male,UK,Returning,Organic Search,2024-12-31,Accessories,Mobile,Loyal Customers
CUS-02094,25-34,Female,UK,Returning,Email,2023-02-02,Jeans,Mobile,Loyal Customers
CUS-02095,18-24,Female,UK,Returning,Google Search,2024-06-07,Accessories,Mobile,Potential Loyalists
CUS-02096,55+,Female,UK,Returning,Organic Search,2023-12-10,Bags,Mobile,Champions
CUS-02097,35-44,Male,Germany,Returning,Display Ads,2024-01-20,Bags,Tablet,Champions
CUS-02098,25-34,Female,UK,Returning,Display Ads,2025-08-10,Dresses,Mobile,Discount Seekers
CUS-02099,18-24,Male,Netherlands,Returning,TikTok Ads,2023-09-30,Shoes,Mobile,Potential Loyalists
CUS-02100,35-44,Female,France,Returning,Email,2023-11-08,Jackets,Tablet,High-Value Customers
CUS-02101,35-44,Female,Germany,Returning,Email,2024-08-14,Shoes,Desktop,High-Value Customers
CUS-02102,35-44,Female,Germany,Returning,Google Search,2023-01-02,Jeans,Desktop,Loyal Customers
CUS-02103,35-44,Male,Italy,Returning,Google Search,2023-02-12,Shoes,Mobile,Hibernating
CUS-02104,55+,Female,France,Returning,Meta Ads,2023-06-04,Jeans,Mobile,At Risk
CUS-02105,55+,Female,Poland,Returning,Email,2024-05-31,Jeans,Mobile,At Risk
CUS-02106,35-44,Female,Italy,Returning,Email,2024-01-01,Bags,Mobile,Champions
CUS-02107,35-44,Female,UK,Returning,Meta Ads,2023-10-15,Jeans,Mobile,Loyal Customers
CUS-02108,18-24,Male,Germany,Returning,Google Search,2025-03-11,Jackets,Desktop,Champions
CUS-02109,45-54,Female,Italy,Returning,Display Ads,2024-08-12,Shoes,Mobile,At Risk
CUS-02110,18-24,Male,UK,Returning,Email,2023-07-18,Jackets,Mobile,High-Value Customers
CUS-02111,25-34,Female,Poland,Returning,Meta Ads,2023-05-01,Bags,Mobile,At Risk
CUS-02112,25-34,Female,UK,Returning,Meta Ads,2024-12-15,Accessories,Desktop,Hibernating
CUS-02113,25-34,Male,Poland,Returning,Meta Ads,2023-02-26,Bags,Mobile,High-Value Customers
CUS-02114,45-54,Male,France,Returning,Google Search,2023-03-19,Jeans,Mobile,At Risk
CUS-02115,25-34,Female,UK,Returning,Affiliate,2023-07-27,Bags,Tablet,Champions
CUS-02116,55+,Female,Italy,Returning,Organic Search,2023-09-05,Dresses,Mobile,Discount Seekers
CUS-02117,25-34,Male,France,Returning,Meta Ads,2024-04-03,Sportswear,Mobile,Potential Loyalists
CUS-02118,25-34,Male,UK,Returning,Meta Ads,2024-04-10,Jackets,Mobile,Champions
CUS-02119,25-34,Female,UK,New,Google Search,2025-09-06,Sportswear,Mobile,New Customers
CUS-02120,18-24,Male,Germany,Returning,Meta Ads,2024-08-29,Dresses,Desktop,Discount Seekers
CUS-02121,25-34,Non-binary/Other,Italy,Returning,Email,2023-01-26,Shoes,Mobile,Loyal Customers
CUS-02122,18-24,Female,Spain,New,Google Search,2025-07-25,Sportswear,Mobile,New Customers
CUS-02123,25-34,Male,France,Returning,Email,2024-04-06,Shoes,Mobile,Loyal Customers
CUS-02124,35-44,Female,Italy,Returning,Email,2024-04-17,Jackets,Mobile,Champions
CUS-02125,45-54,Female,Germany,Returning,Organic Search,2023-11-07,Jackets,Mobile,Champions
CUS-02126,18-24,Female,France,Returning,Google Search,2023-06-06,Shoes,Desktop,Hibernating
CUS-02127,35-44,Male,Italy,Returning,Meta Ads,2024-11-24,Jeans,Mobile,Discount Seekers
CUS-02128,55+,Male,Italy,Returning,TikTok Ads,2023-03-22,Shoes,Mobile,Loyal Customers
CUS-02129,18-24,Female,UK,Returning,Google Search,2025-07-07,Sportswear,Mobile,Potential Loyalists
CUS-02130,25-34,Male,Italy,Returning,Google Search,2023-02-06,Dresses,Desktop,Loyal Customers
CUS-02131,25-34,Male,Germany,Returning,Email,2023-08-18,Jackets,Mobile,Champions
CUS-02132,25-34,Female,Germany,New,Meta Ads,2025-11-30,Beauty,Mobile,New Customers
CUS-02133,18-24,Female,France,Returning,TikTok Ads,2023-10-13,Dresses,Desktop,At Risk
CUS-02134,18-24,Female,Netherlands,Returning,Email,2024-05-08,Bags,Tablet,At Risk
CUS-02135,35-44,Female,UK,Returning,TikTok Ads,2024-12-17,Beauty,Mobile,Potential Loyalists
CUS-02136,55+,Female,France,New,Organic Search,2025-10-13,Sportswear,Desktop,New Customers
CUS-02137,35-44,Non-binary/Other,UK,Returning,Google Search,2024-06-06,Sportswear,Mobile,Champions
CUS-02138,45-54,Female,Italy,Returning,Meta Ads,2024-12-29,Dresses,Desktop,Loyal Customers
CUS-02139,35-44,Female,France,Returning,Meta Ads,2024-10-23,Dresses,Mobile,Discount Seekers
CUS-02140,55+,Male,UK,Returning,Google Search,2023-10-14,Beauty,Mobile,Hibernating
CUS-02141,25-34,Male,Poland,Returning,Meta Ads,2024-11-07,Dresses,Desktop,Discount Seekers
CUS-02142,25-34,Male,Poland,Returning,Display Ads,2023-12-12,Sportswear,Desktop,Discount Seekers
CUS-02143,25-34,Non-binary/Other,UK,Returning,TikTok Ads,2024-01-19,Dresses,Mobile,At Risk
CUS-02144,18-24,Male,France,Returning,Meta Ads,2024-07-30,Jeans,Mobile,Discount Seekers
CUS-02145,45-54,Male,Netherlands,Returning,Meta Ads,2023-11-13,Beauty,Desktop,Potential Loyalists
CUS-02146,35-44,Male,UK,Returning,Email,2023-02-28,Bags,Desktop,Champions
CUS-02147,35-44,Female,France,Returning,Organic Search,2024-03-13,Jackets,Mobile,Champions
CUS-02148,35-44,Female,Germany,Returning,Affiliate,2025-03-18,Shoes,Mobile,Loyal Customers
CUS-02149,18-24,Female,UK,Returning,Organic Search,2023-05-23,Bags,Mobile,Champions
CUS-02150,25-34,Female,Italy,Returning,Google Search,2025-02-19,Shoes,Mobile,Potential Loyalists
CUS-02151,35-44,Male,Italy,Returning,Affiliate,2023-06-25,Dresses,Mobile,At Risk
CUS-02152,35-44,Female,Poland,Returning,Meta Ads,2023-06-19,Beauty,Mobile,Hibernating
CUS-02153,45-54,Female,Netherlands,Returning,Google Search,2023-04-23,Shoes,Mobile,At Risk
CUS-02154,25-34,Male,France,Returning,Organic Search,2023-10-30,Accessories,Desktop,Loyal Customers
CUS-02155,45-54,Female,Italy,Returning,Organic Search,2024-12-01,Jeans,Desktop,Hibernating
CUS-02156,45-54,Female,Poland,Returning,Google Search,2023-06-25,Beauty,Mobile,Potential Loyalists
CUS-02157,25-34,Female,Spain,Returning,Email,2024-06-04,Sportswear,Mobile,Champions
CUS-02158,25-34,Female,Germany,Returning,Organic Search,2024-05-17,Sportswear,Mobile,Potential Loyalists
CUS-02159,55+,Female,Poland,Returning,Google Search,2025-08-07,Accessories,Mobile,Potential Loyalists
CUS-02160,45-54,Female,UK,Returning,Google Search,2023-07-16,Accessories,Tablet,Potential Loyalists
CUS-02161,25-34,Female,UK,Returning,Meta Ads,2024-03-22,Accessories,Mobile,Hibernating
CUS-02162,25-34,Female,France,Returning,Meta Ads,2023-12-03,Beauty,Desktop,Hibernating
CUS-02163,25-34,Female,Germany,Returning,Organic Search,2023-07-12,Shoes,Desktop,At Risk
CUS-02164,25-34,Female,Italy,Returning,Google Search,2025-01-05,Shoes,Tablet,Loyal Customers
CUS-02165,55+,Female,UK,Returning,Meta Ads,2024-12-22,Accessories,Mobile,Hibernating
CUS-02166,25-34,Female,Poland,Returning,Meta Ads,2023-10-13,Bags,Mobile,At Risk
CUS-02167,25-34,Male,Germany,Returning,Affiliate,2023-05-01,Shoes,Mobile,Loyal Customers
CUS-02168,35-44,Male,France,Returning,Meta Ads,2023-06-30,Jeans,Mobile,At Risk
CUS-02169,35-44,Female,Germany,New,Affiliate,2025-11-27,Shoes,Mobile,New Customers
CUS-02170,35-44,Female,France,New,Meta Ads,2025-08-27,Shoes,Mobile,New Customers
CUS-02171,35-44,Female,UK,Returning,Email,2024-12-15,Accessories,Mobile,Loyal Customers
CUS-02172,25-34,Female,Germany,New,Organic Search,2025-06-09,Sportswear,Desktop,New Customers
CUS-02173,25-34,Male,Netherlands,Returning,Meta Ads,2024-05-08,Bags,Desktop,Champions
CUS-02174,25-34,Female,France,Returning,TikTok Ads,2023-04-24,Accessories,Desktop,Loyal Customers
CUS-02175,25-34,Female,Italy,Returning,Google Search,2023-08-30,Jeans,Mobile,Loyal Customers
CUS-02176,45-54,Female,Germany,Returning,Organic Search,2024-12-28,Jackets,Mobile,High-Value Customers
CUS-02177,25-34,Male,Germany,Returning,Google Search,2025-07-21,Beauty,Mobile,Potential Loyalists
CUS-02178,45-54,Female,Germany,Returning,Google Search,2025-08-03,Accessories,Mobile,Potential Loyalists
CUS-02179,45-54,Female,Netherlands,Returning,Google Search,2023-12-20,Sportswear,Desktop,Potential Loyalists
CUS-02180,18-24,Male,UK,Returning,Organic Search,2025-05-23,Jeans,Desktop,Discount Seekers
CUS-02181,45-54,Female,UK,New,TikTok Ads,2025-09-21,Sportswear,Mobile,New Customers
CUS-02182,25-34,Male,UK,Returning,Google Search,2023-12-16,Shoes,Tablet,Discount Seekers
CUS-02183,25-34,Female,Spain,Returning,Google Search,2024-02-22,Accessories,Mobile,Potential Loyalists
CUS-02184,25-34,Female,Germany,Returning,Meta Ads,2023-07-07,Accessories,Mobile,Loyal Customers
CUS-02185,55+,Male,Germany,New,Meta Ads,2025-11-06,Beauty,Mobile,New Customers
CUS-02186,35-44,Female,Germany,Returning,Google Search,2023-11-27,Shoes,Mobile,Potential Loyalists
CUS-02187,55+,Male,Poland,Returning,Email,2023-04-01,Beauty,Mobile,Hibernating
CUS-02188,18-24,Female,Poland,Returning,Email,2025-05-16,Sportswear,Desktop,Discount Seekers
CUS-02189,45-54,Female,UK,New,Organic Search,2025-12-06,Beauty,Mobile,New Customers
CUS-02190,45-54,Male,Germany,Returning,Google Search,2024-06-23,Shoes,Desktop,High-Value Customers
CUS-02191,25-34,Female,Germany,New,Organic Search,2025-07-09,Shoes,Mobile,New Customers
CUS-02192,25-34,Female,France,Returning,Organic Search,2023-08-22,Accessories,Mobile,Potential Loyalists
CUS-02193,35-44,Female,UK,New,TikTok Ads,2025-07-01,Accessories,Mobile,New Customers
CUS-02194,18-24,Male,Spain,Returning,Organic Search,2025-02-26,Bags,Desktop,Champions
CUS-02195,25-34,Female,Germany,Returning,Affiliate,2023-02-11,Beauty,Mobile,Hibernating
CUS-02196,25-34,Male,UK,Returning,TikTok Ads,2023-02-04,Dresses,Mobile,Loyal Customers
CUS-02197,35-44,Female,Netherlands,Returning,Google Search,2023-09-13,Accessories,Mobile,Potential Loyalists
CUS-02198,25-34,Male,France,New,Affiliate,2025-08-11,Beauty,Mobile,New Customers
CUS-02199,35-44,Male,France,Returning,TikTok Ads,2023-01-28,Shoes,Mobile,Champions
CUS-02200,25-34,Male,Germany,Returning,Google Search,2024-04-28,Bags,Desktop,Champions
CUS-02201,35-44,Female,Poland,Returning,Meta Ads,2023-10-27,Bags,Mobile,At Risk
CUS-02202,25-34,Female,Poland,Returning,Meta Ads,2024-08-26,Bags,Mobile,Champions
CUS-02203,25-34,Male,Poland,New,TikTok Ads,2025-09-29,Accessories,Tablet,New Customers
CUS-02204,25-34,Female,Spain,Returning,Google Search,2024-11-16,Sportswear,Mobile,Potential Loyalists
CUS-02205,25-34,Male,Netherlands,Returning,Google Search,2023-12-21,Dresses,Mobile,Loyal Customers
CUS-02206,25-34,Female,France,Returning,Email,2024-03-03,Shoes,Mobile,Loyal Customers
CUS-02207,25-34,Male,Italy,Returning,Google Search,2023-12-15,Shoes,Mobile,Hibernating
CUS-02208,18-24,Female,UK,Returning,Organic Search,2024-04-10,Jackets,Desktop,High-Value Customers
CUS-02209,35-44,Non-binary/Other,UK,Returning,Email,2023-12-05,Jeans,Mobile,Loyal Customers
CUS-02210,45-54,Female,Italy,Returning,Meta Ads,2023-11-27,Dresses,Mobile,High-Value Customers
CUS-02211,35-44,Female,UK,Returning,Affiliate,2024-03-29,Shoes,Mobile,At Risk
CUS-02212,25-34,Male,Germany,Returning,Display Ads,2023-02-10,Bags,Desktop,At Risk
CUS-02213,35-44,Male,Germany,Returning,Email,2023-10-20,Jeans,Desktop,At Risk
CUS-02214,55+,Female,Netherlands,Returning,Display Ads,2024-11-09,Shoes,Mobile,At Risk
CUS-02215,35-44,Male,Germany,Returning,Meta Ads,2024-04-12,Jeans,Desktop,Hibernating
CUS-02216,35-44,Female,Poland,New,Google Search,2025-06-12,Accessories,Tablet,New Customers
CUS-02217,45-54,Female,Italy,New,Organic Search,2025-11-24,Shoes,Desktop,New Customers
CUS-02218,25-34,Female,Germany,Returning,TikTok Ads,2024-01-02,Sportswear,Tablet,Potential Loyalists
CUS-02219,18-24,Female,UK,Returning,Google Search,2023-10-22,Jeans,Desktop,Loyal Customers
CUS-02220,18-24,Male,Germany,Returning,Meta Ads,2024-09-02,Jeans,Mobile,At Risk
CUS-02221,35-44,Female,Italy,Returning,Google Search,2024-05-07,Shoes,Mobile,Champions
CUS-02222,18-24,Female,UK,Returning,Google Search,2025-06-05,Beauty,Mobile,Potential Loyalists
CUS-02223,25-34,Female,UK,Returning,Google Search,2025-01-21,Sportswear,Desktop,Champions
CUS-02224,55+,Female,Germany,Returning,Affiliate,2023-02-13,Jeans,Mobile,Loyal Customers
CUS-02225,25-34,Female,Spain,Returning,Organic Search,2023-05-27,Jeans,Mobile,At Risk
CUS-02226,45-54,Male,Spain,Returning,TikTok Ads,2023-03-20,Dresses,Tablet,At Risk
CUS-02227,35-44,Male,Netherlands,New,Organic Search,2025-09-20,Accessories,Mobile,New Customers
CUS-02228,25-34,Male,Germany,Returning,TikTok Ads,2024-02-01,Bags,Desktop,Champions
CUS-02229,25-34,Female,UK,New,Google Search,2025-07-25,Sportswear,Mobile,New Customers
CUS-02230,25-34,Female,Italy,Returning,Google Search,2024-03-13,Accessories,Mobile,Potential Loyalists
CUS-02231,18-24,Female,Italy,Returning,TikTok Ads,2024-11-30,Accessories,Desktop,Hibernating
CUS-02232,45-54,Male,Poland,New,Organic Search,2025-12-08,Sportswear,Mobile,New Customers
CUS-02233,35-44,Male,Spain,New,TikTok Ads,2025-10-12,Beauty,Desktop,New Customers
CUS-02234,35-44,Female,France,New,Google Search,2025-11-15,Shoes,Mobile,New Customers
CUS-02235,18-24,Male,France,Returning,Affiliate,2023-06-06,Shoes,Mobile,High-Value Customers
CUS-02236,25-34,Female,Italy,Returning,Email,2023-11-22,Shoes,Mobile,Hibernating
CUS-02237,45-54,Female,Poland,New,Meta Ads,2025-12-10,Shoes,Mobile,New Customers
CUS-02238,25-34,Female,Netherlands,New,TikTok Ads,2025-06-03,Accessories,Tablet,New Customers
CUS-02239,35-44,Female,France,Returning,Meta Ads,2024-03-31,Shoes,Desktop,Champions
CUS-02240,25-34,Female,UK,Returning,Meta Ads,2023-06-13,Shoes,Desktop,Discount Seekers
CUS-02241,45-54,Non-binary/Other,UK,Returning,Organic Search,2025-07-18,Beauty,Desktop,Potential Loyalists
CUS-02242,45-54,Female,Italy,Returning,Affiliate,2024-02-01,Shoes,Desktop,Loyal Customers
CUS-02243,45-54,Female,Poland,Returning,Email,2023-06-03,Dresses,Desktop,High-Value Customers
CUS-02244,18-24,Female,Spain,Returning,Display Ads,2023-11-06,Shoes,Desktop,Hibernating
CUS-02245,25-34,Female,UK,Returning,Organic Search,2024-04-19,Jackets,Mobile,Champions
CUS-02246,25-34,Male,Italy,Returning,Meta Ads,2023-03-09,Jackets,Mobile,Champions
CUS-02247,25-34,Male,UK,Returning,Email,2023-01-03,Jackets,Mobile,Champions
CUS-02248,35-44,Male,Germany,Returning,Meta Ads,2024-02-02,Dresses,Desktop,At Risk
CUS-02249,18-24,Female,Poland,Returning,Google Search,2024-05-04,Sportswear,Tablet,Champions
CUS-02250,18-24,Female,Poland,Returning,Meta Ads,2025-05-22,Sportswear,Mobile,Discount Seekers
CUS-02251,35-44,Male,Italy,Returning,Google Search,2024-01-02,Dresses,Mobile,Discount Seekers
CUS-02252,25-34,Male,Italy,New,Google Search,2025-10-20,Shoes,Tablet,New Customers
CUS-02253,25-34,Female,UK,Returning,Meta Ads,2023-09-19,Dresses,Mobile,At Risk
CUS-02254,35-44,Female,Italy,Returning,TikTok Ads,2023-09-24,Accessories,Mobile,Potential Loyalists
CUS-02255,25-34,Female,Germany,Returning,Meta Ads,2023-11-09,Sportswear,Mobile,Champions
CUS-02256,35-44,Male,Spain,Returning,Affiliate,2023-08-30,Accessories,Desktop,Hibernating
CUS-02257,25-34,Female,UK,Returning,Google Search,2024-02-16,Jeans,Mobile,Loyal Customers
CUS-02258,18-24,Female,Spain,Returning,Meta Ads,2023-09-19,Jackets,Mobile,Champions
CUS-02259,18-24,Male,Germany,Returning,Google Search,2024-07-18,Sportswear,Tablet,Potential Loyalists
CUS-02260,35-44,Male,Germany,Returning,Meta Ads,2024-03-27,Jackets,Mobile,Champions
CUS-02261,25-34,Male,Germany,New,Google Search,2025-09-26,Beauty,Mobile,New Customers
CUS-02262,35-44,Female,Italy,Returning,Organic Search,2023-04-27,Dresses,Mobile,At Risk
CUS-02263,25-34,Female,UK,Returning,TikTok Ads,2024-08-13,Shoes,Desktop,Hibernating
CUS-02264,25-34,Male,UK,Returning,Affiliate,2023-12-14,Dresses,Mobile,At Risk
CUS-02265,25-34,Male,France,Returning,Display Ads,2025-03-04,Sportswear,Tablet,Discount Seekers
CUS-02266,18-24,Female,Netherlands,Returning,TikTok Ads,2023-11-27,Accessories,Desktop,Potential Loyalists
CUS-02267,25-34,Female,UK,Returning,Email,2024-06-11,Sportswear,Mobile,Discount Seekers
CUS-02268,35-44,Female,UK,New,Meta Ads,2025-10-04,Beauty,Mobile,New Customers
CUS-02269,35-44,Male,Italy,Returning,Organic Search,2023-05-15,Shoes,Mobile,Loyal Customers
CUS-02270,18-24,Male,Germany,Returning,Organic Search,2025-01-18,Dresses,Mobile,Discount Seekers
CUS-02271,25-34,Male,France,Returning,Meta Ads,2024-01-28,Accessories,Desktop,Potential Loyalists
CUS-02272,45-54,Male,Spain,Returning,Meta Ads,2024-01-30,Shoes,Mobile,Champions
CUS-02273,35-44,Female,Poland,Returning,Organic Search,2024-01-01,Shoes,Mobile,Loyal Customers
CUS-02274,25-34,Female,UK,Returning,Organic Search,2023-07-23,Beauty,Desktop,Potential Loyalists
CUS-02275,25-34,Female,France,Returning,Google Search,2025-08-07,Sportswear,Desktop,Potential Loyalists
CUS-02276,25-34,Male,Italy,New,TikTok Ads,2025-10-18,Sportswear,Desktop,New Customers
CUS-02277,35-44,Female,Italy,Returning,Google Search,2024-06-06,Jeans,Mobile,Discount Seekers
CUS-02278,25-34,Female,Germany,Returning,Organic Search,2023-06-10,Shoes,Mobile,Potential Loyalists
CUS-02279,45-54,Male,Germany,New,TikTok Ads,2025-07-11,Accessories,Mobile,New Customers
CUS-02280,35-44,Female,France,Returning,Google Search,2024-03-01,Beauty,Mobile,Potential Loyalists
CUS-02281,45-54,Female,Germany,Returning,Organic Search,2024-01-29,Accessories,Mobile,Hibernating
CUS-02282,25-34,Female,UK,Returning,Google Search,2024-07-29,Jeans,Desktop,Loyal Customers
CUS-02283,18-24,Female,Netherlands,Returning,Google Search,2023-12-10,Jeans,Mobile,Loyal Customers
CUS-02284,18-24,Male,Germany,New,Organic Search,2025-08-13,Shoes,Mobile,New Customers
CUS-02285,25-34,Non-binary/Other,France,Returning,Google Search,2023-12-24,Jeans,Tablet,At Risk
CUS-02286,18-24,Female,Spain,Returning,Google Search,2023-03-21,Accessories,Mobile,Hibernating
CUS-02287,35-44,Female,France,Returning,Meta Ads,2023-05-21,Bags,Mobile,At Risk
CUS-02288,35-44,Male,UK,Returning,Google Search,2024-08-03,Jeans,Mobile,Hibernating
CUS-02289,45-54,Male,Poland,Returning,Affiliate,2023-11-26,Accessories,Tablet,Potential Loyalists
CUS-02290,25-34,Male,Germany,Returning,Google Search,2023-09-06,Bags,Mobile,Champions
CUS-02291,35-44,Female,Germany,Returning,Organic Search,2023-09-19,Dresses,Mobile,Loyal Customers
CUS-02292,25-34,Female,Netherlands,Returning,Meta Ads,2023-06-28,Shoes,Tablet,Champions
CUS-02293,45-54,Female,France,Returning,Meta Ads,2024-10-16,Shoes,Mobile,Potential Loyalists
CUS-02294,35-44,Female,Spain,New,Google Search,2025-11-29,Sportswear,Desktop,New Customers
CUS-02295,25-34,Female,Germany,Returning,Organic Search,2024-05-10,Shoes,Mobile,Potential Loyalists
CUS-02296,45-54,Female,Germany,New,TikTok Ads,2025-09-30,Beauty,Mobile,New Customers
CUS-02297,35-44,Female,France,New,Google Search,2025-08-09,Sportswear,Mobile,New Customers
CUS-02298,45-54,Female,Spain,Returning,Google Search,2024-01-17,Shoes,Desktop,At Risk
CUS-02299,45-54,Female,Germany,Returning,Meta Ads,2023-10-02,Jeans,Desktop,At Risk
CUS-02300,35-44,Female,France,Returning,Google Search,2025-07-26,Accessories,Mobile,Potential Loyalists
CUS-02301,45-54,Male,UK,Returning,TikTok Ads,2024-10-31,Shoes,Mobile,Potential Loyalists
CUS-02302,25-34,Female,Germany,Returning,Affiliate,2023-01-18,Jeans,Desktop,At Risk
CUS-02303,55+,Male,Germany,Returning,TikTok Ads,2024-01-06,Dresses,Desktop,At Risk
CUS-02304,25-34,Male,Spain,Returning,Organic Search,2024-07-09,Sportswear,Desktop,Potential Loyalists
CUS-02305,35-44,Male,Germany,Returning,Google Search,2025-05-27,Sportswear,Mobile,Potential Loyalists
CUS-02306,35-44,Male,UK,Returning,Email,2023-01-01,Shoes,Mobile,At Risk
CUS-02307,35-44,Male,UK,Returning,Google Search,2024-12-15,Bags,Mobile,At Risk
CUS-02308,18-24,Male,UK,Returning,Email,2024-04-07,Accessories,Mobile,Loyal Customers
CUS-02309,35-44,Female,France,New,TikTok Ads,2025-09-15,Beauty,Mobile,New Customers
CUS-02310,35-44,Female,UK,Returning,Google Search,2025-05-16,Shoes,Mobile,Discount Seekers
CUS-02311,35-44,Female,Netherlands,Returning,Affiliate,2023-12-25,Shoes,Mobile,Champions
CUS-02312,18-24,Female,Poland,Returning,Meta Ads,2024-07-14,Shoes,Mobile,Discount Seekers
CUS-02313,55+,Female,Italy,Returning,Organic Search,2024-06-30,Accessories,Desktop,Loyal Customers
CUS-02314,45-54,Female,UK,New,Google Search,2025-10-26,Accessories,Mobile,New Customers
CUS-02315,18-24,Female,Poland,New,Google Search,2025-12-05,Beauty,Mobile,New Customers
CUS-02316,25-34,Male,France,Returning,Email,2024-05-14,Sportswear,Mobile,Champions
CUS-02317,35-44,Female,Germany,Returning,Meta Ads,2024-01-26,Jeans,Desktop,Discount Seekers
CUS-02318,35-44,Male,Germany,New,Organic Search,2025-08-30,Shoes,Desktop,New Customers
CUS-02319,25-34,Female,Netherlands,Returning,Meta Ads,2024-03-26,Bags,Mobile,High-Value Customers
CUS-02320,35-44,Female,Italy,Returning,Affiliate,2025-03-25,Accessories,Mobile,Potential Loyalists
CUS-02321,35-44,Female,Poland,Returning,TikTok Ads,2025-03-28,Shoes,Mobile,Discount Seekers
CUS-02322,18-24,Female,Poland,Returning,Email,2024-07-02,Sportswear,Mobile,Discount Seekers
CUS-02323,18-24,Female,UK,New,TikTok Ads,2025-11-21,Beauty,Mobile,New Customers
CUS-02324,55+,Non-binary/Other,Spain,Returning,TikTok Ads,2023-09-12,Jeans,Mobile,Loyal Customers
CUS-02325,18-24,Male,Italy,Returning,Email,2023-06-13,Shoes,Mobile,At Risk
CUS-02326,45-54,Female,Germany,New,TikTok Ads,2025-07-27,Beauty,Desktop,New Customers
CUS-02327,25-34,Male,Poland,Returning,TikTok Ads,2023-10-07,Dresses,Desktop,Discount Seekers
CUS-02328,35-44,Female,Netherlands,New,Affiliate,2025-10-02,Accessories,Mobile,New Customers
CUS-02329,45-54,Female,Italy,Returning,Email,2023-06-08,Shoes,Mobile,Loyal Customers
CUS-02330,25-34,Male,Germany,Returning,Google Search,2024-03-09,Jeans,Mobile,Loyal Customers
CUS-02331,35-44,Female,Germany,Returning,Display Ads,2024-04-14,Dresses,Mobile,At Risk
CUS-02332,45-54,Male,UK,Returning,Display Ads,2024-01-23,Bags,Mobile,High-Value Customers
CUS-02333,18-24,Male,UK,Returning,Organic Search,2024-03-13,Shoes,Mobile,Champions
CUS-02334,45-54,Non-binary/Other,Germany,Returning,Google Search,2024-03-03,Accessories,Desktop,Hibernating
CUS-02335,25-34,Female,Poland,Returning,Google Search,2024-04-02,Shoes,Mobile,Discount Seekers
CUS-02336,18-24,Female,UK,Returning,Email,2024-06-04,Jackets,Mobile,Champions
CUS-02337,45-54,Female,UK,Returning,Google Search,2024-06-25,Shoes,Mobile,Loyal Customers
CUS-02338,35-44,Male,Germany,Returning,Display Ads,2023-06-24,Bags,Mobile,At Risk
CUS-02339,25-34,Female,France,Returning,Google Search,2023-10-25,Dresses,Desktop,At Risk
CUS-02340,35-44,Female,UK,Returning,Organic Search,2024-02-09,Sportswear,Mobile,Champions
CUS-02341,18-24,Female,UK,Returning,Email,2023-11-02,Jeans,Desktop,Discount Seekers
CUS-02342,25-34,Female,Spain,New,Meta Ads,2025-09-03,Sportswear,Mobile,New Customers
CUS-02343,25-34,Female,UK,Returning,TikTok Ads,2024-12-23,Shoes,Mobile,Discount Seekers
CUS-02344,18-24,Male,Netherlands,Returning,Organic Search,2025-07-23,Dresses,Desktop,Discount Seekers
CUS-02345,18-24,Female,France,Returning,Affiliate,2024-04-08,Accessories,Mobile,Hibernating
CUS-02346,25-34,Female,Netherlands,New,Meta Ads,2025-07-22,Sportswear,Desktop,New Customers
CUS-02347,45-54,Male,UK,Returning,Meta Ads,2024-05-04,Jeans,Desktop,Loyal Customers
CUS-02348,35-44,Female,Germany,New,Meta Ads,2025-08-12,Shoes,Tablet,New Customers
CUS-02349,25-34,Female,France,Returning,Meta Ads,2024-12-05,Dresses,Desktop,Loyal Customers
CUS-02350,25-34,Female,Germany,Returning,Organic Search,2023-04-22,Jeans,Desktop,At Risk
CUS-02351,45-54,Female,Netherlands,Returning,Email,2024-07-18,Accessories,Desktop,Loyal Customers
CUS-02352,25-34,Female,Germany,New,Meta Ads,2025-06-06,Shoes,Mobile,New Customers
CUS-02353,18-24,Male,France,Returning,Google Search,2025-03-15,Sportswear,Mobile,Champions
CUS-02354,25-34,Female,Germany,Returning,Google Search,2024-04-11,Shoes,Desktop,Potential Loyalists
CUS-02355,25-34,Male,Poland,Returning,Google Search,2024-01-11,Accessories,Mobile,Loyal Customers
CUS-02356,18-24,Male,Spain,Returning,Email,2023-11-24,Jeans,Mobile,At Risk
CUS-02357,25-34,Female,Germany,Returning,Organic Search,2024-05-01,Shoes,Desktop,Hibernating
CUS-02358,35-44,Female,UK,Returning,Organic Search,2024-04-18,Bags,Desktop,Champions
CUS-02359,18-24,Non-binary/Other,UK,Returning,Meta Ads,2024-05-08,Shoes,Mobile,Discount Seekers
CUS-02360,35-44,Male,Germany,Returning,Google Search,2023-09-18,Dresses,Mobile,Discount Seekers
CUS-02361,25-34,Female,Netherlands,Returning,Display Ads,2025-07-05,Shoes,Mobile,Potential Loyalists
CUS-02362,45-54,Female,Netherlands,Returning,TikTok Ads,2024-03-30,Shoes,Mobile,At Risk
CUS-02363,25-34,Male,Spain,Returning,Google Search,2025-05-15,Beauty,Mobile,Potential Loyalists
CUS-02364,45-54,Male,Germany,Returning,Meta Ads,2024-08-28,Accessories,Mobile,Loyal Customers
CUS-02365,45-54,Male,Germany,New,Display Ads,2025-12-07,Sportswear,Tablet,New Customers
CUS-02366,45-54,Female,UK,Returning,Google Search,2023-11-25,Bags,Mobile,Champions
CUS-02367,35-44,Female,Germany,Returning,Google Search,2024-06-22,Dresses,Desktop,Discount Seekers
CUS-02368,25-34,Male,Poland,Returning,Email,2023-09-11,Sportswear,Desktop,Discount Seekers
CUS-02369,55+,Female,Spain,Returning,Meta Ads,2024-03-07,Beauty,Mobile,Hibernating
CUS-02370,45-54,Male,Poland,New,Email,2025-06-08,Shoes,Mobile,New Customers
CUS-02371,25-34,Female,France,New,TikTok Ads,2025-07-28,Sportswear,Desktop,New Customers
CUS-02372,18-24,Male,Italy,Returning,Organic Search,2023-02-17,Dresses,Mobile,High-Value Customers
CUS-02373,45-54,Female,Germany,Returning,Google Search,2024-09-10,Jeans,Mobile,Loyal Customers
CUS-02374,35-44,Female,Italy,Returning,Google Search,2024-11-06,Jackets,Mobile,Champions
CUS-02375,45-54,Male,Spain,New,Display Ads,2025-09-28,Sportswear,Tablet,New Customers
CUS-02376,25-34,Female,Italy,Returning,Meta Ads,2024-06-13,Beauty,Mobile,Potential Loyalists
CUS-02377,55+,Female,Spain,Returning,Organic Search,2025-06-01,Sportswear,Desktop,Potential Loyalists
CUS-02378,45-54,Male,UK,Returning,Email,2023-10-01,Shoes,Mobile,Champions
CUS-02379,45-54,Female,Poland,Returning,TikTok Ads,2023-02-21,Shoes,Desktop,At Risk
CUS-02380,18-24,Male,Netherlands,Returning,Meta Ads,2024-10-13,Accessories,Desktop,Loyal Customers
CUS-02381,18-24,Female,France,Returning,Google Search,2024-07-02,Shoes,Mobile,Loyal Customers
CUS-02382,25-34,Male,Germany,Returning,Google Search,2024-01-04,Sportswear,Desktop,Champions
CUS-02383,25-34,Non-binary/Other,UK,Returning,Meta Ads,2024-09-12,Shoes,Mobile,Potential Loyalists
CUS-02384,35-44,Female,Germany,Returning,Meta Ads,2024-02-20,Dresses,Mobile,Discount Seekers
CUS-02385,55+,Male,UK,Returning,Display Ads,2024-09-10,Beauty,Desktop,Potential Loyalists
CUS-02386,18-24,Female,Germany,Returning,TikTok Ads,2024-11-21,Jeans,Mobile,At Risk
CUS-02387,25-34,Female,Poland,Returning,TikTok Ads,2023-05-06,Shoes,Mobile,Hibernating
CUS-02388,35-44,Female,Italy,Returning,Organic Search,2024-03-15,Sportswear,Desktop,Potential Loyalists
CUS-02389,35-44,Male,Germany,Returning,TikTok Ads,2023-06-28,Shoes,Mobile,Hibernating
CUS-02390,25-34,Male,UK,Returning,Email,2023-02-10,Shoes,Mobile,At Risk
CUS-02391,25-34,Male,Italy,New,Meta Ads,2025-06-25,Sportswear,Desktop,New Customers
CUS-02392,45-54,Male,France,Returning,Organic Search,2024-01-07,Sportswear,Desktop,Champions
CUS-02393,45-54,Male,France,Returning,Email,2023-07-07,Sportswear,Mobile,Champions
CUS-02394,25-34,Male,France,Returning,Meta Ads,2023-01-27,Shoes,Mobile,High-Value Customers
CUS-02395,35-44,Female,Germany,Returning,Meta Ads,2023-11-08,Jeans,Mobile,Hibernating
CUS-02396,25-34,Male,Spain,Returning,Display Ads,2024-02-28,Dresses,Mobile,Discount Seekers
CUS-02397,18-24,Male,Germany,Returning,Meta Ads,2023-08-29,Jeans,Mobile,Discount Seekers
CUS-02398,35-44,Male,Spain,Returning,Meta Ads,2023-06-15,Jackets,Mobile,Champions
CUS-02399,18-24,Female,France,Returning,Meta Ads,2023-09-13,Beauty,Mobile,Hibernating
CUS-02400,45-54,Female,France,New,Display Ads,2025-10-25,Shoes,Mobile,New Customers
CUS-02401,18-24,Male,Germany,Returning,Meta Ads,2024-10-12,Beauty,Tablet,Hibernating
CUS-02402,25-34,Male,Netherlands,Returning,Email,2025-03-01,Bags,Mobile,Champions
CUS-02403,55+,Female,UK,Returning,Google Search,2024-06-16,Shoes,Mobile,Potential Loyalists
CUS-02404,25-34,Female,Germany,Returning,Google Search,2023-09-03,Beauty,Mobile,Hibernating
CUS-02405,35-44,Female,UK,Returning,Email,2023-06-07,Accessories,Desktop,Hibernating
CUS-02406,55+,Female,Germany,Returning,Google Search,2023-07-04,Shoes,Mobile,At Risk
CUS-02407,35-44,Male,Poland,Returning,Organic Search,2024-01-29,Accessories,Mobile,Potential Loyalists
CUS-02408,25-34,Female,France,Returning,Organic Search,2025-01-26,Accessories,Desktop,Potential Loyalists
CUS-02409,45-54,Female,Italy,Returning,Meta Ads,2023-12-17,Bags,Mobile,High-Value Customers
CUS-02410,45-54,Non-binary/Other,UK,New,Google Search,2025-09-12,Accessories,Mobile,New Customers
CUS-02411,35-44,Female,Germany,New,Google Search,2025-06-26,Sportswear,Desktop,New Customers
CUS-02412,25-34,Female,UK,New,Google Search,2025-10-10,Shoes,Mobile,New Customers
CUS-02413,25-34,Female,France,Returning,Meta Ads,2023-12-18,Beauty,Mobile,Potential Loyalists
CUS-02414,25-34,Male,UK,New,Google Search,2025-08-30,Sportswear,Mobile,New Customers
CUS-02415,25-34,Male,Germany,New,TikTok Ads,2025-09-27,Shoes,Mobile,New Customers
CUS-02416,35-44,Female,UK,Returning,Email,2023-01-16,Accessories,Desktop,Hibernating
CUS-02417,18-24,Female,UK,Returning,Meta Ads,2024-02-13,Shoes,Mobile,Discount Seekers
CUS-02418,25-34,Female,Germany,Returning,Meta Ads,2023-12-24,Jeans,Mobile,Discount Seekers
CUS-02419,45-54,Female,Germany,New,Organic Search,2025-08-18,Beauty,Mobile,New Customers
CUS-02420,35-44,Male,Poland,New,Organic Search,2025-07-08,Beauty,Desktop,New Customers
CUS-02421,25-34,Female,France,Returning,Organic Search,2023-02-21,Jeans,Mobile,At Risk
CUS-02422,35-44,Female,Netherlands,Returning,TikTok Ads,2025-02-21,Sportswear,Mobile,Discount Seekers
CUS-02423,18-24,Female,Italy,New,Organic Search,2025-11-23,Accessories,Desktop,New Customers
CUS-02424,45-54,Female,Spain,Returning,Organic Search,2024-07-04,Bags,Mobile,At Risk
CUS-02425,35-44,Non-binary/Other,Poland,Returning,TikTok Ads,2023-07-21,Jeans,Desktop,Hibernating
CUS-02426,45-54,Male,Poland,Returning,Display Ads,2024-07-18,Dresses,Mobile,At Risk
CUS-02427,35-44,Female,Germany,Returning,Affiliate,2023-09-27,Shoes,Mobile,Hibernating
CUS-02428,35-44,Female,UK,Returning,Organic Search,2023-11-15,Shoes,Mobile,Loyal Customers
CUS-02429,18-24,Male,UK,New,Affiliate,2025-10-01,Shoes,Desktop,New Customers
CUS-02430,25-34,Female,Germany,Returning,Email,2023-07-16,Bags,Mobile,At Risk
CUS-02431,18-24,Female,France,Returning,Email,2024-03-09,Bags,Desktop,Champions
CUS-02432,25-34,Female,Spain,Returning,Affiliate,2025-07-13,Jeans,Mobile,Discount Seekers
CUS-02433,35-44,Male,Germany,Returning,TikTok Ads,2024-02-10,Dresses,Mobile,At Risk
CUS-02434,18-24,Male,Italy,Returning,Organic Search,2023-09-24,Accessories,Tablet,Loyal Customers
CUS-02435,35-44,Male,Netherlands,Returning,TikTok Ads,2023-09-18,Jeans,Mobile,Hibernating
CUS-02436,18-24,Male,UK,Returning,TikTok Ads,2023-01-17,Shoes,Tablet,Hibernating
CUS-02437,35-44,Female,UK,Returning,Google Search,2023-09-19,Beauty,Mobile,Hibernating
CUS-02438,25-34,Female,Poland,Returning,Organic Search,2024-11-07,Shoes,Mobile,Potential Loyalists
CUS-02439,25-34,Female,UK,Returning,Organic Search,2025-01-20,Sportswear,Mobile,Discount Seekers
CUS-02440,55+,Male,Spain,Returning,Email,2023-12-26,Sportswear,Desktop,Potential Loyalists
CUS-02441,35-44,Female,Germany,New,Display Ads,2025-09-19,Beauty,Mobile,New Customers
CUS-02442,25-34,Male,Poland,Returning,Google Search,2023-08-11,Shoes,Mobile,Champions
CUS-02443,35-44,Female,UK,Returning,Email,2024-10-08,Shoes,Mobile,At Risk
CUS-02444,25-34,Male,Italy,Returning,Affiliate,2024-03-27,Shoes,Desktop,Hibernating
CUS-02445,25-34,Female,Spain,New,Organic Search,2025-06-29,Beauty,Mobile,New Customers
CUS-02446,25-34,Female,UK,New,Organic Search,2025-06-12,Sportswear,Mobile,New Customers
CUS-02447,35-44,Female,Germany,Returning,Google Search,2024-08-19,Jeans,Mobile,Hibernating
CUS-02448,25-34,Male,Spain,Returning,Display Ads,2024-06-24,Dresses,Mobile,At Risk
CUS-02449,18-24,Female,Italy,Returning,Meta Ads,2023-11-11,Beauty,Desktop,Potential Loyalists
CUS-02450,18-24,Male,Germany,Returning,Display Ads,2023-11-14,Dresses,Mobile,High-Value Customers
CUS-02451,25-34,Female,Spain,Returning,Meta Ads,2024-07-05,Jeans,Desktop,At Risk
CUS-02452,55+,Female,Italy,Returning,Organic Search,2023-02-20,Bags,Mobile,High-Value Customers
CUS-02453,35-44,Male,Spain,Returning,Meta Ads,2023-06-17,Jackets,Desktop,High-Value Customers
CUS-02454,45-54,Female,Germany,Returning,Display Ads,2025-04-01,Sportswear,Desktop,Discount Seekers
CUS-02455,45-54,Female,Spain,Returning,Affiliate,2024-09-25,Beauty,Desktop,Hibernating
CUS-02456,25-34,Female,Netherlands,Returning,Organic Search,2024-09-27,Bags,Mobile,At Risk
CUS-02457,25-34,Female,Poland,Returning,Email,2024-01-31,Accessories,Desktop,Loyal Customers
CUS-02458,35-44,Female,Netherlands,New,Meta Ads,2025-06-23,Sportswear,Mobile,New Customers
CUS-02459,18-24,Female,Italy,Returning,Organic Search,2024-08-30,Beauty,Mobile,Hibernating
CUS-02460,25-34,Male,Germany,New,TikTok Ads,2025-08-25,Beauty,Desktop,New Customers
CUS-02461,35-44,Male,Germany,Returning,Google Search,2024-02-21,Jeans,Mobile,Discount Seekers
CUS-02462,45-54,Male,Poland,Returning,Affiliate,2023-08-05,Jeans,Mobile,Loyal Customers
CUS-02463,35-44,Male,France,Returning,Meta Ads,2024-05-24,Shoes,Mobile,Potential Loyalists
CUS-02464,35-44,Male,Spain,New,Meta Ads,2025-06-07,Accessories,Desktop,New Customers
CUS-02465,25-34,Male,Poland,New,Organic Search,2025-07-03,Accessories,Mobile,New Customers
CUS-02466,35-44,Male,France,Returning,Google Search,2023-09-24,Dresses,Mobile,Loyal Customers
CUS-02467,25-34,Male,Germany,Returning,Affiliate,2025-02-20,Shoes,Mobile,Loyal Customers
CUS-02468,25-34,Male,France,Returning,Organic Search,2023-10-03,Jeans,Mobile,Discount Seekers
CUS-02469,55+,Female,UK,New,Organic Search,2025-09-20,Shoes,Mobile,New Customers
CUS-02470,55+,Female,Italy,Returning,Organic Search,2023-10-21,Jackets,Desktop,Champions
CUS-02471,18-24,Male,Spain,Returning,Meta Ads,2024-06-08,Jackets,Mobile,Champions
CUS-02472,18-24,Male,Poland,New,Meta Ads,2025-08-02,Shoes,Desktop,New Customers
CUS-02473,35-44,Male,UK,Returning,Organic Search,2023-05-11,Accessories,Mobile,Loyal Customers
CUS-02474,35-44,Female,Spain,Returning,TikTok Ads,2024-04-04,Dresses,Mobile,At Risk
CUS-02475,18-24,Female,Germany,Returning,Display Ads,2023-10-14,Beauty,Desktop,Hibernating
CUS-02476,35-44,Male,UK,Returning,Google Search,2023-05-30,Jeans,Mobile,Loyal Customers
CUS-02477,45-54,Female,France,Returning,TikTok Ads,2023-02-14,Dresses,Desktop,At Risk
CUS-02478,25-34,Female,Italy,Returning,Google Search,2025-01-06,Accessories,Mobile,Loyal Customers
CUS-02479,18-24,Female,France,Returning,Meta Ads,2025-07-01,Beauty,Desktop,Potential Loyalists
CUS-02480,25-34,Male,Spain,Returning,Meta Ads,2023-09-08,Jeans,Mobile,Discount Seekers
CUS-02481,25-34,Female,Italy,New,Google Search,2025-10-16,Shoes,Mobile,New Customers
CUS-02482,18-24,Female,France,Returning,Organic Search,2025-05-29,Shoes,Desktop,Discount Seekers
CUS-02483,25-34,Non-binary/Other,Italy,Returning,Affiliate,2024-06-21,Dresses,Mobile,Loyal Customers
CUS-02484,25-34,Male,Netherlands,Returning,Google Search,2024-03-21,Sportswear,Desktop,Potential Loyalists
CUS-02485,45-54,Female,UK,New,Organic Search,2025-11-25,Sportswear,Mobile,New Customers
CUS-02486,25-34,Female,Germany,New,TikTok Ads,2025-07-24,Accessories,Tablet,New Customers
CUS-02487,55+,Male,Spain,Returning,Email,2024-12-16,Shoes,Desktop,High-Value Customers
CUS-02488,25-34,Male,France,Returning,Organic Search,2023-07-05,Jeans,Mobile,Loyal Customers
CUS-02489,45-54,Male,France,Returning,Organic Search,2023-08-06,Jeans,Mobile,Discount Seekers
CUS-02490,35-44,Female,France,Returning,Meta Ads,2023-06-10,Dresses,Mobile,Discount Seekers
CUS-02491,18-24,Male,Italy,New,Google Search,2025-10-05,Sportswear,Tablet,New Customers
CUS-02492,25-34,Male,Spain,Returning,Meta Ads,2024-10-04,Sportswear,Desktop,Potential Loyalists
CUS-02493,25-34,Male,UK,New,Meta Ads,2025-09-18,Sportswear,Mobile,New Customers
CUS-02494,35-44,Female,Germany,Returning,Meta Ads,2024-06-01,Sportswear,Mobile,Potential Loyalists
CUS-02495,35-44,Female,UK,Returning,Google Search,2024-01-21,Beauty,Mobile,Hibernating
CUS-02496,35-44,Male,UK,New,Google Search,2025-06-23,Accessories,Mobile,New Customers
CUS-02497,25-34,Male,Germany,Returning,Meta Ads,2025-03-24,Jeans,Desktop,Discount Seekers
CUS-02498,25-34,Female,Germany,Returning,Organic Search,2024-12-18,Bags,Mobile,At Risk
CUS-02499,25-34,Female,Spain,New,Google Search,2025-08-30,Accessories,Mobile,New Customers
CUS-02500,45-54,Female,Netherlands,Returning,TikTok Ads,2023-08-01,Accessories,Mobile,Hibernating
CUS-02501,25-34,Female,UK,New,Google Search,2025-11-13,Accessories,Mobile,New Customers
CUS-02502,25-34,Male,Netherlands,Returning,Email,2024-01-08,Sportswear,Mobile,Discount Seekers
CUS-02503,45-54,Female,UK,Returning,Meta Ads,2024-11-07,Jeans,Mobile,Loyal Customers
CUS-02504,25-34,Male,France,Returning,Meta Ads,2024-08-07,Jackets,Tablet,High-Value Customers
CUS-02505,18-24,Female,UK,Returning,Email,2023-09-18,Jeans,Mobile,Hibernating
CUS-02506,45-54,Female,Spain,Returning,Email,2024-01-02,Sportswear,Desktop,Discount Seekers
CUS-02507,35-44,Female,Germany,New,Organic Search,2025-08-16,Accessories,Mobile,New Customers
CUS-02508,25-34,Male,UK,Returning,Google Search,2025-02-03,Jeans,Mobile,Discount Seekers
CUS-02509,25-34,Male,Poland,Returning,Affiliate,2023-07-16,Sportswear,Mobile,Potential Loyalists
CUS-02510,45-54,Female,Spain,Returning,TikTok Ads,2024-10-01,Jeans,Desktop,Hibernating
CUS-02511,55+,Female,Spain,Returning,Google Search,2024-11-08,Dresses,Mobile,Loyal Customers
CUS-02512,18-24,Female,Germany,Returning,Organic Search,2023-09-03,Shoes,Desktop,Potential Loyalists
CUS-02513,25-34,Female,UK,New,Google Search,2025-10-13,Shoes,Mobile,New Customers
CUS-02514,25-34,Female,Germany,Returning,Meta Ads,2023-10-13,Accessories,Mobile,Potential Loyalists
CUS-02515,18-24,Female,Italy,Returning,Display Ads,2024-10-05,Shoes,Mobile,Potential Loyalists
CUS-02516,25-34,Male,France,Returning,Email,2024-04-27,Accessories,Mobile,Hibernating
CUS-02517,18-24,Female,UK,Returning,Email,2023-08-15,Accessories,Mobile,Loyal Customers
CUS-02518,35-44,Male,Poland,Returning,TikTok Ads,2024-04-27,Shoes,Desktop,Hibernating
CUS-02519,25-34,Male,Poland,Returning,Organic Search,2023-08-24,Bags,Desktop,Champions
CUS-02520,45-54,Female,Italy,Returning,Affiliate,2023-04-24,Accessories,Mobile,Hibernating
CUS-02521,35-44,Female,UK,Returning,Google Search,2023-03-20,Accessories,Mobile,Hibernating
CUS-02522,25-34,Male,France,Returning,Organic Search,2024-04-30,Sportswear,Mobile,Potential Loyalists
CUS-02523,35-44,Female,Poland,Returning,Meta Ads,2023-08-12,Accessories,Desktop,Hibernating
CUS-02524,45-54,Female,Italy,Returning,Google Search,2024-07-21,Jeans,Desktop,Discount Seekers
CUS-02525,25-34,Male,France,Returning,Organic Search,2024-06-02,Accessories,Desktop,Hibernating
CUS-02526,45-54,Female,Italy,Returning,Google Search,2023-12-10,Sportswear,Mobile,Potential Loyalists
CUS-02527,55+,Male,Italy,New,Google Search,2025-07-22,Sportswear,Mobile,New Customers
CUS-02528,35-44,Female,Poland,Returning,Google Search,2023-09-04,Accessories,Mobile,Hibernating
CUS-02529,25-34,Female,France,Returning,Display Ads,2023-06-11,Accessories,Mobile,Potential Loyalists
CUS-02530,25-34,Female,UK,Returning,Email,2024-06-29,Jeans,Mobile,Hibernating
CUS-02531,35-44,Male,France,Returning,Meta Ads,2023-10-18,Accessories,Mobile,Potential Loyalists
CUS-02532,25-34,Female,UK,Returning,Google Search,2024-06-16,Beauty,Mobile,Hibernating
CUS-02533,45-54,Female,Spain,Returning,Google Search,2025-01-25,Bags,Tablet,Champions
CUS-02534,25-34,Male,France,Returning,TikTok Ads,2023-09-21,Bags,Mobile,Champions
CUS-02535,45-54,Female,Spain,Returning,Google Search,2024-08-09,Dresses,Mobile,High-Value Customers
CUS-02536,25-34,Male,Spain,Returning,Organic Search,2025-03-08,Jeans,Mobile,Discount Seekers
CUS-02537,35-44,Female,Netherlands,Returning,Google Search,2025-01-06,Jeans,Desktop,Discount Seekers
CUS-02538,18-24,Female,France,Returning,Meta Ads,2023-12-14,Shoes,Desktop,High-Value Customers
CUS-02539,25-34,Female,Germany,New,Google Search,2025-09-29,Beauty,Desktop,New Customers
CUS-02540,55+,Female,UK,Returning,Google Search,2025-03-09,Beauty,Mobile,Potential Loyalists
CUS-02541,18-24,Male,Germany,Returning,Email,2024-01-19,Shoes,Mobile,Loyal Customers
CUS-02542,25-34,Male,UK,New,Google Search,2025-11-30,Shoes,Mobile,New Customers
CUS-02543,25-34,Male,Spain,Returning,Meta Ads,2023-01-09,Shoes,Mobile,Loyal Customers
CUS-02544,55+,Female,France,Returning,Google Search,2025-02-18,Dresses,Desktop,Discount Seekers
CUS-02545,18-24,Female,Italy,Returning,Email,2023-02-13,Jackets,Tablet,Champions
CUS-02546,25-34,Male,Spain,Returning,Meta Ads,2023-01-08,Accessories,Desktop,Loyal Customers
CUS-02547,35-44,Female,Spain,Returning,Organic Search,2023-04-25,Jeans,Mobile,Loyal Customers
CUS-02548,35-44,Male,France,Returning,Google Search,2024-12-19,Jeans,Mobile,Loyal Customers
CUS-02549,18-24,Female,Germany,Returning,Organic Search,2023-01-20,Shoes,Mobile,Loyal Customers
CUS-02550,35-44,Female,Italy,Returning,Organic Search,2023-02-08,Dresses,Mobile,At Risk
CUS-02551,25-34,Female,France,Returning,Meta Ads,2024-08-14,Shoes,Mobile,Potential Loyalists
CUS-02552,18-24,Female,France,Returning,Google Search,2023-05-02,Dresses,Desktop,At Risk
CUS-02553,35-44,Female,France,Returning,Email,2024-05-14,Sportswear,Desktop,Discount Seekers
CUS-02554,25-34,Female,UK,Returning,Display Ads,2024-01-12,Bags,Mobile,At Risk
CUS-02555,35-44,Male,France,Returning,Display Ads,2024-06-08,Bags,Desktop,At Risk
CUS-02556,55+,Female,Spain,Returning,TikTok Ads,2024-03-14,Accessories,Desktop,Potential Loyalists
CUS-02557,35-44,Female,Spain,Returning,Organic Search,2023-09-21,Accessories,Mobile,Loyal Customers
CUS-02558,45-54,Male,France,Returning,TikTok Ads,2023-07-19,Shoes,Desktop,Potential Loyalists
CUS-02559,25-34,Female,Netherlands,Returning,Organic Search,2023-07-27,Shoes,Mobile,High-Value Customers
CUS-02560,25-34,Female,Spain,Returning,Google Search,2024-08-25,Bags,Mobile,At Risk
CUS-02561,25-34,Female,France,Returning,TikTok Ads,2024-09-20,Accessories,Mobile,Potential Loyalists
CUS-02562,25-34,Female,Italy,New,Organic Search,2025-06-11,Accessories,Mobile,New Customers
CUS-02563,55+,Female,Germany,Returning,Email,2025-01-14,Sportswear,Desktop,Discount Seekers
CUS-02564,25-34,Male,Spain,Returning,Google Search,2024-02-02,Jeans,Mobile,At Risk
CUS-02565,55+,Male,France,New,Organic Search,2025-08-14,Beauty,Mobile,New Customers
CUS-02566,25-34,Female,France,Returning,Meta Ads,2025-06-19,Sportswear,Desktop,Discount Seekers
CUS-02567,25-34,Male,France,Returning,TikTok Ads,2024-04-28,Shoes,Mobile,At Risk
CUS-02568,35-44,Male,Spain,Returning,TikTok Ads,2024-09-10,Bags,Mobile,At Risk
CUS-02569,18-24,Male,UK,Returning,Meta Ads,2025-03-20,Jeans,Mobile,Loyal Customers
CUS-02570,35-44,Male,Spain,Returning,Organic Search,2024-01-11,Jeans,Mobile,Loyal Customers
CUS-02571,45-54,Female,UK,Returning,Google Search,2023-11-23,Shoes,Desktop,High-Value Customers
CUS-02572,25-34,Female,Germany,Returning,TikTok Ads,2023-05-11,Shoes,Mobile,At Risk
CUS-02573,55+,Male,Netherlands,Returning,Display Ads,2024-06-22,Accessories,Desktop,Potential Loyalists
CUS-02574,45-54,Female,France,Returning,Google Search,2023-04-19,Shoes,Mobile,At Risk
CUS-02575,35-44,Female,Italy,Returning,Organic Search,2023-05-31,Sportswear,Desktop,Champions
CUS-02576,25-34,Female,Netherlands,Returning,Google Search,2023-01-26,Jeans,Desktop,Hibernating
CUS-02577,55+,Female,Spain,Returning,Affiliate,2023-11-29,Shoes,Desktop,Loyal Customers
CUS-02578,18-24,Female,Germany,Returning,Affiliate,2024-11-08,Shoes,Desktop,Hibernating
CUS-02579,45-54,Female,UK,New,Meta Ads,2025-08-07,Accessories,Desktop,New Customers
CUS-02580,45-54,Male,France,Returning,Google Search,2024-02-15,Sportswear,Desktop,Potential Loyalists
CUS-02581,25-34,Female,UK,Returning,TikTok Ads,2025-03-28,Sportswear,Mobile,Champions
CUS-02582,25-34,Male,France,Returning,Email,2024-03-24,Beauty,Tablet,Hibernating
CUS-02583,18-24,Female,France,Returning,Organic Search,2024-04-26,Dresses,Desktop,Loyal Customers
CUS-02584,55+,Female,Germany,Returning,Meta Ads,2023-09-30,Bags,Desktop,Champions
CUS-02585,18-24,Non-binary/Other,UK,Returning,Meta Ads,2024-08-03,Accessories,Mobile,Hibernating
CUS-02586,18-24,Female,UK,Returning,Affiliate,2024-01-30,Sportswear,Mobile,Potential Loyalists
CUS-02587,35-44,Male,Netherlands,Returning,Meta Ads,2024-09-05,Beauty,Mobile,Potential Loyalists
CUS-02588,25-34,Male,France,Returning,Google Search,2024-11-01,Shoes,Mobile,Loyal Customers
CUS-02589,35-44,Female,Netherlands,Returning,Email,2025-01-12,Sportswear,Mobile,Discount Seekers
CUS-02590,35-44,Female,Poland,Returning,Affiliate,2023-11-09,Shoes,Mobile,Potential Loyalists
CUS-02591,55+,Female,Germany,Returning,Organic Search,2024-01-19,Jeans,Mobile,Loyal Customers
CUS-02592,25-34,Female,Germany,Returning,Affiliate,2023-12-15,Beauty,Mobile,Potential Loyalists
CUS-02593,25-34,Female,Italy,Returning,Display Ads,2024-03-28,Shoes,Desktop,Loyal Customers
CUS-02594,25-34,Non-binary/Other,Netherlands,Returning,Affiliate,2023-07-18,Beauty,Mobile,Potential Loyalists
CUS-02595,18-24,Female,Germany,Returning,Organic Search,2024-06-28,Shoes,Mobile,Champions
CUS-02596,45-54,Male,Germany,Returning,Meta Ads,2023-08-27,Shoes,Desktop,Loyal Customers
CUS-02597,35-44,Female,Italy,Returning,Affiliate,2024-09-18,Accessories,Mobile,Potential Loyalists
CUS-02598,45-54,Male,Germany,Returning,Email,2025-07-23,Jeans,Desktop,Discount Seekers
CUS-02599,25-34,Female,Poland,Returning,Google Search,2023-11-09,Jackets,Desktop,Champions
CUS-02600,45-54,Non-binary/Other,Poland,Returning,Organic Search,2024-05-06,Jeans,Mobile,Loyal Customers
CUS-02601,25-34,Male,UK,Returning,Meta Ads,2025-05-23,Jeans,Mobile,Discount Seekers
CUS-02602,18-24,Female,Italy,Returning,TikTok Ads,2023-08-02,Sportswear,Desktop,Discount Seekers
CUS-02603,45-54,Female,Germany,Returning,Organic Search,2024-10-14,Shoes,Mobile,At Risk
CUS-02604,55+,Female,Spain,Returning,TikTok Ads,2023-12-07,Accessories,Mobile,Loyal Customers
CUS-02605,35-44,Non-binary/Other,UK,Returning,TikTok Ads,2025-02-12,Shoes,Mobile,Potential Loyalists
CUS-02606,35-44,Male,Italy,Returning,Organic Search,2025-02-01,Dresses,Mobile,Loyal Customers
CUS-02607,25-34,Male,Germany,Returning,Google Search,2023-09-07,Jeans,Desktop,Loyal Customers
CUS-02608,35-44,Non-binary/Other,France,Returning,Meta Ads,2023-11-03,Shoes,Tablet,Potential Loyalists
CUS-02609,25-34,Male,France,New,Affiliate,2025-09-25,Shoes,Mobile,New Customers
CUS-02610,45-54,Female,Netherlands,Returning,Affiliate,2024-03-14,Sportswear,Tablet,Potential Loyalists
CUS-02611,25-34,Female,UK,Returning,Meta Ads,2023-03-27,Jeans,Mobile,At Risk
CUS-02612,55+,Female,UK,Returning,TikTok Ads,2024-09-21,Shoes,Mobile,Potential Loyalists
CUS-02613,35-44,Male,Italy,Returning,Affiliate,2024-11-26,Beauty,Tablet,Potential Loyalists
CUS-02614,25-34,Male,Germany,Returning,Email,2024-04-15,Accessories,Mobile,Hibernating
CUS-02615,25-34,Male,Germany,Returning,Google Search,2023-10-27,Dresses,Desktop,Discount Seekers
CUS-02616,35-44,Female,Germany,Returning,Affiliate,2025-07-14,Accessories,Mobile,Potential Loyalists
CUS-02617,45-54,Female,Italy,New,Organic Search,2025-08-01,Sportswear,Desktop,New Customers
CUS-02618,18-24,Male,Italy,Returning,TikTok Ads,2023-09-23,Beauty,Mobile,Potential Loyalists
CUS-02619,25-34,Female,UK,Returning,Meta Ads,2024-06-25,Sportswear,Mobile,Champions
CUS-02620,25-34,Female,UK,Returning,Google Search,2023-09-16,Accessories,Mobile,Hibernating
CUS-02621,25-34,Male,France,Returning,Affiliate,2024-08-01,Dresses,Mobile,Loyal Customers
CUS-02622,18-24,Female,Italy,New,Affiliate,2025-07-23,Accessories,Mobile,New Customers
CUS-02623,25-34,Male,Germany,New,Google Search,2025-12-04,Accessories,Mobile,New Customers
CUS-02624,45-54,Female,Germany,Returning,Organic Search,2023-01-28,Accessories,Mobile,Loyal Customers
CUS-02625,25-34,Female,UK,Returning,Email,2023-01-08,Shoes,Desktop,Champions
CUS-02626,18-24,Female,Netherlands,Returning,Google Search,2023-09-14,Beauty,Mobile,Potential Loyalists
CUS-02627,25-34,Female,Germany,Returning,Email,2025-03-25,Jackets,Mobile,High-Value Customers
CUS-02628,35-44,Female,Spain,Returning,Display Ads,2023-04-06,Bags,Mobile,At Risk
CUS-02629,35-44,Male,Germany,Returning,Google Search,2025-02-05,Beauty,Mobile,Potential Loyalists
CUS-02630,25-34,Male,UK,Returning,Meta Ads,2024-10-03,Shoes,Mobile,Champions
CUS-02631,45-54,Male,France,Returning,Meta Ads,2023-03-24,Dresses,Mobile,At Risk
CUS-02632,25-34,Female,France,Returning,Google Search,2023-04-26,Sportswear,Mobile,Champions
CUS-02633,18-24,Female,Germany,New,Google Search,2025-08-23,Sportswear,Tablet,New Customers
CUS-02634,55+,Male,Italy,Returning,Email,2024-04-10,Beauty,Mobile,Hibernating
CUS-02635,35-44,Male,France,New,TikTok Ads,2025-07-13,Shoes,Mobile,New Customers
CUS-02636,25-34,Female,France,Returning,Affiliate,2025-03-19,Beauty,Desktop,Potential Loyalists
CUS-02637,25-34,Female,Germany,Returning,Meta Ads,2024-02-18,Jackets,Desktop,Champions
CUS-02638,25-34,Male,UK,Returning,Organic Search,2024-07-14,Sportswear,Mobile,Champions
CUS-02639,25-34,Female,UK,New,TikTok Ads,2025-07-18,Shoes,Desktop,New Customers
CUS-02640,45-54,Female,Spain,Returning,Affiliate,2023-09-12,Shoes,Mobile,Discount Seekers
CUS-02641,18-24,Female,Germany,Returning,Affiliate,2023-09-03,Dresses,Desktop,Loyal Customers
CUS-02642,55+,Male,France,New,Display Ads,2025-06-29,Beauty,Desktop,New Customers
CUS-02643,55+,Female,Germany,Returning,Meta Ads,2023-06-01,Jeans,Desktop,At Risk
CUS-02644,25-34,Female,UK,Returning,Organic Search,2023-11-08,Sportswear,Mobile,Champions
CUS-02645,35-44,Female,Poland,Returning,Display Ads,2024-11-29,Jeans,Mobile,Loyal Customers
CUS-02646,45-54,Female,Germany,Returning,TikTok Ads,2023-07-28,Beauty,Mobile,Potential Loyalists
CUS-02647,35-44,Male,Germany,Returning,Meta Ads,2023-03-08,Shoes,Mobile,At Risk
CUS-02648,35-44,Male,UK,New,TikTok Ads,2025-06-06,Accessories,Mobile,New Customers
CUS-02649,55+,Female,Spain,Returning,Google Search,2023-01-24,Jeans,Mobile,Hibernating
CUS-02650,45-54,Male,Netherlands,Returning,Affiliate,2023-10-19,Shoes,Mobile,Discount Seekers
CUS-02651,25-34,Male,Italy,Returning,Meta Ads,2024-01-02,Jeans,Mobile,Hibernating
CUS-02652,18-24,Female,Spain,Returning,Organic Search,2023-11-10,Jackets,Tablet,High-Value Customers
CUS-02653,25-34,Male,Spain,Returning,Affiliate,2023-03-05,Beauty,Mobile,Hibernating
CUS-02654,18-24,Female,Germany,Returning,Meta Ads,2024-04-28,Shoes,Desktop,Discount Seekers
CUS-02655,18-24,Male,Netherlands,Returning,TikTok Ads,2023-10-23,Dresses,Mobile,Discount Seekers
CUS-02656,35-44,Male,Germany,Returning,Organic Search,2024-11-22,Jeans,Mobile,Hibernating
CUS-02657,18-24,Male,France,Returning,Meta Ads,2024-05-24,Beauty,Mobile,Hibernating
CUS-02658,18-24,Female,UK,Returning,TikTok Ads,2023-07-31,Jeans,Desktop,Discount Seekers
CUS-02659,35-44,Female,France,New,TikTok Ads,2025-09-18,Shoes,Desktop,New Customers
CUS-02660,55+,Male,Netherlands,Returning,Affiliate,2024-12-24,Dresses,Mobile,At Risk
CUS-02661,45-54,Male,Netherlands,New,Organic Search,2025-10-04,Sportswear,Desktop,New Customers
CUS-02662,35-44,Male,Spain,Returning,TikTok Ads,2024-10-03,Dresses,Mobile,Discount Seekers
CUS-02663,25-34,Female,Italy,New,Meta Ads,2025-09-14,Sportswear,Mobile,New Customers
CUS-02664,55+,Female,UK,Returning,TikTok Ads,2024-10-22,Beauty,Desktop,Hibernating
CUS-02665,25-34,Male,Poland,Returning,Meta Ads,2024-07-06,Jeans,Mobile,Hibernating
CUS-02666,25-34,Male,UK,Returning,Google Search,2024-04-25,Dresses,Mobile,High-Value Customers
CUS-02667,45-54,Male,Spain,Returning,Affiliate,2024-08-16,Shoes,Mobile,Loyal Customers
CUS-02668,45-54,Female,Spain,Returning,Organic Search,2023-06-19,Bags,Mobile,At Risk
CUS-02669,25-34,Non-binary/Other,Italy,Returning,Organic Search,2023-12-27,Accessories,Desktop,Hibernating
CUS-02670,55+,Female,Spain,Returning,Meta Ads,2025-06-26,Dresses,Mobile,Discount Seekers
CUS-02671,25-34,Female,UK,Returning,Email,2025-01-09,Jeans,Desktop,Discount Seekers
CUS-02672,18-24,Male,Italy,New,TikTok Ads,2025-11-04,Beauty,Tablet,New Customers
CUS-02673,25-34,Male,Italy,New,TikTok Ads,2025-10-07,Beauty,Tablet,New Customers
CUS-02674,18-24,Female,Spain,Returning,Organic Search,2024-03-29,Dresses,Mobile,Loyal Customers
CUS-02675,35-44,Female,Netherlands,Returning,TikTok Ads,2023-06-23,Bags,Desktop,High-Value Customers
CUS-02676,25-34,Male,Spain,Returning,Meta Ads,2024-03-27,Accessories,Mobile,Loyal Customers
CUS-02677,35-44,Male,UK,Returning,Affiliate,2023-04-30,Shoes,Desktop,Hibernating
CUS-02678,25-34,Female,Spain,Returning,Google Search,2023-12-10,Jeans,Desktop,Hibernating
CUS-02679,45-54,Female,Spain,New,TikTok Ads,2025-07-28,Accessories,Desktop,New Customers
CUS-02680,18-24,Female,Germany,Returning,Email,2024-02-27,Accessories,Desktop,Loyal Customers
CUS-02681,45-54,Female,Poland,Returning,Meta Ads,2023-06-27,Shoes,Tablet,Loyal Customers
CUS-02682,55+,Male,UK,Returning,Affiliate,2024-03-23,Shoes,Mobile,Discount Seekers
CUS-02683,25-34,Male,Spain,New,Google Search,2025-10-11,Accessories,Desktop,New Customers
CUS-02684,18-24,Female,Germany,Returning,Email,2024-03-19,Jackets,Mobile,Champions
CUS-02685,25-34,Male,Italy,Returning,TikTok Ads,2024-05-19,Accessories,Desktop,Hibernating
CUS-02686,45-54,Female,Germany,Returning,Meta Ads,2023-02-19,Shoes,Mobile,Loyal Customers
CUS-02687,35-44,Female,Germany,Returning,Email,2023-10-24,Dresses,Desktop,Discount Seekers
CUS-02688,18-24,Male,Italy,Returning,TikTok Ads,2024-06-18,Accessories,Mobile,Potential Loyalists
CUS-02689,25-34,Male,Italy,Returning,Google Search,2024-10-22,Dresses,Mobile,Loyal Customers
CUS-02690,25-34,Female,Poland,Returning,Google Search,2024-06-15,Sportswear,Mobile,Champions
CUS-02691,25-34,Female,Netherlands,New,Google Search,2025-09-09,Sportswear,Mobile,New Customers
CUS-02692,45-54,Female,UK,New,Meta Ads,2025-06-20,Accessories,Mobile,New Customers
CUS-02693,45-54,Female,Italy,Returning,Affiliate,2024-09-10,Beauty,Desktop,Hibernating
CUS-02694,18-24,Male,Italy,New,TikTok Ads,2025-06-26,Shoes,Mobile,New Customers
CUS-02695,25-34,Female,Germany,Returning,Google Search,2023-07-29,Sportswear,Mobile,Potential Loyalists
CUS-02696,55+,Female,UK,Returning,Affiliate,2024-02-18,Dresses,Mobile,Loyal Customers
CUS-02697,35-44,Female,France,Returning,Google Search,2024-04-13,Sportswear,Mobile,Potential Loyalists
CUS-02698,25-34,Male,Germany,Returning,Meta Ads,2023-07-10,Dresses,Mobile,Discount Seekers
CUS-02699,35-44,Male,France,Returning,Display Ads,2024-01-24,Jeans,Mobile,Loyal Customers
CUS-02700,25-34,Female,Spain,Returning,Organic Search,2024-01-08,Shoes,Desktop,High-Value Customers
CUS-02701,25-34,Female,Italy,Returning,Meta Ads,2025-02-24,Shoes,Mobile,Potential Loyalists
CUS-02702,55+,Female,UK,Returning,Google Search,2024-08-19,Shoes,Mobile,Champions
CUS-02703,35-44,Female,Germany,Returning,Google Search,2024-03-16,Shoes,Mobile,Loyal Customers
CUS-02704,25-34,Male,France,Returning,Google Search,2024-01-24,Bags,Mobile,Champions
CUS-02705,25-34,Female,Spain,Returning,Google Search,2024-04-30,Beauty,Mobile,Hibernating
CUS-02706,25-34,Female,France,New,TikTok Ads,2025-12-02,Accessories,Desktop,New Customers
CUS-02707,25-34,Male,France,Returning,TikTok Ads,2025-05-26,Sportswear,Mobile,Potential Loyalists
CUS-02708,18-24,Male,France,Returning,Google Search,2023-04-30,Dresses,Mobile,At Risk
CUS-02709,35-44,Female,Netherlands,Returning,Display Ads,2024-10-07,Jeans,Tablet,At Risk
CUS-02710,25-34,Male,Italy,Returning,Meta Ads,2025-06-12,Dresses,Desktop,Discount Seekers
CUS-02711,35-44,Male,Poland,Returning,Email,2024-03-09,Shoes,Mobile,High-Value Customers
CUS-02712,35-44,Female,France,Returning,Email,2024-05-08,Shoes,Mobile,At Risk
CUS-02713,45-54,Female,France,Returning,Email,2023-07-29,Shoes,Mobile,Hibernating
CUS-02714,35-44,Male,France,Returning,Organic Search,2024-08-22,Accessories,Tablet,Hibernating
CUS-02715,55+,Female,Netherlands,New,Organic Search,2025-06-19,Sportswear,Mobile,New Customers
CUS-02716,18-24,Female,Spain,Returning,TikTok Ads,2023-07-09,Jeans,Desktop,At Risk
CUS-02717,25-34,Female,Italy,Returning,Meta Ads,2025-01-21,Sportswear,Tablet,Champions
CUS-02718,25-34,Male,Netherlands,Returning,Organic Search,2023-03-19,Shoes,Mobile,Hibernating
CUS-02719,35-44,Female,France,Returning,Organic Search,2024-08-28,Dresses,Tablet,High-Value Customers
CUS-02720,25-34,Male,Netherlands,Returning,Affiliate,2023-12-25,Shoes,Mobile,Champions
CUS-02721,35-44,Male,Spain,Returning,Google Search,2024-03-16,Sportswear,Tablet,Discount Seekers
CUS-02722,55+,Female,Spain,Returning,Meta Ads,2023-06-30,Jeans,Mobile,Discount Seekers
CUS-02723,25-34,Female,Netherlands,Returning,TikTok Ads,2023-05-24,Accessories,Mobile,Loyal Customers
CUS-02724,25-34,Female,Italy,New,TikTok Ads,2025-10-25,Sportswear,Mobile,New Customers
CUS-02725,25-34,Female,UK,Returning,Organic Search,2023-09-29,Shoes,Mobile,Discount Seekers
CUS-02726,55+,Female,Poland,Returning,Organic Search,2024-12-23,Jackets,Mobile,High-Value Customers
CUS-02727,18-24,Female,Germany,Returning,Email,2023-09-22,Dresses,Mobile,Loyal Customers
CUS-02728,25-34,Female,Germany,Returning,Google Search,2025-01-21,Accessories,Desktop,Potential Loyalists
CUS-02729,25-34,Female,France,Returning,Organic Search,2023-12-02,Shoes,Mobile,At Risk
CUS-02730,25-34,Female,France,Returning,Google Search,2023-05-12,Jeans,Mobile,Loyal Customers
CUS-02731,18-24,Non-binary/Other,Germany,Returning,Organic Search,2024-02-22,Beauty,Mobile,Potential Loyalists
CUS-02732,18-24,Male,Spain,Returning,Email,2024-12-15,Shoes,Mobile,Champions
CUS-02733,45-54,Male,UK,Returning,Organic Search,2024-02-15,Shoes,Mobile,Loyal Customers
CUS-02734,35-44,Female,Germany,New,TikTok Ads,2025-06-17,Shoes,Tablet,New Customers
CUS-02735,18-24,Female,France,Returning,Affiliate,2023-03-05,Shoes,Mobile,At Risk
CUS-02736,35-44,Female,France,Returning,Affiliate,2023-04-26,Jeans,Mobile,At Risk
CUS-02737,18-24,Female,Netherlands,Returning,Affiliate,2023-07-19,Jeans,Mobile,Hibernating
CUS-02738,25-34,Male,Spain,Returning,TikTok Ads,2024-02-11,Sportswear,Mobile,Potential Loyalists
CUS-02739,45-54,Female,UK,Returning,Meta Ads,2024-05-20,Accessories,Mobile,Potential Loyalists
CUS-02740,25-34,Male,Italy,Returning,TikTok Ads,2023-11-01,Jackets,Mobile,Champions
CUS-02741,25-34,Male,Italy,Returning,Organic Search,2024-06-30,Shoes,Desktop,Loyal Customers
CUS-02742,25-34,Female,Netherlands,Returning,TikTok Ads,2024-09-23,Accessories,Desktop,Potential Loyalists
CUS-02743,25-34,Female,UK,Returning,Email,2023-02-17,Jeans,Tablet,Loyal Customers
CUS-02744,25-34,Female,Germany,Returning,Meta Ads,2024-05-15,Sportswear,Tablet,Champions
CUS-02745,35-44,Male,Germany,Returning,Organic Search,2024-12-10,Jeans,Desktop,Loyal Customers
CUS-02746,35-44,Female,Italy,Returning,Meta Ads,2023-03-10,Jeans,Mobile,At Risk
CUS-02747,25-34,Female,Spain,Returning,Meta Ads,2023-03-14,Shoes,Mobile,At Risk
CUS-02748,18-24,Non-binary/Other,France,Returning,Meta Ads,2024-10-05,Shoes,Mobile,Discount Seekers
CUS-02749,18-24,Female,France,Returning,Affiliate,2023-03-11,Beauty,Mobile,Hibernating
CUS-02750,25-34,Female,Italy,New,Meta Ads,2025-10-14,Accessories,Mobile,New Customers
CUS-02751,35-44,Female,UK,Returning,Email,2023-09-11,Dresses,Mobile,Loyal Customers
CUS-02752,25-34,Female,Spain,New,Google Search,2025-09-01,Beauty,Mobile,New Customers
CUS-02753,35-44,Male,UK,Returning,Meta Ads,2025-02-24,Bags,Mobile,Champions
CUS-02754,55+,Male,France,New,Google Search,2025-09-25,Shoes,Tablet,New Customers
CUS-02755,18-24,Female,France,Returning,Google Search,2023-08-08,Beauty,Desktop,Potential Loyalists
CUS-02756,25-34,Non-binary/Other,Poland,New,Google Search,2025-10-02,Shoes,Mobile,New Customers
CUS-02757,25-34,Male,Germany,Returning,TikTok Ads,2025-07-16,Accessories,Mobile,Potential Loyalists
CUS-02758,35-44,Female,Germany,Returning,Meta Ads,2024-07-15,Dresses,Mobile,At Risk
CUS-02759,25-34,Female,Germany,Returning,Google Search,2025-06-02,Dresses,Desktop,Discount Seekers
CUS-02760,35-44,Female,Germany,Returning,TikTok Ads,2023-12-11,Accessories,Mobile,Hibernating
CUS-02761,35-44,Female,Germany,Returning,Organic Search,2023-11-23,Shoes,Mobile,At Risk
CUS-02762,35-44,Female,UK,New,Meta Ads,2025-09-24,Sportswear,Mobile,New Customers
CUS-02763,25-34,Male,Germany,Returning,Google Search,2024-09-10,Sportswear,Mobile,Champions
CUS-02764,25-34,Male,France,Returning,Organic Search,2024-09-22,Shoes,Desktop,Hibernating
CUS-02765,35-44,Female,Poland,New,TikTok Ads,2025-09-09,Shoes,Mobile,New Customers
CUS-02766,35-44,Female,Italy,Returning,Meta Ads,2024-11-18,Accessories,Mobile,Potential Loyalists
CUS-02767,45-54,Male,Spain,Returning,Meta Ads,2024-01-27,Sportswear,Tablet,Potential Loyalists
CUS-02768,25-34,Male,Italy,Returning,Organic Search,2024-12-27,Jeans,Mobile,Discount Seekers
CUS-02769,25-34,Male,France,Returning,Affiliate,2024-03-22,Jeans,Mobile,At Risk
CUS-02770,45-54,Male,UK,New,Google Search,2025-10-28,Accessories,Mobile,New Customers
CUS-02771,45-54,Female,UK,Returning,Organic Search,2023-10-17,Jeans,Desktop,At Risk
CUS-02772,45-54,Female,UK,Returning,Organic Search,2024-07-03,Shoes,Mobile,Potential Loyalists
CUS-02773,35-44,Male,Germany,New,Meta Ads,2025-12-04,Sportswear,Desktop,New Customers
CUS-02774,45-54,Female,Italy,Returning,Meta Ads,2025-03-23,Accessories,Mobile,Potential Loyalists
CUS-02775,35-44,Female,Germany,New,Affiliate,2025-11-05,Shoes,Tablet,New Customers
CUS-02776,45-54,Male,UK,Returning,Affiliate,2024-11-16,Dresses,Tablet,At Risk
CUS-02777,18-24,Male,Spain,Returning,Email,2024-10-03,Bags,Mobile,Champions
CUS-02778,45-54,Female,Poland,Returning,Meta Ads,2023-10-01,Accessories,Desktop,Hibernating
CUS-02779,45-54,Male,UK,Returning,Meta Ads,2023-09-07,Sportswear,Desktop,Potential Loyalists
CUS-02780,35-44,Female,Netherlands,Returning,Organic Search,2024-12-02,Bags,Mobile,At Risk
CUS-02781,18-24,Male,Netherlands,Returning,Meta Ads,2024-04-18,Dresses,Mobile,At Risk
CUS-02782,18-24,Male,Spain,Returning,TikTok Ads,2024-02-22,Dresses,Mobile,At Risk
CUS-02783,35-44,Female,UK,Returning,Display Ads,2023-09-17,Jeans,Mobile,At Risk
CUS-02784,18-24,Female,Netherlands,Returning,Organic Search,2024-03-06,Dresses,Desktop,High-Value Customers
CUS-02785,25-34,Male,Germany,New,Google Search,2025-12-06,Shoes,Mobile,New Customers
CUS-02786,25-34,Female,UK,Returning,Organic Search,2023-01-31,Accessories,Tablet,Hibernating
CUS-02787,25-34,Male,Germany,Returning,Organic Search,2024-07-31,Jeans,Mobile,At Risk
CUS-02788,25-34,Male,France,Returning,Google Search,2024-05-30,Jeans,Mobile,Loyal Customers
CUS-02789,55+,Female,Germany,Returning,TikTok Ads,2025-06-04,Beauty,Mobile,Potential Loyalists
CUS-02790,45-54,Female,France,New,TikTok Ads,2025-08-26,Sportswear,Mobile,New Customers
CUS-02791,25-34,Female,France,Returning,TikTok Ads,2025-03-15,Beauty,Desktop,Potential Loyalists
CUS-02792,35-44,Female,Italy,Returning,Google Search,2024-10-22,Shoes,Mobile,Potential Loyalists
CUS-02793,25-34,Female,France,Returning,Google Search,2024-08-18,Shoes,Mobile,Potential Loyalists
CUS-02794,35-44,Non-binary/Other,Netherlands,Returning,Display Ads,2023-01-16,Dresses,Tablet,At Risk
CUS-02795,25-34,Female,Germany,Returning,Organic Search,2023-02-25,Shoes,Desktop,Loyal Customers
CUS-02796,45-54,Male,France,Returning,Google Search,2023-06-10,Beauty,Tablet,Hibernating
CUS-02797,25-34,Female,Spain,New,Affiliate,2025-09-06,Shoes,Mobile,New Customers
CUS-02798,25-34,Male,Italy,Returning,Affiliate,2023-11-26,Bags,Desktop,At Risk
CUS-02799,25-34,Male,France,Returning,Google Search,2023-08-30,Sportswear,Desktop,Champions
CUS-02800,35-44,Female,Germany,New,Google Search,2025-09-19,Accessories,Desktop,New Customers
CUS-02801,35-44,Female,Germany,Returning,Meta Ads,2023-05-27,Shoes,Mobile,Champions
CUS-02802,55+,Female,Germany,Returning,Email,2024-09-16,Bags,Mobile,At Risk
CUS-02803,25-34,Male,UK,Returning,Organic Search,2025-03-08,Shoes,Mobile,Potential Loyalists
CUS-02804,55+,Female,Germany,Returning,Google Search,2024-01-08,Jeans,Desktop,Discount Seekers
CUS-02805,35-44,Female,Germany,Returning,Meta Ads,2024-11-04,Beauty,Mobile,Potential Loyalists
CUS-02806,25-34,Male,Italy,New,TikTok Ads,2025-12-12,Accessories,Mobile,New Customers
CUS-02807,35-44,Female,Italy,Returning,TikTok Ads,2024-01-29,Shoes,Mobile,Loyal Customers
CUS-02808,25-34,Female,Netherlands,Returning,Meta Ads,2023-11-09,Bags,Mobile,At Risk
CUS-02809,25-34,Female,Netherlands,New,TikTok Ads,2025-10-17,Accessories,Mobile,New Customers
CUS-02810,45-54,Female,Italy,Returning,Google Search,2024-09-18,Accessories,Mobile,Potential Loyalists
CUS-02811,45-54,Male,France,Returning,Google Search,2023-01-30,Accessories,Mobile,Loyal Customers
CUS-02812,25-34,Female,Italy,Returning,Google Search,2023-07-17,Shoes,Mobile,Loyal Customers
CUS-02813,35-44,Female,Germany,Returning,TikTok Ads,2024-11-26,Shoes,Mobile,Loyal Customers
CUS-02814,45-54,Female,Germany,Returning,Meta Ads,2023-10-20,Bags,Mobile,High-Value Customers
CUS-02815,35-44,Female,France,Returning,Google Search,2023-12-14,Accessories,Mobile,Potential Loyalists
CUS-02816,45-54,Male,UK,Returning,Organic Search,2024-01-01,Jackets,Mobile,Champions
CUS-02817,18-24,Female,Germany,Returning,Organic Search,2024-05-03,Jackets,Mobile,High-Value Customers
CUS-02818,18-24,Female,Germany,Returning,Google Search,2024-06-13,Jackets,Mobile,Champions
CUS-02819,18-24,Male,Poland,Returning,Google Search,2024-08-02,Sportswear,Desktop,Potential Loyalists
CUS-02820,35-44,Male,France,Returning,Display Ads,2024-05-30,Beauty,Mobile,Hibernating
CUS-02821,35-44,Male,France,Returning,Display Ads,2025-06-02,Jeans,Mobile,Discount Seekers
CUS-02822,45-54,Male,France,Returning,Organic Search,2024-10-01,Beauty,Mobile,Hibernating
CUS-02823,45-54,Male,Germany,New,Google Search,2025-06-22,Sportswear,Mobile,New Customers
CUS-02824,35-44,Male,Italy,Returning,Meta Ads,2023-10-08,Bags,Tablet,High-Value Customers
CUS-02825,35-44,Female,Italy,Returning,TikTok Ads,2024-01-23,Sportswear,Mobile,Champions
CUS-02826,35-44,Female,Poland,Returning,Organic Search,2024-11-26,Shoes,Mobile,High-Value Customers
CUS-02827,18-24,Male,Spain,Returning,TikTok Ads,2023-08-07,Dresses,Mobile,Discount Seekers
CUS-02828,25-34,Male,France,Returning,Google Search,2024-06-28,Dresses,Mobile,Discount Seekers
CUS-02829,25-34,Female,France,Returning,Organic Search,2023-12-18,Accessories,Mobile,Loyal Customers
CUS-02830,35-44,Female,Netherlands,Returning,Affiliate,2023-11-24,Shoes,Mobile,Loyal Customers
CUS-02831,35-44,Female,UK,Returning,Affiliate,2024-11-29,Bags,Desktop,At Risk
CUS-02832,25-34,Male,UK,New,Google Search,2025-10-28,Beauty,Mobile,New Customers
CUS-02833,35-44,Female,Germany,New,TikTok Ads,2025-11-25,Shoes,Desktop,New Customers
CUS-02834,25-34,Female,Germany,Returning,Meta Ads,2024-04-15,Dresses,Desktop,Discount Seekers
CUS-02835,25-34,Male,Italy,Returning,Display Ads,2024-07-25,Bags,Tablet,At Risk
CUS-02836,25-34,Female,France,Returning,Meta Ads,2024-01-29,Beauty,Mobile,Potential Loyalists
CUS-02837,45-54,Male,Germany,Returning,TikTok Ads,2024-02-13,Sportswear,Desktop,Potential Loyalists
CUS-02838,55+,Female,UK,Returning,Email,2023-02-23,Jeans,Mobile,Loyal Customers
CUS-02839,45-54,Male,UK,Returning,TikTok Ads,2024-08-02,Dresses,Mobile,Loyal Customers
CUS-02840,35-44,Female,Spain,Returning,Organic Search,2023-09-02,Dresses,Mobile,Loyal Customers
CUS-02841,55+,Female,Germany,Returning,Google Search,2023-10-26,Beauty,Mobile,Hibernating
CUS-02842,35-44,Female,Germany,Returning,Meta Ads,2023-07-12,Dresses,Mobile,At Risk
CUS-02843,25-34,Female,Germany,New,TikTok Ads,2025-08-13,Shoes,Mobile,New Customers
CUS-02844,45-54,Female,Germany,Returning,TikTok Ads,2024-03-29,Beauty,Mobile,Potential Loyalists
CUS-02845,45-54,Female,UK,Returning,Affiliate,2023-02-19,Bags,Mobile,At Risk
CUS-02846,35-44,Female,Netherlands,Returning,Organic Search,2024-01-30,Accessories,Mobile,Hibernating
CUS-02847,25-34,Male,Germany,Returning,Meta Ads,2024-10-26,Jeans,Mobile,Discount Seekers
CUS-02848,18-24,Male,France,New,TikTok Ads,2025-06-17,Beauty,Mobile,New Customers
CUS-02849,35-44,Female,Poland,Returning,Google Search,2023-07-25,Beauty,Mobile,Hibernating
CUS-02850,25-34,Male,France,New,Google Search,2025-06-17,Sportswear,Mobile,New Customers
CUS-02851,55+,Male,France,New,Google Search,2025-07-07,Accessories,Mobile,New Customers
CUS-02852,25-34,Female,UK,Returning,Meta Ads,2025-02-17,Jeans,Desktop,Discount Seekers
CUS-02853,18-24,Female,Italy,Returning,TikTok Ads,2025-05-01,Shoes,Mobile,Potential Loyalists
CUS-02854,35-44,Female,UK,Returning,Display Ads,2025-02-03,Accessories,Mobile,Potential Loyalists
CUS-02855,35-44,Female,Spain,Returning,Affiliate,2024-08-30,Sportswear,Desktop,Potential Loyalists
CUS-02856,35-44,Female,Netherlands,New,Google Search,2025-11-16,Shoes,Mobile,New Customers
CUS-02857,55+,Female,France,New,Google Search,2025-09-03,Sportswear,Mobile,New Customers
CUS-02858,25-34,Female,Netherlands,Returning,Display Ads,2023-07-05,Jeans,Tablet,At Risk
CUS-02859,25-34,Female,France,New,Google Search,2025-11-30,Sportswear,Mobile,New Customers
CUS-02860,45-54,Female,UK,Returning,Affiliate,2024-05-08,Dresses,Mobile,Loyal Customers
CUS-02861,35-44,Female,Germany,Returning,TikTok Ads,2025-02-24,Jeans,Desktop,Discount Seekers
CUS-02862,25-34,Female,France,Returning,Display Ads,2024-10-21,Sportswear,Mobile,Potential Loyalists
CUS-02863,45-54,Female,Spain,Returning,Display Ads,2023-10-29,Sportswear,Tablet,Discount Seekers
CUS-02864,18-24,Female,UK,Returning,Email,2023-08-07,Jeans,Mobile,Loyal Customers
CUS-02865,45-54,Female,Netherlands,New,Google Search,2025-11-25,Shoes,Mobile,New Customers
CUS-02866,25-34,Female,Poland,New,Organic Search,2025-09-10,Sportswear,Desktop,New Customers
CUS-02867,25-34,Female,Germany,Returning,Display Ads,2024-11-17,Accessories,Mobile,Hibernating
CUS-02868,18-24,Female,Germany,Returning,Google Search,2023-10-09,Jeans,Mobile,Loyal Customers
CUS-02869,35-44,Male,UK,Returning,Email,2024-05-14,Sportswear,Desktop,Discount Seekers
CUS-02870,35-44,Male,Poland,New,Display Ads,2025-07-07,Accessories,Mobile,New Customers
CUS-02871,25-34,Female,UK,Returning,Meta Ads,2023-12-14,Jeans,Desktop,At Risk
CUS-02872,35-44,Non-binary/Other,Germany,New,Google Search,2025-12-12,Shoes,Desktop,New Customers
CUS-02873,25-34,Male,Germany,Returning,Email,2023-05-14,Bags,Tablet,Champions
CUS-02874,35-44,Female,UK,New,Google Search,2025-08-12,Accessories,Mobile,New Customers
CUS-02875,55+,Male,Germany,Returning,Organic Search,2024-03-05,Jeans,Mobile,Loyal Customers
CUS-02876,25-34,Male,Poland,Returning,Google Search,2023-10-13,Beauty,Mobile,Potential Loyalists
CUS-02877,25-34,Female,Italy,Returning,Meta Ads,2023-12-02,Shoes,Mobile,At Risk
CUS-02878,35-44,Female,Poland,New,Organic Search,2025-11-04,Sportswear,Tablet,New Customers
CUS-02879,25-34,Female,Poland,Returning,Organic Search,2024-05-28,Bags,Desktop,Champions
CUS-02880,25-34,Male,Germany,Returning,Email,2024-12-04,Bags,Desktop,Champions
CUS-02881,25-34,Male,Germany,Returning,Meta Ads,2024-03-03,Accessories,Mobile,Loyal Customers
CUS-02882,25-34,Female,France,Returning,TikTok Ads,2024-05-09,Dresses,Mobile,Loyal Customers
CUS-02883,18-24,Female,Germany,Returning,Google Search,2023-04-02,Bags,Mobile,At Risk
CUS-02884,25-34,Female,Germany,Returning,Google Search,2023-10-31,Accessories,Desktop,Loyal Customers
CUS-02885,35-44,Male,France,Returning,Meta Ads,2024-03-29,Shoes,Desktop,Discount Seekers
CUS-02886,25-34,Male,France,Returning,Meta Ads,2024-08-28,Jeans,Desktop,Loyal Customers
CUS-02887,25-34,Female,Italy,Returning,Organic Search,2024-01-26,Shoes,Mobile,Champions
CUS-02888,25-34,Male,Germany,Returning,TikTok Ads,2024-09-09,Shoes,Desktop,Discount Seekers
CUS-02889,45-54,Female,Italy,Returning,Meta Ads,2025-01-03,Sportswear,Desktop,Potential Loyalists
CUS-02890,18-24,Male,Italy,New,Meta Ads,2025-11-08,Shoes,Desktop,New Customers
CUS-02891,45-54,Female,Spain,Returning,Meta Ads,2025-03-03,Bags,Desktop,High-Value Customers
CUS-02892,55+,Male,Italy,Returning,TikTok Ads,2024-09-11,Sportswear,Mobile,Discount Seekers
CUS-02893,35-44,Female,Italy,Returning,Google Search,2023-06-13,Beauty,Mobile,Hibernating
CUS-02894,45-54,Female,Germany,Returning,Email,2023-02-13,Jackets,Mobile,Champions
CUS-02895,35-44,Male,Spain,Returning,Meta Ads,2024-08-26,Jeans,Mobile,At Risk
CUS-02896,35-44,Non-binary/Other,Germany,Returning,Email,2023-04-21,Shoes,Tablet,High-Value Customers
CUS-02897,55+,Female,Italy,Returning,Meta Ads,2024-12-14,Dresses,Desktop,Discount Seekers
CUS-02898,18-24,Male,Germany,Returning,Meta Ads,2023-09-20,Accessories,Mobile,Loyal Customers
CUS-02899,25-34,Female,Germany,Returning,Google Search,2023-08-31,Beauty,Mobile,Potential Loyalists
CUS-02900,45-54,Female,Netherlands,Returning,Google Search,2024-08-21,Shoes,Mobile,Potential Loyalists
CUS-02901,18-24,Male,UK,Returning,Meta Ads,2024-07-06,Shoes,Mobile,Loyal Customers
CUS-02902,25-34,Female,UK,Returning,Email,2023-11-18,Bags,Tablet,At Risk
CUS-02903,25-34,Female,Poland,Returning,Google Search,2025-06-20,Sportswear,Desktop,Potential Loyalists
CUS-02904,25-34,Male,France,Returning,Google Search,2023-12-05,Beauty,Mobile,Potential Loyalists
CUS-02905,25-34,Male,Italy,Returning,Organic Search,2023-05-08,Jackets,Mobile,Champions
CUS-02906,18-24,Male,Germany,New,Meta Ads,2025-08-22,Accessories,Desktop,New Customers
CUS-02907,18-24,Male,Germany,Returning,Affiliate,2023-05-21,Accessories,Desktop,Loyal Customers
CUS-02908,18-24,Female,UK,New,Meta Ads,2025-09-30,Shoes,Tablet,New Customers
CUS-02909,35-44,Female,France,Returning,Email,2024-03-21,Shoes,Mobile,Loyal Customers
CUS-02910,55+,Male,Poland,Returning,Google Search,2024-07-23,Shoes,Tablet,High-Value Customers
CUS-02911,18-24,Female,UK,Returning,Organic Search,2024-10-16,Dresses,Mobile,Loyal Customers
CUS-02912,25-34,Female,Netherlands,New,Meta Ads,2025-12-10,Shoes,Mobile,New Customers
CUS-02913,45-54,Female,Germany,Returning,Display Ads,2024-03-31,Jeans,Mobile,Loyal Customers
CUS-02914,18-24,Female,Poland,Returning,Organic Search,2023-10-25,Shoes,Mobile,Champions
CUS-02915,45-54,Female,Italy,Returning,Organic Search,2023-01-31,Jeans,Mobile,Loyal Customers
CUS-02916,35-44,Male,Germany,Returning,Meta Ads,2025-03-11,Shoes,Desktop,Champions
CUS-02917,45-54,Male,France,Returning,Email,2023-11-30,Dresses,Mobile,Loyal Customers
CUS-02918,25-34,Female,Netherlands,New,Organic Search,2025-11-13,Beauty,Mobile,New Customers
CUS-02919,35-44,Female,UK,Returning,Organic Search,2023-10-10,Bags,Mobile,At Risk
CUS-02920,35-44,Male,France,Returning,Email,2023-11-19,Bags,Desktop,Champions
CUS-02921,25-34,Female,Spain,New,Meta Ads,2025-07-23,Accessories,Desktop,New Customers
CUS-02922,35-44,Male,France,Returning,Email,2023-05-30,Jeans,Desktop,At Risk
CUS-02923,25-34,Male,UK,Returning,Meta Ads,2024-12-06,Jeans,Mobile,Loyal Customers
CUS-02924,18-24,Male,France,Returning,Google Search,2023-10-01,Shoes,Mobile,Potential Loyalists
CUS-02925,25-34,Male,France,Returning,Organic Search,2024-11-05,Bags,Mobile,Champions
CUS-02926,25-34,Female,Poland,Returning,Organic Search,2023-08-01,Jeans,Mobile,Loyal Customers
CUS-02927,45-54,Female,Poland,New,Google Search,2025-08-17,Beauty,Mobile,New Customers
CUS-02928,35-44,Female,France,Returning,Organic Search,2024-04-24,Jackets,Mobile,High-Value Customers
CUS-02929,25-34,Male,UK,Returning,Affiliate,2023-10-02,Shoes,Desktop,High-Value Customers
CUS-02930,55+,Female,Germany,Returning,Google Search,2024-02-27,Dresses,Desktop,High-Value Customers
CUS-02931,45-54,Male,Germany,New,Google Search,2025-06-22,Beauty,Mobile,New Customers
CUS-02932,25-34,Female,Netherlands,Returning,Affiliate,2024-01-20,Jackets,Mobile,Champions
CUS-02933,45-54,Female,Netherlands,Returning,Meta Ads,2024-04-19,Sportswear,Tablet,Potential Loyalists
CUS-02934,45-54,Male,France,Returning,Google Search,2024-03-27,Accessories,Desktop,Loyal Customers
CUS-02935,25-34,Female,Germany,Returning,TikTok Ads,2023-12-02,Bags,Mobile,Champions
CUS-02936,25-34,Male,France,Returning,Organic Search,2024-12-07,Jackets,Tablet,Champions
CUS-02937,35-44,Female,Netherlands,New,Meta Ads,2025-11-11,Beauty,Mobile,New Customers
CUS-02938,35-44,Female,UK,Returning,Organic Search,2024-12-19,Sportswear,Mobile,Potential Loyalists
CUS-02939,35-44,Female,Germany,Returning,Google Search,2023-04-25,Jeans,Tablet,Loyal Customers
CUS-02940,25-34,Male,Germany,Returning,Google Search,2024-09-12,Beauty,Mobile,Hibernating
CUS-02941,25-34,Male,Germany,Returning,Affiliate,2023-07-12,Accessories,Desktop,Potential Loyalists
CUS-02942,25-34,Male,UK,Returning,Google Search,2024-07-22,Jeans,Mobile,Discount Seekers
CUS-02943,45-54,Female,Germany,Returning,Email,2023-04-10,Jeans,Desktop,Loyal Customers
CUS-02944,25-34,Female,France,New,Display Ads,2025-12-04,Accessories,Mobile,New Customers
CUS-02945,18-24,Female,Spain,Returning,Email,2023-05-29,Jeans,Mobile,Loyal Customers
CUS-02946,18-24,Female,Spain,New,Google Search,2025-10-28,Accessories,Mobile,New Customers
CUS-02947,45-54,Female,France,Returning,Google Search,2024-09-30,Jeans,Mobile,Loyal Customers
CUS-02948,35-44,Female,Poland,Returning,TikTok Ads,2024-01-15,Shoes,Desktop,Loyal Customers
CUS-02949,25-34,Male,UK,Returning,TikTok Ads,2023-07-27,Jeans,Desktop,At Risk
CUS-02950,45-54,Female,Italy,Returning,Email,2024-06-18,Jeans,Mobile,Loyal Customers
CUS-02951,35-44,Male,Germany,Returning,Google Search,2023-10-24,Jeans,Mobile,Loyal Customers
CUS-02952,35-44,Female,UK,Returning,Organic Search,2025-06-09,Dresses,Desktop,Discount Seekers
CUS-02953,25-34,Female,France,Returning,TikTok Ads,2024-11-20,Bags,Mobile,Champions
CUS-02954,25-34,Female,Italy,New,Meta Ads,2025-08-16,Sportswear,Mobile,New Customers
CUS-02955,18-24,Female,UK,New,Google Search,2025-09-27,Beauty,Desktop,New Customers
CUS-02956,25-34,Male,France,Returning,Google Search,2024-12-31,Accessories,Mobile,Loyal Customers
CUS-02957,25-34,Non-binary/Other,UK,New,Google Search,2025-09-22,Accessories,Mobile,New Customers
CUS-02958,18-24,Male,Germany,Returning,Affiliate,2024-01-16,Sportswear,Mobile,Champions
CUS-02959,18-24,Female,Germany,Returning,Google Search,2023-07-26,Accessories,Mobile,Hibernating
CUS-02960,25-34,Male,Spain,Returning,Display Ads,2024-07-26,Jeans,Mobile,Loyal Customers
CUS-02961,55+,Male,Poland,Returning,Email,2023-06-17,Dresses,Mobile,Loyal Customers
CUS-02962,25-34,Female,Poland,Returning,Organic Search,2025-06-19,Accessories,Mobile,Potential Loyalists
CUS-02963,45-54,Female,Italy,Returning,Google Search,2025-06-10,Dresses,Mobile,Discount Seekers
CUS-02964,55+,Female,Germany,Returning,Meta Ads,2024-09-11,Beauty,Mobile,Hibernating
CUS-02965,25-34,Male,Netherlands,Returning,Meta Ads,2023-08-16,Sportswear,Mobile,Discount Seekers
CUS-02966,18-24,Male,UK,Returning,Meta Ads,2024-07-24,Bags,Mobile,At Risk
CUS-02967,35-44,Female,UK,Returning,Email,2024-11-05,Dresses,Mobile,At Risk
CUS-02968,45-54,Male,Poland,New,Meta Ads,2025-08-12,Sportswear,Mobile,New Customers
CUS-02969,45-54,Female,Netherlands,Returning,Meta Ads,2024-11-28,Dresses,Mobile,Discount Seekers
CUS-02970,35-44,Female,Spain,New,TikTok Ads,2025-06-02,Shoes,Mobile,New Customers
CUS-02971,25-34,Male,UK,Returning,TikTok Ads,2024-03-26,Beauty,Mobile,Potential Loyalists
CUS-02972,35-44,Female,Italy,Returning,Email,2023-03-09,Jeans,Mobile,At Risk
CUS-02973,35-44,Female,France,New,Google Search,2025-08-07,Beauty,Mobile,New Customers
CUS-02974,45-54,Female,France,Returning,Email,2024-09-05,Jeans,Desktop,Loyal Customers
CUS-02975,25-34,Male,UK,Returning,Google Search,2025-07-23,Accessories,Mobile,Potential Loyalists
CUS-02976,25-34,Female,Germany,Returning,Google Search,2025-04-09,Sportswear,Mobile,Potential Loyalists
CUS-02977,45-54,Female,Germany,Returning,Meta Ads,2025-03-03,Jeans,Mobile,Discount Seekers
CUS-02978,25-34,Female,France,Returning,TikTok Ads,2025-05-13,Sportswear,Mobile,Potential Loyalists
CUS-02979,18-24,Male,Italy,Returning,Affiliate,2023-02-10,Accessories,Desktop,Hibernating
CUS-02980,18-24,Male,Germany,New,TikTok Ads,2025-06-18,Shoes,Mobile,New Customers
CUS-02981,18-24,Female,Italy,Returning,Google Search,2023-01-15,Accessories,Mobile,Hibernating
CUS-02982,45-54,Male,Italy,Returning,TikTok Ads,2024-05-06,Dresses,Mobile,Loyal Customers
CUS-02983,18-24,Female,Netherlands,Returning,TikTok Ads,2024-10-11,Dresses,Mobile,Discount Seekers
CUS-02984,25-34,Female,Italy,New,Affiliate,2025-10-11,Shoes,Desktop,New Customers
CUS-02985,25-34,Male,Netherlands,Returning,Meta Ads,2024-04-06,Accessories,Desktop,Loyal Customers
CUS-02986,35-44,Female,UK,Returning,Email,2023-03-05,Accessories,Desktop,Loyal Customers
CUS-02987,25-34,Female,France,Returning,Organic Search,2023-05-27,Shoes,Mobile,Loyal Customers
CUS-02988,35-44,Female,Italy,Returning,Google Search,2023-12-04,Beauty,Mobile,Potential Loyalists
CUS-02989,25-34,Female,France,Returning,Affiliate,2023-05-29,Shoes,Mobile,Hibernating
CUS-02990,18-24,Male,France,Returning,Affiliate,2024-04-25,Shoes,Desktop,Discount Seekers
CUS-02991,25-34,Female,Netherlands,Returning,Organic Search,2023-08-14,Bags,Desktop,At Risk
CUS-02992,35-44,Female,Spain,New,Google Search,2025-06-02,Sportswear,Desktop,New Customers
CUS-02993,35-44,Female,Italy,New,Organic Search,2025-06-04,Sportswear,Mobile,New Customers
CUS-02994,35-44,Male,Italy,Returning,Email,2024-05-10,Jeans,Mobile,Hibernating
CUS-02995,45-54,Female,UK,Returning,Meta Ads,2024-11-07,Jeans,Mobile,Discount Seekers
CUS-02996,45-54,Female,Italy,Returning,Meta Ads,2025-03-08,Shoes,Desktop,Potential Loyalists
CUS-02997,18-24,Female,Poland,Returning,Affiliate,2024-08-19,Jackets,Mobile,High-Value Customers
CUS-02998,25-34,Male,France,Returning,TikTok Ads,2025-05-25,Shoes,Desktop,Potential Loyalists
CUS-02999,25-34,Female,Germany,Returning,Display Ads,2023-04-06,Beauty,Desktop,Hibernating
CUS-03000,45-54,Female,Germany,Returning,Google Search,2023-09-23,Bags,Desktop,High-Value Customers
CUS-03001,18-24,Female,UK,Returning,TikTok Ads,2024-11-24,Jeans,Mobile,At Risk
CUS-03002,55+,Female,Poland,Returning,Organic Search,2023-11-15,Accessories,Desktop,Loyal Customers
CUS-03003,45-54,Male,Germany,Returning,Organic Search,2024-05-30,Jeans,Mobile,At Risk
CUS-03004,35-44,Female,Germany,Returning,Organic Search,2024-02-29,Accessories,Mobile,Loyal Customers
CUS-03005,35-44,Female,France,Returning,Display Ads,2024-10-22,Shoes,Desktop,Hibernating
CUS-03006,18-24,Female,Spain,Returning,Google Search,2023-12-11,Sportswear,Mobile,Potential Loyalists
CUS-03007,55+,Female,Spain,Returning,Google Search,2023-03-23,Dresses,Mobile,At Risk
CUS-03008,45-54,Male,Germany,Returning,Meta Ads,2024-02-16,Shoes,Mobile,Discount Seekers
CUS-03009,55+,Female,Netherlands,Returning,Google Search,2023-06-03,Shoes,Desktop,Loyal Customers
CUS-03010,35-44,Female,Netherlands,Returning,Organic Search,2025-05-16,Accessories,Mobile,Potential Loyalists
CUS-03011,45-54,Female,UK,Returning,Meta Ads,2024-09-18,Bags,Mobile,At Risk
CUS-03012,45-54,Female,France,Returning,Meta Ads,2024-07-11,Accessories,Mobile,Potential Loyalists
CUS-03013,35-44,Female,UK,Returning,Organic Search,2025-01-24,Jeans,Mobile,Loyal Customers
CUS-03014,55+,Male,Italy,Returning,Meta Ads,2023-03-25,Jackets,Mobile,Champions
CUS-03015,25-34,Female,UK,Returning,Meta Ads,2024-06-06,Beauty,Tablet,Potential Loyalists
CUS-03016,18-24,Female,France,Returning,TikTok Ads,2023-12-01,Shoes,Mobile,At Risk
CUS-03017,45-54,Male,France,New,Organic Search,2025-09-16,Sportswear,Desktop,New Customers
CUS-03018,18-24,Female,Germany,Returning,Organic Search,2024-10-02,Jeans,Desktop,Loyal Customers
CUS-03019,35-44,Female,France,New,Google Search,2025-06-23,Sportswear,Desktop,New Customers
CUS-03020,25-34,Female,Spain,Returning,Meta Ads,2023-08-17,Shoes,Mobile,Potential Loyalists
CUS-03021,18-24,Male,Italy,Returning,Google Search,2025-01-19,Beauty,Mobile,Potential Loyalists
CUS-03022,25-34,Male,UK,Returning,Google Search,2024-10-15,Accessories,Desktop,Hibernating
CUS-03023,45-54,Male,France,Returning,Meta Ads,2025-03-21,Beauty,Mobile,Potential Loyalists
CUS-03024,25-34,Non-binary/Other,Italy,New,Meta Ads,2025-06-15,Sportswear,Desktop,New Customers
CUS-03025,55+,Female,Italy,Returning,Email,2023-08-18,Dresses,Mobile,Discount Seekers
CUS-03026,25-34,Female,Germany,New,Affiliate,2025-10-12,Shoes,Desktop,New Customers
CUS-03027,45-54,Male,Germany,Returning,Display Ads,2023-01-18,Jeans,Mobile,At Risk
CUS-03028,35-44,Male,UK,Returning,Meta Ads,2024-09-01,Sportswear,Desktop,Champions
CUS-03029,35-44,Male,Italy,Returning,Google Search,2024-03-10,Jeans,Mobile,Loyal Customers
CUS-03030,18-24,Male,UK,Returning,Email,2024-08-22,Shoes,Mobile,Loyal Customers
CUS-03031,18-24,Female,Spain,Returning,Google Search,2023-11-10,Shoes,Desktop,Hibernating
CUS-03032,45-54,Female,UK,Returning,TikTok Ads,2024-04-17,Jeans,Mobile,Discount Seekers
CUS-03033,25-34,Male,Germany,Returning,Organic Search,2023-09-21,Accessories,Tablet,Loyal Customers
CUS-03034,18-24,Male,Netherlands,Returning,Email,2023-09-27,Shoes,Mobile,Loyal Customers
CUS-03035,25-34,Non-binary/Other,Netherlands,Returning,Organic Search,2024-02-18,Accessories,Desktop,Potential Loyalists
CUS-03036,18-24,Male,UK,Returning,Meta Ads,2023-09-12,Bags,Mobile,At Risk
CUS-03037,25-34,Female,Germany,Returning,Meta Ads,2023-06-08,Jeans,Mobile,At Risk
CUS-03038,35-44,Male,Spain,Returning,Affiliate,2024-09-03,Shoes,Mobile,At Risk
CUS-03039,25-34,Female,Netherlands,Returning,Google Search,2024-06-30,Shoes,Tablet,Discount Seekers
CUS-03040,35-44,Female,Netherlands,Returning,Affiliate,2024-12-30,Sportswear,Mobile,Potential Loyalists
CUS-03041,35-44,Female,Germany,Returning,Display Ads,2023-10-13,Jeans,Mobile,At Risk
CUS-03042,25-34,Female,Spain,New,Google Search,2025-08-13,Beauty,Mobile,New Customers
CUS-03043,55+,Female,Italy,Returning,Meta Ads,2025-02-15,Sportswear,Desktop,Potential Loyalists
CUS-03044,45-54,Male,Germany,Returning,Meta Ads,2024-04-02,Dresses,Tablet,Discount Seekers
CUS-03045,45-54,Male,UK,Returning,Google Search,2024-07-20,Jackets,Mobile,Champions
CUS-03046,25-34,Male,France,Returning,Organic Search,2024-06-13,Beauty,Mobile,Hibernating
CUS-03047,18-24,Female,UK,Returning,Organic Search,2023-03-04,Jeans,Mobile,Hibernating
CUS-03048,35-44,Male,France,Returning,Meta Ads,2024-07-22,Jeans,Mobile,Discount Seekers
CUS-03049,25-34,Female,Italy,New,Organic Search,2025-10-28,Beauty,Mobile,New Customers
CUS-03050,45-54,Female,Spain,Returning,Organic Search,2024-02-26,Sportswear,Desktop,Potential Loyalists
CUS-03051,25-34,Male,Italy,Returning,Google Search,2024-05-10,Beauty,Mobile,Hibernating
CUS-03052,35-44,Female,Italy,Returning,TikTok Ads,2023-09-02,Accessories,Mobile,Hibernating
CUS-03053,25-34,Female,France,New,TikTok Ads,2025-09-23,Shoes,Desktop,New Customers
CUS-03054,35-44,Male,Italy,Returning,Meta Ads,2024-03-19,Jeans,Mobile,Hibernating
CUS-03055,25-34,Female,France,Returning,Google Search,2023-11-03,Accessories,Mobile,Loyal Customers
CUS-03056,55+,Male,Netherlands,Returning,Organic Search,2024-08-07,Bags,Tablet,At Risk
CUS-03057,45-54,Female,Germany,Returning,Google Search,2024-05-18,Sportswear,Mobile,Discount Seekers
CUS-03058,55+,Male,Spain,Returning,Meta Ads,2025-02-01,Accessories,Mobile,Potential Loyalists
CUS-03059,18-24,Male,Italy,New,Google Search,2025-09-28,Shoes,Mobile,New Customers
CUS-03060,45-54,Male,UK,Returning,Organic Search,2023-06-12,Shoes,Mobile,High-Value Customers
CUS-03061,25-34,Male,Netherlands,Returning,Google Search,2023-03-22,Jeans,Desktop,Hibernating
CUS-03062,55+,Female,Germany,Returning,TikTok Ads,2024-03-19,Sportswear,Desktop,Discount Seekers
CUS-03063,25-34,Non-binary/Other,France,Returning,TikTok Ads,2024-02-17,Shoes,Tablet,Potential Loyalists
CUS-03064,25-34,Female,Italy,Returning,Google Search,2023-12-09,Bags,Mobile,High-Value Customers
CUS-03065,35-44,Male,France,Returning,Organic Search,2025-01-17,Dresses,Tablet,Loyal Customers
CUS-03066,35-44,Female,France,New,Google Search,2025-11-04,Shoes,Mobile,New Customers
CUS-03067,25-34,Female,Spain,New,Display Ads,2025-10-11,Sportswear,Desktop,New Customers
CUS-03068,35-44,Female,Italy,Returning,Affiliate,2023-08-06,Accessories,Desktop,Hibernating
CUS-03069,55+,Female,Germany,Returning,Affiliate,2024-07-14,Dresses,Mobile,Discount Seekers
CUS-03070,25-34,Female,Germany,Returning,Organic Search,2023-05-02,Jeans,Mobile,Hibernating
CUS-03071,45-54,Male,Netherlands,Returning,Affiliate,2024-05-02,Bags,Mobile,At Risk
CUS-03072,25-34,Female,Italy,New,Google Search,2025-11-26,Sportswear,Mobile,New Customers
CUS-03073,35-44,Female,Germany,New,Meta Ads,2025-12-13,Sportswear,Mobile,New Customers
CUS-03074,45-54,Male,Italy,New,Meta Ads,2025-06-11,Shoes,Mobile,New Customers
CUS-03075,25-34,Female,Italy,Returning,Meta Ads,2023-04-19,Bags,Mobile,Champions
CUS-03076,25-34,Male,Germany,New,Organic Search,2025-11-07,Accessories,Mobile,New Customers
CUS-03077,18-24,Male,France,Returning,Affiliate,2024-12-22,Dresses,Desktop,Discount Seekers
CUS-03078,35-44,Male,Netherlands,Returning,TikTok Ads,2023-09-10,Dresses,Tablet,At Risk
CUS-03079,45-54,Female,France,Returning,Google Search,2024-06-16,Beauty,Desktop,Hibernating
CUS-03080,35-44,Female,Germany,Returning,Meta Ads,2024-10-04,Sportswear,Desktop,Potential Loyalists
CUS-03081,45-54,Male,Poland,New,TikTok Ads,2025-11-10,Accessories,Mobile,New Customers
CUS-03082,18-24,Female,Netherlands,Returning,Google Search,2023-08-25,Bags,Mobile,Champions
CUS-03083,45-54,Female,Netherlands,Returning,Meta Ads,2024-05-28,Beauty,Mobile,Potential Loyalists
CUS-03084,25-34,Male,Poland,New,Google Search,2025-08-24,Sportswear,Mobile,New Customers
CUS-03085,35-44,Male,Netherlands,Returning,Email,2023-04-18,Accessories,Mobile,Loyal Customers
CUS-03086,18-24,Female,Spain,Returning,Display Ads,2024-03-20,Jackets,Tablet,Champions
CUS-03087,18-24,Female,Germany,Returning,Email,2023-03-15,Bags,Tablet,At Risk
CUS-03088,45-54,Female,France,New,Google Search,2025-10-21,Sportswear,Mobile,New Customers
CUS-03089,45-54,Female,Italy,Returning,Organic Search,2023-06-01,Shoes,Mobile,Potential Loyalists
CUS-03090,45-54,Male,Germany,Returning,Affiliate,2024-06-28,Jeans,Mobile,Loyal Customers
CUS-03091,18-24,Male,UK,New,TikTok Ads,2025-07-03,Accessories,Mobile,New Customers
CUS-03092,45-54,Female,UK,New,Google Search,2025-07-10,Beauty,Mobile,New Customers
CUS-03093,45-54,Male,Germany,New,Google Search,2025-10-24,Accessories,Desktop,New Customers
CUS-03094,25-34,Female,Spain,Returning,Affiliate,2023-12-19,Jeans,Mobile,At Risk
CUS-03095,45-54,Female,France,Returning,Organic Search,2024-02-19,Shoes,Mobile,Champions
CUS-03096,35-44,Male,France,Returning,Meta Ads,2024-09-24,Jeans,Mobile,Discount Seekers
CUS-03097,25-34,Female,UK,Returning,Email,2024-05-02,Jackets,Mobile,Champions
CUS-03098,35-44,Non-binary/Other,Italy,New,Email,2025-07-26,Shoes,Mobile,New Customers
CUS-03099,25-34,Male,Poland,Returning,Meta Ads,2024-08-21,Accessories,Desktop,Loyal Customers
CUS-03100,35-44,Female,UK,New,Affiliate,2025-06-09,Shoes,Mobile,New Customers
CUS-03101,18-24,Female,Spain,Returning,Affiliate,2025-08-26,Beauty,Desktop,Potential Loyalists
CUS-03102,35-44,Male,France,Returning,Email,2024-02-24,Shoes,Desktop,Discount Seekers
CUS-03103,45-54,Female,France,Returning,TikTok Ads,2025-08-06,Accessories,Desktop,Potential Loyalists
CUS-03104,25-34,Female,France,Returning,Meta Ads,2023-12-28,Shoes,Mobile,At Risk
CUS-03105,18-24,Male,France,Returning,Organic Search,2025-01-27,Shoes,Mobile,Loyal Customers
CUS-03106,18-24,Female,Germany,Returning,Email,2023-08-03,Jackets,Mobile,Champions
CUS-03107,25-34,Female,Spain,Returning,Meta Ads,2024-05-05,Accessories,Mobile,Potential Loyalists
CUS-03108,35-44,Female,Poland,New,Meta Ads,2025-12-03,Shoes,Mobile,New Customers
CUS-03109,35-44,Male,Spain,New,Meta Ads,2025-10-15,Sportswear,Mobile,New Customers
CUS-03110,18-24,Female,UK,Returning,Email,2025-03-30,Bags,Desktop,High-Value Customers
CUS-03111,18-24,Female,UK,Returning,Email,2023-02-25,Bags,Mobile,At Risk
CUS-03112,35-44,Female,Italy,Returning,Meta Ads,2025-02-15,Bags,Mobile,High-Value Customers
CUS-03113,18-24,Female,Poland,Returning,Google Search,2025-06-17,Accessories,Mobile,Potential Loyalists
CUS-03114,35-44,Male,Italy,Returning,Display Ads,2023-05-08,Jeans,Mobile,Hibernating
CUS-03115,55+,Female,Poland,New,Organic Search,2025-08-30,Accessories,Tablet,New Customers
CUS-03116,35-44,Male,UK,Returning,Email,2024-12-04,Jeans,Mobile,At Risk
CUS-03117,45-54,Non-binary/Other,Germany,Returning,Google Search,2024-09-14,Jackets,Mobile,High-Value Customers
CUS-03118,35-44,Male,UK,Returning,Organic Search,2023-04-15,Jeans,Mobile,At Risk
CUS-03119,45-54,Female,UK,Returning,Email,2023-11-02,Jeans,Mobile,Discount Seekers
CUS-03120,45-54,Female,France,Returning,Google Search,2023-02-19,Jeans,Desktop,Hibernating
CUS-03121,45-54,Female,Spain,Returning,Organic Search,2023-09-26,Dresses,Desktop,Loyal Customers
CUS-03122,25-34,Female,UK,Returning,Meta Ads,2024-01-21,Shoes,Mobile,At Risk
CUS-03123,25-34,Non-binary/Other,Italy,New,Meta Ads,2025-08-12,Shoes,Mobile,New Customers
CUS-03124,25-34,Female,France,Returning,Email,2025-04-22,Shoes,Mobile,Discount Seekers
CUS-03125,25-34,Female,UK,Returning,Organic Search,2024-02-26,Jeans,Mobile,Hibernating
CUS-03126,55+,Male,Germany,Returning,Organic Search,2024-10-13,Dresses,Desktop,Loyal Customers
CUS-03127,25-34,Male,Germany,Returning,TikTok Ads,2024-09-21,Jeans,Desktop,Loyal Customers
CUS-03128,35-44,Female,UK,Returning,Organic Search,2023-09-06,Sportswear,Desktop,Champions
CUS-03129,18-24,Male,Germany,New,Meta Ads,2025-10-26,Sportswear,Desktop,New Customers
CUS-03130,35-44,Female,Netherlands,Returning,Google Search,2025-02-26,Jackets,Mobile,Champions
CUS-03131,45-54,Male,UK,Returning,Affiliate,2023-03-05,Beauty,Mobile,Hibernating
CUS-03132,18-24,Female,Germany,New,Google Search,2025-08-16,Accessories,Mobile,New Customers
CUS-03133,25-34,Male,Netherlands,Returning,TikTok Ads,2025-06-13,Sportswear,Desktop,Discount Seekers
CUS-03134,18-24,Male,Italy,Returning,Meta Ads,2023-09-14,Shoes,Desktop,Potential Loyalists
CUS-03135,25-34,Female,Netherlands,New,Display Ads,2025-10-21,Shoes,Mobile,New Customers
CUS-03136,25-34,Female,Netherlands,Returning,Affiliate,2023-03-05,Accessories,Mobile,Loyal Customers
CUS-03137,25-34,Female,Italy,Returning,Google Search,2024-04-01,Shoes,Mobile,Discount Seekers
CUS-03138,25-34,Male,Germany,Returning,Meta Ads,2024-12-21,Shoes,Desktop,Loyal Customers
CUS-03139,35-44,Male,Italy,Returning,Affiliate,2024-05-22,Accessories,Mobile,Loyal Customers
CUS-03140,25-34,Male,Italy,Returning,Organic Search,2023-04-06,Dresses,Mobile,Loyal Customers
CUS-03141,18-24,Female,France,Returning,Google Search,2023-05-14,Beauty,Desktop,Hibernating
CUS-03142,18-24,Male,Germany,Returning,Email,2024-07-20,Shoes,Mobile,Loyal Customers
CUS-03143,35-44,Female,France,Returning,Meta Ads,2024-12-26,Jeans,Mobile,At Risk
CUS-03144,18-24,Male,France,Returning,Display Ads,2024-10-14,Jeans,Desktop,Hibernating
CUS-03145,18-24,Male,France,Returning,Organic Search,2024-06-19,Beauty,Mobile,Hibernating
CUS-03146,45-54,Male,Germany,Returning,Affiliate,2023-02-21,Shoes,Mobile,Loyal Customers
CUS-03147,45-54,Female,Germany,Returning,Google Search,2025-02-05,Bags,Desktop,Champions
CUS-03148,35-44,Male,Spain,New,Google Search,2025-12-07,Beauty,Mobile,New Customers
CUS-03149,35-44,Female,Germany,Returning,Organic Search,2024-11-24,Accessories,Desktop,Loyal Customers
CUS-03150,25-34,Male,Germany,Returning,Organic Search,2024-03-09,Shoes,Mobile,At Risk
CUS-03151,25-34,Female,UK,Returning,TikTok Ads,2023-12-06,Sportswear,Mobile,Potential Loyalists
CUS-03152,25-34,Female,France,New,TikTok Ads,2025-06-20,Shoes,Mobile,New Customers
CUS-03153,18-24,Female,UK,Returning,Email,2023-12-31,Accessories,Mobile,Loyal Customers
CUS-03154,25-34,Female,Germany,New,TikTok Ads,2025-12-05,Beauty,Mobile,New Customers
CUS-03155,25-34,Female,Poland,Returning,Organic Search,2025-03-06,Shoes,Mobile,Loyal Customers
CUS-03156,25-34,Female,Poland,Returning,Affiliate,2023-05-11,Bags,Mobile,At Risk
CUS-03157,55+,Female,UK,Returning,TikTok Ads,2025-01-16,Bags,Tablet,Champions
CUS-03158,18-24,Female,Germany,Returning,Affiliate,2023-06-12,Jackets,Mobile,High-Value Customers
CUS-03159,35-44,Female,Netherlands,Returning,Google Search,2024-11-03,Bags,Mobile,At Risk
CUS-03160,25-34,Female,France,Returning,Email,2023-05-28,Jeans,Mobile,Loyal Customers
CUS-03161,18-24,Non-binary/Other,Germany,Returning,Display Ads,2024-06-25,Shoes,Desktop,Champions
CUS-03162,25-34,Male,Netherlands,Returning,TikTok Ads,2023-11-02,Beauty,Desktop,Potential Loyalists
CUS-03163,18-24,Non-binary/Other,Germany,Returning,Email,2025-01-28,Dresses,Mobile,Loyal Customers
CUS-03164,35-44,Male,Germany,Returning,Meta Ads,2025-02-11,Accessories,Mobile,Loyal Customers
CUS-03165,18-24,Male,Germany,Returning,Organic Search,2023-09-13,Sportswear,Mobile,Discount Seekers
CUS-03166,35-44,Male,Spain,Returning,Meta Ads,2024-11-20,Bags,Tablet,At Risk
CUS-03167,25-34,Female,France,Returning,Organic Search,2024-11-22,Jeans,Desktop,Loyal Customers
CUS-03168,35-44,Female,UK,New,Organic Search,2025-10-05,Accessories,Mobile,New Customers
CUS-03169,18-24,Female,Germany,Returning,Google Search,2024-07-07,Dresses,Mobile,Loyal Customers
CUS-03170,18-24,Male,Italy,Returning,Google Search,2024-05-21,Dresses,Mobile,High-Value Customers
CUS-03171,45-54,Male,UK,Returning,Google Search,2023-01-01,Shoes,Mobile,Champions
CUS-03172,18-24,Female,Italy,Returning,Affiliate,2023-11-03,Beauty,Mobile,Hibernating
CUS-03173,25-34,Male,France,Returning,Meta Ads,2023-02-22,Jeans,Mobile,Hibernating
CUS-03174,35-44,Male,Italy,Returning,Organic Search,2023-09-05,Bags,Desktop,Champions
CUS-03175,25-34,Male,Italy,Returning,Display Ads,2023-08-31,Dresses,Mobile,Loyal Customers
CUS-03176,18-24,Male,France,Returning,Google Search,2024-03-22,Accessories,Mobile,Potential Loyalists
CUS-03177,18-24,Male,Poland,Returning,Organic Search,2024-03-15,Dresses,Tablet,Discount Seekers
CUS-03178,55+,Female,UK,New,Organic Search,2025-09-17,Sportswear,Mobile,New Customers
CUS-03179,35-44,Female,UK,Returning,Organic Search,2023-08-19,Shoes,Mobile,At Risk
CUS-03180,35-44,Female,France,Returning,Affiliate,2024-11-06,Jeans,Mobile,Hibernating
CUS-03181,25-34,Male,Netherlands,Returning,Organic Search,2023-09-25,Shoes,Desktop,Hibernating
CUS-03182,35-44,Female,Germany,New,Google Search,2025-09-14,Shoes,Mobile,New Customers
CUS-03183,18-24,Male,Germany,New,Google Search,2025-08-07,Shoes,Mobile,New Customers
CUS-03184,25-34,Male,Germany,Returning,TikTok Ads,2024-08-08,Shoes,Mobile,Hibernating
CUS-03185,18-24,Female,Italy,Returning,Email,2024-03-22,Dresses,Mobile,Loyal Customers
CUS-03186,35-44,Female,UK,Returning,Meta Ads,2023-06-05,Sportswear,Desktop,Discount Seekers
CUS-03187,18-24,Female,UK,Returning,TikTok Ads,2023-10-10,Jackets,Mobile,Champions
CUS-03188,25-34,Female,Germany,Returning,Meta Ads,2024-08-15,Accessories,Desktop,Loyal Customers
CUS-03189,35-44,Female,Netherlands,Returning,Organic Search,2023-09-25,Shoes,Mobile,Hibernating
CUS-03190,35-44,Male,France,Returning,Google Search,2025-02-08,Accessories,Desktop,Potential Loyalists
CUS-03191,55+,Female,UK,Returning,Affiliate,2024-03-02,Dresses,Mobile,Loyal Customers
CUS-03192,35-44,Male,France,Returning,Meta Ads,2024-12-31,Dresses,Mobile,Loyal Customers
CUS-03193,45-54,Male,France,New,Google Search,2025-06-26,Shoes,Mobile,New Customers
CUS-03194,35-44,Male,Poland,Returning,Email,2023-12-19,Jeans,Desktop,Discount Seekers
CUS-03195,25-34,Male,UK,Returning,TikTok Ads,2024-07-31,Bags,Desktop,Champions
CUS-03196,18-24,Female,Poland,Returning,Google Search,2025-02-13,Bags,Tablet,Champions
CUS-03197,35-44,Female,Germany,New,Google Search,2025-07-04,Sportswear,Mobile,New Customers
CUS-03198,55+,Female,France,Returning,Email,2023-11-02,Dresses,Mobile,High-Value Customers
CUS-03199,55+,Female,Germany,Returning,TikTok Ads,2025-08-01,Beauty,Mobile,Potential Loyalists
CUS-03200,55+,Female,France,Returning,Organic Search,2024-01-14,Dresses,Mobile,High-Value Customers
CUS-03201,55+,Female,France,Returning,Google Search,2024-11-15,Jeans,Mobile,Discount Seekers
CUS-03202,35-44,Male,Germany,Returning,Organic Search,2023-08-12,Accessories,Mobile,Potential Loyalists
CUS-03203,25-34,Female,France,Returning,Meta Ads,2024-05-18,Beauty,Mobile,Hibernating
CUS-03204,35-44,Female,Netherlands,Returning,Google Search,2024-06-17,Dresses,Mobile,At Risk
CUS-03205,18-24,Female,Germany,New,Google Search,2025-09-09,Beauty,Mobile,New Customers
CUS-03206,35-44,Female,Poland,New,Google Search,2025-06-24,Shoes,Mobile,New Customers
CUS-03207,45-54,Female,Poland,Returning,Affiliate,2023-01-22,Jeans,Mobile,Hibernating
CUS-03208,25-34,Female,Netherlands,Returning,Organic Search,2024-03-18,Beauty,Mobile,Hibernating
CUS-03209,25-34,Male,France,Returning,Affiliate,2023-03-19,Accessories,Mobile,Hibernating
CUS-03210,18-24,Female,Poland,Returning,Affiliate,2024-04-23,Dresses,Mobile,High-Value Customers
CUS-03211,18-24,Female,Germany,New,Google Search,2025-10-02,Sportswear,Desktop,New Customers
CUS-03212,25-34,Male,UK,Returning,Google Search,2024-09-25,Beauty,Mobile,Hibernating
CUS-03213,25-34,Non-binary/Other,Netherlands,Returning,Affiliate,2023-11-19,Sportswear,Desktop,Discount Seekers
CUS-03214,45-54,Male,UK,Returning,Google Search,2023-12-23,Jeans,Desktop,Loyal Customers
CUS-03215,45-54,Non-binary/Other,UK,Returning,Meta Ads,2023-10-28,Jackets,Mobile,Champions
CUS-03216,35-44,Female,France,Returning,Meta Ads,2025-08-21,Shoes,Mobile,Potential Loyalists
CUS-03217,25-34,Male,UK,Returning,Google Search,2024-11-02,Dresses,Mobile,Discount Seekers
CUS-03218,35-44,Female,France,Returning,Email,2025-03-15,Beauty,Desktop,Potential Loyalists
CUS-03219,35-44,Female,France,Returning,Organic Search,2024-10-14,Shoes,Mobile,At Risk
CUS-03220,35-44,Male,Germany,Returning,Organic Search,2024-12-06,Jackets,Mobile,Champions
CUS-03221,45-54,Male,Poland,Returning,Display Ads,2024-04-14,Accessories,Desktop,Potential Loyalists
CUS-03222,25-34,Female,Germany,Returning,Affiliate,2024-01-20,Shoes,Mobile,At Risk
CUS-03223,25-34,Female,Germany,Returning,Google Search,2024-08-18,Accessories,Mobile,Loyal Customers
CUS-03224,25-34,Male,UK,Returning,Email,2024-05-17,Shoes,Desktop,Discount Seekers
CUS-03225,18-24,Male,Italy,Returning,Google Search,2024-06-08,Shoes,Desktop,Loyal Customers
CUS-03226,18-24,Female,Spain,Returning,Meta Ads,2025-03-12,Jeans,Mobile,Discount Seekers
CUS-03227,18-24,Female,France,Returning,Organic Search,2024-02-06,Shoes,Desktop,Loyal Customers
CUS-03228,18-24,Female,Netherlands,Returning,Email,2024-12-29,Jackets,Desktop,High-Value Customers
CUS-03229,35-44,Male,Italy,Returning,TikTok Ads,2023-05-30,Dresses,Mobile,At Risk
CUS-03230,55+,Female,Spain,Returning,Organic Search,2024-07-19,Jackets,Mobile,Champions
CUS-03231,18-24,Male,Netherlands,Returning,Display Ads,2023-06-03,Jackets,Mobile,Champions
CUS-03232,25-34,Male,Germany,Returning,Meta Ads,2023-11-29,Sportswear,Mobile,Champions
CUS-03233,55+,Female,Netherlands,Returning,TikTok Ads,2023-04-30,Dresses,Mobile,At Risk
CUS-03234,35-44,Male,Germany,Returning,Meta Ads,2024-06-10,Accessories,Mobile,Hibernating
CUS-03235,35-44,Male,UK,Returning,Google Search,2024-07-13,Beauty,Mobile,Potential Loyalists
CUS-03236,35-44,Female,Spain,New,TikTok Ads,2025-07-17,Sportswear,Mobile,New Customers
CUS-03237,45-54,Male,UK,Returning,Meta Ads,2024-03-31,Jeans,Mobile,At Risk
CUS-03238,25-34,Female,UK,New,Display Ads,2025-10-04,Shoes,Mobile,New Customers
CUS-03239,25-34,Male,Netherlands,Returning,Display Ads,2023-11-05,Dresses,Mobile,At Risk
CUS-03240,25-34,Male,Italy,New,Meta Ads,2025-08-21,Accessories,Mobile,New Customers
CUS-03241,35-44,Female,UK,Returning,Google Search,2023-03-12,Accessories,Mobile,Hibernating
CUS-03242,35-44,Male,France,Returning,Meta Ads,2023-10-18,Jackets,Desktop,High-Value Customers
CUS-03243,35-44,Male,Spain,Returning,TikTok Ads,2024-05-02,Accessories,Mobile,Potential Loyalists
CUS-03244,18-24,Male,Italy,Returning,Display Ads,2024-12-19,Bags,Mobile,Champions
CUS-03245,35-44,Male,Netherlands,Returning,Google Search,2024-10-19,Jeans,Tablet,Loyal Customers
CUS-03246,55+,Male,Spain,New,Google Search,2025-06-18,Sportswear,Mobile,New Customers
CUS-03247,25-34,Male,Italy,Returning,Meta Ads,2025-05-17,Sportswear,Desktop,Potential Loyalists
CUS-03248,25-34,Male,France,Returning,Email,2025-08-12,Shoes,Desktop,Discount Seekers
CUS-03249,25-34,Female,Netherlands,Returning,TikTok Ads,2023-04-22,Dresses,Desktop,At Risk
CUS-03250,18-24,Female,Germany,New,Google Search,2025-08-29,Shoes,Mobile,New Customers
CUS-03251,35-44,Female,France,Returning,Meta Ads,2023-02-13,Beauty,Desktop,Hibernating
CUS-03252,45-54,Female,Netherlands,Returning,Organic Search,2024-02-24,Accessories,Mobile,Loyal Customers
CUS-03253,25-34,Male,France,Returning,Meta Ads,2023-09-08,Jeans,Mobile,Hibernating
CUS-03254,35-44,Female,UK,Returning,Email,2024-12-15,Jackets,Tablet,Champions
CUS-03255,35-44,Female,Germany,Returning,Organic Search,2024-09-23,Jeans,Tablet,At Risk
CUS-03256,25-34,Female,Italy,Returning,Google Search,2023-12-03,Jeans,Mobile,Discount Seekers
CUS-03257,35-44,Male,Germany,Returning,Organic Search,2023-06-04,Accessories,Desktop,Hibernating
CUS-03258,55+,Male,France,Returning,Email,2025-01-17,Dresses,Mobile,Discount Seekers
CUS-03259,25-34,Male,Netherlands,Returning,Meta Ads,2024-09-14,Sportswear,Mobile,Potential Loyalists
CUS-03260,55+,Female,Netherlands,Returning,Google Search,2024-02-07,Accessories,Mobile,Hibernating
CUS-03261,25-34,Female,Netherlands,New,Meta Ads,2025-11-05,Beauty,Mobile,New Customers
CUS-03262,25-34,Male,Spain,Returning,Display Ads,2024-05-26,Shoes,Mobile,At Risk
CUS-03263,25-34,Female,France,Returning,Google Search,2023-01-16,Jackets,Mobile,Champions
CUS-03264,55+,Female,Poland,Returning,Organic Search,2024-01-13,Accessories,Mobile,Loyal Customers
CUS-03265,55+,Male,Spain,New,Meta Ads,2025-10-23,Sportswear,Mobile,New Customers
CUS-03266,35-44,Female,Italy,Returning,Organic Search,2025-02-08,Bags,Desktop,Champions
CUS-03267,25-34,Female,Italy,Returning,Meta Ads,2023-11-22,Accessories,Tablet,Hibernating
CUS-03268,25-34,Male,Germany,Returning,Google Search,2024-11-12,Shoes,Mobile,Discount Seekers
CUS-03269,45-54,Female,Spain,Returning,Google Search,2024-07-04,Shoes,Mobile,Discount Seekers
CUS-03270,45-54,Male,Italy,Returning,Email,2023-11-30,Jeans,Mobile,Loyal Customers
CUS-03271,55+,Male,UK,Returning,Meta Ads,2024-04-26,Jeans,Mobile,Discount Seekers
CUS-03272,25-34,Male,France,Returning,Organic Search,2023-07-02,Sportswear,Mobile,Champions
CUS-03273,25-34,Female,Poland,New,Affiliate,2025-11-19,Beauty,Mobile,New Customers
CUS-03274,35-44,Male,Germany,Returning,Meta Ads,2025-02-12,Shoes,Mobile,Discount Seekers
CUS-03275,25-34,Male,Poland,Returning,Meta Ads,2023-03-07,Sportswear,Mobile,Champions
CUS-03276,35-44,Female,Germany,Returning,Google Search,2023-07-30,Jackets,Desktop,Champions
CUS-03277,18-24,Male,UK,Returning,Google Search,2023-04-17,Bags,Mobile,Champions
CUS-03278,35-44,Female,UK,New,Meta Ads,2025-11-10,Shoes,Mobile,New Customers
CUS-03279,25-34,Female,Germany,Returning,Meta Ads,2024-11-13,Jeans,Mobile,Hibernating
CUS-03280,25-34,Male,Germany,Returning,Meta Ads,2024-07-24,Jeans,Mobile,Loyal Customers
CUS-03281,45-54,Female,Germany,Returning,Meta Ads,2023-06-11,Shoes,Mobile,Loyal Customers
CUS-03282,55+,Female,Germany,New,Meta Ads,2025-11-11,Sportswear,Mobile,New Customers
CUS-03283,18-24,Female,Germany,Returning,Meta Ads,2023-03-26,Dresses,Mobile,Loyal Customers
CUS-03284,25-34,Male,Germany,Returning,Google Search,2024-04-11,Shoes,Mobile,Hibernating
CUS-03285,55+,Male,Germany,Returning,Meta Ads,2024-03-03,Dresses,Mobile,Discount Seekers
CUS-03286,18-24,Male,UK,Returning,Email,2023-08-20,Shoes,Mobile,Hibernating
CUS-03287,35-44,Female,Germany,Returning,TikTok Ads,2025-06-03,Sportswear,Mobile,Discount Seekers
CUS-03288,25-34,Male,Germany,New,Organic Search,2025-06-18,Sportswear,Desktop,New Customers
CUS-03289,55+,Female,Italy,Returning,Google Search,2024-08-12,Shoes,Mobile,Discount Seekers
CUS-03290,45-54,Male,France,Returning,Organic Search,2024-06-17,Jeans,Desktop,Loyal Customers
CUS-03291,18-24,Female,France,Returning,Organic Search,2025-01-31,Sportswear,Mobile,Champions
CUS-03292,55+,Female,Spain,Returning,Email,2024-10-29,Bags,Mobile,At Risk
CUS-03293,55+,Male,Spain,Returning,Meta Ads,2023-02-18,Jackets,Mobile,Champions
CUS-03294,55+,Non-binary/Other,Spain,Returning,Email,2025-05-20,Sportswear,Mobile,Discount Seekers
CUS-03295,25-34,Male,Germany,Returning,Display Ads,2023-05-28,Bags,Mobile,At Risk
CUS-03296,35-44,Male,Spain,Returning,Affiliate,2024-08-13,Jackets,Mobile,High-Value Customers
CUS-03297,45-54,Non-binary/Other,Spain,Returning,Google Search,2024-10-25,Sportswear,Desktop,Potential Loyalists
CUS-03298,55+,Female,Germany,New,Google Search,2025-06-17,Accessories,Desktop,New Customers
CUS-03299,35-44,Female,Netherlands,Returning,TikTok Ads,2023-04-10,Beauty,Mobile,Hibernating
CUS-03300,35-44,Male,UK,Returning,Affiliate,2024-12-19,Accessories,Mobile,Loyal Customers
CUS-03301,25-34,Male,UK,New,Google Search,2025-08-22,Accessories,Mobile,New Customers
CUS-03302,25-34,Male,UK,Returning,TikTok Ads,2024-12-09,Dresses,Mobile,At Risk
CUS-03303,35-44,Male,Spain,Returning,Email,2024-04-01,Bags,Mobile,High-Value Customers
CUS-03304,25-34,Male,Germany,Returning,Meta Ads,2023-08-01,Accessories,Desktop,Hibernating
CUS-03305,55+,Female,Netherlands,Returning,Affiliate,2023-07-29,Jeans,Desktop,Loyal Customers
CUS-03306,25-34,Female,Spain,New,Google Search,2025-09-09,Accessories,Mobile,New Customers
CUS-03307,45-54,Female,France,Returning,Organic Search,2023-03-28,Dresses,Desktop,At Risk
CUS-03308,35-44,Female,Germany,Returning,Meta Ads,2024-12-20,Accessories,Mobile,Loyal Customers
CUS-03309,25-34,Female,Spain,New,Google Search,2025-10-29,Accessories,Tablet,New Customers
CUS-03310,25-34,Female,Poland,Returning,Organic Search,2023-12-24,Accessories,Mobile,Potential Loyalists
CUS-03311,55+,Male,Italy,Returning,Meta Ads,2025-01-13,Shoes,Desktop,Loyal Customers
CUS-03312,25-34,Male,UK,New,Meta Ads,2025-06-14,Shoes,Mobile,New Customers
CUS-03313,55+,Female,UK,Returning,Meta Ads,2023-12-05,Jeans,Mobile,Loyal Customers
CUS-03314,35-44,Female,UK,Returning,Google Search,2024-12-23,Jeans,Mobile,At Risk
CUS-03315,35-44,Female,Netherlands,Returning,Email,2024-10-15,Shoes,Desktop,Loyal Customers
CUS-03316,45-54,Male,Germany,Returning,Meta Ads,2023-05-28,Shoes,Desktop,Hibernating
CUS-03317,35-44,Male,Germany,Returning,Google Search,2025-03-25,Jeans,Mobile,Loyal Customers
CUS-03318,45-54,Male,Germany,Returning,Google Search,2024-12-04,Shoes,Mobile,Discount Seekers
CUS-03319,45-54,Male,Netherlands,Returning,Email,2025-03-30,Jackets,Mobile,Champions
CUS-03320,25-34,Female,France,New,Meta Ads,2025-10-14,Shoes,Mobile,New Customers
CUS-03321,35-44,Female,Italy,Returning,Google Search,2025-08-15,Beauty,Mobile,Potential Loyalists
CUS-03322,25-34,Male,UK,Returning,Google Search,2023-03-19,Jeans,Mobile,Loyal Customers
CUS-03323,18-24,Female,Germany,New,Meta Ads,2025-08-01,Accessories,Mobile,New Customers
CUS-03324,45-54,Male,Netherlands,Returning,TikTok Ads,2024-04-05,Sportswear,Desktop,Discount Seekers
CUS-03325,45-54,Male,Netherlands,Returning,TikTok Ads,2024-10-19,Sportswear,Tablet,Discount Seekers
CUS-03326,18-24,Female,France,Returning,Google Search,2024-08-18,Shoes,Mobile,Potential Loyalists
CUS-03327,35-44,Female,France,Returning,Email,2025-02-21,Dresses,Desktop,Loyal Customers
CUS-03328,25-34,Non-binary/Other,Netherlands,Returning,Meta Ads,2023-10-20,Beauty,Mobile,Hibernating
CUS-03329,45-54,Male,Netherlands,Returning,Display Ads,2024-03-15,Shoes,Desktop,At Risk
CUS-03330,18-24,Female,Germany,Returning,Google Search,2024-09-09,Shoes,Mobile,Loyal Customers
CUS-03331,18-24,Male,Poland,Returning,Google Search,2024-01-30,Shoes,Mobile,Hibernating
CUS-03332,45-54,Male,Germany,New,TikTok Ads,2025-07-08,Accessories,Desktop,New Customers
CUS-03333,35-44,Female,Germany,Returning,Organic Search,2023-06-08,Dresses,Mobile,At Risk
CUS-03334,35-44,Female,Italy,Returning,Google Search,2024-01-22,Accessories,Mobile,Potential Loyalists
CUS-03335,45-54,Male,UK,New,Meta Ads,2025-10-06,Accessories,Tablet,New Customers
CUS-03336,18-24,Female,France,Returning,Meta Ads,2023-07-09,Jeans,Mobile,Loyal Customers
CUS-03337,35-44,Female,Spain,Returning,Email,2023-10-18,Beauty,Desktop,Hibernating
CUS-03338,25-34,Female,UK,Returning,Affiliate,2024-08-07,Shoes,Mobile,Loyal Customers
CUS-03339,35-44,Male,Italy,Returning,Organic Search,2024-06-14,Jeans,Desktop,Hibernating
CUS-03340,25-34,Male,UK,Returning,Affiliate,2024-01-02,Beauty,Tablet,Hibernating
CUS-03341,25-34,Female,Poland,Returning,TikTok Ads,2024-07-22,Jeans,Desktop,Hibernating
CUS-03342,25-34,Female,Spain,Returning,Google Search,2024-03-25,Shoes,Desktop,Champions
CUS-03343,45-54,Female,France,Returning,Google Search,2025-07-19,Beauty,Mobile,Potential Loyalists
CUS-03344,18-24,Non-binary/Other,Germany,New,Google Search,2025-12-08,Shoes,Mobile,New Customers
CUS-03345,25-34,Non-binary/Other,Germany,Returning,Email,2023-12-17,Dresses,Mobile,At Risk
CUS-03346,25-34,Male,France,Returning,Meta Ads,2024-03-28,Dresses,Mobile,Discount Seekers
CUS-03347,25-34,Female,Germany,Returning,Google Search,2025-07-11,Accessories,Mobile,Potential Loyalists
CUS-03348,35-44,Female,Spain,Returning,Google Search,2023-07-02,Dresses,Mobile,Discount Seekers
CUS-03349,25-34,Female,Germany,Returning,Google Search,2023-04-12,Dresses,Mobile,Loyal Customers
CUS-03350,25-34,Female,France,Returning,Google Search,2025-08-15,Sportswear,Mobile,Potential Loyalists
CUS-03351,55+,Female,Germany,Returning,Organic Search,2024-06-12,Jackets,Mobile,Champions
CUS-03352,45-54,Female,Italy,Returning,Google Search,2024-06-08,Accessories,Mobile,Hibernating
CUS-03353,45-54,Female,France,Returning,Organic Search,2024-01-16,Dresses,Tablet,Loyal Customers
CUS-03354,35-44,Male,Spain,Returning,Organic Search,2024-01-10,Shoes,Desktop,Loyal Customers
CUS-03355,18-24,Female,Italy,Returning,Affiliate,2023-07-23,Beauty,Mobile,Hibernating
CUS-03356,25-34,Male,UK,New,Affiliate,2025-10-24,Accessories,Mobile,New Customers
CUS-03357,25-34,Female,Spain,Returning,Google Search,2024-09-29,Jackets,Desktop,Champions
CUS-03358,25-34,Female,Germany,Returning,Google Search,2023-04-17,Sportswear,Mobile,Champions
CUS-03359,55+,Male,Spain,New,TikTok Ads,2025-10-04,Beauty,Mobile,New Customers
CUS-03360,25-34,Male,Netherlands,Returning,Organic Search,2023-08-27,Accessories,Mobile,Potential Loyalists
CUS-03361,25-34,Female,UK,Returning,TikTok Ads,2023-05-03,Accessories,Mobile,Loyal Customers
CUS-03362,18-24,Male,Netherlands,Returning,Organic Search,2023-12-20,Jeans,Mobile,At Risk
CUS-03363,25-34,Female,France,Returning,Meta Ads,2023-12-02,Accessories,Mobile,Loyal Customers
CUS-03364,55+,Female,Germany,Returning,Meta Ads,2024-01-20,Dresses,Mobile,At Risk
CUS-03365,35-44,Female,Italy,Returning,Meta Ads,2024-12-29,Accessories,Mobile,Potential Loyalists
CUS-03366,25-34,Male,Spain,Returning,Meta Ads,2024-01-22,Dresses,Mobile,Loyal Customers
CUS-03367,25-34,Female,UK,Returning,Meta Ads,2023-10-08,Jeans,Mobile,Loyal Customers
CUS-03368,25-34,Male,UK,Returning,Organic Search,2024-01-10,Dresses,Mobile,Loyal Customers
CUS-03369,35-44,Female,Poland,Returning,Meta Ads,2023-10-11,Jackets,Mobile,Champions
CUS-03370,35-44,Male,Spain,Returning,Google Search,2025-08-09,Beauty,Desktop,Potential Loyalists
CUS-03371,35-44,Female,Netherlands,Returning,Email,2023-09-08,Shoes,Mobile,Discount Seekers
CUS-03372,35-44,Male,France,Returning,Organic Search,2025-04-01,Jeans,Mobile,Discount Seekers
CUS-03373,35-44,Female,Germany,Returning,TikTok Ads,2025-02-06,Shoes,Mobile,Potential Loyalists
CUS-03374,18-24,Female,UK,New,Meta Ads,2025-08-01,Beauty,Tablet,New Customers
CUS-03375,35-44,Female,Germany,New,Organic Search,2025-11-02,Shoes,Mobile,New Customers
CUS-03376,25-34,Female,France,Returning,Meta Ads,2023-03-12,Shoes,Desktop,Hibernating
CUS-03377,25-34,Female,Italy,Returning,Organic Search,2024-08-02,Dresses,Mobile,Loyal Customers
CUS-03378,25-34,Male,Spain,Returning,Organic Search,2024-03-26,Accessories,Desktop,Potential Loyalists
CUS-03379,25-34,Male,Netherlands,Returning,TikTok Ads,2023-10-23,Shoes,Desktop,Potential Loyalists
CUS-03380,25-34,Female,Italy,Returning,Email,2023-12-19,Jackets,Desktop,Champions
CUS-03381,25-34,Female,Germany,Returning,Google Search,2024-05-12,Beauty,Mobile,Potential Loyalists
CUS-03382,45-54,Female,Spain,Returning,Email,2023-08-12,Sportswear,Mobile,Discount Seekers
CUS-03383,55+,Female,Italy,Returning,Meta Ads,2025-08-14,Shoes,Mobile,Discount Seekers
CUS-03384,18-24,Male,Germany,Returning,Email,2023-04-27,Shoes,Desktop,Loyal Customers
CUS-03385,25-34,Female,France,New,Google Search,2025-07-13,Sportswear,Mobile,New Customers
CUS-03386,35-44,Female,Germany,Returning,Organic Search,2025-08-17,Beauty,Tablet,Potential Loyalists
CUS-03387,35-44,Male,Germany,New,Organic Search,2025-07-06,Shoes,Mobile,New Customers
CUS-03388,25-34,Male,Spain,New,Email,2025-06-08,Shoes,Mobile,New Customers
CUS-03389,35-44,Male,France,Returning,Email,2023-11-19,Bags,Desktop,Champions
CUS-03390,35-44,Female,Spain,Returning,Meta Ads,2025-06-28,Dresses,Desktop,Discount Seekers
CUS-03391,25-34,Female,Netherlands,Returning,Google Search,2024-09-16,Jackets,Mobile,High-Value Customers
CUS-03392,45-54,Female,Italy,Returning,Google Search,2023-07-27,Jeans,Mobile,At Risk
CUS-03393,35-44,Female,Poland,Returning,Meta Ads,2024-12-22,Jeans,Mobile,At Risk
CUS-03394,25-34,Male,Spain,New,TikTok Ads,2025-09-16,Accessories,Desktop,New Customers
CUS-03395,55+,Female,Netherlands,Returning,Email,2024-10-05,Sportswear,Mobile,Potential Loyalists
CUS-03396,55+,Female,France,Returning,Email,2025-01-05,Jeans,Mobile,Loyal Customers
CUS-03397,35-44,Male,France,Returning,Display Ads,2023-07-04,Dresses,Mobile,At Risk
CUS-03398,18-24,Female,Italy,Returning,Google Search,2023-12-20,Shoes,Mobile,Champions
CUS-03399,35-44,Male,Italy,Returning,Display Ads,2023-04-25,Beauty,Desktop,Hibernating
CUS-03400,55+,Male,Germany,New,Meta Ads,2025-08-05,Sportswear,Mobile,New Customers
CUS-03401,35-44,Female,France,Returning,Affiliate,2025-05-02,Sportswear,Mobile,Potential Loyalists
CUS-03402,45-54,Male,Germany,Returning,Organic Search,2025-04-27,Accessories,Mobile,Potential Loyalists
CUS-03403,18-24,Female,UK,Returning,Affiliate,2025-02-16,Dresses,Desktop,High-Value Customers
CUS-03404,35-44,Female,Poland,Returning,TikTok Ads,2024-07-03,Jeans,Desktop,Loyal Customers
CUS-03405,25-34,Female,Italy,Returning,Organic Search,2024-06-21,Accessories,Desktop,Loyal Customers
CUS-03406,55+,Female,France,Returning,Email,2025-02-18,Accessories,Mobile,Loyal Customers
CUS-03407,25-34,Male,France,Returning,Organic Search,2024-10-17,Bags,Mobile,At Risk
CUS-03408,25-34,Male,UK,Returning,Email,2024-05-16,Shoes,Desktop,High-Value Customers
CUS-03409,25-34,Female,France,Returning,Meta Ads,2023-02-13,Dresses,Mobile,Loyal Customers
CUS-03410,25-34,Female,France,Returning,Email,2025-03-24,Dresses,Mobile,Discount Seekers
CUS-03411,45-54,Female,Spain,Returning,TikTok Ads,2023-06-21,Shoes,Mobile,Potential Loyalists
CUS-03412,18-24,Male,France,Returning,Google Search,2023-12-17,Shoes,Mobile,At Risk
CUS-03413,18-24,Female,Poland,Returning,Meta Ads,2024-05-07,Bags,Mobile,Champions
CUS-03414,35-44,Female,Italy,New,Organic Search,2025-07-07,Beauty,Mobile,New Customers
CUS-03415,25-34,Female,Germany,Returning,Meta Ads,2023-11-29,Jeans,Desktop,At Risk
CUS-03416,55+,Male,France,New,Organic Search,2025-09-05,Beauty,Desktop,New Customers
CUS-03417,35-44,Female,France,Returning,Organic Search,2023-06-22,Dresses,Mobile,Loyal Customers
CUS-03418,35-44,Non-binary/Other,Germany,Returning,Meta Ads,2024-07-16,Jeans,Mobile,Hibernating
CUS-03419,35-44,Female,Italy,Returning,Email,2024-03-13,Dresses,Mobile,High-Value Customers
CUS-03420,35-44,Female,Poland,New,Google Search,2025-07-30,Sportswear,Mobile,New Customers
CUS-03421,18-24,Female,UK,Returning,Google Search,2024-01-08,Dresses,Tablet,At Risk
CUS-03422,25-34,Female,Spain,Returning,Google Search,2024-10-04,Jeans,Mobile,Hibernating
CUS-03423,25-34,Male,France,Returning,Organic Search,2025-02-23,Accessories,Mobile,Loyal Customers
CUS-03424,25-34,Female,Spain,Returning,Google Search,2023-08-02,Sportswear,Mobile,Discount Seekers
CUS-03425,18-24,Female,France,Returning,Meta Ads,2025-02-28,Beauty,Mobile,Potential Loyalists
CUS-03426,25-34,Female,UK,Returning,Meta Ads,2023-02-25,Beauty,Mobile,Hibernating
CUS-03427,18-24,Male,Germany,Returning,Google Search,2023-09-09,Jeans,Mobile,Loyal Customers
CUS-03428,35-44,Male,Poland,Returning,Meta Ads,2023-09-05,Shoes,Mobile,Potential Loyalists
CUS-03429,35-44,Female,Germany,New,Meta Ads,2025-11-19,Sportswear,Mobile,New Customers
CUS-03430,25-34,Male,France,New,Affiliate,2025-10-27,Shoes,Mobile,New Customers
CUS-03431,45-54,Female,France,Returning,Meta Ads,2025-06-05,Shoes,Mobile,Discount Seekers
CUS-03432,35-44,Male,Germany,Returning,Organic Search,2023-04-09,Dresses,Mobile,High-Value Customers
CUS-03433,45-54,Female,Germany,Returning,Organic Search,2024-05-13,Shoes,Mobile,Loyal Customers
CUS-03434,18-24,Male,Germany,Returning,Meta Ads,2025-06-06,Sportswear,Mobile,Potential Loyalists
CUS-03435,25-34,Male,Spain,Returning,Organic Search,2024-06-10,Shoes,Desktop,Potential Loyalists
CUS-03436,25-34,Female,UK,New,TikTok Ads,2025-10-27,Accessories,Mobile,New Customers
CUS-03437,25-34,Female,Poland,New,Google Search,2025-09-10,Shoes,Mobile,New Customers
CUS-03438,25-34,Female,Poland,Returning,Organic Search,2024-08-15,Dresses,Desktop,Discount Seekers
CUS-03439,25-34,Male,France,Returning,Google Search,2023-01-10,Beauty,Tablet,Hibernating
CUS-03440,18-24,Male,Germany,Returning,Google Search,2024-04-08,Bags,Mobile,Champions
CUS-03441,25-34,Female,UK,New,Google Search,2025-10-22,Shoes,Mobile,New Customers
CUS-03442,18-24,Female,UK,Returning,TikTok Ads,2023-07-25,Dresses,Desktop,At Risk
CUS-03443,18-24,Female,Italy,New,Meta Ads,2025-07-28,Beauty,Desktop,New Customers
CUS-03444,18-24,Female,Poland,Returning,Meta Ads,2024-06-06,Jeans,Mobile,Loyal Customers
CUS-03445,25-34,Male,Germany,Returning,Google Search,2023-12-08,Beauty,Mobile,Potential Loyalists
CUS-03446,18-24,Male,Germany,Returning,TikTok Ads,2024-02-21,Accessories,Mobile,Potential Loyalists
CUS-03447,55+,Male,Germany,Returning,Display Ads,2024-10-09,Dresses,Mobile,Loyal Customers
CUS-03448,35-44,Male,UK,Returning,Affiliate,2023-11-09,Beauty,Mobile,Hibernating
CUS-03449,55+,Female,Germany,Returning,TikTok Ads,2023-06-15,Shoes,Mobile,Potential Loyalists
CUS-03450,25-34,Female,Italy,Returning,Organic Search,2023-03-03,Bags,Desktop,At Risk
CUS-03451,25-34,Male,Netherlands,New,TikTok Ads,2025-08-11,Beauty,Mobile,New Customers
CUS-03452,25-34,Female,Germany,Returning,Google Search,2025-03-17,Jeans,Mobile,Discount Seekers
CUS-03453,25-34,Male,Germany,Returning,Affiliate,2024-01-14,Jeans,Desktop,Loyal Customers
CUS-03454,45-54,Male,France,Returning,Email,2023-01-06,Accessories,Desktop,Loyal Customers
CUS-03455,35-44,Female,France,Returning,Google Search,2024-12-31,Shoes,Desktop,Potential Loyalists
CUS-03456,25-34,Female,Italy,New,Organic Search,2025-07-26,Accessories,Mobile,New Customers
CUS-03457,35-44,Female,UK,Returning,TikTok Ads,2024-09-07,Sportswear,Desktop,Potential Loyalists
CUS-03458,25-34,Female,Poland,Returning,Organic Search,2024-03-04,Jeans,Mobile,Hibernating
CUS-03459,25-34,Male,Spain,Returning,Organic Search,2024-09-17,Accessories,Desktop,Loyal Customers
CUS-03460,18-24,Female,Netherlands,Returning,TikTok Ads,2024-05-27,Shoes,Mobile,Champions
CUS-03461,25-34,Female,France,Returning,Meta Ads,2023-06-21,Sportswear,Mobile,Potential Loyalists
CUS-03462,55+,Male,Italy,Returning,Organic Search,2023-06-09,Accessories,Mobile,Hibernating
CUS-03463,35-44,Female,UK,Returning,Organic Search,2025-03-04,Shoes,Mobile,Discount Seekers
CUS-03464,45-54,Female,Italy,Returning,Affiliate,2023-12-24,Accessories,Mobile,Hibernating
CUS-03465,25-34,Male,Netherlands,New,Affiliate,2025-09-01,Beauty,Mobile,New Customers
CUS-03466,35-44,Male,Germany,Returning,Google Search,2023-10-11,Accessories,Mobile,Hibernating
CUS-03467,35-44,Male,Germany,Returning,TikTok Ads,2023-02-07,Dresses,Mobile,At Risk
CUS-03468,18-24,Female,UK,Returning,Affiliate,2023-09-11,Dresses,Mobile,Loyal Customers
CUS-03469,25-34,Female,UK,New,Google Search,2025-10-08,Shoes,Mobile,New Customers
CUS-03470,55+,Non-binary/Other,Spain,Returning,Email,2023-09-30,Accessories,Desktop,Hibernating
CUS-03471,35-44,Female,Poland,Returning,Affiliate,2025-07-10,Beauty,Mobile,Potential Loyalists
CUS-03472,45-54,Male,UK,Returning,TikTok Ads,2023-08-14,Shoes,Mobile,At Risk
CUS-03473,25-34,Female,UK,New,Meta Ads,2025-07-30,Accessories,Desktop,New Customers
CUS-03474,25-34,Female,Spain,New,Meta Ads,2025-08-16,Shoes,Mobile,New Customers
CUS-03475,18-24,Male,UK,Returning,Meta Ads,2025-02-14,Shoes,Mobile,Champions
CUS-03476,35-44,Male,Netherlands,Returning,Meta Ads,2024-05-05,Shoes,Mobile,At Risk
CUS-03477,25-34,Male,Italy,Returning,Meta Ads,2025-07-14,Sportswear,Tablet,Discount Seekers
CUS-03478,35-44,Female,France,Returning,Email,2025-03-20,Dresses,Mobile,Loyal Customers
CUS-03479,18-24,Female,Germany,Returning,TikTok Ads,2024-09-12,Accessories,Mobile,Potential Loyalists
CUS-03480,35-44,Male,Poland,Returning,Organic Search,2024-01-21,Bags,Mobile,Champions
CUS-03481,18-24,Female,France,Returning,TikTok Ads,2024-08-15,Bags,Mobile,Champions
CUS-03482,35-44,Male,Germany,Returning,Meta Ads,2024-12-12,Bags,Mobile,High-Value Customers
CUS-03483,55+,Female,Germany,New,Meta Ads,2025-11-07,Beauty,Mobile,New Customers
CUS-03484,55+,Male,UK,Returning,TikTok Ads,2024-06-19,Beauty,Desktop,Potential Loyalists
CUS-03485,35-44,Male,Spain,Returning,Google Search,2025-03-14,Sportswear,Desktop,Potential Loyalists
CUS-03486,35-44,Female,Germany,Returning,Affiliate,2025-02-06,Dresses,Mobile,High-Value Customers
CUS-03487,25-34,Female,Spain,Returning,Affiliate,2023-03-01,Accessories,Mobile,Loyal Customers
CUS-03488,25-34,Female,Germany,Returning,Meta Ads,2023-03-08,Beauty,Mobile,Hibernating
CUS-03489,45-54,Female,Italy,Returning,Meta Ads,2024-05-16,Shoes,Mobile,Potential Loyalists
CUS-03490,55+,Male,UK,Returning,Email,2025-03-28,Bags,Mobile,Champions
CUS-03491,25-34,Male,Italy,Returning,Google Search,2023-08-16,Dresses,Tablet,At Risk
CUS-03492,18-24,Male,France,Returning,TikTok Ads,2023-09-05,Bags,Mobile,Champions
CUS-03493,18-24,Male,UK,Returning,TikTok Ads,2023-03-06,Dresses,Tablet,At Risk
CUS-03494,45-54,Male,Poland,Returning,Organic Search,2025-02-17,Accessories,Mobile,Loyal Customers
CUS-03495,25-34,Female,UK,Returning,Meta Ads,2023-07-01,Accessories,Mobile,Hibernating
CUS-03496,25-34,Female,Italy,Returning,Meta Ads,2023-10-13,Beauty,Mobile,Hibernating
CUS-03497,35-44,Male,Germany,Returning,Organic Search,2024-01-06,Accessories,Desktop,Hibernating
CUS-03498,45-54,Female,Germany,Returning,Google Search,2024-09-16,Sportswear,Mobile,Champions
CUS-03499,55+,Female,France,Returning,Display Ads,2024-11-02,Dresses,Mobile,At Risk
CUS-03500,25-34,Female,France,Returning,TikTok Ads,2024-01-26,Jackets,Mobile,High-Value Customers
CUS-03501,35-44,Female,France,Returning,Google Search,2023-09-04,Shoes,Desktop,Loyal Customers
CUS-03502,25-34,Male,France,Returning,Affiliate,2025-07-19,Beauty,Tablet,Potential Loyalists
CUS-03503,25-34,Female,Spain,Returning,Google Search,2023-05-03,Accessories,Mobile,Hibernating
CUS-03504,25-34,Male,Germany,Returning,Organic Search,2024-01-18,Accessories,Desktop,Loyal Customers
CUS-03505,18-24,Female,Italy,Returning,Google Search,2023-03-26,Dresses,Tablet,At Risk
CUS-03506,55+,Female,France,Returning,Meta Ads,2024-11-14,Shoes,Mobile,Hibernating
CUS-03507,18-24,Male,Germany,Returning,Google Search,2025-01-26,Shoes,Mobile,Champions
CUS-03508,45-54,Male,Germany,New,TikTok Ads,2025-08-11,Shoes,Mobile,New Customers
CUS-03509,18-24,Male,Germany,New,Google Search,2025-11-12,Accessories,Mobile,New Customers
CUS-03510,25-34,Male,Spain,Returning,Affiliate,2023-07-26,Accessories,Mobile,Potential Loyalists
CUS-03511,45-54,Non-binary/Other,Netherlands,Returning,Organic Search,2023-07-25,Jeans,Mobile,Discount Seekers
CUS-03512,25-34,Female,Germany,Returning,Meta Ads,2023-08-15,Dresses,Mobile,Loyal Customers
CUS-03513,25-34,Male,Italy,Returning,TikTok Ads,2025-04-05,Sportswear,Desktop,Potential Loyalists
CUS-03514,25-34,Female,Germany,Returning,Email,2024-06-23,Jeans,Desktop,Discount Seekers
CUS-03515,45-54,Female,France,Returning,Organic Search,2023-02-16,Dresses,Desktop,Loyal Customers
CUS-03516,35-44,Female,Italy,Returning,Email,2024-10-23,Beauty,Mobile,Hibernating
CUS-03517,55+,Female,Netherlands,Returning,Meta Ads,2023-03-11,Shoes,Mobile,Champions
CUS-03518,35-44,Female,UK,New,Meta Ads,2025-09-15,Shoes,Desktop,New Customers
CUS-03519,35-44,Female,UK,Returning,Meta Ads,2023-11-17,Jackets,Mobile,Champions
CUS-03520,55+,Female,Germany,Returning,Display Ads,2024-07-21,Bags,Mobile,At Risk
CUS-03521,35-44,Female,France,Returning,Organic Search,2024-08-20,Jeans,Mobile,Hibernating
CUS-03522,25-34,Female,Netherlands,Returning,Organic Search,2024-04-15,Shoes,Desktop,Discount Seekers
CUS-03523,45-54,Female,Italy,Returning,Email,2024-01-21,Jackets,Mobile,High-Value Customers
CUS-03524,35-44,Male,Germany,Returning,Google Search,2024-03-21,Dresses,Mobile,At Risk
CUS-03525,25-34,Female,Germany,Returning,TikTok Ads,2023-12-18,Accessories,Tablet,Hibernating
CUS-03526,35-44,Female,Italy,New,Meta Ads,2025-08-07,Sportswear,Desktop,New Customers
CUS-03527,35-44,Female,Spain,Returning,Affiliate,2023-11-03,Jeans,Mobile,Discount Seekers
CUS-03528,18-24,Female,Spain,Returning,Email,2023-03-22,Bags,Mobile,At Risk
CUS-03529,18-24,Female,France,Returning,Google Search,2025-07-15,Dresses,Mobile,Discount Seekers
CUS-03530,35-44,Male,Germany,Returning,Google Search,2023-09-29,Jeans,Mobile,Loyal Customers
CUS-03531,35-44,Female,Italy,New,Organic Search,2025-11-29,Accessories,Mobile,New Customers
CUS-03532,35-44,Male,Germany,Returning,Email,2024-07-11,Accessories,Mobile,Hibernating
CUS-03533,35-44,Female,UK,Returning,Email,2024-02-04,Jeans,Mobile,Loyal Customers
CUS-03534,25-34,Male,Spain,Returning,Email,2023-09-25,Accessories,Mobile,Loyal Customers
CUS-03535,35-44,Female,Germany,Returning,Google Search,2023-01-26,Bags,Desktop,High-Value Customers
CUS-03536,45-54,Male,Italy,New,Meta Ads,2025-10-21,Shoes,Mobile,New Customers
CUS-03537,45-54,Male,France,Returning,Organic Search,2023-05-18,Jeans,Mobile,Loyal Customers
CUS-03538,25-34,Female,Germany,Returning,Email,2023-08-22,Shoes,Mobile,Potential Loyalists
CUS-03539,18-24,Female,France,Returning,Google Search,2024-09-04,Accessories,Mobile,Potential Loyalists
CUS-03540,35-44,Female,France,Returning,Google Search,2024-11-15,Jeans,Mobile,At Risk
CUS-03541,18-24,Male,France,Returning,Email,2023-08-11,Dresses,Desktop,Discount Seekers
CUS-03542,45-54,Male,Spain,Returning,Organic Search,2023-07-06,Jackets,Mobile,High-Value Customers
CUS-03543,25-34,Male,Germany,Returning,Google Search,2024-01-12,Shoes,Tablet,At Risk
CUS-03544,25-34,Female,Italy,Returning,Google Search,2023-02-01,Dresses,Mobile,At Risk
CUS-03545,18-24,Female,Italy,Returning,Google Search,2024-02-12,Accessories,Mobile,Potential Loyalists
CUS-03546,35-44,Female,Spain,Returning,Affiliate,2024-07-17,Shoes,Mobile,Discount Seekers
CUS-03547,45-54,Female,France,Returning,Google Search,2023-08-17,Jeans,Mobile,Loyal Customers
CUS-03548,18-24,Female,Germany,Returning,Email,2023-08-08,Accessories,Desktop,Loyal Customers
CUS-03549,45-54,Female,Netherlands,Returning,Organic Search,2025-01-28,Bags,Mobile,High-Value Customers
CUS-03550,25-34,Female,Germany,Returning,Meta Ads,2023-11-23,Sportswear,Tablet,Discount Seekers
CUS-03551,35-44,Male,UK,Returning,Google Search,2023-06-17,Accessories,Desktop,Potential Loyalists
CUS-03552,45-54,Female,UK,Returning,Meta Ads,2023-01-30,Jeans,Mobile,At Risk
CUS-03553,18-24,Female,Spain,New,Meta Ads,2025-10-06,Beauty,Mobile,New Customers
CUS-03554,25-34,Female,France,Returning,Google Search,2023-09-04,Sportswear,Tablet,Potential Loyalists
CUS-03555,25-34,Male,UK,Returning,Google Search,2023-08-28,Shoes,Mobile,Potential Loyalists
CUS-03556,45-54,Female,Netherlands,Returning,Email,2023-10-14,Jeans,Desktop,Loyal Customers
CUS-03557,45-54,Female,UK,New,Meta Ads,2025-09-19,Beauty,Tablet,New Customers
CUS-03558,25-34,Male,Spain,New,TikTok Ads,2025-07-18,Accessories,Mobile,New Customers
CUS-03559,55+,Female,Spain,New,TikTok Ads,2025-07-11,Accessories,Tablet,New Customers
CUS-03560,25-34,Male,Poland,Returning,Organic Search,2024-06-22,Jeans,Mobile,Loyal Customers
CUS-03561,35-44,Male,Germany,Returning,Google Search,2024-02-07,Jeans,Mobile,Discount Seekers
CUS-03562,25-34,Male,Italy,Returning,Google Search,2023-07-19,Jeans,Mobile,At Risk
CUS-03563,35-44,Male,Germany,Returning,Display Ads,2025-07-11,Jeans,Mobile,Discount Seekers
CUS-03564,45-54,Male,Germany,Returning,Google Search,2023-11-02,Jeans,Mobile,Loyal Customers
CUS-03565,18-24,Female,France,Returning,Google Search,2023-04-15,Jeans,Mobile,At Risk
CUS-03566,18-24,Male,Spain,Returning,TikTok Ads,2023-09-24,Shoes,Mobile,Discount Seekers
CUS-03567,35-44,Female,Spain,Returning,Organic Search,2023-08-07,Beauty,Mobile,Potential Loyalists
CUS-03568,45-54,Female,Italy,Returning,Google Search,2023-04-18,Dresses,Mobile,Loyal Customers
CUS-03569,45-54,Female,Poland,Returning,Organic Search,2024-08-17,Jeans,Desktop,Loyal Customers
CUS-03570,25-34,Female,Germany,Returning,Meta Ads,2024-12-10,Accessories,Mobile,Potential Loyalists
CUS-03571,45-54,Female,France,New,TikTok Ads,2025-06-09,Sportswear,Desktop,New Customers
CUS-03572,25-34,Female,Netherlands,Returning,Google Search,2024-10-18,Accessories,Desktop,Potential Loyalists
CUS-03573,25-34,Male,Spain,Returning,Google Search,2023-07-16,Sportswear,Desktop,Potential Loyalists
CUS-03574,45-54,Male,Netherlands,Returning,Organic Search,2023-01-07,Bags,Mobile,At Risk
CUS-03575,55+,Male,UK,Returning,Meta Ads,2024-01-07,Sportswear,Desktop,Champions
CUS-03576,25-34,Non-binary/Other,UK,Returning,Meta Ads,2024-06-05,Accessories,Desktop,Potential Loyalists
CUS-03577,35-44,Male,Netherlands,Returning,Organic Search,2023-04-23,Bags,Desktop,At Risk
CUS-03578,18-24,Female,Germany,Returning,Meta Ads,2024-09-24,Dresses,Mobile,Loyal Customers
CUS-03579,35-44,Female,UK,Returning,Meta Ads,2023-07-03,Dresses,Mobile,Loyal Customers
CUS-03580,45-54,Male,Italy,Returning,Display Ads,2024-11-15,Jeans,Desktop,Loyal Customers
CUS-03581,25-34,Male,Italy,Returning,Organic Search,2023-05-17,Shoes,Mobile,Champions
CUS-03582,25-34,Male,France,New,Google Search,2025-08-14,Sportswear,Mobile,New Customers
CUS-03583,25-34,Male,UK,Returning,Google Search,2025-03-05,Shoes,Mobile,Champions
CUS-03584,25-34,Female,Netherlands,Returning,Google Search,2023-06-29,Beauty,Tablet,Potential Loyalists
CUS-03585,35-44,Male,Germany,Returning,Email,2023-09-05,Jackets,Mobile,High-Value Customers
CUS-03586,45-54,Male,Germany,Returning,Email,2024-05-20,Jeans,Mobile,Discount Seekers
CUS-03587,18-24,Male,Spain,Returning,Email,2025-03-24,Shoes,Tablet,Loyal Customers
CUS-03588,18-24,Female,Italy,Returning,Meta Ads,2024-04-02,Accessories,Mobile,Potential Loyalists
CUS-03589,25-34,Female,Italy,New,Affiliate,2025-12-04,Beauty,Tablet,New Customers
CUS-03590,25-34,Female,Germany,Returning,Display Ads,2023-11-14,Sportswear,Mobile,Discount Seekers
CUS-03591,35-44,Female,Poland,Returning,Google Search,2023-08-12,Accessories,Mobile,Hibernating
CUS-03592,25-34,Female,Italy,Returning,Email,2024-06-19,Accessories,Mobile,Loyal Customers
CUS-03593,25-34,Female,UK,Returning,Meta Ads,2023-03-24,Dresses,Desktop,Loyal Customers
CUS-03594,25-34,Female,France,Returning,Google Search,2024-05-30,Beauty,Tablet,Potential Loyalists
CUS-03595,45-54,Male,Spain,Returning,Organic Search,2024-06-22,Dresses,Desktop,Discount Seekers
CUS-03596,25-34,Male,Germany,Returning,Meta Ads,2024-09-20,Shoes,Desktop,Discount Seekers
CUS-03597,25-34,Male,Germany,Returning,Organic Search,2023-04-24,Jeans,Desktop,Loyal Customers
CUS-03598,18-24,Male,Germany,New,Display Ads,2025-10-20,Beauty,Mobile,New Customers
CUS-03599,35-44,Female,UK,Returning,Email,2023-03-18,Dresses,Mobile,Loyal Customers
CUS-03600,45-54,Female,Italy,Returning,Email,2023-09-14,Jeans,Mobile,At Risk
CUS-03601,55+,Female,Poland,Returning,Affiliate,2025-04-19,Dresses,Desktop,Discount Seekers
CUS-03602,18-24,Female,Italy,New,Meta Ads,2025-09-23,Accessories,Mobile,New Customers
CUS-03603,18-24,Female,France,Returning,Google Search,2024-12-23,Bags,Mobile,Champions
CUS-03604,35-44,Male,Germany,New,TikTok Ads,2025-10-04,Beauty,Mobile,New Customers
CUS-03605,18-24,Male,Spain,Returning,TikTok Ads,2025-06-17,Beauty,Mobile,Potential Loyalists
CUS-03606,18-24,Female,Spain,Returning,Email,2024-07-04,Shoes,Desktop,Hibernating
CUS-03607,35-44,Female,UK,Returning,Meta Ads,2023-11-12,Beauty,Mobile,Potential Loyalists
CUS-03608,35-44,Male,Germany,Returning,Meta Ads,2023-11-17,Shoes,Desktop,Discount Seekers
CUS-03609,18-24,Male,Germany,Returning,Meta Ads,2025-03-05,Sportswear,Desktop,Potential Loyalists
CUS-03610,45-54,Male,France,Returning,Organic Search,2023-08-10,Dresses,Mobile,Loyal Customers
CUS-03611,35-44,Female,UK,Returning,Meta Ads,2025-04-21,Sportswear,Mobile,Potential Loyalists
CUS-03612,25-34,Male,Spain,Returning,Email,2023-02-09,Shoes,Mobile,Champions
CUS-03613,25-34,Male,Spain,Returning,Meta Ads,2025-06-05,Sportswear,Desktop,Potential Loyalists
CUS-03614,18-24,Male,Germany,Returning,Display Ads,2024-01-25,Bags,Mobile,At Risk
CUS-03615,25-34,Female,Netherlands,Returning,Organic Search,2023-11-08,Dresses,Mobile,Loyal Customers
CUS-03616,25-34,Female,UK,Returning,Organic Search,2024-04-24,Accessories,Mobile,Loyal Customers
CUS-03617,35-44,Male,Germany,Returning,Meta Ads,2023-08-18,Dresses,Mobile,Loyal Customers
CUS-03618,25-34,Male,UK,Returning,Organic Search,2024-11-15,Shoes,Tablet,Champions
CUS-03619,25-34,Female,Italy,Returning,TikTok Ads,2024-02-28,Dresses,Mobile,Discount Seekers
CUS-03620,45-54,Female,Netherlands,Returning,Organic Search,2024-01-21,Sportswear,Mobile,Discount Seekers
CUS-03621,45-54,Male,France,Returning,Affiliate,2023-01-06,Shoes,Mobile,Champions
CUS-03622,45-54,Male,Germany,Returning,Google Search,2024-05-23,Beauty,Mobile,Hibernating
CUS-03623,45-54,Female,Spain,Returning,Email,2024-04-29,Jeans,Desktop,Hibernating
CUS-03624,45-54,Female,UK,Returning,Email,2024-07-08,Shoes,Mobile,High-Value Customers
CUS-03625,55+,Male,Germany,Returning,Email,2025-02-14,Shoes,Mobile,Potential Loyalists
CUS-03626,25-34,Female,UK,Returning,TikTok Ads,2024-12-01,Shoes,Mobile,Potential Loyalists
CUS-03627,25-34,Female,Italy,New,Google Search,2025-12-03,Beauty,Mobile,New Customers
CUS-03628,25-34,Male,Italy,Returning,Email,2025-02-05,Jeans,Mobile,Discount Seekers
CUS-03629,35-44,Male,France,Returning,Affiliate,2024-09-26,Jeans,Mobile,Hibernating
CUS-03630,25-34,Female,France,New,TikTok Ads,2025-08-10,Sportswear,Desktop,New Customers
CUS-03631,35-44,Female,Germany,Returning,Organic Search,2023-09-01,Jeans,Mobile,Loyal Customers
CUS-03632,18-24,Female,France,Returning,Affiliate,2024-01-01,Accessories,Mobile,Hibernating
CUS-03633,25-34,Male,Spain,Returning,Organic Search,2023-07-06,Dresses,Mobile,Discount Seekers
CUS-03634,45-54,Female,Italy,Returning,Google Search,2025-01-20,Accessories,Mobile,Potential Loyalists
CUS-03635,25-34,Female,UK,Returning,Affiliate,2023-11-21,Bags,Desktop,At Risk
CUS-03636,55+,Female,Germany,Returning,Google Search,2025-02-09,Shoes,Desktop,Potential Loyalists
CUS-03637,45-54,Male,France,New,Meta Ads,2025-11-02,Sportswear,Mobile,New Customers
CUS-03638,35-44,Female,UK,New,Meta Ads,2025-08-24,Accessories,Mobile,New Customers
CUS-03639,18-24,Male,Germany,Returning,Organic Search,2023-02-14,Shoes,Mobile,Hibernating
CUS-03640,25-34,Female,Spain,Returning,Google Search,2023-09-22,Jackets,Mobile,High-Value Customers
CUS-03641,35-44,Female,Germany,New,TikTok Ads,2025-10-14,Shoes,Mobile,New Customers
CUS-03642,25-34,Non-binary/Other,Italy,Returning,TikTok Ads,2023-10-13,Beauty,Desktop,Potential Loyalists
CUS-03643,45-54,Male,Netherlands,Returning,Google Search,2023-11-05,Accessories,Desktop,Potential Loyalists
CUS-03644,35-44,Male,Italy,Returning,Affiliate,2023-04-12,Jeans,Desktop,Loyal Customers
CUS-03645,25-34,Female,France,Returning,Google Search,2024-01-31,Beauty,Desktop,Potential Loyalists
CUS-03646,25-34,Male,Spain,Returning,Display Ads,2024-08-23,Sportswear,Mobile,Champions
CUS-03647,35-44,Male,Netherlands,New,Organic Search,2025-11-28,Accessories,Mobile,New Customers
CUS-03648,35-44,Female,Poland,Returning,Affiliate,2023-09-15,Dresses,Desktop,Loyal Customers
CUS-03649,18-24,Female,Italy,Returning,Affiliate,2024-06-05,Accessories,Desktop,Potential Loyalists
CUS-03650,35-44,Female,UK,Returning,Display Ads,2024-08-29,Accessories,Mobile,Hibernating
CUS-03651,25-34,Male,Germany,Returning,Google Search,2024-12-09,Shoes,Mobile,Loyal Customers
CUS-03652,18-24,Male,Netherlands,Returning,Email,2024-12-29,Shoes,Mobile,At Risk
CUS-03653,25-34,Female,Spain,Returning,Google Search,2023-12-03,Shoes,Mobile,Discount Seekers
CUS-03654,18-24,Female,UK,New,Affiliate,2025-08-13,Beauty,Mobile,New Customers
CUS-03655,55+,Female,Spain,Returning,Email,2025-02-26,Dresses,Mobile,Loyal Customers
CUS-03656,35-44,Male,France,Returning,Meta Ads,2024-01-14,Sportswear,Mobile,Potential Loyalists
CUS-03657,18-24,Non-binary/Other,Germany,Returning,Meta Ads,2023-04-01,Jeans,Desktop,At Risk
CUS-03658,55+,Female,Netherlands,New,Google Search,2025-06-15,Accessories,Mobile,New Customers
CUS-03659,45-54,Female,UK,Returning,TikTok Ads,2023-04-29,Jeans,Mobile,Loyal Customers
CUS-03660,55+,Male,France,New,TikTok Ads,2025-10-26,Sportswear,Mobile,New Customers
CUS-03661,25-34,Male,Netherlands,New,Meta Ads,2025-11-16,Beauty,Desktop,New Customers
CUS-03662,55+,Non-binary/Other,Germany,Returning,TikTok Ads,2024-01-17,Accessories,Desktop,Loyal Customers
CUS-03663,18-24,Male,Netherlands,Returning,Meta Ads,2023-09-12,Bags,Mobile,At Risk
CUS-03664,25-34,Female,Germany,Returning,Organic Search,2024-05-16,Jackets,Mobile,Champions
CUS-03665,18-24,Male,UK,Returning,TikTok Ads,2024-04-11,Accessories,Mobile,Potential Loyalists
CUS-03666,25-34,Female,Spain,Returning,Google Search,2023-09-14,Beauty,Tablet,Hibernating
CUS-03667,18-24,Male,Germany,Returning,Organic Search,2024-04-12,Jeans,Mobile,Loyal Customers
CUS-03668,45-54,Female,Italy,Returning,Google Search,2023-01-09,Shoes,Desktop,At Risk
CUS-03669,18-24,Female,Italy,Returning,Display Ads,2025-02-18,Sportswear,Tablet,Potential Loyalists
CUS-03670,45-54,Male,France,Returning,Google Search,2023-08-29,Beauty,Desktop,Potential Loyalists
CUS-03671,45-54,Female,UK,Returning,Affiliate,2023-09-24,Dresses,Mobile,Discount Seekers
CUS-03672,55+,Male,Italy,Returning,Google Search,2023-11-24,Accessories,Mobile,Potential Loyalists
CUS-03673,18-24,Female,UK,Returning,Email,2025-03-25,Accessories,Desktop,Loyal Customers
CUS-03674,25-34,Male,Germany,Returning,Meta Ads,2023-07-17,Dresses,Mobile,Discount Seekers
CUS-03675,18-24,Female,France,Returning,Google Search,2023-04-29,Shoes,Tablet,Hibernating
CUS-03676,35-44,Female,Germany,Returning,Email,2023-05-01,Bags,Mobile,At Risk
CUS-03677,18-24,Male,UK,Returning,Email,2023-02-06,Bags,Mobile,Champions
CUS-03678,25-34,Female,Poland,Returning,Meta Ads,2023-09-20,Dresses,Mobile,Loyal Customers
CUS-03679,25-34,Male,Germany,Returning,Organic Search,2024-12-22,Shoes,Desktop,At Risk
CUS-03680,25-34,Female,France,Returning,Meta Ads,2024-01-16,Shoes,Mobile,Loyal Customers
CUS-03681,25-34,Male,Netherlands,Returning,Email,2023-10-28,Jeans,Mobile,Loyal Customers
CUS-03682,18-24,Female,UK,Returning,Organic Search,2023-06-07,Accessories,Mobile,Hibernating
CUS-03683,18-24,Female,UK,Returning,Meta Ads,2025-02-25,Beauty,Mobile,Potential Loyalists
CUS-03684,35-44,Female,UK,Returning,Meta Ads,2024-09-30,Shoes,Mobile,Champions
CUS-03685,25-34,Female,France,Returning,Organic Search,2024-02-07,Shoes,Desktop,Champions
CUS-03686,25-34,Male,UK,New,Meta Ads,2025-11-05,Beauty,Desktop,New Customers
CUS-03687,18-24,Female,Germany,Returning,Google Search,2023-08-23,Shoes,Mobile,At Risk
CUS-03688,25-34,Female,Germany,Returning,Display Ads,2025-06-23,Shoes,Mobile,Discount Seekers
CUS-03689,35-44,Female,Germany,Returning,Google Search,2024-10-08,Dresses,Tablet,Loyal Customers
CUS-03690,35-44,Male,Italy,Returning,Meta Ads,2024-09-04,Jeans,Mobile,Loyal Customers
CUS-03691,25-34,Male,Germany,New,Google Search,2025-06-07,Accessories,Mobile,New Customers
CUS-03692,55+,Female,Germany,Returning,TikTok Ads,2024-06-09,Sportswear,Desktop,Potential Loyalists
CUS-03693,25-34,Male,Germany,New,TikTok Ads,2025-06-01,Accessories,Mobile,New Customers
CUS-03694,45-54,Male,Germany,Returning,Affiliate,2024-08-02,Sportswear,Desktop,Discount Seekers
CUS-03695,55+,Male,Spain,New,Google Search,2025-06-04,Accessories,Mobile,New Customers
CUS-03696,55+,Female,UK,Returning,TikTok Ads,2023-09-30,Accessories,Mobile,Potential Loyalists
CUS-03697,55+,Female,Spain,Returning,Email,2023-07-16,Shoes,Mobile,High-Value Customers
CUS-03698,35-44,Male,France,Returning,Organic Search,2023-03-23,Jackets,Mobile,Champions
CUS-03699,35-44,Female,Germany,Returning,Meta Ads,2024-01-31,Sportswear,Mobile,Discount Seekers
CUS-03700,35-44,Female,UK,New,Meta Ads,2025-09-01,Sportswear,Desktop,New Customers
CUS-03701,25-34,Female,Germany,New,Meta Ads,2025-11-18,Sportswear,Mobile,New Customers
CUS-03702,45-54,Female,Poland,Returning,Email,2024-08-04,Dresses,Mobile,Discount Seekers
CUS-03703,35-44,Male,France,New,Organic Search,2025-07-24,Beauty,Desktop,New Customers
CUS-03704,18-24,Female,France,New,Google Search,2025-07-22,Shoes,Desktop,New Customers
CUS-03705,25-34,Male,Italy,Returning,Google Search,2024-11-06,Shoes,Mobile,Potential Loyalists
CUS-03706,25-34,Female,Italy,Returning,Affiliate,2023-04-13,Shoes,Mobile,At Risk
CUS-03707,35-44,Female,Poland,New,Google Search,2025-08-15,Beauty,Desktop,New Customers
CUS-03708,25-34,Male,Germany,Returning,Email,2023-09-02,Accessories,Tablet,Loyal Customers
CUS-03709,25-34,Male,Spain,Returning,Meta Ads,2024-06-27,Bags,Desktop,At Risk
CUS-03710,55+,Male,France,Returning,Meta Ads,2023-04-03,Jeans,Tablet,At Risk
CUS-03711,25-34,Female,UK,Returning,Google Search,2025-01-27,Sportswear,Mobile,Potential Loyalists
CUS-03712,45-54,Male,France,Returning,Email,2024-10-11,Sportswear,Mobile,Champions
CUS-03713,45-54,Female,Poland,New,Organic Search,2025-07-02,Shoes,Mobile,New Customers
CUS-03714,45-54,Female,Germany,Returning,Affiliate,2023-04-24,Sportswear,Desktop,Champions
CUS-03715,25-34,Female,France,Returning,Google Search,2023-03-25,Shoes,Mobile,Champions
CUS-03716,18-24,Male,Italy,New,Organic Search,2025-11-19,Sportswear,Tablet,New Customers
CUS-03717,35-44,Female,UK,Returning,Email,2023-07-23,Sportswear,Mobile,Champions
CUS-03718,25-34,Female,France,Returning,Organic Search,2023-06-20,Sportswear,Mobile,Potential Loyalists
CUS-03719,35-44,Female,Netherlands,Returning,TikTok Ads,2023-10-28,Jeans,Mobile,At Risk
CUS-03720,25-34,Female,Germany,Returning,Meta Ads,2025-02-05,Beauty,Mobile,Potential Loyalists
CUS-03721,25-34,Female,France,Returning,Email,2024-05-22,Dresses,Mobile,High-Value Customers
CUS-03722,35-44,Male,UK,Returning,TikTok Ads,2024-08-11,Sportswear,Mobile,Discount Seekers
CUS-03723,18-24,Female,Netherlands,Returning,Organic Search,2024-11-19,Dresses,Mobile,At Risk
CUS-03724,18-24,Male,Germany,Returning,Organic Search,2023-09-26,Jackets,Mobile,High-Value Customers
CUS-03725,45-54,Female,Netherlands,Returning,Organic Search,2023-09-01,Shoes,Mobile,Discount Seekers
CUS-03726,35-44,Female,Poland,Returning,Meta Ads,2024-08-11,Shoes,Desktop,Potential Loyalists
CUS-03727,25-34,Female,Netherlands,Returning,Meta Ads,2024-07-02,Beauty,Mobile,Hibernating
CUS-03728,25-34,Male,Germany,Returning,Organic Search,2024-02-19,Accessories,Mobile,Loyal Customers
CUS-03729,18-24,Female,Italy,Returning,Meta Ads,2024-07-19,Jeans,Mobile,At Risk
CUS-03730,55+,Female,Italy,New,Organic Search,2025-11-21,Shoes,Mobile,New Customers
CUS-03731,35-44,Male,Spain,Returning,Google Search,2023-04-19,Sportswear,Mobile,Champions
CUS-03732,18-24,Female,Spain,Returning,Google Search,2024-01-08,Beauty,Mobile,Potential Loyalists
CUS-03733,18-24,Female,Germany,Returning,TikTok Ads,2024-08-01,Jackets,Mobile,High-Value Customers
CUS-03734,45-54,Female,Germany,Returning,Google Search,2024-10-23,Accessories,Mobile,Potential Loyalists
CUS-03735,35-44,Female,Netherlands,Returning,Organic Search,2025-02-01,Jeans,Mobile,Loyal Customers
CUS-03736,25-34,Male,Germany,Returning,Meta Ads,2024-10-02,Jeans,Mobile,Loyal Customers
CUS-03737,25-34,Male,UK,New,Display Ads,2025-11-19,Beauty,Mobile,New Customers
CUS-03738,25-34,Female,Germany,Returning,Meta Ads,2023-12-13,Sportswear,Mobile,Discount Seekers
CUS-03739,25-34,Female,UK,Returning,Affiliate,2023-05-17,Beauty,Mobile,Hibernating
CUS-03740,18-24,Male,Italy,New,Meta Ads,2025-08-31,Beauty,Mobile,New Customers
CUS-03741,25-34,Male,Spain,Returning,Meta Ads,2024-10-31,Shoes,Desktop,Loyal Customers
CUS-03742,35-44,Male,Spain,Returning,Google Search,2023-06-18,Jackets,Mobile,Champions
CUS-03743,25-34,Female,Italy,New,TikTok Ads,2025-12-12,Accessories,Mobile,New Customers
CUS-03744,25-34,Female,Germany,Returning,Organic Search,2024-02-04,Beauty,Mobile,Hibernating
CUS-03745,25-34,Male,Poland,Returning,Organic Search,2023-02-26,Jeans,Mobile,Hibernating
CUS-03746,18-24,Male,UK,Returning,Google Search,2024-08-18,Beauty,Mobile,Potential Loyalists
CUS-03747,55+,Female,Poland,Returning,Meta Ads,2024-08-17,Dresses,Mobile,At Risk
CUS-03748,35-44,Male,France,New,Meta Ads,2025-11-23,Shoes,Mobile,New Customers
CUS-03749,35-44,Male,Spain,New,Google Search,2025-08-10,Sportswear,Desktop,New Customers
CUS-03750,45-54,Male,France,New,Affiliate,2025-07-17,Shoes,Desktop,New Customers
CUS-03751,35-44,Female,Spain,Returning,Organic Search,2023-05-17,Jeans,Mobile,At Risk
CUS-03752,25-34,Male,Netherlands,New,TikTok Ads,2025-11-19,Beauty,Desktop,New Customers
CUS-03753,25-34,Non-binary/Other,Germany,Returning,Meta Ads,2025-05-08,Shoes,Mobile,Discount Seekers
CUS-03754,35-44,Female,France,New,Google Search,2025-06-30,Beauty,Mobile,New Customers
CUS-03755,45-54,Female,Spain,Returning,Email,2023-02-27,Shoes,Mobile,Champions
CUS-03756,18-24,Female,France,Returning,Organic Search,2024-03-27,Jeans,Desktop,Loyal Customers
CUS-03757,35-44,Female,Spain,New,Organic Search,2025-08-23,Beauty,Mobile,New Customers
CUS-03758,45-54,Female,Netherlands,New,TikTok Ads,2025-07-23,Accessories,Tablet,New Customers
CUS-03759,35-44,Female,Italy,New,Organic Search,2025-07-17,Beauty,Mobile,New Customers
CUS-03760,18-24,Female,France,Returning,TikTok Ads,2024-08-26,Beauty,Mobile,Hibernating
CUS-03761,35-44,Female,Germany,Returning,Meta Ads,2024-11-14,Beauty,Mobile,Potential Loyalists
CUS-03762,25-34,Female,Netherlands,Returning,Google Search,2024-07-16,Bags,Mobile,At Risk
CUS-03763,45-54,Male,Germany,Returning,Meta Ads,2024-10-04,Dresses,Mobile,At Risk
CUS-03764,25-34,Female,Spain,Returning,Google Search,2024-12-05,Shoes,Mobile,Potential Loyalists
CUS-03765,25-34,Female,Spain,Returning,TikTok Ads,2023-07-26,Accessories,Mobile,Potential Loyalists
CUS-03766,18-24,Female,France,Returning,Google Search,2024-10-26,Accessories,Mobile,Loyal Customers
CUS-03767,35-44,Female,Spain,Returning,Google Search,2023-07-23,Sportswear,Mobile,Potential Loyalists
CUS-03768,18-24,Male,Germany,Returning,Affiliate,2023-09-10,Accessories,Desktop,Hibernating
CUS-03769,35-44,Male,Germany,Returning,Organic Search,2023-10-08,Shoes,Mobile,Discount Seekers
CUS-03770,55+,Female,Spain,Returning,Email,2023-05-20,Dresses,Desktop,At Risk
CUS-03771,35-44,Female,Germany,Returning,TikTok Ads,2024-10-16,Sportswear,Desktop,Potential Loyalists
CUS-03772,35-44,Male,France,Returning,Meta Ads,2023-07-11,Shoes,Desktop,At Risk
CUS-03773,25-34,Female,Germany,Returning,Organic Search,2024-10-21,Beauty,Mobile,Hibernating
CUS-03774,35-44,Non-binary/Other,France,Returning,Organic Search,2023-09-15,Beauty,Desktop,Potential Loyalists
CUS-03775,25-34,Female,Germany,Returning,TikTok Ads,2023-08-18,Accessories,Mobile,Hibernating
CUS-03776,25-34,Female,Italy,Returning,Organic Search,2023-09-17,Sportswear,Tablet,Champions
CUS-03777,45-54,Female,France,Returning,Meta Ads,2023-06-23,Sportswear,Desktop,Champions
CUS-03778,35-44,Female,Netherlands,Returning,Meta Ads,2023-12-05,Shoes,Desktop,Loyal Customers
CUS-03779,18-24,Male,UK,Returning,TikTok Ads,2024-10-06,Accessories,Mobile,Loyal Customers
CUS-03780,25-34,Male,Spain,Returning,Meta Ads,2024-11-24,Shoes,Mobile,Discount Seekers
CUS-03781,25-34,Male,UK,New,Email,2025-06-06,Beauty,Tablet,New Customers
CUS-03782,35-44,Male,Italy,Returning,Google Search,2023-09-10,Shoes,Desktop,Potential Loyalists
CUS-03783,45-54,Male,Spain,New,TikTok Ads,2025-08-04,Sportswear,Mobile,New Customers
CUS-03784,18-24,Male,UK,Returning,TikTok Ads,2024-06-27,Accessories,Desktop,Potential Loyalists
CUS-03785,18-24,Male,Germany,Returning,Google Search,2024-03-25,Accessories,Mobile,Potential Loyalists
CUS-03786,55+,Female,Spain,Returning,Meta Ads,2024-03-17,Accessories,Mobile,Loyal Customers
CUS-03787,45-54,Male,Germany,Returning,Meta Ads,2023-08-20,Shoes,Mobile,At Risk
CUS-03788,25-34,Female,France,Returning,Google Search,2024-03-19,Accessories,Mobile,Loyal Customers
CUS-03789,25-34,Female,Poland,Returning,Google Search,2023-10-13,Beauty,Mobile,Hibernating
CUS-03790,35-44,Non-binary/Other,Germany,Returning,Organic Search,2023-07-09,Jeans,Mobile,Loyal Customers
CUS-03791,25-34,Female,Germany,Returning,Meta Ads,2023-07-22,Accessories,Mobile,Hibernating
CUS-03792,18-24,Female,UK,Returning,Affiliate,2024-08-03,Beauty,Tablet,Hibernating
CUS-03793,55+,Male,Netherlands,Returning,Email,2024-12-28,Shoes,Mobile,Loyal Customers
CUS-03794,35-44,Male,Netherlands,Returning,Email,2024-03-13,Sportswear,Mobile,Champions
CUS-03795,35-44,Male,Italy,Returning,Google Search,2023-10-25,Jeans,Tablet,Discount Seekers
CUS-03796,25-34,Female,Germany,New,Meta Ads,2025-11-01,Accessories,Mobile,New Customers
CUS-03797,18-24,Female,Poland,Returning,Email,2023-09-27,Jeans,Mobile,At Risk
CUS-03798,35-44,Female,UK,Returning,Email,2024-04-06,Bags,Mobile,Champions
CUS-03799,55+,Female,Germany,Returning,Google Search,2024-04-13,Sportswear,Desktop,Potential Loyalists
CUS-03800,25-34,Female,Germany,New,Meta Ads,2025-10-24,Beauty,Mobile,New Customers
CUS-03801,18-24,Non-binary/Other,Italy,Returning,Google Search,2023-09-26,Jeans,Mobile,Discount Seekers
CUS-03802,35-44,Female,Germany,Returning,Meta Ads,2023-08-31,Beauty,Mobile,Potential Loyalists
CUS-03803,25-34,Male,UK,Returning,Google Search,2023-12-10,Accessories,Mobile,Hibernating
CUS-03804,35-44,Male,France,Returning,TikTok Ads,2023-07-27,Shoes,Mobile,At Risk
CUS-03805,45-54,Female,Italy,Returning,Google Search,2023-10-16,Accessories,Mobile,Loyal Customers
CUS-03806,35-44,Male,Italy,Returning,TikTok Ads,2025-08-28,Shoes,Mobile,Potential Loyalists
CUS-03807,18-24,Male,Germany,Returning,Google Search,2023-05-18,Accessories,Mobile,Loyal Customers
CUS-03808,18-24,Male,Spain,New,Google Search,2025-11-21,Beauty,Mobile,New Customers
CUS-03809,18-24,Female,Italy,Returning,Organic Search,2024-11-01,Shoes,Mobile,At Risk
CUS-03810,25-34,Male,Spain,New,Meta Ads,2025-08-15,Shoes,Mobile,New Customers
CUS-03811,35-44,Male,France,Returning,Google Search,2025-01-14,Accessories,Mobile,Loyal Customers
CUS-03812,25-34,Female,Spain,Returning,TikTok Ads,2024-11-09,Shoes,Desktop,At Risk
CUS-03813,25-34,Female,Spain,Returning,Email,2023-02-28,Jeans,Mobile,At Risk
CUS-03814,25-34,Female,Spain,New,Meta Ads,2025-07-23,Sportswear,Mobile,New Customers
CUS-03815,35-44,Female,Germany,New,Organic Search,2025-10-20,Sportswear,Mobile,New Customers
CUS-03816,45-54,Male,Germany,Returning,Affiliate,2023-09-24,Jeans,Mobile,Loyal Customers
CUS-03817,35-44,Female,Germany,Returning,Meta Ads,2023-05-03,Bags,Mobile,At Risk
CUS-03818,35-44,Male,Germany,Returning,Meta Ads,2024-01-25,Beauty,Mobile,Potential Loyalists
CUS-03819,25-34,Female,Germany,Returning,TikTok Ads,2025-02-17,Beauty,Desktop,Potential Loyalists
CUS-03820,35-44,Male,Spain,Returning,Organic Search,2024-06-10,Accessories,Mobile,Loyal Customers
CUS-03821,45-54,Male,Italy,Returning,Meta Ads,2023-02-15,Dresses,Desktop,At Risk
CUS-03822,25-34,Female,France,Returning,Meta Ads,2024-12-07,Jeans,Mobile,At Risk
CUS-03823,25-34,Female,Italy,Returning,Organic Search,2024-08-26,Beauty,Desktop,Potential Loyalists
CUS-03824,35-44,Male,Germany,Returning,Email,2024-11-22,Dresses,Mobile,Discount Seekers
CUS-03825,18-24,Female,UK,Returning,Meta Ads,2025-07-06,Shoes,Mobile,Discount Seekers
CUS-03826,35-44,Female,UK,Returning,Google Search,2024-06-22,Dresses,Tablet,Loyal Customers
CUS-03827,35-44,Female,UK,Returning,Organic Search,2023-06-30,Jeans,Desktop,At Risk
CUS-03828,18-24,Female,UK,Returning,Meta Ads,2023-12-31,Beauty,Desktop,Potential Loyalists
CUS-03829,25-34,Female,UK,Returning,Google Search,2024-06-04,Bags,Mobile,High-Value Customers
CUS-03830,35-44,Female,UK,Returning,Email,2023-02-01,Accessories,Mobile,Loyal Customers
CUS-03831,35-44,Female,Italy,Returning,Google Search,2023-09-03,Accessories,Mobile,Potential Loyalists
CUS-03832,18-24,Female,Poland,New,Affiliate,2025-09-18,Shoes,Mobile,New Customers
CUS-03833,18-24,Male,UK,Returning,Email,2023-10-23,Accessories,Desktop,Loyal Customers
CUS-03834,45-54,Female,Poland,Returning,Google Search,2024-12-07,Jeans,Mobile,At Risk
CUS-03835,25-34,Male,Italy,New,Affiliate,2025-11-03,Beauty,Mobile,New Customers
CUS-03836,25-34,Male,Netherlands,Returning,Meta Ads,2024-12-11,Jeans,Mobile,Loyal Customers
CUS-03837,25-34,Female,Germany,New,Organic Search,2025-07-11,Accessories,Mobile,New Customers
CUS-03838,18-24,Female,Spain,Returning,Organic Search,2024-06-14,Dresses,Mobile,Discount Seekers
CUS-03839,35-44,Male,Italy,Returning,TikTok Ads,2023-10-09,Accessories,Mobile,Hibernating
CUS-03840,25-34,Male,Germany,New,Meta Ads,2025-06-15,Beauty,Mobile,New Customers
CUS-03841,55+,Female,France,Returning,Organic Search,2023-08-09,Sportswear,Mobile,Potential Loyalists
CUS-03842,25-34,Female,Germany,Returning,Email,2024-08-13,Shoes,Mobile,Loyal Customers
CUS-03843,55+,Female,Germany,Returning,Google Search,2023-11-27,Shoes,Mobile,Discount Seekers
CUS-03844,25-34,Female,UK,Returning,Google Search,2023-01-29,Jeans,Desktop,Hibernating
CUS-03845,35-44,Female,UK,New,TikTok Ads,2025-08-12,Accessories,Mobile,New Customers
CUS-03846,25-34,Female,France,Returning,TikTok Ads,2023-06-29,Shoes,Desktop,Discount Seekers
CUS-03847,25-34,Female,Germany,Returning,Google Search,2025-01-14,Shoes,Mobile,Loyal Customers
CUS-03848,45-54,Female,Spain,Returning,Organic Search,2023-12-04,Shoes,Mobile,At Risk
CUS-03849,25-34,Female,Poland,Returning,Google Search,2024-04-12,Jeans,Desktop,Loyal Customers
CUS-03850,45-54,Male,France,Returning,TikTok Ads,2023-03-27,Accessories,Mobile,Loyal Customers
CUS-03851,25-34,Female,Poland,New,Meta Ads,2025-07-04,Sportswear,Desktop,New Customers
CUS-03852,18-24,Male,France,Returning,Affiliate,2024-07-16,Shoes,Mobile,Potential Loyalists
CUS-03853,45-54,Female,France,Returning,Meta Ads,2024-06-12,Dresses,Desktop,Discount Seekers
CUS-03854,25-34,Female,Poland,Returning,Organic Search,2023-09-28,Accessories,Mobile,Potential Loyalists
CUS-03855,25-34,Female,Italy,Returning,Affiliate,2023-08-02,Beauty,Mobile,Hibernating
CUS-03856,25-34,Male,Germany,Returning,Display Ads,2024-03-21,Shoes,Mobile,Hibernating
CUS-03857,35-44,Female,Germany,Returning,Affiliate,2023-03-28,Jeans,Mobile,At Risk
CUS-03858,18-24,Female,UK,Returning,TikTok Ads,2025-06-06,Sportswear,Mobile,Discount Seekers
CUS-03859,25-34,Female,Italy,Returning,Meta Ads,2025-01-14,Shoes,Mobile,Potential Loyalists
CUS-03860,45-54,Female,Poland,Returning,Google Search,2024-01-09,Sportswear,Tablet,Potential Loyalists
CUS-03861,35-44,Female,Poland,Returning,Meta Ads,2024-12-29,Dresses,Desktop,Loyal Customers
CUS-03862,35-44,Male,France,Returning,TikTok Ads,2024-01-10,Sportswear,Desktop,Potential Loyalists
CUS-03863,25-34,Female,Spain,Returning,Meta Ads,2024-04-14,Shoes,Mobile,Discount Seekers
CUS-03864,55+,Male,France,New,Affiliate,2025-11-28,Beauty,Desktop,New Customers
CUS-03865,25-34,Female,UK,Returning,Meta Ads,2025-05-22,Sportswear,Mobile,Potential Loyalists
CUS-03866,18-24,Female,Germany,Returning,Email,2023-09-24,Shoes,Mobile,Loyal Customers
CUS-03867,45-54,Male,Netherlands,New,Display Ads,2025-11-12,Beauty,Mobile,New Customers
CUS-03868,18-24,Male,France,Returning,Affiliate,2023-07-10,Shoes,Mobile,Hibernating
CUS-03869,25-34,Male,Poland,Returning,Organic Search,2024-12-22,Accessories,Mobile,Potential Loyalists
CUS-03870,35-44,Female,UK,Returning,Affiliate,2024-05-07,Jeans,Desktop,Hibernating
CUS-03871,18-24,Male,France,Returning,Organic Search,2024-06-22,Dresses,Desktop,At Risk
CUS-03872,35-44,Male,UK,Returning,Google Search,2024-06-01,Jeans,Mobile,Hibernating
CUS-03873,55+,Female,UK,Returning,Organic Search,2023-09-13,Shoes,Mobile,Loyal Customers
CUS-03874,18-24,Non-binary/Other,Poland,Returning,Meta Ads,2024-11-18,Jeans,Desktop,At Risk
CUS-03875,18-24,Female,Netherlands,Returning,Google Search,2023-08-30,Jeans,Mobile,Loyal Customers
CUS-03876,35-44,Female,Germany,Returning,Google Search,2024-04-14,Sportswear,Tablet,Potential Loyalists
CUS-03877,25-34,Female,UK,Returning,Organic Search,2023-07-15,Accessories,Mobile,Hibernating
CUS-03878,35-44,Male,Spain,Returning,Meta Ads,2024-03-02,Shoes,Desktop,At Risk
CUS-03879,55+,Male,Spain,Returning,TikTok Ads,2023-10-21,Accessories,Mobile,Loyal Customers
CUS-03880,55+,Female,France,Returning,Google Search,2024-07-28,Sportswear,Mobile,Discount Seekers
CUS-03881,25-34,Male,Germany,Returning,Email,2023-04-02,Jackets,Mobile,Champions
CUS-03882,18-24,Female,Italy,Returning,Affiliate,2024-09-07,Bags,Mobile,At Risk
CUS-03883,55+,Female,Germany,Returning,Organic Search,2023-10-25,Bags,Desktop,High-Value Customers
CUS-03884,45-54,Female,Spain,New,TikTok Ads,2025-11-23,Beauty,Mobile,New Customers
CUS-03885,45-54,Female,Italy,Returning,Organic Search,2024-11-26,Shoes,Mobile,Hibernating
CUS-03886,25-34,Non-binary/Other,France,Returning,TikTok Ads,2023-02-14,Dresses,Mobile,At Risk
CUS-03887,18-24,Female,Germany,Returning,Organic Search,2024-11-18,Accessories,Mobile,Hibernating
CUS-03888,35-44,Male,Germany,Returning,Meta Ads,2024-04-27,Jeans,Desktop,At Risk
CUS-03889,35-44,Female,Netherlands,Returning,Email,2024-10-20,Shoes,Desktop,At Risk
CUS-03890,35-44,Female,Italy,Returning,Email,2024-06-21,Accessories,Mobile,Loyal Customers
CUS-03891,18-24,Male,Spain,Returning,Affiliate,2023-10-14,Jeans,Desktop,Hibernating
CUS-03892,45-54,Female,UK,Returning,Email,2023-08-30,Jeans,Desktop,Loyal Customers
CUS-03893,55+,Male,Germany,Returning,Meta Ads,2023-06-25,Dresses,Mobile,High-Value Customers
CUS-03894,25-34,Female,France,Returning,Organic Search,2023-08-05,Jeans,Mobile,Loyal Customers
CUS-03895,25-34,Female,Italy,Returning,Google Search,2024-09-09,Jeans,Desktop,Loyal Customers
CUS-03896,25-34,Male,Spain,Returning,TikTok Ads,2024-10-01,Shoes,Mobile,Discount Seekers
CUS-03897,25-34,Female,Italy,Returning,Organic Search,2023-09-11,Dresses,Mobile,Loyal Customers
CUS-03898,35-44,Male,Netherlands,Returning,Meta Ads,2023-08-31,Beauty,Mobile,Potential Loyalists
CUS-03899,25-34,Female,Germany,Returning,Meta Ads,2023-03-14,Jeans,Mobile,Hibernating
CUS-03900,25-34,Female,Germany,Returning,Email,2023-01-11,Shoes,Mobile,Loyal Customers
CUS-03901,55+,Male,Italy,Returning,Meta Ads,2025-01-14,Accessories,Mobile,Loyal Customers
CUS-03902,55+,Female,France,New,Google Search,2025-10-18,Sportswear,Mobile,New Customers
CUS-03903,25-34,Female,Spain,Returning,Organic Search,2024-12-19,Jeans,Desktop,Loyal Customers
CUS-03904,25-34,Male,France,Returning,Display Ads,2023-05-20,Shoes,Mobile,Loyal Customers
CUS-03905,25-34,Female,UK,Returning,Meta Ads,2023-12-09,Shoes,Mobile,Champions
CUS-03906,35-44,Female,Netherlands,Returning,TikTok Ads,2023-09-03,Shoes,Mobile,Potential Loyalists
CUS-03907,18-24,Female,Italy,Returning,Organic Search,2025-01-22,Sportswear,Mobile,Potential Loyalists
CUS-03908,45-54,Female,France,Returning,Email,2025-01-24,Jackets,Mobile,Champions
CUS-03909,55+,Male,UK,Returning,Display Ads,2023-04-08,Jeans,Mobile,At Risk
CUS-03910,55+,Male,Spain,Returning,Google Search,2023-07-24,Jeans,Mobile,At Risk
CUS-03911,18-24,Male,Spain,Returning,Meta Ads,2024-12-09,Sportswear,Desktop,Champions
CUS-03912,45-54,Female,France,Returning,Meta Ads,2025-08-25,Accessories,Mobile,Potential Loyalists
CUS-03913,55+,Female,Italy,Returning,Organic Search,2023-08-10,Sportswear,Mobile,Discount Seekers
CUS-03914,18-24,Female,Poland,Returning,Meta Ads,2023-11-20,Jeans,Mobile,At Risk
CUS-03915,45-54,Male,Spain,Returning,TikTok Ads,2024-07-05,Accessories,Tablet,Potential Loyalists
CUS-03916,35-44,Female,France,New,Google Search,2025-10-07,Shoes,Desktop,New Customers
CUS-03917,25-34,Non-binary/Other,Spain,Returning,Affiliate,2025-02-07,Shoes,Desktop,Loyal Customers
CUS-03918,25-34,Male,Netherlands,Returning,Meta Ads,2024-04-23,Accessories,Mobile,Hibernating
CUS-03919,35-44,Female,Germany,Returning,Meta Ads,2024-11-10,Dresses,Mobile,Discount Seekers
CUS-03920,25-34,Female,UK,Returning,Email,2023-12-14,Shoes,Mobile,Discount Seekers
CUS-03921,25-34,Male,UK,Returning,Email,2024-05-20,Accessories,Desktop,Loyal Customers
CUS-03922,25-34,Female,France,Returning,Organic Search,2025-07-12,Sportswear,Mobile,Potential Loyalists
CUS-03923,25-34,Female,Spain,Returning,Google Search,2025-03-21,Jeans,Mobile,Loyal Customers
CUS-03924,25-34,Male,Germany,Returning,Google Search,2023-10-10,Sportswear,Mobile,Potential Loyalists
CUS-03925,25-34,Female,Germany,Returning,Google Search,2024-01-25,Sportswear,Desktop,Potential Loyalists
CUS-03926,35-44,Female,UK,Returning,Display Ads,2023-08-30,Shoes,Mobile,At Risk
CUS-03927,25-34,Female,France,Returning,Email,2023-07-24,Dresses,Mobile,Loyal Customers
CUS-03928,25-34,Female,Netherlands,Returning,Email,2023-10-20,Jeans,Mobile,Discount Seekers
CUS-03929,35-44,Female,Netherlands,Returning,Organic Search,2024-01-24,Shoes,Mobile,Loyal Customers
CUS-03930,25-34,Female,Poland,Returning,Organic Search,2023-03-02,Sportswear,Mobile,Champions
CUS-03931,18-24,Male,Poland,Returning,Affiliate,2025-03-04,Sportswear,Mobile,Discount Seekers
CUS-03932,45-54,Female,Poland,Returning,Meta Ads,2023-03-13,Dresses,Mobile,At Risk
CUS-03933,25-34,Female,UK,Returning,Organic Search,2025-08-09,Sportswear,Mobile,Potential Loyalists
CUS-03934,25-34,Male,France,Returning,Organic Search,2024-07-05,Shoes,Mobile,At Risk
CUS-03935,18-24,Female,Germany,Returning,Email,2024-11-26,Jeans,Mobile,Loyal Customers
CUS-03936,25-34,Male,Germany,Returning,Affiliate,2023-08-11,Accessories,Tablet,Loyal Customers
CUS-03937,18-24,Male,Germany,New,Meta Ads,2025-11-15,Accessories,Mobile,New Customers
CUS-03938,45-54,Female,France,Returning,Google Search,2024-05-10,Shoes,Mobile,Potential Loyalists
CUS-03939,35-44,Male,UK,Returning,Google Search,2023-05-17,Shoes,Mobile,At Risk
CUS-03940,35-44,Male,Netherlands,Returning,Google Search,2024-07-30,Jeans,Tablet,Loyal Customers
CUS-03941,18-24,Female,Spain,Returning,TikTok Ads,2023-03-13,Bags,Mobile,At Risk
CUS-03942,35-44,Male,Spain,Returning,Display Ads,2024-07-08,Jeans,Mobile,Hibernating
CUS-03943,18-24,Female,Netherlands,Returning,Organic Search,2024-06-21,Accessories,Mobile,Loyal Customers
CUS-03944,25-34,Male,UK,Returning,Meta Ads,2023-02-01,Shoes,Desktop,Champions
CUS-03945,25-34,Female,Germany,New,Google Search,2025-09-12,Beauty,Mobile,New Customers
CUS-03946,25-34,Female,Netherlands,Returning,TikTok Ads,2024-06-05,Beauty,Mobile,Hibernating
CUS-03947,25-34,Female,Netherlands,Returning,TikTok Ads,2024-11-12,Shoes,Mobile,At Risk
CUS-03948,45-54,Female,France,Returning,TikTok Ads,2023-09-11,Shoes,Desktop,At Risk
CUS-03949,55+,Male,Germany,Returning,Meta Ads,2024-12-19,Shoes,Desktop,Potential Loyalists
CUS-03950,25-34,Female,Germany,Returning,Email,2023-11-19,Dresses,Desktop,Loyal Customers
CUS-03951,18-24,Female,UK,New,TikTok Ads,2025-07-10,Shoes,Mobile,New Customers
CUS-03952,45-54,Male,France,Returning,Email,2023-03-28,Accessories,Mobile,Loyal Customers
CUS-03953,45-54,Non-binary/Other,Italy,Returning,Affiliate,2023-08-30,Shoes,Mobile,Hibernating
CUS-03954,35-44,Male,Netherlands,Returning,Organic Search,2023-02-25,Shoes,Mobile,Loyal Customers
CUS-03955,35-44,Female,Germany,Returning,TikTok Ads,2023-07-08,Beauty,Mobile,Potential Loyalists
CUS-03956,55+,Male,UK,New,Meta Ads,2025-07-03,Shoes,Mobile,New Customers
CUS-03957,18-24,Female,Netherlands,New,Google Search,2025-10-28,Shoes,Desktop,New Customers
CUS-03958,45-54,Male,Spain,Returning,TikTok Ads,2023-03-08,Bags,Mobile,At Risk
CUS-03959,18-24,Male,UK,New,Meta Ads,2025-06-10,Beauty,Desktop,New Customers
CUS-03960,25-34,Male,Germany,Returning,TikTok Ads,2024-03-19,Dresses,Mobile,Discount Seekers
CUS-03961,35-44,Male,Germany,Returning,Email,2024-12-15,Sportswear,Mobile,Discount Seekers
CUS-03962,18-24,Female,Germany,Returning,Meta Ads,2024-05-21,Shoes,Mobile,Discount Seekers
CUS-03963,45-54,Female,Italy,Returning,Meta Ads,2023-04-12,Jeans,Mobile,At Risk
CUS-03964,18-24,Male,Italy,Returning,Meta Ads,2023-12-21,Bags,Desktop,At Risk
CUS-03965,45-54,Female,Germany,Returning,Email,2023-07-08,Bags,Mobile,At Risk
CUS-03966,35-44,Female,Netherlands,New,Display Ads,2025-09-28,Accessories,Mobile,New Customers
CUS-03967,25-34,Female,Germany,Returning,Organic Search,2025-05-15,Sportswear,Mobile,Potential Loyalists
CUS-03968,25-34,Female,Spain,Returning,Organic Search,2023-12-14,Jeans,Mobile,At Risk
CUS-03969,45-54,Male,France,Returning,Meta Ads,2023-05-09,Shoes,Mobile,Champions
CUS-03970,25-34,Male,UK,Returning,Affiliate,2023-12-18,Shoes,Desktop,Champions
CUS-03971,35-44,Female,Italy,Returning,Affiliate,2024-01-26,Sportswear,Mobile,Discount Seekers
CUS-03972,55+,Male,Germany,Returning,Email,2024-09-18,Sportswear,Mobile,Champions
CUS-03973,18-24,Male,France,New,Meta Ads,2025-10-28,Accessories,Mobile,New Customers
CUS-03974,25-34,Female,Germany,Returning,Meta Ads,2024-08-16,Dresses,Mobile,At Risk
CUS-03975,35-44,Male,France,Returning,Google Search,2023-09-24,Accessories,Mobile,Loyal Customers
CUS-03976,25-34,Male,Germany,Returning,Meta Ads,2023-07-04,Dresses,Mobile,Discount Seekers
CUS-03977,35-44,Female,Germany,Returning,Affiliate,2023-05-09,Dresses,Mobile,Loyal Customers
CUS-03978,35-44,Female,Netherlands,Returning,Affiliate,2024-10-01,Jeans,Mobile,Discount Seekers
CUS-03979,25-34,Male,Germany,Returning,Affiliate,2024-07-03,Jeans,Mobile,Hibernating
CUS-03980,55+,Female,France,Returning,Email,2025-02-27,Accessories,Mobile,Loyal Customers
CUS-03981,35-44,Male,Poland,Returning,Affiliate,2024-09-29,Shoes,Mobile,Loyal Customers
CUS-03982,18-24,Male,Italy,Returning,Organic Search,2023-06-20,Sportswear,Mobile,Potential Loyalists
CUS-03983,25-34,Female,UK,Returning,Google Search,2025-04-09,Sportswear,Mobile,Potential Loyalists
CUS-03984,25-34,Male,Netherlands,Returning,Google Search,2024-01-30,Dresses,Desktop,Loyal Customers
CUS-03985,55+,Male,Germany,Returning,Google Search,2023-04-05,Bags,Tablet,High-Value Customers
CUS-03986,25-34,Female,France,Returning,Organic Search,2023-06-03,Accessories,Mobile,Loyal Customers
CUS-03987,25-34,Female,UK,Returning,Affiliate,2025-05-05,Dresses,Tablet,Discount Seekers
CUS-03988,45-54,Male,France,Returning,Google Search,2023-02-09,Shoes,Mobile,Loyal Customers
CUS-03989,35-44,Male,Germany,Returning,Meta Ads,2023-12-25,Dresses,Mobile,High-Value Customers
CUS-03990,45-54,Female,UK,Returning,Meta Ads,2024-01-23,Jeans,Mobile,Loyal Customers
CUS-03991,25-34,Male,UK,New,Organic Search,2025-07-30,Beauty,Tablet,New Customers
CUS-03992,35-44,Female,Germany,New,Google Search,2025-12-11,Beauty,Mobile,New Customers
CUS-03993,35-44,Male,France,Returning,Organic Search,2024-01-10,Jeans,Desktop,Loyal Customers
CUS-03994,35-44,Female,France,Returning,TikTok Ads,2023-05-01,Shoes,Mobile,Hibernating
CUS-03995,55+,Non-binary/Other,UK,Returning,Google Search,2025-08-15,Accessories,Mobile,Potential Loyalists
CUS-03996,35-44,Male,Netherlands,New,Google Search,2025-10-29,Sportswear,Mobile,New Customers
CUS-03997,25-34,Female,France,New,TikTok Ads,2025-10-11,Sportswear,Tablet,New Customers
CUS-03998,25-34,Male,UK,Returning,Organic Search,2024-08-12,Jeans,Desktop,At Risk
CUS-03999,18-24,Female,Germany,Returning,Meta Ads,2023-09-06,Shoes,Mobile,Champions
CUS-04000,35-44,Female,France,Returning,Google Search,2025-03-21,Dresses,Desktop,Loyal Customers
CUS-04001,18-24,Male,Spain,Returning,Email,2024-07-10,Dresses,Desktop,Loyal Customers
CUS-04002,25-34,Female,Spain,Returning,Display Ads,2025-07-23,Shoes,Mobile,Potential Loyalists
CUS-04003,35-44,Male,UK,Returning,TikTok Ads,2023-07-27,Dresses,Mobile,Loyal Customers
CUS-04004,45-54,Female,Italy,Returning,Meta Ads,2024-10-03,Jeans,Mobile,Discount Seekers
CUS-04005,35-44,Male,Italy,New,Affiliate,2025-08-18,Shoes,Mobile,New Customers
CUS-04006,25-34,Male,France,Returning,Google Search,2023-02-06,Shoes,Mobile,At Risk
CUS-04007,25-34,Male,Netherlands,Returning,Google Search,2023-11-29,Beauty,Mobile,Potential Loyalists
CUS-04008,18-24,Female,Italy,Returning,TikTok Ads,2024-03-21,Accessories,Desktop,Potential Loyalists
CUS-04009,35-44,Female,Germany,New,TikTok Ads,2025-12-10,Shoes,Mobile,New Customers
CUS-04010,18-24,Female,Spain,Returning,Google Search,2024-09-11,Accessories,Mobile,Potential Loyalists
CUS-04011,45-54,Female,UK,Returning,TikTok Ads,2024-12-21,Accessories,Mobile,Potential Loyalists
CUS-04012,18-24,Male,UK,New,Affiliate,2025-06-18,Beauty,Mobile,New Customers
CUS-04013,25-34,Female,Italy,New,Google Search,2025-07-27,Shoes,Desktop,New Customers
CUS-04014,25-34,Male,Netherlands,Returning,TikTok Ads,2024-03-13,Shoes,Mobile,High-Value Customers
CUS-04015,18-24,Male,Germany,Returning,Affiliate,2024-04-26,Accessories,Mobile,Loyal Customers
CUS-04016,45-54,Female,UK,New,TikTok Ads,2025-11-17,Beauty,Mobile,New Customers
CUS-04017,35-44,Male,Germany,Returning,Organic Search,2024-03-16,Shoes,Mobile,Loyal Customers
CUS-04018,35-44,Female,Spain,Returning,TikTok Ads,2024-01-16,Sportswear,Mobile,Potential Loyalists
CUS-04019,25-34,Female,Poland,Returning,Organic Search,2023-09-01,Accessories,Desktop,Hibernating
CUS-04020,18-24,Male,Germany,Returning,Google Search,2024-03-17,Jeans,Mobile,Loyal Customers
CUS-04021,35-44,Female,Netherlands,Returning,Organic Search,2024-06-08,Bags,Mobile,At Risk
CUS-04022,25-34,Female,Italy,Returning,TikTok Ads,2023-12-23,Sportswear,Mobile,Potential Loyalists
CUS-04023,25-34,Male,Germany,Returning,Affiliate,2023-05-02,Jackets,Tablet,Champions
CUS-04024,25-34,Male,Netherlands,Returning,Affiliate,2024-11-09,Shoes,Mobile,Discount Seekers
CUS-04025,18-24,Female,Italy,Returning,Google Search,2025-03-15,Sportswear,Desktop,Potential Loyalists
CUS-04026,35-44,Female,UK,Returning,Google Search,2023-09-05,Beauty,Desktop,Hibernating
CUS-04027,18-24,Female,Italy,Returning,TikTok Ads,2025-05-23,Shoes,Tablet,Potential Loyalists
CUS-04028,18-24,Male,UK,Returning,Meta Ads,2025-08-07,Jeans,Desktop,Discount Seekers
CUS-04029,25-34,Male,UK,Returning,Google Search,2024-08-16,Beauty,Mobile,Potential Loyalists
CUS-04030,25-34,Male,Poland,Returning,TikTok Ads,2025-01-29,Sportswear,Desktop,Potential Loyalists
CUS-04031,25-34,Female,France,Returning,Meta Ads,2024-12-08,Jeans,Mobile,Hibernating
CUS-04032,18-24,Male,Germany,Returning,Meta Ads,2025-04-05,Accessories,Desktop,Potential Loyalists
CUS-04033,18-24,Male,Italy,Returning,Meta Ads,2024-03-10,Sportswear,Mobile,Potential Loyalists
CUS-04034,25-34,Male,Germany,Returning,Email,2024-07-20,Jackets,Desktop,High-Value Customers
CUS-04035,18-24,Male,Italy,New,Google Search,2025-09-30,Sportswear,Mobile,New Customers
CUS-04036,25-34,Female,France,Returning,Meta Ads,2024-02-12,Bags,Mobile,At Risk
CUS-04037,25-34,Female,UK,Returning,Google Search,2023-03-31,Dresses,Mobile,At Risk
CUS-04038,25-34,Female,Germany,Returning,Display Ads,2024-10-29,Beauty,Mobile,Hibernating
CUS-04039,35-44,Male,Netherlands,Returning,Meta Ads,2025-08-13,Jeans,Tablet,Discount Seekers
CUS-04040,45-54,Female,Poland,New,Organic Search,2025-11-01,Beauty,Desktop,New Customers
CUS-04041,25-34,Female,Germany,Returning,TikTok Ads,2023-12-17,Beauty,Mobile,Potential Loyalists
CUS-04042,25-34,Male,UK,Returning,Email,2023-01-21,Jackets,Mobile,Champions
CUS-04043,25-34,Female,Italy,Returning,TikTok Ads,2024-02-01,Dresses,Tablet,At Risk
CUS-04044,25-34,Male,Netherlands,Returning,TikTok Ads,2024-07-08,Accessories,Mobile,Hibernating
CUS-04045,35-44,Female,Germany,New,Meta Ads,2025-06-04,Accessories,Mobile,New Customers
CUS-04046,18-24,Non-binary/Other,France,Returning,Display Ads,2023-06-06,Accessories,Desktop,Loyal Customers
CUS-04047,25-34,Female,Spain,Returning,Google Search,2023-07-24,Sportswear,Desktop,Potential Loyalists
CUS-04048,25-34,Male,Netherlands,New,Affiliate,2025-07-13,Sportswear,Mobile,New Customers
CUS-04049,35-44,Female,France,Returning,Display Ads,2024-05-29,Jeans,Mobile,Discount Seekers
CUS-04050,18-24,Male,Germany,Returning,Google Search,2023-11-02,Dresses,Mobile,Loyal Customers
CUS-04051,25-34,Female,France,Returning,Google Search,2023-02-24,Dresses,Mobile,At Risk
CUS-04052,25-34,Non-binary/Other,Germany,Returning,TikTok Ads,2024-07-22,Beauty,Desktop,Hibernating
CUS-04053,18-24,Female,Poland,Returning,Meta Ads,2025-03-05,Shoes,Mobile,Discount Seekers
CUS-04054,25-34,Female,Spain,Returning,Organic Search,2023-11-17,Shoes,Tablet,Loyal Customers
CUS-04055,25-34,Female,Germany,Returning,TikTok Ads,2024-07-12,Jeans,Mobile,Discount Seekers
CUS-04056,45-54,Male,Poland,Returning,Meta Ads,2024-02-27,Jeans,Desktop,At Risk
CUS-04057,18-24,Female,France,Returning,TikTok Ads,2023-12-18,Jeans,Desktop,Hibernating
CUS-04058,55+,Female,Spain,Returning,Organic Search,2023-08-28,Jackets,Mobile,Champions
CUS-04059,35-44,Female,Italy,New,TikTok Ads,2025-07-04,Sportswear,Mobile,New Customers
CUS-04060,18-24,Female,Poland,Returning,Display Ads,2023-08-12,Dresses,Desktop,At Risk
CUS-04061,25-34,Female,UK,Returning,Affiliate,2023-09-09,Shoes,Mobile,Potential Loyalists
CUS-04062,18-24,Male,UK,New,Meta Ads,2025-11-25,Accessories,Mobile,New Customers
CUS-04063,35-44,Male,Italy,New,Google Search,2025-08-06,Accessories,Tablet,New Customers
CUS-04064,45-54,Female,Poland,New,TikTok Ads,2025-08-08,Shoes,Mobile,New Customers
CUS-04065,25-34,Male,UK,Returning,Email,2023-05-03,Shoes,Desktop,Champions
CUS-04066,25-34,Male,UK,New,Organic Search,2025-10-15,Sportswear,Mobile,New Customers
CUS-04067,25-34,Male,Italy,Returning,Google Search,2023-03-23,Shoes,Mobile,Loyal Customers
CUS-04068,25-34,Female,Spain,Returning,Meta Ads,2023-06-13,Shoes,Mobile,Discount Seekers
CUS-04069,35-44,Male,Germany,Returning,TikTok Ads,2024-06-18,Bags,Mobile,High-Value Customers
CUS-04070,18-24,Female,Italy,Returning,Google Search,2025-02-02,Shoes,Tablet,Potential Loyalists
CUS-04071,25-34,Male,Italy,Returning,Google Search,2024-12-04,Accessories,Mobile,Loyal Customers
CUS-04072,18-24,Female,Italy,Returning,Google Search,2024-03-09,Accessories,Mobile,Loyal Customers
CUS-04073,18-24,Female,UK,New,Affiliate,2025-11-06,Sportswear,Mobile,New Customers
CUS-04074,45-54,Non-binary/Other,Germany,Returning,Affiliate,2024-02-13,Shoes,Mobile,Discount Seekers
CUS-04075,25-34,Female,Netherlands,New,Meta Ads,2025-09-16,Beauty,Mobile,New Customers
CUS-04076,18-24,Male,Spain,Returning,Email,2024-01-02,Shoes,Mobile,Champions
CUS-04077,55+,Female,Germany,Returning,Affiliate,2025-03-15,Shoes,Tablet,Champions
CUS-04078,45-54,Female,Italy,Returning,Google Search,2024-02-12,Shoes,Desktop,Loyal Customers
CUS-04079,55+,Female,Netherlands,Returning,TikTok Ads,2024-02-09,Shoes,Mobile,Discount Seekers
CUS-04080,45-54,Female,Italy,Returning,Affiliate,2024-12-18,Jeans,Desktop,At Risk
CUS-04081,35-44,Female,Italy,New,Meta Ads,2025-10-08,Shoes,Desktop,New Customers
CUS-04082,25-34,Female,UK,Returning,Organic Search,2023-09-28,Accessories,Desktop,Potential Loyalists
CUS-04083,55+,Female,Netherlands,Returning,Organic Search,2025-02-16,Jeans,Mobile,Discount Seekers
CUS-04084,35-44,Female,Spain,Returning,Google Search,2024-10-04,Accessories,Mobile,Potential Loyalists
CUS-04085,35-44,Male,Spain,Returning,Organic Search,2023-08-23,Dresses,Desktop,Discount Seekers
CUS-04086,55+,Female,Spain,Returning,Google Search,2025-03-17,Shoes,Mobile,Discount Seekers
CUS-04087,18-24,Male,France,New,Organic Search,2025-09-28,Beauty,Mobile,New Customers
CUS-04088,25-34,Male,Germany,Returning,Email,2023-09-09,Shoes,Tablet,Discount Seekers
CUS-04089,45-54,Female,France,Returning,Google Search,2023-11-18,Accessories,Mobile,Potential Loyalists
CUS-04090,45-54,Male,Italy,Returning,Organic Search,2024-07-07,Jeans,Mobile,At Risk
CUS-04091,35-44,Female,France,Returning,Organic Search,2024-05-15,Shoes,Mobile,Champions
CUS-04092,18-24,Male,Germany,New,TikTok Ads,2025-11-04,Accessories,Mobile,New Customers
CUS-04093,45-54,Female,Spain,Returning,Google Search,2023-11-09,Accessories,Mobile,Loyal Customers
CUS-04094,25-34,Non-binary/Other,Spain,Returning,Organic Search,2023-11-11,Jackets,Mobile,Champions
CUS-04095,35-44,Female,Spain,Returning,Organic Search,2025-01-13,Bags,Desktop,Champions
CUS-04096,18-24,Male,Poland,Returning,TikTok Ads,2025-02-14,Accessories,Mobile,Potential Loyalists
CUS-04097,18-24,Female,Poland,Returning,Display Ads,2024-06-27,Dresses,Desktop,At Risk
CUS-04098,35-44,Female,France,New,Meta Ads,2025-08-20,Accessories,Tablet,New Customers
CUS-04099,45-54,Female,UK,Returning,TikTok Ads,2025-05-02,Accessories,Mobile,Potential Loyalists
CUS-04100,18-24,Female,Netherlands,Returning,Email,2025-02-26,Dresses,Mobile,High-Value Customers
CUS-04101,35-44,Male,Germany,Returning,Email,2024-06-06,Sportswear,Mobile,Discount Seekers
CUS-04102,35-44,Female,UK,Returning,TikTok Ads,2024-03-03,Jeans,Mobile,Loyal Customers
CUS-04103,45-54,Female,France,Returning,TikTok Ads,2023-08-03,Sportswear,Desktop,Potential Loyalists
CUS-04104,18-24,Female,Germany,Returning,Meta Ads,2023-09-30,Dresses,Mobile,At Risk
CUS-04105,18-24,Male,Germany,Returning,Organic Search,2023-11-06,Beauty,Mobile,Hibernating
CUS-04106,25-34,Female,France,Returning,Organic Search,2024-03-06,Beauty,Mobile,Potential Loyalists
CUS-04107,45-54,Female,France,Returning,Organic Search,2024-03-06,Jeans,Mobile,Hibernating
CUS-04108,55+,Female,Spain,Returning,Google Search,2024-02-08,Shoes,Mobile,Loyal Customers
CUS-04109,45-54,Female,UK,Returning,Google Search,2023-06-29,Shoes,Mobile,Potential Loyalists
CUS-04110,45-54,Male,UK,Returning,Meta Ads,2024-12-29,Accessories,Mobile,Hibernating
CUS-04111,25-34,Male,Germany,Returning,Meta Ads,2023-09-16,Dresses,Desktop,At Risk
CUS-04112,45-54,Male,Germany,Returning,Affiliate,2025-08-10,Jeans,Mobile,Discount Seekers
CUS-04113,35-44,Male,Germany,Returning,Meta Ads,2024-07-22,Shoes,Desktop,Champions
CUS-04114,35-44,Female,Italy,Returning,Email,2023-03-08,Jeans,Mobile,Loyal Customers
CUS-04115,35-44,Male,Spain,Returning,Email,2024-05-18,Jackets,Mobile,Champions
CUS-04116,45-54,Male,Netherlands,Returning,Organic Search,2024-07-12,Dresses,Desktop,Loyal Customers
CUS-04117,25-34,Female,France,Returning,Organic Search,2023-06-27,Shoes,Mobile,Champions
CUS-04118,25-34,Female,UK,New,Google Search,2025-11-24,Beauty,Mobile,New Customers
CUS-04119,35-44,Male,Germany,New,Display Ads,2025-12-10,Accessories,Mobile,New Customers
CUS-04120,45-54,Male,France,Returning,Meta Ads,2023-06-06,Shoes,Desktop,At Risk
CUS-04121,45-54,Female,Netherlands,Returning,Organic Search,2024-09-18,Beauty,Desktop,Potential Loyalists
CUS-04122,25-34,Female,Italy,Returning,Email,2024-08-13,Sportswear,Mobile,Champions
CUS-04123,35-44,Female,Spain,Returning,Organic Search,2024-11-09,Dresses,Mobile,At Risk
CUS-04124,25-34,Female,Poland,Returning,Google Search,2023-10-23,Sportswear,Mobile,Champions
CUS-04125,18-24,Female,France,Returning,Google Search,2025-01-11,Sportswear,Mobile,Discount Seekers
CUS-04126,25-34,Female,Italy,Returning,Meta Ads,2024-07-19,Sportswear,Mobile,Champions
CUS-04127,45-54,Female,France,New,Organic Search,2025-07-17,Sportswear,Mobile,New Customers
CUS-04128,25-34,Female,Poland,Returning,Email,2024-03-10,Jeans,Mobile,Discount Seekers
CUS-04129,45-54,Female,Spain,New,Organic Search,2025-08-20,Accessories,Desktop,New Customers
CUS-04130,45-54,Female,Poland,Returning,Google Search,2023-04-13,Dresses,Mobile,At Risk
CUS-04131,45-54,Female,Germany,Returning,Organic Search,2023-12-25,Shoes,Mobile,At Risk
CUS-04132,18-24,Male,Italy,Returning,Affiliate,2025-03-25,Dresses,Desktop,Loyal Customers
CUS-04133,25-34,Female,Italy,Returning,Affiliate,2023-07-19,Bags,Mobile,At Risk
CUS-04134,25-34,Female,France,Returning,Organic Search,2024-01-03,Sportswear,Mobile,Discount Seekers
CUS-04135,25-34,Non-binary/Other,France,Returning,Meta Ads,2024-12-10,Bags,Tablet,High-Value Customers
CUS-04136,18-24,Female,Italy,New,Meta Ads,2025-10-22,Shoes,Mobile,New Customers
CUS-04137,55+,Male,France,Returning,Google Search,2023-10-29,Shoes,Mobile,Potential Loyalists
CUS-04138,35-44,Female,Spain,Returning,Google Search,2024-12-18,Shoes,Mobile,Hibernating
CUS-04139,45-54,Male,France,New,Meta Ads,2025-09-13,Beauty,Desktop,New Customers
CUS-04140,18-24,Male,Netherlands,Returning,Meta Ads,2024-10-14,Shoes,Mobile,Loyal Customers
CUS-04141,18-24,Male,Italy,Returning,Email,2024-03-01,Jeans,Mobile,Loyal Customers
CUS-04142,55+,Male,UK,Returning,Display Ads,2025-01-29,Accessories,Mobile,Loyal Customers
CUS-04143,25-34,Female,Germany,New,Affiliate,2025-12-13,Beauty,Mobile,New Customers
CUS-04144,45-54,Female,France,Returning,Organic Search,2024-09-04,Dresses,Mobile,Loyal Customers
CUS-04145,18-24,Male,UK,Returning,Organic Search,2023-10-12,Jackets,Desktop,Champions
CUS-04146,55+,Female,Spain,Returning,Affiliate,2023-09-29,Bags,Desktop,Champions
CUS-04147,18-24,Male,Italy,Returning,Affiliate,2024-01-09,Shoes,Desktop,Discount Seekers
CUS-04148,55+,Female,Germany,Returning,Meta Ads,2024-09-20,Bags,Mobile,Champions
CUS-04149,25-34,Male,Poland,Returning,Organic Search,2023-05-25,Bags,Mobile,Champions
CUS-04150,45-54,Male,Germany,New,TikTok Ads,2025-11-12,Sportswear,Mobile,New Customers
CUS-04151,18-24,Male,Germany,Returning,TikTok Ads,2023-06-03,Shoes,Mobile,Loyal Customers
CUS-04152,25-34,Male,Netherlands,Returning,Organic Search,2023-12-09,Bags,Desktop,High-Value Customers
CUS-04153,18-24,Female,Poland,Returning,Meta Ads,2025-07-20,Jeans,Mobile,Discount Seekers
CUS-04154,35-44,Female,Netherlands,Returning,TikTok Ads,2025-03-29,Accessories,Desktop,Potential Loyalists
CUS-04155,25-34,Female,UK,New,Google Search,2025-11-17,Accessories,Mobile,New Customers
CUS-04156,25-34,Female,Germany,Returning,Meta Ads,2025-06-19,Shoes,Mobile,Potential Loyalists
CUS-04157,55+,Female,Spain,Returning,Google Search,2025-02-01,Shoes,Mobile,Champions
CUS-04158,25-34,Male,Netherlands,Returning,Meta Ads,2024-01-28,Sportswear,Mobile,Potential Loyalists
CUS-04159,35-44,Female,France,Returning,Email,2024-06-21,Jeans,Mobile,Loyal Customers
CUS-04160,18-24,Female,France,Returning,TikTok Ads,2023-07-21,Jeans,Mobile,Loyal Customers
CUS-04161,25-34,Female,UK,New,Google Search,2025-06-10,Shoes,Mobile,New Customers
CUS-04162,25-34,Female,UK,Returning,Meta Ads,2023-05-27,Bags,Mobile,Champions
CUS-04163,35-44,Male,Germany,Returning,Organic Search,2023-03-03,Accessories,Mobile,Loyal Customers
CUS-04164,35-44,Female,Poland,New,Google Search,2025-09-21,Accessories,Desktop,New Customers
CUS-04165,25-34,Male,Germany,New,TikTok Ads,2025-10-14,Sportswear,Mobile,New Customers
CUS-04166,25-34,Male,Italy,Returning,Meta Ads,2023-09-29,Dresses,Mobile,Loyal Customers
CUS-04167,35-44,Female,France,Returning,Display Ads,2023-02-26,Shoes,Tablet,Champions
CUS-04168,25-34,Male,France,Returning,Google Search,2025-02-19,Jeans,Tablet,Loyal Customers
CUS-04169,25-34,Female,Netherlands,Returning,Organic Search,2023-01-27,Dresses,Mobile,Loyal Customers
CUS-04170,45-54,Male,Germany,Returning,Email,2023-02-24,Beauty,Desktop,Hibernating
CUS-04171,35-44,Male,Italy,Returning,Google Search,2025-04-16,Dresses,Mobile,Discount Seekers
CUS-04172,25-34,Female,UK,Returning,Google Search,2025-02-27,Beauty,Mobile,Potential Loyalists
CUS-04173,25-34,Female,UK,Returning,Meta Ads,2024-02-29,Accessories,Mobile,Potential Loyalists
CUS-04174,35-44,Female,UK,Returning,Email,2023-11-04,Shoes,Mobile,Hibernating
CUS-04175,25-34,Female,France,Returning,Organic Search,2023-04-29,Dresses,Mobile,At Risk
CUS-04176,35-44,Male,Italy,Returning,Organic Search,2024-09-19,Accessories,Desktop,Loyal Customers
CUS-04177,25-34,Male,France,Returning,Organic Search,2023-05-29,Shoes,Desktop,Loyal Customers
CUS-04178,45-54,Female,Germany,New,TikTok Ads,2025-12-13,Accessories,Desktop,New Customers
CUS-04179,18-24,Male,Spain,New,TikTok Ads,2025-11-14,Accessories,Mobile,New Customers
CUS-04180,35-44,Female,Netherlands,Returning,Google Search,2023-10-03,Dresses,Mobile,Loyal Customers
CUS-04181,35-44,Male,Germany,Returning,Meta Ads,2025-07-28,Accessories,Desktop,Potential Loyalists
CUS-04182,35-44,Female,Germany,Returning,Organic Search,2025-05-26,Accessories,Mobile,Potential Loyalists
CUS-04183,25-34,Female,Germany,Returning,Organic Search,2023-03-13,Shoes,Mobile,Loyal Customers
CUS-04184,45-54,Non-binary/Other,Netherlands,New,Email,2025-10-23,Beauty,Tablet,New Customers
CUS-04185,45-54,Female,Germany,Returning,Google Search,2024-02-19,Jeans,Mobile,At Risk
CUS-04186,45-54,Female,Netherlands,New,Affiliate,2025-06-04,Sportswear,Mobile,New Customers
CUS-04187,18-24,Female,France,Returning,Organic Search,2024-10-01,Jeans,Mobile,Loyal Customers
CUS-04188,35-44,Male,Netherlands,Returning,Email,2025-01-05,Dresses,Desktop,Loyal Customers
CUS-04189,25-34,Female,UK,Returning,Affiliate,2024-08-21,Beauty,Mobile,Hibernating
CUS-04190,55+,Male,France,New,Affiliate,2025-07-05,Accessories,Tablet,New Customers
CUS-04191,35-44,Female,Spain,Returning,Google Search,2024-11-03,Shoes,Desktop,Champions
CUS-04192,25-34,Male,Germany,Returning,Organic Search,2024-07-05,Shoes,Mobile,Loyal Customers
CUS-04193,35-44,Female,Italy,Returning,TikTok Ads,2024-10-30,Beauty,Mobile,Hibernating
CUS-04194,25-34,Female,Germany,Returning,Display Ads,2023-01-09,Beauty,Mobile,Hibernating
CUS-04195,18-24,Male,France,Returning,Meta Ads,2025-04-01,Jeans,Desktop,Discount Seekers
CUS-04196,45-54,Female,UK,Returning,Google Search,2024-02-28,Bags,Mobile,At Risk
CUS-04197,25-34,Female,France,New,Email,2025-06-14,Shoes,Mobile,New Customers
CUS-04198,25-34,Male,Poland,New,Google Search,2025-11-20,Sportswear,Desktop,New Customers
CUS-04199,55+,Female,Germany,Returning,Google Search,2023-08-25,Accessories,Desktop,Loyal Customers
CUS-04200,25-34,Non-binary/Other,France,Returning,Meta Ads,2023-09-12,Jeans,Desktop,At Risk
CUS-04201,35-44,Female,France,Returning,Google Search,2023-01-05,Dresses,Desktop,At Risk
CUS-04202,25-34,Non-binary/Other,Spain,Returning,Email,2023-12-18,Dresses,Tablet,Loyal Customers
CUS-04203,35-44,Male,France,Returning,Meta Ads,2023-07-23,Dresses,Desktop,Discount Seekers
CUS-04204,18-24,Male,Germany,Returning,Google Search,2023-11-12,Sportswear,Mobile,Potential Loyalists
CUS-04205,25-34,Male,France,Returning,Affiliate,2024-09-29,Jackets,Mobile,Champions
CUS-04206,55+,Female,Germany,Returning,Display Ads,2024-05-14,Shoes,Mobile,Potential Loyalists
CUS-04207,25-34,Male,Germany,Returning,Email,2023-10-30,Jeans,Desktop,Discount Seekers
CUS-04208,18-24,Female,Netherlands,Returning,Organic Search,2024-04-26,Shoes,Mobile,Discount Seekers
CUS-04209,35-44,Male,Netherlands,New,TikTok Ads,2025-07-15,Accessories,Mobile,New Customers
CUS-04210,45-54,Female,France,Returning,Google Search,2025-03-17,Dresses,Mobile,High-Value Customers
CUS-04211,18-24,Male,Germany,Returning,Meta Ads,2025-08-05,Sportswear,Mobile,Discount Seekers
CUS-04212,35-44,Female,Spain,Returning,Display Ads,2024-09-24,Accessories,Mobile,Hibernating
CUS-04213,45-54,Female,Germany,Returning,Organic Search,2025-08-25,Dresses,Mobile,Discount Seekers
CUS-04214,25-34,Male,Italy,Returning,Meta Ads,2025-03-27,Beauty,Mobile,Potential Loyalists
CUS-04215,18-24,Male,Netherlands,Returning,Organic Search,2024-03-24,Accessories,Desktop,Hibernating
CUS-04216,35-44,Male,Germany,New,Meta Ads,2025-11-05,Accessories,Mobile,New Customers
CUS-04217,35-44,Female,Spain,Returning,Display Ads,2024-08-25,Jeans,Desktop,Hibernating
CUS-04218,45-54,Female,Spain,Returning,Email,2024-06-04,Accessories,Tablet,Loyal Customers
CUS-04219,25-34,Male,Spain,Returning,Google Search,2023-02-20,Beauty,Mobile,Hibernating
CUS-04220,35-44,Male,Italy,Returning,Organic Search,2023-03-05,Shoes,Mobile,High-Value Customers
CUS-04221,25-34,Female,Spain,Returning,TikTok Ads,2024-12-13,Sportswear,Mobile,Potential Loyalists
CUS-04222,55+,Female,Germany,Returning,Email,2023-06-12,Bags,Desktop,High-Value Customers
CUS-04223,18-24,Female,Germany,Returning,Google Search,2024-04-30,Shoes,Mobile,Potential Loyalists
CUS-04224,25-34,Male,Germany,Returning,Email,2023-07-13,Shoes,Mobile,Loyal Customers
CUS-04225,35-44,Female,Poland,Returning,Email,2024-04-24,Shoes,Mobile,Loyal Customers
CUS-04226,25-34,Female,UK,Returning,Email,2024-08-02,Shoes,Desktop,Hibernating
CUS-04227,55+,Male,Germany,New,Organic Search,2025-07-11,Shoes,Mobile,New Customers
CUS-04228,25-34,Female,France,Returning,Google Search,2024-10-13,Accessories,Desktop,Potential Loyalists
CUS-04229,25-34,Male,Italy,Returning,Email,2024-08-09,Jeans,Tablet,At Risk
CUS-04230,25-34,Female,Germany,Returning,Google Search,2024-06-06,Sportswear,Mobile,Potential Loyalists
CUS-04231,35-44,Male,UK,New,Meta Ads,2025-07-11,Accessories,Mobile,New Customers
CUS-04232,25-34,Male,France,Returning,Email,2023-12-05,Sportswear,Mobile,Discount Seekers
CUS-04233,25-34,Male,France,Returning,Organic Search,2024-07-15,Dresses,Mobile,At Risk
CUS-04234,55+,Female,Germany,Returning,Email,2024-04-01,Shoes,Mobile,Hibernating
CUS-04235,25-34,Male,Germany,Returning,Display Ads,2023-11-29,Jeans,Mobile,At Risk
CUS-04236,18-24,Male,Netherlands,Returning,Google Search,2024-04-02,Jackets,Desktop,High-Value Customers
CUS-04237,18-24,Female,Spain,Returning,TikTok Ads,2024-06-24,Shoes,Mobile,Loyal Customers
CUS-04238,45-54,Non-binary/Other,Germany,Returning,Email,2023-06-15,Shoes,Desktop,Loyal Customers
CUS-04239,25-34,Female,UK,Returning,Email,2025-03-04,Sportswear,Mobile,Champions
CUS-04240,45-54,Male,France,New,Meta Ads,2025-07-27,Beauty,Mobile,New Customers
CUS-04241,18-24,Female,France,Returning,Display Ads,2024-01-28,Shoes,Mobile,At Risk
CUS-04242,25-34,Male,France,Returning,Meta Ads,2023-09-13,Jeans,Mobile,Hibernating
CUS-04243,35-44,Male,France,Returning,TikTok Ads,2024-07-13,Shoes,Mobile,Potential Loyalists
CUS-04244,55+,Female,Spain,Returning,Email,2024-08-13,Bags,Desktop,Champions
CUS-04245,55+,Female,Germany,Returning,Google Search,2024-01-10,Dresses,Mobile,At Risk
CUS-04246,35-44,Female,Italy,Returning,Google Search,2024-10-14,Shoes,Desktop,High-Value Customers
CUS-04247,25-34,Female,UK,Returning,TikTok Ads,2023-10-07,Shoes,Tablet,Potential Loyalists
CUS-04248,25-34,Female,Italy,Returning,TikTok Ads,2023-03-23,Jeans,Desktop,Loyal Customers
CUS-04249,25-34,Male,Germany,Returning,TikTok Ads,2025-06-16,Beauty,Mobile,Potential Loyalists
CUS-04250,18-24,Male,Germany,New,Organic Search,2025-06-09,Beauty,Mobile,New Customers
CUS-04251,35-44,Female,Germany,Returning,TikTok Ads,2024-10-23,Dresses,Mobile,Loyal Customers
CUS-04252,25-34,Male,Netherlands,Returning,Meta Ads,2024-12-10,Shoes,Desktop,Potential Loyalists
CUS-04253,25-34,Female,France,Returning,Google Search,2023-01-11,Jeans,Mobile,At Risk
CUS-04254,25-34,Female,France,Returning,Google Search,2023-12-09,Shoes,Mobile,Potential Loyalists
CUS-04255,18-24,Female,France,Returning,TikTok Ads,2024-11-29,Shoes,Desktop,Potential Loyalists
CUS-04256,35-44,Female,Netherlands,Returning,Affiliate,2024-07-12,Shoes,Mobile,Champions
CUS-04257,25-34,Male,UK,Returning,TikTok Ads,2024-11-03,Sportswear,Mobile,Discount Seekers
CUS-04258,35-44,Female,Germany,Returning,Google Search,2023-08-05,Sportswear,Tablet,Potential Loyalists
CUS-04259,25-34,Female,Germany,Returning,Meta Ads,2023-09-01,Accessories,Tablet,Potential Loyalists
CUS-04260,35-44,Female,Spain,Returning,Organic Search,2024-11-26,Sportswear,Tablet,Champions
CUS-04261,18-24,Male,France,Returning,Google Search,2023-12-16,Shoes,Mobile,At Risk
CUS-04262,45-54,Male,Poland,Returning,TikTok Ads,2023-09-25,Shoes,Tablet,Discount Seekers
CUS-04263,18-24,Female,Spain,Returning,Organic Search,2024-12-06,Shoes,Desktop,Champions
CUS-04264,35-44,Male,UK,Returning,Organic Search,2024-01-02,Accessories,Desktop,Loyal Customers
CUS-04265,18-24,Female,Netherlands,Returning,Email,2024-04-08,Dresses,Mobile,Loyal Customers
CUS-04266,25-34,Female,Spain,Returning,Meta Ads,2023-10-18,Bags,Mobile,At Risk
CUS-04267,25-34,Female,Germany,Returning,Organic Search,2024-05-07,Shoes,Mobile,Discount Seekers
CUS-04268,35-44,Female,UK,New,Meta Ads,2025-11-24,Sportswear,Desktop,New Customers
CUS-04269,35-44,Male,UK,Returning,Organic Search,2023-10-03,Beauty,Mobile,Potential Loyalists
CUS-04270,25-34,Female,Spain,Returning,Meta Ads,2024-07-02,Beauty,Desktop,Hibernating
CUS-04271,35-44,Female,Netherlands,Returning,Display Ads,2023-03-11,Beauty,Mobile,Hibernating
CUS-04272,45-54,Female,UK,Returning,Organic Search,2023-12-15,Jeans,Mobile,Loyal Customers
CUS-04273,25-34,Female,France,Returning,TikTok Ads,2023-02-07,Accessories,Desktop,Loyal Customers
CUS-04274,55+,Female,Poland,Returning,TikTok Ads,2025-03-25,Beauty,Mobile,Potential Loyalists
CUS-04275,25-34,Female,Poland,Returning,Display Ads,2024-05-03,Jeans,Mobile,Hibernating
CUS-04276,25-34,Male,Italy,Returning,Email,2024-02-27,Jeans,Mobile,At Risk
CUS-04277,25-34,Female,Italy,Returning,Display Ads,2023-01-21,Bags,Desktop,At Risk
CUS-04278,45-54,Female,Italy,Returning,Organic Search,2024-03-23,Shoes,Mobile,Hibernating
CUS-04279,25-34,Male,Germany,Returning,Meta Ads,2024-05-11,Beauty,Desktop,Potential Loyalists
CUS-04280,18-24,Female,Netherlands,Returning,Display Ads,2025-02-14,Beauty,Desktop,Potential Loyalists
CUS-04281,35-44,Male,UK,Returning,Meta Ads,2024-01-27,Shoes,Mobile,Champions
CUS-04282,35-44,Female,France,Returning,TikTok Ads,2023-08-29,Dresses,Mobile,Discount Seekers
CUS-04283,25-34,Female,Germany,Returning,Email,2024-09-25,Shoes,Mobile,At Risk
CUS-04284,25-34,Female,Germany,Returning,TikTok Ads,2023-08-02,Shoes,Mobile,Potential Loyalists
CUS-04285,18-24,Male,UK,Returning,Email,2023-12-29,Bags,Mobile,Champions
CUS-04286,45-54,Female,Germany,Returning,Google Search,2023-11-19,Jeans,Tablet,Hibernating
CUS-04287,35-44,Female,Germany,Returning,Organic Search,2024-05-29,Shoes,Mobile,Hibernating
CUS-04288,45-54,Female,Netherlands,Returning,Organic Search,2023-01-08,Dresses,Desktop,At Risk
CUS-04289,25-34,Male,Spain,Returning,Affiliate,2024-01-22,Jeans,Desktop,Loyal Customers
CUS-04290,35-44,Male,UK,Returning,Display Ads,2025-08-01,Sportswear,Desktop,Discount Seekers
CUS-04291,35-44,Female,Spain,Returning,Google Search,2024-11-14,Accessories,Mobile,Hibernating
CUS-04292,25-34,Non-binary/Other,France,Returning,Meta Ads,2023-11-25,Shoes,Desktop,At Risk
CUS-04293,25-34,Female,Poland,Returning,Organic Search,2024-11-01,Jeans,Mobile,At Risk
CUS-04294,25-34,Female,France,Returning,Meta Ads,2025-01-17,Jeans,Mobile,Discount Seekers
CUS-04295,35-44,Female,Poland,Returning,Meta Ads,2024-12-13,Sportswear,Desktop,Discount Seekers
CUS-04296,55+,Female,Poland,Returning,Affiliate,2023-01-25,Jeans,Mobile,At Risk
CUS-04297,45-54,Female,Germany,Returning,TikTok Ads,2025-01-21,Sportswear,Mobile,Potential Loyalists
CUS-04298,35-44,Female,UK,Returning,Google Search,2025-06-01,Beauty,Tablet,Potential Loyalists
CUS-04299,35-44,Male,Spain,Returning,Meta Ads,2024-02-06,Accessories,Mobile,Hibernating
CUS-04300,35-44,Male,Germany,Returning,Organic Search,2024-08-21,Shoes,Mobile,At Risk
CUS-04301,35-44,Female,Poland,Returning,Email,2024-12-01,Bags,Mobile,Champions
CUS-04302,45-54,Male,Germany,Returning,Meta Ads,2023-09-16,Shoes,Mobile,Loyal Customers
CUS-04303,25-34,Female,France,Returning,Meta Ads,2025-06-20,Jeans,Mobile,Discount Seekers
CUS-04304,18-24,Non-binary/Other,Germany,Returning,Google Search,2023-06-09,Dresses,Desktop,Discount Seekers
CUS-04305,45-54,Female,Italy,Returning,Affiliate,2024-11-03,Dresses,Desktop,High-Value Customers
CUS-04306,25-34,Female,Italy,New,Meta Ads,2025-10-08,Beauty,Mobile,New Customers
CUS-04307,45-54,Male,Italy,Returning,Google Search,2024-07-20,Beauty,Desktop,Hibernating
CUS-04308,18-24,Female,Italy,Returning,Google Search,2024-11-27,Accessories,Mobile,Hibernating
CUS-04309,35-44,Male,France,Returning,Meta Ads,2024-12-02,Sportswear,Desktop,Potential Loyalists
CUS-04310,25-34,Female,Italy,Returning,Organic Search,2024-05-25,Dresses,Mobile,Loyal Customers
CUS-04311,25-34,Male,France,Returning,Email,2023-01-20,Dresses,Mobile,High-Value Customers
CUS-04312,25-34,Male,Netherlands,Returning,Email,2023-11-02,Jackets,Desktop,Champions
CUS-04313,55+,Female,Germany,Returning,Display Ads,2024-05-01,Bags,Mobile,At Risk
CUS-04314,25-34,Female,Germany,Returning,Meta Ads,2024-01-23,Dresses,Mobile,At Risk
CUS-04315,35-44,Female,Germany,Returning,TikTok Ads,2023-01-04,Shoes,Mobile,At Risk
CUS-04316,25-34,Female,France,Returning,Email,2024-01-18,Accessories,Mobile,Loyal Customers
CUS-04317,18-24,Female,UK,Returning,Email,2024-02-17,Beauty,Desktop,Hibernating
CUS-04318,35-44,Female,Italy,Returning,Email,2024-06-30,Accessories,Mobile,Loyal Customers
CUS-04319,25-34,Male,France,Returning,Organic Search,2024-08-20,Jeans,Desktop,Hibernating
CUS-04320,25-34,Female,Germany,Returning,Meta Ads,2024-10-30,Dresses,Mobile,Loyal Customers
CUS-04321,25-34,Female,France,Returning,Organic Search,2024-08-23,Shoes,Mobile,At Risk
CUS-04322,45-54,Male,Italy,Returning,Organic Search,2024-06-04,Shoes,Mobile,Hibernating
CUS-04323,25-34,Female,Poland,Returning,Email,2024-09-03,Jeans,Mobile,Loyal Customers
CUS-04324,25-34,Male,Netherlands,Returning,Google Search,2023-10-15,Shoes,Mobile,Loyal Customers
CUS-04325,35-44,Female,Spain,Returning,Email,2024-11-19,Accessories,Mobile,Hibernating
CUS-04326,25-34,Male,Italy,Returning,Organic Search,2024-08-05,Jackets,Mobile,Champions
CUS-04327,25-34,Female,Germany,Returning,Meta Ads,2024-10-19,Accessories,Mobile,Loyal Customers
CUS-04328,35-44,Male,Spain,New,Affiliate,2025-12-03,Beauty,Desktop,New Customers
CUS-04329,18-24,Non-binary/Other,UK,Returning,TikTok Ads,2023-09-03,Sportswear,Mobile,Discount Seekers
CUS-04330,25-34,Female,Spain,New,Organic Search,2025-10-09,Beauty,Mobile,New Customers
CUS-04331,35-44,Female,UK,Returning,Meta Ads,2025-03-06,Shoes,Desktop,Potential Loyalists
CUS-04332,18-24,Female,France,Returning,Meta Ads,2023-07-23,Jackets,Mobile,High-Value Customers
CUS-04333,25-34,Female,Germany,New,Display Ads,2025-11-03,Sportswear,Mobile,New Customers
CUS-04334,45-54,Non-binary/Other,Netherlands,New,Google Search,2025-06-01,Sportswear,Mobile,New Customers
CUS-04335,35-44,Male,Netherlands,Returning,TikTok Ads,2024-11-24,Accessories,Desktop,Potential Loyalists
CUS-04336,25-34,Female,Italy,Returning,Display Ads,2024-02-29,Beauty,Desktop,Potential Loyalists
CUS-04337,45-54,Female,France,Returning,Organic Search,2025-04-21,Sportswear,Tablet,Potential Loyalists
CUS-04338,35-44,Female,Spain,Returning,Meta Ads,2024-09-14,Shoes,Mobile,At Risk
CUS-04339,18-24,Male,France,Returning,Google Search,2023-11-18,Sportswear,Mobile,Champions
CUS-04340,25-34,Male,France,Returning,TikTok Ads,2024-06-16,Jeans,Desktop,At Risk
CUS-04341,35-44,Male,Italy,Returning,Meta Ads,2024-01-10,Accessories,Mobile,Loyal Customers
CUS-04342,35-44,Female,Poland,Returning,Google Search,2023-06-30,Shoes,Mobile,Potential Loyalists
CUS-04343,45-54,Female,Italy,Returning,Email,2023-08-17,Shoes,Mobile,Loyal Customers
CUS-04344,45-54,Male,UK,New,TikTok Ads,2025-08-18,Sportswear,Desktop,New Customers
CUS-04345,18-24,Male,Netherlands,Returning,Meta Ads,2023-05-22,Shoes,Desktop,Hibernating
CUS-04346,25-34,Male,Germany,Returning,Google Search,2023-08-24,Shoes,Desktop,Potential Loyalists
CUS-04347,18-24,Female,Germany,Returning,Google Search,2024-08-29,Accessories,Desktop,Loyal Customers
CUS-04348,35-44,Female,Poland,Returning,Email,2023-06-02,Dresses,Tablet,Loyal Customers
CUS-04349,55+,Female,Netherlands,Returning,Meta Ads,2024-03-24,Beauty,Desktop,Hibernating
CUS-04350,25-34,Female,Germany,Returning,Organic Search,2023-06-11,Jeans,Mobile,Loyal Customers
CUS-04351,35-44,Male,Germany,Returning,Meta Ads,2023-03-21,Accessories,Mobile,Hibernating
CUS-04352,25-34,Female,Spain,Returning,Google Search,2023-11-02,Accessories,Desktop,Potential Loyalists
CUS-04353,45-54,Female,Germany,Returning,Email,2024-04-25,Accessories,Mobile,Loyal Customers
CUS-04354,25-34,Female,UK,Returning,Meta Ads,2024-07-06,Jeans,Mobile,Hibernating
CUS-04355,25-34,Male,Spain,New,TikTok Ads,2025-06-17,Shoes,Desktop,New Customers
CUS-04356,18-24,Female,Spain,Returning,Organic Search,2024-05-17,Sportswear,Mobile,Champions
CUS-04357,45-54,Male,Germany,Returning,Email,2023-12-02,Dresses,Mobile,High-Value Customers
CUS-04358,25-34,Female,Netherlands,Returning,Email,2024-10-03,Dresses,Mobile,Loyal Customers
CUS-04359,55+,Male,Italy,Returning,Meta Ads,2024-11-12,Shoes,Mobile,Potential Loyalists
CUS-04360,45-54,Male,Germany,Returning,Meta Ads,2024-10-01,Beauty,Mobile,Potential Loyalists
CUS-04361,35-44,Female,Netherlands,New,Google Search,2025-11-27,Accessories,Mobile,New Customers
CUS-04362,45-54,Male,Netherlands,Returning,TikTok Ads,2024-03-31,Beauty,Mobile,Hibernating
CUS-04363,55+,Female,Germany,Returning,Google Search,2024-06-21,Bags,Desktop,Champions
CUS-04364,18-24,Female,Italy,Returning,Meta Ads,2024-12-11,Shoes,Mobile,Discount Seekers
CUS-04365,18-24,Female,UK,Returning,Meta Ads,2024-03-28,Shoes,Mobile,At Risk
CUS-04366,18-24,Male,Spain,Returning,Google Search,2024-10-14,Jackets,Mobile,High-Value Customers
CUS-04367,45-54,Female,Germany,Returning,TikTok Ads,2024-08-12,Accessories,Mobile,Hibernating
CUS-04368,25-34,Male,Germany,Returning,Meta Ads,2024-07-11,Dresses,Desktop,Discount Seekers
CUS-04369,18-24,Female,Germany,Returning,Organic Search,2024-12-10,Dresses,Mobile,At Risk
CUS-04370,45-54,Male,Spain,Returning,Google Search,2023-08-02,Sportswear,Mobile,Potential Loyalists
CUS-04371,25-34,Male,Italy,New,Organic Search,2025-11-04,Sportswear,Mobile,New Customers
CUS-04372,45-54,Male,Poland,Returning,Organic Search,2024-03-16,Bags,Mobile,At Risk
CUS-04373,45-54,Male,Italy,New,TikTok Ads,2025-10-08,Shoes,Desktop,New Customers
CUS-04374,35-44,Female,Spain,Returning,Meta Ads,2023-02-06,Accessories,Mobile,Hibernating
CUS-04375,35-44,Male,Italy,Returning,Email,2023-07-27,Shoes,Mobile,Champions
CUS-04376,45-54,Male,Germany,Returning,TikTok Ads,2024-10-10,Beauty,Desktop,Hibernating
CUS-04377,35-44,Male,Netherlands,Returning,Google Search,2024-07-18,Jeans,Mobile,Loyal Customers
CUS-04378,45-54,Female,Germany,Returning,Email,2023-10-24,Shoes,Mobile,Discount Seekers
CUS-04379,55+,Female,Germany,Returning,Google Search,2023-03-24,Dresses,Mobile,Loyal Customers
CUS-04380,25-34,Female,France,Returning,TikTok Ads,2023-03-24,Shoes,Mobile,Loyal Customers
CUS-04381,55+,Female,UK,Returning,Affiliate,2023-02-04,Shoes,Mobile,Hibernating
CUS-04382,35-44,Female,UK,Returning,Organic Search,2024-11-06,Shoes,Mobile,Hibernating
CUS-04383,35-44,Female,UK,Returning,Email,2024-12-30,Beauty,Mobile,Hibernating
CUS-04384,18-24,Male,Spain,Returning,Google Search,2024-04-21,Shoes,Desktop,High-Value Customers
CUS-04385,35-44,Female,France,Returning,TikTok Ads,2025-06-22,Beauty,Mobile,Potential Loyalists
CUS-04386,25-34,Male,Poland,Returning,Meta Ads,2023-03-08,Beauty,Mobile,Hibernating
CUS-04387,45-54,Female,Spain,Returning,Organic Search,2024-04-29,Sportswear,Mobile,Potential Loyalists
CUS-04388,25-34,Female,Netherlands,New,Meta Ads,2025-06-16,Sportswear,Mobile,New Customers
CUS-04389,35-44,Male,UK,New,TikTok Ads,2025-09-07,Shoes,Mobile,New Customers
CUS-04390,25-34,Male,Spain,Returning,Google Search,2023-05-17,Jackets,Mobile,Champions
CUS-04391,25-34,Female,France,New,Meta Ads,2025-07-05,Sportswear,Mobile,New Customers
CUS-04392,18-24,Male,Spain,Returning,Google Search,2023-03-05,Shoes,Desktop,Hibernating
CUS-04393,55+,Male,UK,Returning,Email,2023-03-16,Jeans,Desktop,Loyal Customers
CUS-04394,25-34,Male,UK,Returning,Display Ads,2024-01-22,Shoes,Mobile,Discount Seekers
CUS-04395,25-34,Male,Spain,New,Meta Ads,2025-10-20,Beauty,Desktop,New Customers
CUS-04396,25-34,Female,France,Returning,Email,2024-02-15,Shoes,Mobile,Loyal Customers
CUS-04397,25-34,Female,France,Returning,Email,2024-07-08,Jeans,Mobile,At Risk
CUS-04398,35-44,Male,France,Returning,Email,2023-10-31,Shoes,Tablet,Loyal Customers
CUS-04399,25-34,Male,France,Returning,Email,2024-09-06,Sportswear,Desktop,Champions
CUS-04400,45-54,Female,France,Returning,Google Search,2024-08-06,Dresses,Desktop,At Risk
CUS-04401,25-34,Male,Germany,Returning,Google Search,2024-04-09,Dresses,Mobile,Loyal Customers
CUS-04402,18-24,Female,Germany,Returning,Meta Ads,2025-01-07,Dresses,Desktop,Loyal Customers
CUS-04403,25-34,Female,Poland,Returning,Organic Search,2024-05-28,Jeans,Mobile,Hibernating
CUS-04404,25-34,Female,France,Returning,Email,2025-01-16,Bags,Mobile,Champions
CUS-04405,35-44,Male,Netherlands,Returning,Email,2023-10-25,Jeans,Mobile,Hibernating
CUS-04406,25-34,Male,Germany,Returning,Organic Search,2024-03-20,Beauty,Mobile,Hibernating
CUS-04407,25-34,Male,UK,Returning,Email,2023-02-21,Shoes,Mobile,Loyal Customers
CUS-04408,35-44,Non-binary/Other,UK,New,Meta Ads,2025-10-09,Shoes,Mobile,New Customers
CUS-04409,45-54,Female,Poland,Returning,Google Search,2024-07-30,Jackets,Desktop,Champions
CUS-04410,45-54,Female,Italy,Returning,Google Search,2023-03-08,Shoes,Mobile,At Risk
CUS-04411,18-24,Male,UK,Returning,Meta Ads,2023-05-18,Sportswear,Mobile,Champions
CUS-04412,35-44,Male,Germany,Returning,Meta Ads,2024-12-24,Dresses,Mobile,Discount Seekers
CUS-04413,35-44,Male,UK,Returning,Google Search,2023-11-04,Jeans,Mobile,Loyal Customers
CUS-04414,25-34,Male,Germany,Returning,Organic Search,2024-01-09,Dresses,Mobile,At Risk
CUS-04415,45-54,Male,UK,Returning,Meta Ads,2024-04-01,Accessories,Mobile,Loyal Customers
CUS-04416,35-44,Male,Italy,Returning,TikTok Ads,2024-07-03,Shoes,Mobile,Loyal Customers
CUS-04417,25-34,Female,Germany,New,Organic Search,2025-08-14,Shoes,Mobile,New Customers
CUS-04418,25-34,Male,Spain,New,Organic Search,2025-06-04,Sportswear,Mobile,New Customers
CUS-04419,18-24,Female,Germany,Returning,Email,2024-07-19,Jackets,Mobile,High-Value Customers
CUS-04420,45-54,Male,Italy,Returning,Google Search,2024-06-24,Sportswear,Mobile,Champions
CUS-04421,55+,Female,France,Returning,Organic Search,2025-02-01,Jackets,Mobile,Champions
CUS-04422,55+,Female,Italy,Returning,Google Search,2024-04-21,Accessories,Mobile,Potential Loyalists
CUS-04423,18-24,Male,Poland,Returning,TikTok Ads,2025-07-13,Accessories,Mobile,Potential Loyalists
CUS-04424,25-34,Female,Germany,Returning,Google Search,2024-04-20,Jeans,Desktop,Discount Seekers
CUS-04425,25-34,Male,Germany,Returning,Meta Ads,2024-11-06,Dresses,Mobile,Discount Seekers
CUS-04426,25-34,Female,France,Returning,Google Search,2024-07-26,Dresses,Mobile,Discount Seekers
CUS-04427,35-44,Female,Poland,Returning,Organic Search,2023-01-29,Jeans,Mobile,Loyal Customers
CUS-04428,18-24,Female,France,Returning,Display Ads,2023-08-06,Shoes,Tablet,Potential Loyalists
CUS-04429,55+,Male,Italy,Returning,Organic Search,2023-05-29,Accessories,Mobile,Hibernating
CUS-04430,45-54,Female,Italy,Returning,Affiliate,2023-09-06,Shoes,Desktop,Potential Loyalists
CUS-04431,35-44,Female,Netherlands,Returning,TikTok Ads,2024-10-21,Jeans,Mobile,At Risk
CUS-04432,25-34,Female,France,Returning,Email,2024-01-24,Accessories,Desktop,Loyal Customers
CUS-04433,18-24,Female,France,Returning,Google Search,2025-07-03,Accessories,Desktop,Potential Loyalists
CUS-04434,18-24,Male,UK,Returning,Email,2025-07-28,Shoes,Mobile,Discount Seekers
CUS-04435,18-24,Female,Spain,Returning,Email,2024-11-07,Shoes,Mobile,Loyal Customers
CUS-04436,25-34,Male,UK,Returning,Affiliate,2024-11-04,Shoes,Mobile,High-Value Customers
CUS-04437,25-34,Female,Germany,Returning,Organic Search,2025-03-18,Beauty,Mobile,Potential Loyalists
CUS-04438,35-44,Female,UK,Returning,Email,2023-01-31,Bags,Mobile,Champions
CUS-04439,18-24,Male,UK,Returning,Organic Search,2023-10-12,Accessories,Desktop,Loyal Customers
CUS-04440,25-34,Male,Italy,Returning,Google Search,2024-01-23,Dresses,Desktop,Loyal Customers
CUS-04441,25-34,Male,Poland,New,Google Search,2025-08-08,Accessories,Mobile,New Customers
CUS-04442,45-54,Male,Netherlands,Returning,Google Search,2024-06-30,Dresses,Mobile,Loyal Customers
CUS-04443,18-24,Female,UK,Returning,Affiliate,2023-07-02,Shoes,Desktop,At Risk
CUS-04444,18-24,Male,France,Returning,Meta Ads,2023-06-23,Sportswear,Mobile,Discount Seekers
CUS-04445,18-24,Male,France,Returning,TikTok Ads,2024-10-14,Accessories,Desktop,Potential Loyalists
CUS-04446,35-44,Female,France,Returning,Organic Search,2025-03-11,Jeans,Tablet,Loyal Customers
CUS-04447,45-54,Male,Spain,Returning,Google Search,2024-06-03,Accessories,Mobile,Potential Loyalists
CUS-04448,35-44,Male,Poland,Returning,Organic Search,2023-04-04,Beauty,Desktop,Hibernating
CUS-04449,45-54,Male,UK,Returning,Organic Search,2024-03-11,Bags,Mobile,At Risk
CUS-04450,18-24,Female,UK,Returning,Affiliate,2023-12-01,Jeans,Desktop,Loyal Customers
CUS-04451,18-24,Male,Germany,New,Email,2025-10-03,Beauty,Desktop,New Customers
CUS-04452,18-24,Male,Poland,New,Meta Ads,2025-06-21,Shoes,Desktop,New Customers
CUS-04453,55+,Female,UK,Returning,Google Search,2025-03-04,Shoes,Tablet,Potential Loyalists
CUS-04454,25-34,Female,Netherlands,Returning,Google Search,2023-03-20,Jeans,Mobile,Loyal Customers
CUS-04455,45-54,Male,Spain,Returning,Google Search,2024-08-28,Shoes,Mobile,High-Value Customers
CUS-04456,25-34,Female,Italy,Returning,Organic Search,2024-06-27,Shoes,Desktop,Loyal Customers
CUS-04457,35-44,Male,Poland,Returning,Google Search,2025-02-27,Dresses,Mobile,Loyal Customers
CUS-04458,25-34,Male,UK,Returning,Google Search,2023-08-29,Dresses,Desktop,Loyal Customers
CUS-04459,25-34,Male,Italy,New,TikTok Ads,2025-10-30,Beauty,Tablet,New Customers
CUS-04460,18-24,Female,France,New,Meta Ads,2025-10-17,Accessories,Desktop,New Customers
CUS-04461,25-34,Male,Spain,Returning,Affiliate,2025-01-26,Jeans,Mobile,Loyal Customers
CUS-04462,35-44,Female,France,New,Organic Search,2025-11-02,Beauty,Mobile,New Customers
CUS-04463,18-24,Male,Germany,Returning,Email,2023-04-12,Jeans,Desktop,At Risk
CUS-04464,35-44,Female,Spain,Returning,Google Search,2024-08-02,Shoes,Mobile,Potential Loyalists
CUS-04465,45-54,Female,Netherlands,Returning,Email,2023-09-02,Jeans,Desktop,Discount Seekers
CUS-04466,25-34,Male,UK,Returning,Organic Search,2024-11-30,Beauty,Desktop,Potential Loyalists
CUS-04467,55+,Female,Italy,Returning,Organic Search,2024-03-07,Shoes,Mobile,Loyal Customers
CUS-04468,35-44,Female,France,Returning,Organic Search,2023-09-30,Jackets,Mobile,High-Value Customers
CUS-04469,55+,Male,Italy,Returning,Meta Ads,2023-08-13,Accessories,Tablet,Hibernating
CUS-04470,18-24,Female,Spain,Returning,Google Search,2024-06-19,Sportswear,Mobile,Potential Loyalists
CUS-04471,35-44,Female,Italy,Returning,Meta Ads,2024-12-14,Shoes,Mobile,Discount Seekers
CUS-04472,55+,Male,Germany,New,Meta Ads,2025-11-22,Beauty,Mobile,New Customers
CUS-04473,35-44,Female,Poland,Returning,Meta Ads,2023-07-20,Beauty,Mobile,Potential Loyalists
CUS-04474,18-24,Male,France,Returning,Affiliate,2024-12-28,Dresses,Mobile,Discount Seekers
CUS-04475,25-34,Female,Germany,Returning,Google Search,2023-04-20,Jeans,Tablet,Hibernating
CUS-04476,18-24,Male,UK,Returning,Affiliate,2024-07-03,Beauty,Tablet,Potential Loyalists
CUS-04477,55+,Female,UK,Returning,Email,2023-08-06,Jeans,Desktop,At Risk
CUS-04478,18-24,Female,UK,Returning,Meta Ads,2023-12-15,Sportswear,Mobile,Potential Loyalists
CUS-04479,45-54,Non-binary/Other,Germany,Returning,Google Search,2024-01-23,Sportswear,Mobile,Champions
CUS-04480,35-44,Female,Netherlands,Returning,Email,2025-01-08,Shoes,Mobile,High-Value Customers
CUS-04481,18-24,Female,Poland,New,TikTok Ads,2025-12-09,Shoes,Mobile,New Customers
CUS-04482,25-34,Male,Spain,Returning,Email,2024-12-18,Dresses,Tablet,At Risk
CUS-04483,45-54,Female,Netherlands,Returning,Organic Search,2024-03-20,Dresses,Mobile,At Risk
CUS-04484,25-34,Female,Germany,New,Meta Ads,2025-07-25,Beauty,Mobile,New Customers
CUS-04485,45-54,Female,Germany,Returning,Google Search,2024-09-20,Sportswear,Tablet,Potential Loyalists
CUS-04486,25-34,Female,UK,Returning,Display Ads,2023-04-12,Bags,Mobile,High-Value Customers
CUS-04487,25-34,Female,France,Returning,TikTok Ads,2023-03-17,Dresses,Desktop,At Risk
CUS-04488,18-24,Male,Spain,Returning,TikTok Ads,2023-07-10,Jeans,Desktop,At Risk
CUS-04489,55+,Female,Netherlands,New,TikTok Ads,2025-07-17,Sportswear,Mobile,New Customers
CUS-04490,18-24,Female,Spain,Returning,Display Ads,2023-06-21,Beauty,Mobile,Potential Loyalists
CUS-04491,18-24,Male,France,Returning,Email,2023-05-29,Sportswear,Mobile,Champions
CUS-04492,18-24,Female,Netherlands,Returning,Google Search,2023-08-23,Accessories,Mobile,Potential Loyalists
CUS-04493,45-54,Male,UK,Returning,Affiliate,2024-01-01,Jeans,Mobile,Loyal Customers
CUS-04494,25-34,Female,France,Returning,Google Search,2024-01-09,Shoes,Desktop,At Risk
CUS-04495,55+,Male,Italy,Returning,Organic Search,2024-06-18,Dresses,Tablet,Discount Seekers
CUS-04496,35-44,Female,Spain,Returning,TikTok Ads,2023-09-14,Accessories,Mobile,Potential Loyalists
CUS-04497,25-34,Male,Netherlands,Returning,Google Search,2024-01-02,Beauty,Mobile,Potential Loyalists
CUS-04498,18-24,Male,France,Returning,Email,2024-01-17,Bags,Mobile,At Risk
CUS-04499,35-44,Female,Spain,Returning,Display Ads,2024-09-24,Shoes,Desktop,Loyal Customers
CUS-04500,25-34,Female,Italy,Returning,Meta Ads,2024-05-16,Jeans,Desktop,Discount Seekers
CUS-04501,18-24,Female,Italy,Returning,Organic Search,2023-07-27,Beauty,Mobile,Potential Loyalists
CUS-04502,18-24,Male,France,Returning,Organic Search,2023-11-10,Jeans,Mobile,Loyal Customers
CUS-04503,35-44,Female,France,Returning,Meta Ads,2024-02-11,Accessories,Desktop,Loyal Customers
CUS-04504,25-34,Female,Netherlands,Returning,Affiliate,2023-11-19,Sportswear,Mobile,Discount Seekers
CUS-04505,25-34,Female,Poland,Returning,Affiliate,2023-04-07,Jeans,Mobile,Loyal Customers
CUS-04506,25-34,Female,Poland,Returning,Google Search,2024-02-29,Dresses,Mobile,At Risk
CUS-04507,18-24,Female,Italy,Returning,Meta Ads,2023-12-15,Accessories,Mobile,Loyal Customers
CUS-04508,55+,Male,Germany,Returning,Email,2023-04-04,Jeans,Mobile,Loyal Customers
CUS-04509,25-34,Male,UK,Returning,Organic Search,2025-04-15,Jeans,Mobile,Discount Seekers
CUS-04510,45-54,Male,UK,Returning,Affiliate,2023-10-10,Shoes,Desktop,Loyal Customers
CUS-04511,35-44,Male,UK,Returning,Organic Search,2023-03-26,Jackets,Tablet,Champions
CUS-04512,18-24,Male,France,New,Google Search,2025-10-12,Accessories,Desktop,New Customers
CUS-04513,18-24,Female,Netherlands,Returning,Display Ads,2023-06-27,Shoes,Mobile,Discount Seekers
CUS-04514,25-34,Female,UK,Returning,TikTok Ads,2024-12-16,Sportswear,Mobile,Potential Loyalists
CUS-04515,45-54,Male,UK,Returning,Email,2023-01-07,Accessories,Mobile,Loyal Customers
CUS-04516,35-44,Male,Spain,Returning,Meta Ads,2024-05-18,Bags,Mobile,High-Value Customers
CUS-04517,35-44,Female,Spain,Returning,Display Ads,2023-02-24,Dresses,Mobile,At Risk
CUS-04518,35-44,Female,France,Returning,Meta Ads,2024-08-31,Sportswear,Mobile,Discount Seekers
CUS-04519,35-44,Female,France,Returning,Organic Search,2023-12-04,Accessories,Desktop,Hibernating
CUS-04520,35-44,Female,Spain,Returning,Google Search,2024-07-03,Jeans,Mobile,At Risk
CUS-04521,25-34,Female,Germany,Returning,Meta Ads,2024-10-01,Accessories,Desktop,Potential Loyalists
CUS-04522,18-24,Male,UK,Returning,Google Search,2025-08-25,Sportswear,Mobile,Potential Loyalists
CUS-04523,35-44,Male,Italy,Returning,Email,2024-01-13,Shoes,Desktop,Hibernating
CUS-04524,35-44,Male,Germany,Returning,TikTok Ads,2024-10-25,Shoes,Mobile,Hibernating
CUS-04525,18-24,Female,UK,Returning,Organic Search,2023-11-14,Jackets,Mobile,High-Value Customers
CUS-04526,18-24,Male,UK,New,Google Search,2025-08-10,Shoes,Mobile,New Customers
CUS-04527,25-34,Male,Poland,Returning,TikTok Ads,2024-08-23,Sportswear,Mobile,Potential Loyalists
CUS-04528,25-34,Female,France,New,Meta Ads,2025-10-04,Shoes,Desktop,New Customers
CUS-04529,18-24,Male,Spain,Returning,Organic Search,2024-04-08,Dresses,Mobile,At Risk
CUS-04530,55+,Female,France,New,Meta Ads,2025-07-20,Shoes,Desktop,New Customers
CUS-04531,35-44,Female,Germany,Returning,Google Search,2023-05-08,Jeans,Mobile,Hibernating
CUS-04532,18-24,Female,Netherlands,Returning,Meta Ads,2023-05-18,Bags,Mobile,At Risk
CUS-04533,45-54,Female,Germany,Returning,Email,2023-10-22,Shoes,Mobile,Champions
CUS-04534,25-34,Female,Italy,New,Google Search,2025-07-20,Accessories,Desktop,New Customers
CUS-04535,35-44,Female,France,Returning,Email,2023-05-25,Jeans,Mobile,At Risk
CUS-04536,25-34,Male,Poland,Returning,Display Ads,2023-07-21,Sportswear,Mobile,Discount Seekers
CUS-04537,35-44,Female,Spain,Returning,Google Search,2025-03-27,Sportswear,Desktop,Potential Loyalists
CUS-04538,45-54,Male,Germany,New,Meta Ads,2025-07-03,Beauty,Mobile,New Customers
CUS-04539,35-44,Female,UK,New,TikTok Ads,2025-07-07,Sportswear,Mobile,New Customers
CUS-04540,35-44,Male,Spain,New,Google Search,2025-06-10,Sportswear,Mobile,New Customers
CUS-04541,25-34,Female,Spain,Returning,Email,2024-11-13,Jackets,Mobile,Champions
CUS-04542,18-24,Female,UK,Returning,Organic Search,2024-09-07,Jeans,Desktop,Discount Seekers
CUS-04543,35-44,Female,Germany,Returning,Google Search,2024-02-16,Dresses,Mobile,Discount Seekers
CUS-04544,45-54,Male,Germany,New,Meta Ads,2025-06-08,Sportswear,Mobile,New Customers
CUS-04545,35-44,Female,Germany,New,TikTok Ads,2025-07-16,Accessories,Mobile,New Customers
CUS-04546,45-54,Male,Poland,Returning,Email,2024-06-07,Bags,Desktop,Champions
CUS-04547,45-54,Female,France,Returning,Meta Ads,2023-10-03,Shoes,Mobile,At Risk
CUS-04548,55+,Male,UK,New,Meta Ads,2025-10-01,Accessories,Desktop,New Customers
CUS-04549,35-44,Female,Netherlands,Returning,Organic Search,2024-11-29,Bags,Desktop,At Risk
CUS-04550,18-24,Male,Germany,Returning,Google Search,2024-07-12,Bags,Mobile,Champions
CUS-04551,35-44,Male,Germany,Returning,Affiliate,2023-02-18,Jeans,Desktop,Hibernating
CUS-04552,18-24,Female,Germany,Returning,Affiliate,2025-02-21,Accessories,Mobile,Potential Loyalists
CUS-04553,25-34,Male,Spain,Returning,TikTok Ads,2023-08-09,Dresses,Mobile,At Risk
CUS-04554,45-54,Male,Spain,Returning,Meta Ads,2024-02-18,Dresses,Mobile,At Risk
CUS-04555,25-34,Female,France,Returning,Meta Ads,2025-01-17,Shoes,Desktop,Loyal Customers
CUS-04556,25-34,Female,UK,New,TikTok Ads,2025-06-02,Accessories,Mobile,New Customers
CUS-04557,45-54,Female,France,Returning,Google Search,2024-04-28,Shoes,Mobile,Discount Seekers
CUS-04558,35-44,Male,UK,Returning,Meta Ads,2024-06-19,Dresses,Desktop,At Risk
CUS-04559,35-44,Female,UK,Returning,Affiliate,2023-07-24,Sportswear,Mobile,Champions
CUS-04560,18-24,Male,France,New,Google Search,2025-08-12,Shoes,Mobile,New Customers
CUS-04561,45-54,Male,UK,Returning,Google Search,2025-08-17,Sportswear,Desktop,Potential Loyalists
CUS-04562,45-54,Female,Germany,Returning,Display Ads,2024-04-08,Bags,Mobile,At Risk
CUS-04563,45-54,Male,Germany,Returning,Display Ads,2024-10-18,Dresses,Mobile,At Risk
CUS-04564,18-24,Female,Italy,Returning,Google Search,2023-02-28,Shoes,Mobile,Champions
CUS-04565,25-34,Non-binary/Other,UK,Returning,Organic Search,2024-08-14,Dresses,Mobile,At Risk
CUS-04566,18-24,Male,Germany,Returning,Meta Ads,2024-07-20,Accessories,Mobile,Hibernating
CUS-04567,25-34,Female,France,Returning,Organic Search,2023-08-12,Beauty,Desktop,Hibernating
CUS-04568,25-34,Female,Germany,Returning,Organic Search,2023-06-16,Sportswear,Desktop,Champions
CUS-04569,25-34,Female,France,Returning,Meta Ads,2025-08-14,Beauty,Mobile,Potential Loyalists
CUS-04570,18-24,Female,Poland,New,Display Ads,2025-08-22,Beauty,Desktop,New Customers
CUS-04571,18-24,Female,Germany,Returning,Google Search,2023-10-19,Accessories,Desktop,Loyal Customers
CUS-04572,55+,Male,Germany,New,Affiliate,2025-11-05,Beauty,Desktop,New Customers
CUS-04573,18-24,Female,France,Returning,Affiliate,2024-05-21,Bags,Mobile,Champions
CUS-04574,25-34,Non-binary/Other,Germany,Returning,Organic Search,2025-02-06,Accessories,Mobile,Loyal Customers
CUS-04575,45-54,Female,Germany,Returning,Display Ads,2024-06-20,Bags,Tablet,At Risk
CUS-04576,25-34,Female,UK,Returning,Affiliate,2023-09-10,Accessories,Mobile,Loyal Customers
CUS-04577,45-54,Male,Italy,Returning,Display Ads,2024-03-21,Accessories,Mobile,Hibernating
CUS-04578,45-54,Non-binary/Other,Germany,Returning,Meta Ads,2024-12-20,Jackets,Mobile,Champions
CUS-04579,25-34,Female,Italy,New,Google Search,2025-11-19,Beauty,Desktop,New Customers
CUS-04580,25-34,Male,Italy,Returning,Affiliate,2023-06-25,Beauty,Desktop,Potential Loyalists
CUS-04581,45-54,Male,UK,Returning,Affiliate,2023-03-16,Shoes,Mobile,Hibernating
CUS-04582,25-34,Female,France,Returning,Meta Ads,2023-01-02,Shoes,Mobile,Hibernating
CUS-04583,55+,Female,Poland,Returning,Affiliate,2024-02-10,Beauty,Mobile,Potential Loyalists
CUS-04584,45-54,Male,Germany,Returning,Email,2024-02-14,Dresses,Mobile,At Risk
CUS-04585,18-24,Female,UK,Returning,Email,2023-05-06,Jeans,Mobile,Loyal Customers
CUS-04586,45-54,Male,Netherlands,Returning,Organic Search,2024-01-04,Shoes,Mobile,At Risk
CUS-04587,35-44,Male,Poland,Returning,Google Search,2024-11-25,Shoes,Mobile,Champions
CUS-04588,45-54,Female,France,New,Organic Search,2025-09-07,Sportswear,Mobile,New Customers
CUS-04589,55+,Female,UK,Returning,Organic Search,2023-05-08,Accessories,Mobile,Loyal Customers
CUS-04590,25-34,Male,UK,Returning,Email,2024-01-18,Dresses,Mobile,Discount Seekers
CUS-04591,25-34,Female,Netherlands,New,Meta Ads,2025-08-11,Beauty,Desktop,New Customers
CUS-04592,25-34,Female,Spain,Returning,Email,2023-06-21,Jeans,Desktop,At Risk
CUS-04593,55+,Male,Netherlands,Returning,Google Search,2023-10-20,Shoes,Mobile,Potential Loyalists
CUS-04594,25-34,Male,Germany,Returning,TikTok Ads,2024-12-14,Beauty,Mobile,Potential Loyalists
CUS-04595,18-24,Male,Germany,Returning,Email,2025-02-12,Jeans,Mobile,Loyal Customers
CUS-04596,25-34,Female,France,Returning,Meta Ads,2023-12-03,Dresses,Desktop,Discount Seekers
CUS-04597,35-44,Female,France,Returning,Google Search,2023-01-11,Shoes,Mobile,Hibernating
CUS-04598,18-24,Female,Spain,Returning,TikTok Ads,2023-08-30,Accessories,Mobile,Loyal Customers
CUS-04599,18-24,Male,Germany,Returning,Display Ads,2024-02-20,Shoes,Desktop,Hibernating
CUS-04600,55+,Female,Netherlands,Returning,TikTok Ads,2025-03-02,Shoes,Mobile,Potential Loyalists
CUS-04601,18-24,Female,France,Returning,TikTok Ads,2023-04-04,Bags,Desktop,Champions
CUS-04602,35-44,Male,Germany,New,Display Ads,2025-08-09,Sportswear,Desktop,New Customers
CUS-04603,45-54,Female,Germany,Returning,Email,2025-01-16,Accessories,Mobile,Loyal Customers
CUS-04604,25-34,Male,Italy,Returning,Meta Ads,2025-02-18,Jeans,Desktop,Loyal Customers
CUS-04605,25-34,Female,Germany,Returning,Meta Ads,2023-06-24,Dresses,Mobile,At Risk
CUS-04606,25-34,Female,Spain,Returning,Google Search,2023-05-01,Shoes,Mobile,Loyal Customers
CUS-04607,18-24,Female,France,Returning,Email,2023-08-24,Dresses,Desktop,Discount Seekers
CUS-04608,45-54,Female,Germany,Returning,TikTok Ads,2023-02-01,Bags,Mobile,At Risk
CUS-04609,25-34,Non-binary/Other,France,Returning,Organic Search,2025-04-27,Shoes,Tablet,Discount Seekers
CUS-04610,18-24,Female,UK,Returning,Organic Search,2023-09-20,Dresses,Tablet,At Risk
CUS-04611,18-24,Male,France,Returning,Email,2024-08-23,Dresses,Mobile,Discount Seekers
CUS-04612,25-34,Female,UK,Returning,Google Search,2023-12-16,Sportswear,Mobile,Potential Loyalists
CUS-04613,18-24,Male,Germany,New,TikTok Ads,2025-08-03,Sportswear,Mobile,New Customers
CUS-04614,18-24,Female,Poland,New,Google Search,2025-09-19,Sportswear,Desktop,New Customers
CUS-04615,25-34,Female,Spain,Returning,Organic Search,2023-09-13,Shoes,Mobile,Discount Seekers
CUS-04616,45-54,Female,Spain,Returning,Google Search,2023-09-11,Accessories,Mobile,Loyal Customers
CUS-04617,45-54,Female,Italy,New,Google Search,2025-10-16,Sportswear,Mobile,New Customers
CUS-04618,25-34,Female,UK,Returning,Organic Search,2023-03-08,Accessories,Desktop,Hibernating
CUS-04619,25-34,Non-binary/Other,Germany,Returning,Meta Ads,2024-03-13,Shoes,Mobile,Potential Loyalists
CUS-04620,25-34,Male,Poland,Returning,Organic Search,2025-05-08,Sportswear,Desktop,Discount Seekers
CUS-04621,55+,Female,Spain,Returning,Google Search,2023-08-30,Beauty,Mobile,Potential Loyalists
CUS-04622,55+,Female,France,Returning,Email,2023-03-21,Dresses,Desktop,Loyal Customers
CUS-04623,35-44,Male,Netherlands,Returning,Display Ads,2024-04-27,Jeans,Mobile,At Risk
CUS-04624,35-44,Female,Spain,New,Organic Search,2025-07-28,Beauty,Mobile,New Customers
CUS-04625,25-34,Male,France,Returning,Organic Search,2024-08-09,Sportswear,Mobile,Champions
CUS-04626,18-24,Male,Poland,Returning,Organic Search,2025-01-03,Bags,Desktop,Champions
CUS-04627,55+,Female,Italy,Returning,Meta Ads,2024-06-20,Shoes,Desktop,Loyal Customers
CUS-04628,25-34,Female,France,Returning,Meta Ads,2024-02-22,Jeans,Desktop,Hibernating
CUS-04629,55+,Female,Italy,Returning,Meta Ads,2025-07-08,Sportswear,Desktop,Discount Seekers
CUS-04630,25-34,Female,France,New,Organic Search,2025-09-28,Accessories,Mobile,New Customers
CUS-04631,25-34,Female,Poland,Returning,Organic Search,2023-06-01,Jeans,Tablet,Loyal Customers
CUS-04632,35-44,Male,Italy,New,Google Search,2025-08-20,Accessories,Mobile,New Customers
CUS-04633,35-44,Male,Italy,Returning,Meta Ads,2024-04-25,Dresses,Desktop,Discount Seekers
CUS-04634,45-54,Female,Spain,Returning,Google Search,2023-06-20,Accessories,Mobile,Hibernating
CUS-04635,25-34,Female,France,Returning,Google Search,2023-11-15,Shoes,Desktop,Potential Loyalists
CUS-04636,25-34,Female,Spain,Returning,Google Search,2023-06-04,Dresses,Desktop,Loyal Customers
CUS-04637,25-34,Female,UK,Returning,Organic Search,2025-06-24,Sportswear,Mobile,Discount Seekers
CUS-04638,55+,Male,France,Returning,Google Search,2023-12-27,Dresses,Mobile,Discount Seekers
CUS-04639,25-34,Female,Netherlands,Returning,Organic Search,2023-03-23,Sportswear,Mobile,Champions
CUS-04640,35-44,Male,Germany,Returning,TikTok Ads,2023-12-27,Shoes,Desktop,Hibernating
CUS-04641,25-34,Male,Italy,Returning,Meta Ads,2023-12-21,Jackets,Mobile,Champions
CUS-04642,35-44,Female,UK,Returning,Google Search,2023-08-05,Bags,Desktop,Champions
CUS-04643,35-44,Female,Germany,Returning,TikTok Ads,2024-01-16,Shoes,Mobile,Hibernating
CUS-04644,25-34,Female,Poland,New,TikTok Ads,2025-11-12,Accessories,Desktop,New Customers
CUS-04645,45-54,Female,Germany,Returning,TikTok Ads,2024-02-24,Beauty,Mobile,Potential Loyalists
CUS-04646,35-44,Female,Germany,Returning,Display Ads,2024-09-02,Dresses,Mobile,Discount Seekers
CUS-04647,18-24,Male,Poland,Returning,Meta Ads,2023-11-06,Jeans,Mobile,Discount Seekers
CUS-04648,18-24,Female,Germany,Returning,Meta Ads,2023-04-05,Bags,Mobile,Champions
CUS-04649,35-44,Female,France,Returning,Display Ads,2023-02-19,Dresses,Mobile,At Risk
CUS-04650,25-34,Male,Italy,Returning,Google Search,2024-03-02,Beauty,Mobile,Hibernating
CUS-04651,45-54,Female,France,New,TikTok Ads,2025-06-17,Shoes,Mobile,New Customers
CUS-04652,25-34,Male,Spain,Returning,Organic Search,2024-08-09,Shoes,Mobile,High-Value Customers
CUS-04653,35-44,Male,UK,Returning,Meta Ads,2023-07-14,Dresses,Mobile,At Risk
CUS-04654,25-34,Female,France,Returning,Display Ads,2024-06-26,Jeans,Mobile,Loyal Customers
CUS-04655,55+,Male,UK,Returning,Google Search,2024-12-12,Jeans,Mobile,Loyal Customers
CUS-04656,25-34,Male,Spain,Returning,Email,2024-02-11,Jeans,Desktop,Hibernating
CUS-04657,25-34,Female,Spain,Returning,Affiliate,2024-07-24,Shoes,Mobile,High-Value Customers
CUS-04658,35-44,Female,Spain,Returning,Meta Ads,2024-12-11,Shoes,Mobile,Champions
CUS-04659,25-34,Male,UK,Returning,Google Search,2023-01-21,Dresses,Mobile,Loyal Customers
CUS-04660,25-34,Female,UK,Returning,Affiliate,2024-02-23,Accessories,Desktop,Hibernating
CUS-04661,45-54,Non-binary/Other,Italy,Returning,Affiliate,2024-11-12,Shoes,Mobile,Champions
CUS-04662,55+,Male,UK,Returning,Google Search,2025-03-02,Shoes,Mobile,Champions
CUS-04663,55+,Female,Italy,Returning,Affiliate,2023-11-12,Jeans,Mobile,Discount Seekers
CUS-04664,25-34,Female,France,Returning,Google Search,2024-04-18,Beauty,Desktop,Hibernating
CUS-04665,45-54,Male,Poland,Returning,Email,2024-07-16,Jeans,Desktop,Discount Seekers
CUS-04666,25-34,Male,Spain,Returning,Affiliate,2024-03-15,Dresses,Mobile,At Risk
CUS-04667,18-24,Female,Spain,Returning,Meta Ads,2025-05-22,Sportswear,Mobile,Potential Loyalists
CUS-04668,45-54,Female,Germany,Returning,Affiliate,2025-02-12,Dresses,Desktop,Discount Seekers
CUS-04669,18-24,Female,Italy,Returning,Google Search,2024-04-21,Sportswear,Mobile,Potential Loyalists
CUS-04670,35-44,Male,Netherlands,Returning,Google Search,2024-11-22,Shoes,Mobile,Potential Loyalists
CUS-04671,18-24,Female,Germany,Returning,Affiliate,2023-12-20,Dresses,Desktop,Discount Seekers
CUS-04672,25-34,Male,France,Returning,Affiliate,2023-05-06,Shoes,Mobile,At Risk
CUS-04673,25-34,Female,UK,Returning,Meta Ads,2023-10-10,Sportswear,Tablet,Discount Seekers
CUS-04674,45-54,Male,France,Returning,Organic Search,2024-06-19,Jeans,Desktop,Loyal Customers
CUS-04675,25-34,Female,Italy,Returning,Organic Search,2023-03-10,Jackets,Mobile,High-Value Customers
CUS-04676,35-44,Female,Italy,Returning,Organic Search,2023-03-20,Bags,Mobile,At Risk
CUS-04677,35-44,Female,Germany,Returning,Organic Search,2024-06-14,Dresses,Mobile,At Risk
CUS-04678,45-54,Male,France,Returning,Meta Ads,2024-10-11,Dresses,Mobile,Discount Seekers
CUS-04679,45-54,Female,Germany,Returning,Affiliate,2024-11-17,Sportswear,Desktop,Potential Loyalists
CUS-04680,25-34,Female,Poland,Returning,Affiliate,2023-01-11,Beauty,Desktop,Hibernating
CUS-04681,45-54,Non-binary/Other,UK,Returning,Meta Ads,2024-02-15,Dresses,Mobile,At Risk
CUS-04682,25-34,Female,Italy,Returning,Affiliate,2024-10-17,Beauty,Mobile,Hibernating
CUS-04683,18-24,Female,Italy,Returning,Email,2023-12-25,Sportswear,Mobile,Discount Seekers
CUS-04684,45-54,Male,Poland,Returning,Display Ads,2023-07-29,Shoes,Mobile,At Risk
CUS-04685,25-34,Male,Germany,Returning,Meta Ads,2024-08-08,Bags,Desktop,Champions
CUS-04686,18-24,Female,UK,Returning,Organic Search,2025-03-17,Jeans,Mobile,Loyal Customers
CUS-04687,35-44,Male,UK,Returning,Organic Search,2025-01-08,Shoes,Desktop,High-Value Customers
CUS-04688,25-34,Male,UK,Returning,Meta Ads,2024-01-28,Bags,Mobile,High-Value Customers
CUS-04689,45-54,Male,Italy,Returning,Google Search,2023-12-08,Bags,Mobile,High-Value Customers
CUS-04690,35-44,Male,Poland,Returning,TikTok Ads,2023-09-16,Shoes,Mobile,Champions
CUS-04691,25-34,Female,UK,Returning,Google Search,2024-09-18,Beauty,Mobile,Potential Loyalists
CUS-04692,45-54,Male,UK,Returning,TikTok Ads,2023-09-30,Jeans,Desktop,Hibernating
CUS-04693,45-54,Female,Netherlands,Returning,Affiliate,2024-04-12,Shoes,Mobile,Hibernating
CUS-04694,55+,Male,France,Returning,Email,2023-04-12,Shoes,Mobile,Champions
CUS-04695,25-34,Female,France,Returning,TikTok Ads,2024-07-26,Shoes,Tablet,At Risk
CUS-04696,25-34,Female,UK,Returning,Google Search,2023-10-19,Accessories,Mobile,Loyal Customers
CUS-04697,18-24,Non-binary/Other,Spain,New,Google Search,2025-08-18,Accessories,Desktop,New Customers
CUS-04698,35-44,Female,Germany,Returning,Email,2024-07-29,Dresses,Tablet,Loyal Customers
CUS-04699,35-44,Male,Spain,Returning,Organic Search,2024-12-20,Bags,Mobile,Champions
CUS-04700,45-54,Non-binary/Other,France,Returning,Organic Search,2023-05-30,Shoes,Desktop,Champions
CUS-04701,55+,Male,France,Returning,Email,2023-08-05,Dresses,Mobile,Discount Seekers
CUS-04702,25-34,Female,Italy,Returning,Google Search,2024-09-23,Beauty,Mobile,Hibernating
CUS-04703,35-44,Female,France,Returning,TikTok Ads,2023-10-11,Dresses,Mobile,Discount Seekers
CUS-04704,35-44,Male,Germany,New,TikTok Ads,2025-11-04,Sportswear,Mobile,New Customers
CUS-04705,18-24,Male,Poland,Returning,Organic Search,2025-05-23,Accessories,Desktop,Potential Loyalists
CUS-04706,35-44,Female,France,Returning,TikTok Ads,2025-06-09,Sportswear,Desktop,Potential Loyalists
CUS-04707,55+,Female,Netherlands,Returning,Organic Search,2024-02-27,Bags,Desktop,At Risk
CUS-04708,25-34,Female,Germany,Returning,Google Search,2024-03-08,Shoes,Mobile,Potential Loyalists
CUS-04709,35-44,Female,Netherlands,Returning,Google Search,2023-05-09,Beauty,Mobile,Hibernating
CUS-04710,35-44,Female,Italy,Returning,Meta Ads,2023-07-06,Beauty,Mobile,Hibernating
CUS-04711,18-24,Male,France,Returning,Google Search,2024-05-04,Jeans,Desktop,Discount Seekers
CUS-04712,25-34,Non-binary/Other,France,Returning,Google Search,2023-01-23,Jeans,Desktop,Loyal Customers
CUS-04713,25-34,Female,Italy,New,Email,2025-09-11,Sportswear,Mobile,New Customers
CUS-04714,18-24,Male,Netherlands,Returning,Google Search,2023-05-02,Accessories,Mobile,Loyal Customers
CUS-04715,35-44,Female,Spain,Returning,Email,2024-02-21,Shoes,Mobile,Champions
CUS-04716,18-24,Female,Netherlands,Returning,Organic Search,2024-09-20,Jeans,Mobile,At Risk
CUS-04717,25-34,Non-binary/Other,Germany,New,Google Search,2025-11-17,Sportswear,Desktop,New Customers
CUS-04718,45-54,Male,Germany,Returning,Google Search,2023-09-10,Jeans,Mobile,Hibernating
CUS-04719,25-34,Female,Germany,Returning,Email,2023-12-07,Bags,Mobile,Champions
CUS-04720,18-24,Male,Italy,Returning,Google Search,2024-06-06,Bags,Desktop,High-Value Customers
CUS-04721,25-34,Female,UK,Returning,Organic Search,2024-09-11,Bags,Mobile,High-Value Customers
CUS-04722,25-34,Female,France,New,Google Search,2025-08-17,Shoes,Mobile,New Customers
CUS-04723,25-34,Male,Italy,Returning,Organic Search,2023-07-09,Jeans,Desktop,Discount Seekers
CUS-04724,45-54,Male,France,Returning,Email,2024-05-08,Shoes,Mobile,Loyal Customers
CUS-04725,25-34,Female,France,Returning,Affiliate,2023-10-12,Accessories,Mobile,Hibernating
CUS-04726,18-24,Male,Spain,Returning,Google Search,2023-06-25,Dresses,Desktop,Discount Seekers
CUS-04727,45-54,Male,France,Returning,Meta Ads,2024-07-07,Shoes,Desktop,Hibernating
CUS-04728,25-34,Male,France,Returning,TikTok Ads,2023-09-23,Shoes,Mobile,Hibernating
CUS-04729,25-34,Female,Germany,New,Meta Ads,2025-11-13,Beauty,Mobile,New Customers
CUS-04730,18-24,Female,UK,Returning,Google Search,2024-10-05,Jeans,Desktop,Hibernating
CUS-04731,35-44,Male,UK,Returning,Google Search,2024-07-21,Shoes,Mobile,At Risk
CUS-04732,35-44,Male,Netherlands,Returning,Meta Ads,2025-02-14,Accessories,Desktop,Loyal Customers
CUS-04733,35-44,Female,France,Returning,Google Search,2023-03-20,Jeans,Mobile,Loyal Customers
CUS-04734,25-34,Female,Germany,Returning,Display Ads,2024-04-01,Jeans,Mobile,Hibernating
CUS-04735,35-44,Female,Germany,Returning,Meta Ads,2023-06-16,Bags,Mobile,At Risk
CUS-04736,45-54,Female,France,New,Meta Ads,2025-09-20,Beauty,Mobile,New Customers
CUS-04737,25-34,Female,Poland,Returning,Display Ads,2023-09-18,Sportswear,Desktop,Discount Seekers
CUS-04738,25-34,Female,UK,Returning,Email,2023-03-13,Bags,Desktop,At Risk
CUS-04739,35-44,Male,Germany,Returning,TikTok Ads,2024-12-23,Shoes,Desktop,Potential Loyalists
CUS-04740,25-34,Female,Germany,Returning,Meta Ads,2024-10-03,Sportswear,Desktop,Potential Loyalists
CUS-04741,35-44,Female,Spain,Returning,Meta Ads,2024-10-16,Dresses,Desktop,At Risk
CUS-04742,45-54,Female,Poland,Returning,Meta Ads,2024-05-04,Accessories,Desktop,Hibernating
CUS-04743,18-24,Male,Germany,New,Affiliate,2025-08-08,Accessories,Mobile,New Customers
CUS-04744,25-34,Female,Spain,New,TikTok Ads,2025-12-07,Sportswear,Desktop,New Customers
CUS-04745,35-44,Male,UK,Returning,Google Search,2024-07-08,Beauty,Desktop,Hibernating
CUS-04746,45-54,Male,Netherlands,Returning,Email,2023-08-20,Shoes,Desktop,At Risk
CUS-04747,18-24,Male,Spain,Returning,Google Search,2024-02-19,Jeans,Desktop,Discount Seekers
CUS-04748,25-34,Female,Netherlands,Returning,Google Search,2024-06-30,Sportswear,Mobile,Champions
CUS-04749,45-54,Male,Italy,Returning,Organic Search,2023-05-15,Beauty,Desktop,Hibernating
CUS-04750,18-24,Female,France,New,Google Search,2025-06-27,Shoes,Mobile,New Customers
CUS-04751,18-24,Female,Germany,Returning,Google Search,2023-11-17,Shoes,Desktop,Champions
CUS-04752,35-44,Female,Italy,Returning,Affiliate,2023-04-19,Bags,Mobile,At Risk
CUS-04753,25-34,Female,Germany,Returning,Google Search,2024-09-28,Accessories,Mobile,Hibernating
CUS-04754,35-44,Non-binary/Other,Germany,New,Affiliate,2025-06-18,Shoes,Mobile,New Customers
CUS-04755,35-44,Male,Italy,Returning,Affiliate,2023-09-19,Shoes,Desktop,Hibernating
CUS-04756,25-34,Male,France,Returning,Google Search,2024-06-26,Sportswear,Tablet,Potential Loyalists
CUS-04757,25-34,Female,UK,Returning,Email,2024-07-05,Accessories,Tablet,Loyal Customers
CUS-04758,25-34,Male,UK,Returning,Display Ads,2024-05-16,Shoes,Mobile,Potential Loyalists
CUS-04759,55+,Female,Italy,Returning,Google Search,2024-12-26,Sportswear,Desktop,Potential Loyalists
CUS-04760,45-54,Male,Germany,Returning,Meta Ads,2024-10-22,Jeans,Desktop,At Risk
CUS-04761,25-34,Non-binary/Other,Netherlands,Returning,Email,2024-05-29,Sportswear,Mobile,Discount Seekers
CUS-04762,35-44,Male,UK,Returning,Email,2024-07-04,Beauty,Desktop,Hibernating
CUS-04763,35-44,Female,Germany,Returning,Google Search,2023-10-07,Dresses,Mobile,Loyal Customers
CUS-04764,45-54,Female,UK,Returning,Affiliate,2024-05-14,Beauty,Mobile,Potential Loyalists
CUS-04765,35-44,Male,Spain,Returning,Organic Search,2023-08-01,Accessories,Desktop,Loyal Customers
CUS-04766,45-54,Female,France,Returning,Meta Ads,2023-06-16,Dresses,Desktop,At Risk
CUS-04767,45-54,Female,Poland,Returning,Organic Search,2023-01-06,Accessories,Mobile,Loyal Customers
CUS-04768,25-34,Female,Italy,New,Google Search,2025-09-10,Beauty,Mobile,New Customers
CUS-04769,25-34,Male,UK,Returning,Email,2023-03-21,Beauty,Desktop,Hibernating
CUS-04770,25-34,Male,France,Returning,Organic Search,2024-08-14,Dresses,Tablet,At Risk
CUS-04771,45-54,Male,Poland,Returning,TikTok Ads,2024-06-29,Shoes,Desktop,Potential Loyalists
CUS-04772,35-44,Male,Poland,Returning,Google Search,2025-07-15,Shoes,Mobile,Potential Loyalists
CUS-04773,35-44,Female,France,Returning,Display Ads,2024-05-30,Bags,Tablet,At Risk
CUS-04774,45-54,Female,UK,New,Affiliate,2025-07-22,Accessories,Mobile,New Customers
CUS-04775,25-34,Female,UK,Returning,Organic Search,2025-03-21,Jackets,Mobile,Champions
CUS-04776,25-34,Male,Italy,Returning,Display Ads,2023-06-14,Shoes,Mobile,Discount Seekers
CUS-04777,25-34,Female,France,New,Affiliate,2025-07-17,Shoes,Mobile,New Customers
CUS-04778,35-44,Female,Spain,New,TikTok Ads,2025-12-13,Shoes,Tablet,New Customers
CUS-04779,45-54,Female,Spain,Returning,Display Ads,2024-05-15,Accessories,Mobile,Loyal Customers
CUS-04780,45-54,Female,France,Returning,Email,2023-08-28,Beauty,Desktop,Potential Loyalists
CUS-04781,25-34,Female,Germany,Returning,Google Search,2023-11-25,Sportswear,Desktop,Potential Loyalists
CUS-04782,55+,Male,Poland,Returning,Google Search,2024-06-20,Accessories,Mobile,Potential Loyalists
CUS-04783,35-44,Non-binary/Other,Germany,New,Meta Ads,2025-09-18,Beauty,Mobile,New Customers
CUS-04784,45-54,Female,France,New,Display Ads,2025-09-04,Beauty,Mobile,New Customers
CUS-04785,45-54,Female,Italy,Returning,TikTok Ads,2024-06-17,Jeans,Mobile,Discount Seekers
CUS-04786,45-54,Female,Poland,Returning,Google Search,2024-05-06,Dresses,Desktop,Discount Seekers
CUS-04787,18-24,Male,Spain,Returning,Email,2023-07-09,Accessories,Desktop,Loyal Customers
CUS-04788,55+,Female,UK,Returning,Email,2023-09-13,Shoes,Mobile,Loyal Customers
CUS-04789,18-24,Male,UK,Returning,TikTok Ads,2023-04-19,Jeans,Desktop,Hibernating
CUS-04790,45-54,Female,Netherlands,Returning,Google Search,2025-01-03,Dresses,Mobile,High-Value Customers
CUS-04791,18-24,Female,France,Returning,TikTok Ads,2025-03-11,Sportswear,Mobile,Discount Seekers
CUS-04792,45-54,Non-binary/Other,Germany,Returning,Email,2024-11-27,Sportswear,Desktop,Champions
CUS-04793,25-34,Female,Germany,Returning,Google Search,2024-03-17,Shoes,Desktop,Loyal Customers
CUS-04794,18-24,Male,Germany,Returning,Google Search,2024-12-22,Bags,Desktop,Champions
CUS-04795,45-54,Female,Germany,Returning,Organic Search,2024-08-26,Jeans,Mobile,Hibernating
CUS-04796,35-44,Male,Poland,Returning,Display Ads,2023-08-21,Dresses,Mobile,At Risk
CUS-04797,35-44,Female,France,New,Meta Ads,2025-08-02,Beauty,Desktop,New Customers
CUS-04798,25-34,Female,Poland,New,Google Search,2025-08-23,Sportswear,Mobile,New Customers
CUS-04799,25-34,Female,UK,Returning,Google Search,2023-11-19,Dresses,Desktop,Loyal Customers
CUS-04800,45-54,Male,France,Returning,Display Ads,2024-06-03,Dresses,Mobile,At Risk
CUS-04801,35-44,Female,UK,Returning,Organic Search,2024-05-17,Shoes,Desktop,Champions
CUS-04802,25-34,Female,Germany,Returning,Meta Ads,2023-04-27,Dresses,Mobile,At Risk
CUS-04803,25-34,Male,France,Returning,Meta Ads,2023-04-27,Jeans,Tablet,Hibernating
CUS-04804,35-44,Female,Italy,Returning,Affiliate,2024-08-23,Bags,Mobile,At Risk
CUS-04805,18-24,Female,Netherlands,Returning,Google Search,2024-08-01,Beauty,Mobile,Potential Loyalists
CUS-04806,18-24,Male,Netherlands,Returning,Affiliate,2024-10-06,Shoes,Desktop,Hibernating
CUS-04807,18-24,Male,UK,Returning,Organic Search,2024-04-02,Shoes,Mobile,Hibernating
CUS-04808,18-24,Female,Spain,Returning,Meta Ads,2025-03-04,Accessories,Mobile,Loyal Customers
CUS-04809,18-24,Female,UK,Returning,Organic Search,2023-04-05,Jeans,Mobile,Loyal Customers
CUS-04810,55+,Male,Italy,Returning,Email,2024-10-30,Dresses,Desktop,At Risk
CUS-04811,55+,Male,Spain,Returning,Affiliate,2025-02-07,Accessories,Desktop,Potential Loyalists
CUS-04812,18-24,Male,UK,Returning,Google Search,2023-05-11,Jeans,Mobile,Loyal Customers
CUS-04813,25-34,Female,Italy,Returning,Organic Search,2023-01-19,Shoes,Mobile,Loyal Customers
CUS-04814,25-34,Male,UK,Returning,Google Search,2025-02-08,Shoes,Mobile,Loyal Customers
CUS-04815,35-44,Male,UK,New,Meta Ads,2025-11-13,Beauty,Mobile,New Customers
CUS-04816,35-44,Male,Poland,Returning,Meta Ads,2023-11-14,Bags,Mobile,At Risk
CUS-04817,18-24,Female,Spain,Returning,Email,2024-11-08,Jeans,Mobile,Loyal Customers
CUS-04818,25-34,Female,UK,Returning,Google Search,2024-01-30,Beauty,Tablet,Hibernating
CUS-04819,45-54,Male,France,Returning,Meta Ads,2025-07-29,Shoes,Desktop,Potential Loyalists
CUS-04820,25-34,Female,Spain,Returning,Organic Search,2024-10-02,Sportswear,Mobile,Potential Loyalists
CUS-04821,35-44,Female,Italy,Returning,Organic Search,2024-01-09,Dresses,Mobile,Loyal Customers
CUS-04822,25-34,Male,Netherlands,Returning,Meta Ads,2023-03-26,Accessories,Mobile,Hibernating
CUS-04823,18-24,Male,Poland,Returning,Organic Search,2025-01-30,Dresses,Mobile,High-Value Customers
CUS-04824,25-34,Female,Germany,New,Google Search,2025-06-04,Shoes,Tablet,New Customers
CUS-04825,25-34,Female,Italy,Returning,Google Search,2023-04-07,Bags,Mobile,Champions
CUS-04826,45-54,Female,Netherlands,Returning,Email,2023-02-19,Jeans,Mobile,Loyal Customers
CUS-04827,35-44,Female,Germany,Returning,Organic Search,2023-03-06,Shoes,Mobile,Loyal Customers
CUS-04828,25-34,Female,Poland,Returning,Meta Ads,2023-07-31,Dresses,Mobile,Discount Seekers
CUS-04829,18-24,Female,Italy,Returning,Organic Search,2024-10-13,Bags,Mobile,Champions
CUS-04830,25-34,Female,UK,Returning,Organic Search,2024-03-10,Jackets,Mobile,High-Value Customers
CUS-04831,25-34,Female,France,Returning,Google Search,2023-12-29,Dresses,Desktop,At Risk
CUS-04832,35-44,Male,UK,New,Meta Ads,2025-07-17,Accessories,Mobile,New Customers
CUS-04833,25-34,Female,Italy,Returning,Meta Ads,2024-10-09,Sportswear,Desktop,Discount Seekers
CUS-04834,25-34,Male,Italy,Returning,Email,2024-11-11,Shoes,Desktop,Champions
CUS-04835,25-34,Female,Germany,Returning,Google Search,2023-12-16,Jeans,Desktop,Hibernating
CUS-04836,55+,Female,UK,Returning,Email,2024-08-04,Dresses,Mobile,Loyal Customers
CUS-04837,18-24,Female,France,Returning,TikTok Ads,2024-04-12,Shoes,Mobile,Discount Seekers
CUS-04838,25-34,Female,Poland,New,TikTok Ads,2025-09-20,Accessories,Mobile,New Customers
CUS-04839,18-24,Female,Poland,Returning,Google Search,2024-10-07,Jackets,Desktop,Champions
CUS-04840,35-44,Female,UK,Returning,Affiliate,2024-02-16,Sportswear,Desktop,Discount Seekers
CUS-04841,18-24,Female,Germany,Returning,Google Search,2023-03-05,Bags,Mobile,Champions
CUS-04842,35-44,Male,Spain,Returning,Email,2023-03-20,Accessories,Mobile,Loyal Customers
CUS-04843,25-34,Male,Germany,Returning,Email,2024-07-08,Shoes,Mobile,Hibernating
CUS-04844,25-34,Female,Spain,New,Meta Ads,2025-08-02,Accessories,Mobile,New Customers
CUS-04845,35-44,Male,Germany,Returning,Meta Ads,2025-04-06,Sportswear,Mobile,Discount Seekers
CUS-04846,45-54,Male,France,Returning,Meta Ads,2023-01-26,Bags,Mobile,At Risk
CUS-04847,18-24,Male,Netherlands,Returning,Meta Ads,2023-07-19,Shoes,Desktop,At Risk
CUS-04848,18-24,Female,France,Returning,TikTok Ads,2024-05-24,Shoes,Mobile,Potential Loyalists
CUS-04849,18-24,Male,UK,Returning,Email,2024-10-02,Shoes,Mobile,Loyal Customers
CUS-04850,25-34,Female,France,Returning,Affiliate,2024-11-21,Dresses,Tablet,High-Value Customers
CUS-04851,25-34,Male,France,Returning,Email,2023-05-18,Accessories,Mobile,Loyal Customers
CUS-04852,55+,Female,UK,New,Google Search,2025-08-16,Shoes,Mobile,New Customers
CUS-04853,25-34,Female,Spain,Returning,Google Search,2025-03-24,Shoes,Desktop,Potential Loyalists
CUS-04854,35-44,Female,Poland,Returning,Meta Ads,2024-07-18,Accessories,Mobile,Loyal Customers
CUS-04855,45-54,Female,France,Returning,Affiliate,2024-04-21,Jeans,Mobile,At Risk
CUS-04856,25-34,Male,Germany,Returning,Meta Ads,2024-02-09,Beauty,Mobile,Hibernating
CUS-04857,18-24,Female,Germany,Returning,Meta Ads,2023-10-06,Jeans,Mobile,Hibernating
CUS-04858,45-54,Female,Italy,Returning,Meta Ads,2024-04-08,Jeans,Mobile,Discount Seekers
CUS-04859,25-34,Male,Germany,Returning,Display Ads,2025-02-10,Shoes,Desktop,Potential Loyalists
CUS-04860,55+,Female,Spain,New,Google Search,2025-11-16,Accessories,Mobile,New Customers
CUS-04861,45-54,Female,France,Returning,Organic Search,2023-07-14,Shoes,Mobile,Champions
CUS-04862,35-44,Male,France,Returning,Organic Search,2023-05-01,Shoes,Desktop,Hibernating
CUS-04863,35-44,Non-binary/Other,Spain,Returning,Organic Search,2025-01-02,Shoes,Desktop,Potential Loyalists
CUS-04864,45-54,Male,Germany,New,Google Search,2025-10-31,Accessories,Mobile,New Customers
CUS-04865,45-54,Male,Germany,Returning,Google Search,2023-08-29,Jeans,Mobile,Loyal Customers
CUS-04866,45-54,Male,Germany,Returning,Organic Search,2023-02-03,Beauty,Mobile,Hibernating
CUS-04867,45-54,Female,Spain,Returning,Meta Ads,2024-02-09,Shoes,Desktop,Hibernating
CUS-04868,45-54,Female,Netherlands,Returning,Google Search,2025-02-23,Sportswear,Desktop,Discount Seekers
CUS-04869,18-24,Male,Italy,Returning,Organic Search,2025-02-04,Sportswear,Mobile,Champions
CUS-04870,55+,Male,France,Returning,Email,2023-10-06,Dresses,Mobile,High-Value Customers
CUS-04871,18-24,Female,Germany,Returning,Affiliate,2024-07-24,Accessories,Mobile,Loyal Customers
CUS-04872,18-24,Female,UK,Returning,TikTok Ads,2023-06-02,Beauty,Mobile,Potential Loyalists
CUS-04873,25-34,Male,France,Returning,Google Search,2024-06-29,Jeans,Mobile,Loyal Customers
CUS-04874,25-34,Male,Spain,Returning,Google Search,2024-11-24,Dresses,Desktop,Loyal Customers
CUS-04875,45-54,Female,UK,New,Affiliate,2025-08-27,Beauty,Mobile,New Customers
CUS-04876,45-54,Male,Netherlands,Returning,Email,2024-07-19,Shoes,Mobile,Loyal Customers
CUS-04877,45-54,Female,Germany,Returning,TikTok Ads,2025-07-28,Beauty,Desktop,Potential Loyalists
CUS-04878,35-44,Female,France,Returning,Organic Search,2023-11-30,Dresses,Mobile,At Risk
CUS-04879,35-44,Female,Netherlands,Returning,Display Ads,2024-11-14,Jeans,Mobile,Discount Seekers
CUS-04880,45-54,Male,Spain,Returning,Google Search,2024-06-06,Bags,Desktop,At Risk
CUS-04881,18-24,Male,Germany,Returning,Google Search,2024-09-27,Dresses,Mobile,At Risk
CUS-04882,45-54,Male,Spain,Returning,Meta Ads,2023-08-17,Shoes,Mobile,Loyal Customers
CUS-04883,35-44,Female,France,Returning,Google Search,2024-10-08,Accessories,Tablet,Hibernating
CUS-04884,25-34,Female,France,Returning,Organic Search,2024-11-23,Shoes,Mobile,Champions
CUS-04885,18-24,Male,Italy,Returning,Organic Search,2024-04-05,Shoes,Desktop,Loyal Customers
CUS-04886,55+,Male,Italy,Returning,Meta Ads,2024-12-09,Shoes,Desktop,Champions
CUS-04887,25-34,Female,Italy,Returning,Email,2023-11-17,Shoes,Mobile,At Risk
CUS-04888,18-24,Female,UK,Returning,TikTok Ads,2023-12-17,Accessories,Mobile,Potential Loyalists
CUS-04889,25-34,Female,Germany,Returning,Meta Ads,2023-10-13,Shoes,Mobile,At Risk
CUS-04890,25-34,Female,Poland,Returning,TikTok Ads,2024-07-30,Sportswear,Mobile,Potential Loyalists
CUS-04891,18-24,Female,UK,New,Organic Search,2025-09-17,Accessories,Mobile,New Customers
CUS-04892,35-44,Female,Germany,New,Google Search,2025-06-18,Sportswear,Desktop,New Customers
CUS-04893,25-34,Female,UK,Returning,TikTok Ads,2024-01-22,Sportswear,Desktop,Champions
CUS-04894,25-34,Male,UK,New,Google Search,2025-08-21,Beauty,Mobile,New Customers
CUS-04895,55+,Male,France,Returning,Organic Search,2023-10-17,Shoes,Mobile,At Risk
CUS-04896,18-24,Female,France,New,Display Ads,2025-12-09,Accessories,Mobile,New Customers
CUS-04897,25-34,Female,Poland,Returning,Meta Ads,2024-09-08,Sportswear,Mobile,Champions
CUS-04898,45-54,Female,Netherlands,Returning,Google Search,2024-07-02,Jeans,Mobile,At Risk
CUS-04899,25-34,Female,Italy,Returning,Google Search,2024-07-09,Accessories,Mobile,Potential Loyalists
CUS-04900,35-44,Female,Spain,Returning,Affiliate,2024-07-15,Shoes,Mobile,Champions
CUS-04901,35-44,Male,UK,Returning,Email,2023-01-14,Jeans,Mobile,Loyal Customers
CUS-04902,18-24,Male,UK,New,TikTok Ads,2025-11-20,Accessories,Mobile,New Customers
CUS-04903,18-24,Female,Italy,Returning,TikTok Ads,2025-03-25,Sportswear,Mobile,Potential Loyalists
CUS-04904,25-34,Female,UK,Returning,Organic Search,2024-02-17,Dresses,Mobile,At Risk
CUS-04905,35-44,Male,France,Returning,Google Search,2023-04-28,Dresses,Mobile,Loyal Customers
CUS-04906,35-44,Male,UK,Returning,Google Search,2023-01-09,Jeans,Mobile,Hibernating
CUS-04907,45-54,Male,UK,Returning,Email,2024-02-15,Beauty,Mobile,Potential Loyalists
CUS-04908,25-34,Male,Germany,Returning,Meta Ads,2023-11-13,Shoes,Mobile,At Risk
CUS-04909,35-44,Female,Germany,Returning,Google Search,2023-04-25,Shoes,Desktop,Hibernating
CUS-04910,35-44,Male,Netherlands,Returning,Meta Ads,2024-01-27,Beauty,Desktop,Potential Loyalists
CUS-04911,35-44,Female,Poland,Returning,Meta Ads,2023-03-02,Jackets,Desktop,Champions
CUS-04912,55+,Female,Italy,New,Google Search,2025-12-13,Shoes,Desktop,New Customers
CUS-04913,35-44,Female,Italy,Returning,Email,2025-01-21,Dresses,Mobile,High-Value Customers
CUS-04914,25-34,Female,Italy,Returning,Google Search,2024-01-24,Dresses,Desktop,High-Value Customers
CUS-04915,35-44,Female,Italy,Returning,Affiliate,2025-03-15,Dresses,Desktop,Loyal Customers
CUS-04916,35-44,Female,Germany,Returning,Google Search,2024-04-04,Jeans,Mobile,Hibernating
CUS-04917,25-34,Male,Italy,Returning,Meta Ads,2024-11-19,Accessories,Mobile,Potential Loyalists
CUS-04918,25-34,Female,Spain,Returning,Organic Search,2023-06-09,Dresses,Mobile,Loyal Customers
CUS-04919,35-44,Male,Poland,Returning,Display Ads,2024-06-22,Jeans,Mobile,At Risk
CUS-04920,25-34,Female,Italy,New,TikTok Ads,2025-10-29,Sportswear,Desktop,New Customers
CUS-04921,45-54,Female,UK,New,Affiliate,2025-06-17,Shoes,Mobile,New Customers
CUS-04922,25-34,Male,Poland,Returning,Organic Search,2024-04-03,Accessories,Desktop,Hibernating
CUS-04923,25-34,Female,Italy,Returning,Organic Search,2024-06-09,Accessories,Mobile,Potential Loyalists
CUS-04924,35-44,Female,France,Returning,Google Search,2023-07-29,Bags,Mobile,At Risk
CUS-04925,45-54,Female,Spain,Returning,Meta Ads,2024-03-15,Shoes,Desktop,Potential Loyalists
CUS-04926,35-44,Female,Poland,Returning,Organic Search,2024-11-06,Sportswear,Desktop,Champions
CUS-04927,45-54,Female,France,Returning,TikTok Ads,2024-08-13,Sportswear,Mobile,Potential Loyalists
CUS-04928,25-34,Female,Italy,Returning,Google Search,2023-01-07,Jackets,Mobile,High-Value Customers
CUS-04929,55+,Female,France,New,Display Ads,2025-06-23,Shoes,Desktop,New Customers
CUS-04930,35-44,Female,Italy,Returning,Organic Search,2024-11-20,Jeans,Tablet,Loyal Customers
CUS-04931,25-34,Male,Netherlands,Returning,Affiliate,2024-03-10,Jeans,Mobile,At Risk
CUS-04932,25-34,Female,UK,Returning,Meta Ads,2024-06-10,Shoes,Mobile,High-Value Customers
CUS-04933,25-34,Female,UK,Returning,Display Ads,2024-05-04,Dresses,Desktop,Discount Seekers
CUS-04934,35-44,Female,France,New,Google Search,2025-07-19,Beauty,Tablet,New Customers
CUS-04935,45-54,Male,UK,Returning,Organic Search,2024-03-19,Sportswear,Mobile,Potential Loyalists
CUS-04936,45-54,Female,Germany,Returning,Organic Search,2024-10-02,Shoes,Mobile,At Risk
CUS-04937,25-34,Female,France,Returning,TikTok Ads,2023-09-09,Shoes,Tablet,Hibernating
CUS-04938,35-44,Female,Germany,Returning,Meta Ads,2024-01-14,Dresses,Mobile,Discount Seekers
CUS-04939,25-34,Non-binary/Other,UK,Returning,Organic Search,2023-12-03,Beauty,Mobile,Hibernating
CUS-04940,25-34,Female,Spain,New,TikTok Ads,2025-09-20,Shoes,Mobile,New Customers
CUS-04941,25-34,Female,Italy,Returning,Organic Search,2023-04-01,Jeans,Mobile,Loyal Customers
CUS-04942,45-54,Male,France,New,Google Search,2025-10-07,Shoes,Mobile,New Customers
CUS-04943,35-44,Female,France,Returning,Email,2024-05-12,Dresses,Mobile,Loyal Customers
CUS-04944,35-44,Male,France,Returning,Meta Ads,2024-02-22,Bags,Mobile,Champions
CUS-04945,35-44,Male,Germany,New,Affiliate,2025-06-30,Sportswear,Mobile,New Customers
CUS-04946,18-24,Male,Italy,Returning,Organic Search,2023-04-13,Jeans,Mobile,At Risk
CUS-04947,35-44,Male,Germany,Returning,Email,2024-05-12,Sportswear,Mobile,Discount Seekers
CUS-04948,18-24,Female,Germany,Returning,Email,2024-04-22,Accessories,Mobile,Hibernating
CUS-04949,25-34,Male,Italy,Returning,Email,2024-04-22,Sportswear,Mobile,Discount Seekers
CUS-04950,18-24,Male,UK,Returning,Email,2024-08-27,Jeans,Desktop,Hibernating
CUS-04951,25-34,Female,Italy,Returning,Organic Search,2023-02-01,Shoes,Desktop,At Risk
CUS-04952,55+,Female,UK,Returning,Google Search,2023-09-27,Jackets,Mobile,Champions
CUS-04953,25-34,Female,Germany,Returning,Display Ads,2024-09-29,Dresses,Desktop,At Risk
CUS-04954,45-54,Male,Germany,Returning,Organic Search,2023-03-17,Jeans,Mobile,Loyal Customers
CUS-04955,45-54,Female,UK,Returning,Organic Search,2025-01-22,Jackets,Mobile,Champions
CUS-04956,55+,Male,Netherlands,Returning,Google Search,2024-08-06,Dresses,Desktop,Loyal Customers
CUS-04957,35-44,Female,France,Returning,Meta Ads,2023-04-09,Beauty,Desktop,Hibernating
CUS-04958,35-44,Female,France,Returning,Email,2024-09-03,Beauty,Desktop,Hibernating
CUS-04959,18-24,Female,UK,Returning,TikTok Ads,2024-10-30,Shoes,Mobile,Discount Seekers
CUS-04960,25-34,Male,France,Returning,Google Search,2024-08-05,Jackets,Mobile,High-Value Customers
CUS-04961,18-24,Female,UK,Returning,Affiliate,2024-01-31,Shoes,Mobile,Discount Seekers
CUS-04962,35-44,Male,Poland,Returning,Meta Ads,2024-01-18,Accessories,Mobile,Loyal Customers
CUS-04963,18-24,Male,Germany,Returning,Organic Search,2024-02-25,Jeans,Desktop,Discount Seekers
CUS-04964,35-44,Male,Germany,Returning,Email,2025-05-09,Shoes,Mobile,Discount Seekers
CUS-04965,25-34,Female,Germany,Returning,Email,2025-05-08,Dresses,Mobile,Discount Seekers
CUS-04966,45-54,Male,Netherlands,Returning,Organic Search,2024-05-08,Accessories,Mobile,Loyal Customers
CUS-04967,25-34,Female,Netherlands,Returning,Email,2023-03-11,Shoes,Desktop,Loyal Customers
CUS-04968,45-54,Female,France,Returning,Organic Search,2024-04-04,Jeans,Mobile,Discount Seekers
CUS-04969,25-34,Male,Italy,Returning,Organic Search,2024-11-25,Jeans,Mobile,Loyal Customers
CUS-04970,35-44,Female,Italy,Returning,Google Search,2024-05-23,Beauty,Desktop,Potential Loyalists
CUS-04971,18-24,Male,Italy,New,TikTok Ads,2025-11-24,Accessories,Tablet,New Customers
CUS-04972,55+,Female,UK,Returning,Email,2024-09-22,Dresses,Mobile,Loyal Customers
CUS-04973,25-34,Female,Italy,Returning,Google Search,2025-01-09,Sportswear,Mobile,Champions
CUS-04974,45-54,Female,France,Returning,Email,2023-03-27,Jackets,Desktop,High-Value Customers
CUS-04975,55+,Female,France,Returning,Affiliate,2025-05-24,Sportswear,Mobile,Discount Seekers
CUS-04976,55+,Female,UK,Returning,Meta Ads,2023-11-10,Dresses,Mobile,Discount Seekers
CUS-04977,18-24,Female,UK,Returning,Meta Ads,2024-04-26,Accessories,Desktop,Potential Loyalists
CUS-04978,35-44,Female,Germany,Returning,TikTok Ads,2023-10-25,Jeans,Desktop,Loyal Customers
CUS-04979,18-24,Male,Spain,New,Affiliate,2025-08-27,Sportswear,Desktop,New Customers
CUS-04980,18-24,Female,Poland,New,TikTok Ads,2025-07-13,Sportswear,Desktop,New Customers
CUS-04981,25-34,Non-binary/Other,UK,Returning,Email,2023-07-27,Jackets,Mobile,Champions
CUS-04982,25-34,Male,UK,Returning,Display Ads,2023-09-25,Shoes,Mobile,Hibernating
CUS-04983,35-44,Female,UK,Returning,Organic Search,2023-10-26,Dresses,Desktop,High-Value Customers
CUS-04984,25-34,Male,Italy,New,TikTok Ads,2025-09-10,Accessories,Mobile,New Customers
CUS-04985,25-34,Female,Poland,Returning,Meta Ads,2024-02-17,Shoes,Mobile,Potential Loyalists
CUS-04986,25-34,Male,Italy,Returning,Affiliate,2025-07-27,Shoes,Mobile,Potential Loyalists
CUS-04987,55+,Non-binary/Other,Germany,Returning,Email,2023-11-03,Sportswear,Tablet,Champions
CUS-04988,18-24,Male,Spain,Returning,Organic Search,2024-11-26,Accessories,Mobile,Loyal Customers
CUS-04989,35-44,Female,Spain,New,Google Search,2025-11-20,Shoes,Mobile,New Customers
CUS-04990,25-34,Female,Spain,New,Affiliate,2025-12-02,Sportswear,Desktop,New Customers
CUS-04991,35-44,Female,Germany,New,Google Search,2025-06-16,Accessories,Mobile,New Customers
CUS-04992,18-24,Male,Poland,Returning,Google Search,2024-05-27,Shoes,Desktop,Discount Seekers
CUS-04993,25-34,Female,Spain,Returning,Google Search,2024-03-24,Jeans,Mobile,Loyal Customers
CUS-04994,18-24,Female,UK,Returning,Affiliate,2024-11-14,Jackets,Mobile,Champions
CUS-04995,45-54,Female,Italy,Returning,Meta Ads,2024-11-24,Shoes,Mobile,Champions
CUS-04996,55+,Female,UK,Returning,Affiliate,2023-04-03,Accessories,Mobile,Loyal Customers
CUS-04997,18-24,Female,Germany,New,Meta Ads,2025-09-14,Sportswear,Desktop,New Customers
CUS-04998,18-24,Female,UK,Returning,Email,2024-08-05,Beauty,Mobile,Hibernating
CUS-04999,45-54,Male,Poland,Returning,TikTok Ads,2025-01-25,Dresses,Mobile,Discount Seekers
CUS-05000,55+,Female,UK,Returning,Email,2023-02-12,Jeans,Mobile,At Risk
CUS-05001,35-44,Female,Italy,Returning,Organic Search,2025-02-05,Beauty,Mobile,Potential Loyalists
CUS-05002,55+,Female,France,Returning,Meta Ads,2024-11-22,Shoes,Mobile,Loyal Customers
CUS-05003,35-44,Female,UK,Returning,Meta Ads,2024-04-01,Beauty,Mobile,Potential Loyalists
CUS-05004,35-44,Male,Germany,Returning,Google Search,2024-03-05,Beauty,Desktop,Potential Loyalists
CUS-05005,18-24,Male,Italy,Returning,TikTok Ads,2023-12-21,Shoes,Desktop,Discount Seekers
CUS-05006,25-34,Female,France,New,Meta Ads,2025-10-08,Shoes,Desktop,New Customers
CUS-05007,18-24,Male,Germany,Returning,Organic Search,2023-08-19,Dresses,Desktop,Loyal Customers
CUS-05008,25-34,Female,Italy,Returning,Google Search,2025-04-22,Beauty,Mobile,Potential Loyalists
CUS-05009,35-44,Female,Germany,Returning,Email,2024-04-10,Shoes,Desktop,Loyal Customers
CUS-05010,25-34,Male,France,Returning,Email,2024-07-01,Dresses,Mobile,Discount Seekers
CUS-05011,18-24,Non-binary/Other,Germany,Returning,Google Search,2024-03-07,Shoes,Mobile,Champions
CUS-05012,25-34,Male,UK,Returning,Organic Search,2023-04-14,Sportswear,Desktop,Champions
CUS-05013,55+,Male,Germany,Returning,Email,2024-11-16,Dresses,Mobile,Loyal Customers
CUS-05014,35-44,Male,UK,Returning,Organic Search,2023-01-09,Shoes,Mobile,Hibernating
CUS-05015,25-34,Male,Spain,New,Google Search,2025-08-28,Shoes,Desktop,New Customers
CUS-05016,18-24,Female,Germany,Returning,Google Search,2024-05-28,Bags,Desktop,At Risk
CUS-05017,35-44,Female,Germany,Returning,TikTok Ads,2024-04-07,Shoes,Mobile,Potential Loyalists
CUS-05018,18-24,Male,Italy,Returning,Email,2023-11-18,Sportswear,Desktop,Champions
CUS-05019,45-54,Female,Spain,Returning,Google Search,2023-11-23,Dresses,Mobile,Discount Seekers
CUS-05020,25-34,Female,Germany,Returning,Google Search,2023-05-10,Dresses,Mobile,Loyal Customers
CUS-05021,45-54,Male,France,Returning,Google Search,2023-06-12,Shoes,Mobile,Champions
CUS-05022,55+,Female,Germany,New,Meta Ads,2025-12-01,Sportswear,Mobile,New Customers
CUS-05023,35-44,Female,Germany,Returning,Affiliate,2023-03-14,Shoes,Desktop,Champions
CUS-05024,45-54,Female,UK,Returning,Google Search,2024-12-25,Shoes,Mobile,Champions
CUS-05025,35-44,Male,Germany,Returning,Meta Ads,2023-04-08,Accessories,Mobile,Hibernating
CUS-05026,45-54,Female,Italy,New,Meta Ads,2025-06-04,Accessories,Desktop,New Customers
CUS-05027,18-24,Female,Italy,Returning,Email,2024-06-01,Dresses,Mobile,Loyal Customers
CUS-05028,18-24,Female,Germany,Returning,Organic Search,2024-05-28,Sportswear,Desktop,Potential Loyalists
CUS-05029,35-44,Female,Poland,Returning,Email,2024-04-24,Accessories,Mobile,Hibernating
CUS-05030,18-24,Female,Germany,Returning,Meta Ads,2024-12-27,Bags,Mobile,Champions
CUS-05031,25-34,Male,Germany,Returning,Organic Search,2024-05-19,Accessories,Mobile,Loyal Customers
CUS-05032,45-54,Female,Italy,Returning,Organic Search,2023-01-04,Shoes,Mobile,At Risk
CUS-05033,55+,Male,France,Returning,Organic Search,2024-09-06,Jeans,Desktop,At Risk
CUS-05034,18-24,Female,UK,Returning,Google Search,2024-08-18,Bags,Tablet,High-Value Customers
CUS-05035,45-54,Male,UK,Returning,TikTok Ads,2024-02-22,Beauty,Desktop,Potential Loyalists
CUS-05036,18-24,Male,UK,Returning,Meta Ads,2025-02-23,Bags,Mobile,Champions
CUS-05037,25-34,Female,Poland,New,Organic Search,2025-06-25,Sportswear,Mobile,New Customers
CUS-05038,55+,Female,Spain,Returning,Google Search,2024-09-14,Bags,Desktop,At Risk
CUS-05039,35-44,Male,Germany,Returning,Affiliate,2023-03-03,Shoes,Mobile,Loyal Customers
CUS-05040,55+,Male,Spain,New,Organic Search,2025-11-06,Beauty,Mobile,New Customers
CUS-05041,45-54,Male,UK,Returning,Meta Ads,2023-11-24,Jeans,Desktop,Loyal Customers
CUS-05042,45-54,Female,France,Returning,Meta Ads,2023-11-29,Dresses,Desktop,Discount Seekers
CUS-05043,35-44,Male,UK,Returning,Meta Ads,2024-11-08,Sportswear,Desktop,Discount Seekers
CUS-05044,25-34,Male,Germany,New,Organic Search,2025-06-05,Beauty,Mobile,New Customers
CUS-05045,25-34,Female,Italy,Returning,Google Search,2024-12-08,Jackets,Desktop,High-Value Customers
CUS-05046,25-34,Male,UK,Returning,Email,2024-09-16,Jackets,Mobile,High-Value Customers
CUS-05047,35-44,Male,Germany,Returning,Email,2023-10-20,Dresses,Mobile,Loyal Customers
CUS-05048,18-24,Female,UK,Returning,TikTok Ads,2025-08-06,Accessories,Mobile,Potential Loyalists
CUS-05049,25-34,Male,Netherlands,Returning,Organic Search,2023-01-14,Bags,Desktop,At Risk
CUS-05050,45-54,Female,Spain,Returning,Email,2023-04-07,Bags,Desktop,Champions
CUS-05051,35-44,Female,France,Returning,Meta Ads,2024-06-01,Shoes,Desktop,Potential Loyalists
CUS-05052,55+,Male,Netherlands,Returning,Organic Search,2024-02-17,Shoes,Mobile,Loyal Customers
CUS-05053,25-34,Female,Germany,Returning,Google Search,2023-07-23,Dresses,Mobile,High-Value Customers
CUS-05054,55+,Female,Netherlands,Returning,Affiliate,2024-03-24,Shoes,Desktop,Potential Loyalists
CUS-05055,55+,Female,France,Returning,Meta Ads,2023-04-17,Shoes,Mobile,Hibernating
CUS-05056,25-34,Non-binary/Other,UK,Returning,Organic Search,2024-05-31,Shoes,Mobile,Potential Loyalists
CUS-05057,25-34,Male,Italy,Returning,Google Search,2023-02-13,Jeans,Desktop,Loyal Customers
CUS-05058,55+,Female,Germany,Returning,Meta Ads,2024-05-03,Jeans,Desktop,Discount Seekers
CUS-05059,35-44,Female,France,Returning,Email,2024-01-01,Sportswear,Mobile,Champions
CUS-05060,25-34,Female,Italy,Returning,Google Search,2023-02-20,Jackets,Desktop,Champions
CUS-05061,45-54,Male,France,Returning,Organic Search,2023-10-20,Accessories,Mobile,Potential Loyalists
CUS-05062,45-54,Male,France,Returning,Organic Search,2023-07-25,Dresses,Mobile,At Risk
CUS-05063,45-54,Female,Netherlands,Returning,Affiliate,2025-04-25,Shoes,Mobile,Potential Loyalists
CUS-05064,18-24,Male,Spain,Returning,Affiliate,2023-10-14,Sportswear,Desktop,Champions
CUS-05065,25-34,Male,Italy,Returning,Meta Ads,2023-07-18,Beauty,Mobile,Potential Loyalists
CUS-05066,45-54,Male,Netherlands,Returning,Email,2023-09-01,Dresses,Tablet,Loyal Customers
CUS-05067,25-34,Female,Poland,Returning,Organic Search,2024-05-06,Sportswear,Mobile,Champions
CUS-05068,45-54,Female,France,New,Affiliate,2025-07-26,Sportswear,Mobile,New Customers
CUS-05069,25-34,Female,UK,Returning,Affiliate,2024-11-01,Accessories,Mobile,Loyal Customers
CUS-05070,25-34,Female,Netherlands,Returning,Google Search,2024-03-31,Shoes,Mobile,Potential Loyalists
CUS-05071,25-34,Female,France,Returning,Affiliate,2023-01-12,Jeans,Mobile,At Risk
CUS-05072,25-34,Male,Germany,Returning,Organic Search,2023-12-19,Accessories,Tablet,Hibernating
CUS-05073,25-34,Male,Poland,Returning,Meta Ads,2023-02-11,Shoes,Mobile,Loyal Customers
CUS-05074,25-34,Male,France,Returning,Organic Search,2023-07-01,Beauty,Mobile,Potential Loyalists
CUS-05075,35-44,Female,France,Returning,Google Search,2023-05-20,Jeans,Mobile,Loyal Customers
CUS-05076,45-54,Male,France,Returning,Email,2023-09-13,Shoes,Mobile,High-Value Customers
CUS-05077,18-24,Female,Spain,Returning,Display Ads,2023-07-30,Dresses,Mobile,Loyal Customers
CUS-05078,18-24,Female,Netherlands,Returning,TikTok Ads,2025-01-08,Shoes,Desktop,Loyal Customers
CUS-05079,35-44,Male,Germany,New,TikTok Ads,2025-08-26,Accessories,Desktop,New Customers
CUS-05080,18-24,Female,Poland,Returning,Display Ads,2024-02-11,Shoes,Mobile,Loyal Customers
CUS-05081,45-54,Male,Germany,Returning,Display Ads,2024-02-08,Accessories,Desktop,Loyal Customers
CUS-05082,18-24,Female,UK,Returning,Organic Search,2024-08-13,Bags,Desktop,Champions
CUS-05083,25-34,Male,Netherlands,Returning,Google Search,2023-09-15,Bags,Mobile,At Risk
CUS-05084,35-44,Female,Spain,Returning,Meta Ads,2024-03-07,Bags,Mobile,At Risk
CUS-05085,25-34,Female,Italy,Returning,Affiliate,2024-10-05,Bags,Mobile,At Risk
CUS-05086,25-34,Male,Italy,Returning,Meta Ads,2024-07-14,Jeans,Mobile,Hibernating
CUS-05087,18-24,Female,Spain,Returning,Organic Search,2024-10-14,Shoes,Mobile,Potential Loyalists
CUS-05088,35-44,Male,Netherlands,Returning,Meta Ads,2025-04-14,Sportswear,Desktop,Discount Seekers
CUS-05089,45-54,Female,Italy,Returning,Google Search,2024-07-21,Jeans,Mobile,Hibernating
CUS-05090,35-44,Female,UK,Returning,Google Search,2023-02-05,Jeans,Mobile,Hibernating
CUS-05091,35-44,Female,Poland,Returning,Email,2024-05-02,Jeans,Mobile,Hibernating
CUS-05092,18-24,Male,UK,Returning,Google Search,2024-05-04,Accessories,Tablet,Potential Loyalists
CUS-05093,45-54,Female,France,Returning,Meta Ads,2024-05-25,Shoes,Mobile,Potential Loyalists
CUS-05094,18-24,Female,UK,New,TikTok Ads,2025-06-23,Sportswear,Mobile,New Customers
CUS-05095,35-44,Male,Poland,Returning,Meta Ads,2023-02-06,Jackets,Mobile,Champions
CUS-05096,35-44,Female,Germany,New,TikTok Ads,2025-07-13,Accessories,Mobile,New Customers
CUS-05097,45-54,Male,France,Returning,Google Search,2025-02-17,Shoes,Mobile,Champions
CUS-05098,35-44,Male,UK,Returning,TikTok Ads,2024-08-23,Jackets,Mobile,Champions
CUS-05099,25-34,Male,Italy,Returning,Google Search,2025-06-06,Shoes,Desktop,Discount Seekers
CUS-05100,35-44,Female,Germany,Returning,Google Search,2024-04-25,Bags,Mobile,At Risk
CUS-05101,45-54,Female,France,New,Organic Search,2025-07-26,Accessories,Mobile,New Customers
CUS-05102,55+,Female,France,Returning,Meta Ads,2023-06-10,Shoes,Desktop,Potential Loyalists
CUS-05103,35-44,Female,Poland,New,Meta Ads,2025-07-14,Sportswear,Desktop,New Customers
CUS-05104,25-34,Male,Italy,Returning,Google Search,2025-06-24,Dresses,Desktop,Discount Seekers
CUS-05105,25-34,Female,UK,Returning,Google Search,2023-05-19,Jeans,Mobile,At Risk
CUS-05106,25-34,Male,France,Returning,Display Ads,2024-01-21,Shoes,Desktop,At Risk
CUS-05107,45-54,Male,Germany,New,Organic Search,2025-06-17,Sportswear,Desktop,New Customers
CUS-05108,25-34,Female,UK,Returning,Display Ads,2025-06-04,Shoes,Mobile,Potential Loyalists
CUS-05109,18-24,Female,Spain,Returning,Email,2023-10-10,Jeans,Mobile,At Risk
CUS-05110,25-34,Female,Germany,Returning,TikTok Ads,2024-05-21,Dresses,Mobile,High-Value Customers
CUS-05111,18-24,Male,UK,New,Google Search,2025-09-16,Shoes,Desktop,New Customers
CUS-05112,55+,Female,Germany,Returning,Display Ads,2025-07-02,Beauty,Mobile,Potential Loyalists
CUS-05113,18-24,Female,Poland,New,Display Ads,2025-09-03,Shoes,Tablet,New Customers
CUS-05114,25-34,Female,Germany,New,Affiliate,2025-07-17,Sportswear,Desktop,New Customers
CUS-05115,25-34,Female,Spain,Returning,Display Ads,2023-12-29,Shoes,Mobile,High-Value Customers
CUS-05116,45-54,Male,Italy,Returning,Display Ads,2023-12-19,Jeans,Desktop,At Risk
CUS-05117,35-44,Female,UK,Returning,Google Search,2025-02-23,Beauty,Desktop,Potential Loyalists
CUS-05118,55+,Female,Italy,Returning,Google Search,2025-05-24,Sportswear,Mobile,Potential Loyalists
CUS-05119,35-44,Female,UK,New,Organic Search,2025-09-29,Accessories,Desktop,New Customers
CUS-05120,45-54,Male,UK,Returning,Meta Ads,2023-04-08,Sportswear,Mobile,Champions
CUS-05121,35-44,Male,Italy,New,Meta Ads,2025-09-27,Beauty,Desktop,New Customers
CUS-05122,25-34,Female,Spain,Returning,Email,2024-04-08,Jeans,Mobile,Hibernating
CUS-05123,35-44,Female,Italy,Returning,Google Search,2023-05-14,Shoes,Mobile,At Risk
CUS-05124,18-24,Male,Germany,Returning,Meta Ads,2023-11-14,Jeans,Mobile,Loyal Customers
CUS-05125,18-24,Male,France,Returning,Meta Ads,2023-05-21,Beauty,Mobile,Hibernating
CUS-05126,25-34,Female,Germany,Returning,TikTok Ads,2023-03-16,Shoes,Mobile,Hibernating
CUS-05127,35-44,Male,UK,Returning,Meta Ads,2024-09-16,Shoes,Mobile,Loyal Customers
CUS-05128,35-44,Female,Italy,Returning,Meta Ads,2023-01-19,Bags,Mobile,At Risk
CUS-05129,18-24,Female,Italy,Returning,Email,2024-06-21,Bags,Mobile,At Risk
CUS-05130,35-44,Male,Germany,Returning,Google Search,2025-07-06,Shoes,Tablet,Discount Seekers
CUS-05131,25-34,Male,Germany,Returning,Organic Search,2023-12-13,Jeans,Mobile,Loyal Customers
CUS-05132,35-44,Male,UK,Returning,Google Search,2025-02-25,Accessories,Mobile,Loyal Customers
CUS-05133,35-44,Female,Germany,New,TikTok Ads,2025-07-20,Sportswear,Mobile,New Customers
CUS-05134,35-44,Female,France,Returning,Meta Ads,2024-05-19,Bags,Mobile,Champions
CUS-05135,45-54,Female,UK,Returning,Meta Ads,2024-03-28,Shoes,Mobile,Potential Loyalists
CUS-05136,45-54,Male,UK,Returning,Google Search,2023-08-23,Shoes,Mobile,Hibernating
CUS-05137,18-24,Male,Poland,Returning,Affiliate,2023-09-15,Jeans,Mobile,Loyal Customers
CUS-05138,25-34,Male,UK,New,TikTok Ads,2025-09-27,Sportswear,Mobile,New Customers
CUS-05139,25-34,Female,France,Returning,Google Search,2024-04-15,Shoes,Mobile,High-Value Customers
CUS-05140,18-24,Male,Germany,New,TikTok Ads,2025-09-15,Sportswear,Tablet,New Customers
CUS-05141,55+,Male,Italy,New,Google Search,2025-11-13,Accessories,Tablet,New Customers
CUS-05142,18-24,Female,UK,New,Google Search,2025-06-24,Sportswear,Mobile,New Customers
CUS-05143,45-54,Female,UK,Returning,Email,2025-01-12,Accessories,Tablet,Loyal Customers
CUS-05144,45-54,Male,France,Returning,Google Search,2024-10-31,Accessories,Desktop,Loyal Customers
CUS-05145,45-54,Male,UK,Returning,Meta Ads,2023-12-11,Shoes,Desktop,At Risk
CUS-05146,18-24,Male,UK,Returning,TikTok Ads,2023-07-19,Shoes,Mobile,Potential Loyalists
CUS-05147,55+,Female,Poland,Returning,Affiliate,2025-08-21,Beauty,Desktop,Potential Loyalists
CUS-05148,18-24,Female,Germany,Returning,Email,2023-03-08,Sportswear,Mobile,Champions
CUS-05149,45-54,Male,Italy,Returning,Meta Ads,2024-02-07,Dresses,Desktop,Discount Seekers
CUS-05150,18-24,Female,Netherlands,Returning,Google Search,2024-07-25,Sportswear,Desktop,Champions
CUS-05151,35-44,Female,Spain,Returning,Email,2023-03-20,Beauty,Desktop,Hibernating
CUS-05152,55+,Female,Germany,Returning,Organic Search,2024-09-08,Shoes,Mobile,Potential Loyalists
CUS-05153,18-24,Male,Spain,Returning,Organic Search,2023-05-21,Jeans,Mobile,At Risk
CUS-05154,25-34,Non-binary/Other,France,Returning,Meta Ads,2023-05-10,Dresses,Mobile,Loyal Customers
CUS-05155,35-44,Female,Italy,Returning,Email,2023-12-26,Dresses,Mobile,Loyal Customers
CUS-05156,35-44,Female,Italy,New,Organic Search,2025-10-17,Shoes,Mobile,New Customers
CUS-05157,35-44,Female,Germany,Returning,TikTok Ads,2024-01-17,Shoes,Mobile,At Risk
CUS-05158,35-44,Female,Poland,Returning,Organic Search,2024-02-01,Jeans,Mobile,Loyal Customers
CUS-05159,25-34,Male,France,New,TikTok Ads,2025-10-22,Accessories,Tablet,New Customers
CUS-05160,45-54,Female,Germany,New,Meta Ads,2025-11-07,Shoes,Desktop,New Customers
CUS-05161,25-34,Male,Germany,Returning,Email,2024-05-06,Shoes,Mobile,Loyal Customers
CUS-05162,25-34,Male,Germany,New,Meta Ads,2025-06-02,Beauty,Desktop,New Customers
CUS-05163,25-34,Female,Netherlands,Returning,Organic Search,2025-02-24,Dresses,Mobile,Loyal Customers
CUS-05164,35-44,Female,France,New,Organic Search,2025-09-06,Shoes,Desktop,New Customers
CUS-05165,18-24,Male,France,Returning,TikTok Ads,2023-01-18,Jeans,Tablet,Loyal Customers
CUS-05166,55+,Male,Italy,New,Meta Ads,2025-06-15,Sportswear,Tablet,New Customers
CUS-05167,25-34,Female,Spain,Returning,Meta Ads,2023-08-28,Shoes,Desktop,Potential Loyalists
CUS-05168,25-34,Male,Netherlands,New,Google Search,2025-11-18,Shoes,Mobile,New Customers
CUS-05169,25-34,Female,Poland,New,Google Search,2025-08-26,Shoes,Mobile,New Customers
CUS-05170,25-34,Female,UK,Returning,Affiliate,2023-12-08,Jeans,Desktop,Discount Seekers
CUS-05171,45-54,Female,France,New,Affiliate,2025-07-25,Shoes,Mobile,New Customers
CUS-05172,35-44,Male,Germany,Returning,Google Search,2023-09-20,Shoes,Mobile,Hibernating
CUS-05173,18-24,Female,Poland,Returning,Email,2024-01-30,Accessories,Mobile,Loyal Customers
CUS-05174,35-44,Male,Spain,Returning,Google Search,2024-08-01,Sportswear,Mobile,Potential Loyalists
CUS-05175,45-54,Male,Spain,Returning,TikTok Ads,2024-08-11,Jackets,Mobile,Champions
CUS-05176,35-44,Female,Spain,New,Google Search,2025-09-27,Sportswear,Desktop,New Customers
CUS-05177,18-24,Male,UK,Returning,TikTok Ads,2023-07-07,Shoes,Tablet,At Risk
CUS-05178,25-34,Male,France,Returning,Affiliate,2023-06-19,Sportswear,Mobile,Discount Seekers
CUS-05179,18-24,Male,Netherlands,New,Google Search,2025-06-05,Accessories,Mobile,New Customers
CUS-05180,18-24,Female,Spain,Returning,Meta Ads,2024-06-07,Dresses,Mobile,At Risk
CUS-05181,18-24,Female,Poland,Returning,Organic Search,2024-08-30,Accessories,Mobile,Loyal Customers
CUS-05182,45-54,Female,Italy,Returning,Meta Ads,2023-03-12,Shoes,Desktop,Champions
CUS-05183,25-34,Male,Germany,Returning,Email,2023-12-08,Jeans,Tablet,Hibernating
CUS-05184,18-24,Male,Germany,Returning,Meta Ads,2025-01-03,Jeans,Mobile,Loyal Customers
CUS-05185,25-34,Female,UK,Returning,Meta Ads,2023-10-20,Bags,Desktop,Champions
CUS-05186,35-44,Female,Netherlands,Returning,Meta Ads,2023-06-07,Shoes,Mobile,Discount Seekers
CUS-05187,55+,Male,Germany,Returning,Google Search,2023-05-05,Jackets,Mobile,High-Value Customers
CUS-05188,35-44,Female,UK,Returning,Organic Search,2024-06-16,Jeans,Mobile,At Risk
CUS-05189,25-34,Male,Netherlands,Returning,Affiliate,2025-08-01,Sportswear,Desktop,Potential Loyalists
CUS-05190,18-24,Female,Germany,Returning,Affiliate,2024-01-15,Dresses,Mobile,Discount Seekers
CUS-05191,25-34,Male,Spain,Returning,Organic Search,2024-12-20,Dresses,Mobile,Loyal Customers
CUS-05192,45-54,Male,Italy,New,Meta Ads,2025-08-04,Sportswear,Desktop,New Customers
CUS-05193,25-34,Female,UK,Returning,Display Ads,2024-07-02,Accessories,Mobile,Potential Loyalists
CUS-05194,35-44,Female,France,Returning,Google Search,2023-06-09,Sportswear,Mobile,Discount Seekers
CUS-05195,35-44,Female,France,Returning,Organic Search,2024-10-27,Jeans,Mobile,Discount Seekers
CUS-05196,35-44,Male,Germany,Returning,Google Search,2024-03-30,Bags,Desktop,At Risk
CUS-05197,25-34,Female,Spain,Returning,Organic Search,2024-12-14,Accessories,Desktop,Loyal Customers
CUS-05198,25-34,Male,Germany,New,Google Search,2025-06-26,Beauty,Desktop,New Customers
CUS-05199,25-34,Male,Poland,Returning,Organic Search,2024-09-03,Jeans,Mobile,Loyal Customers
CUS-05200,35-44,Female,Germany,Returning,Display Ads,2025-07-05,Sportswear,Mobile,Discount Seekers
CUS-05201,35-44,Male,UK,Returning,Affiliate,2024-07-16,Shoes,Desktop,Loyal Customers
CUS-05202,35-44,Female,Netherlands,Returning,Email,2024-08-31,Sportswear,Mobile,Champions
CUS-05203,35-44,Female,France,Returning,Google Search,2023-05-12,Jeans,Desktop,At Risk
CUS-05204,35-44,Male,UK,New,Organic Search,2025-09-25,Beauty,Mobile,New Customers
CUS-05205,25-34,Male,Netherlands,Returning,Meta Ads,2024-09-01,Sportswear,Tablet,Discount Seekers
CUS-05206,45-54,Female,Germany,Returning,Email,2023-10-09,Shoes,Mobile,Champions
CUS-05207,45-54,Male,Germany,Returning,Display Ads,2024-04-04,Shoes,Desktop,Hibernating
CUS-05208,25-34,Female,UK,Returning,Organic Search,2024-06-04,Bags,Mobile,Champions
CUS-05209,25-34,Female,Italy,Returning,Organic Search,2023-03-23,Shoes,Desktop,Champions
CUS-05210,18-24,Female,Spain,New,Organic Search,2025-11-16,Beauty,Mobile,New Customers
CUS-05211,45-54,Female,UK,Returning,Meta Ads,2023-10-21,Dresses,Mobile,Loyal Customers
CUS-05212,35-44,Male,UK,Returning,Email,2023-08-01,Jeans,Mobile,At Risk
CUS-05213,18-24,Female,Poland,Returning,Meta Ads,2024-07-04,Shoes,Mobile,Champions
CUS-05214,25-34,Female,Germany,Returning,Google Search,2023-07-08,Sportswear,Mobile,Champions
CUS-05215,25-34,Female,Spain,Returning,Google Search,2023-03-19,Beauty,Mobile,Hibernating
CUS-05216,18-24,Female,Germany,Returning,Google Search,2023-06-05,Shoes,Mobile,Loyal Customers
CUS-05217,25-34,Female,UK,Returning,TikTok Ads,2024-06-20,Bags,Mobile,At Risk
CUS-05218,25-34,Male,Spain,Returning,Meta Ads,2024-12-06,Jeans,Desktop,Hibernating
CUS-05219,45-54,Male,Italy,Returning,Meta Ads,2025-02-14,Jackets,Desktop,Champions
CUS-05220,35-44,Female,Germany,Returning,TikTok Ads,2024-02-11,Beauty,Mobile,Hibernating
CUS-05221,25-34,Female,Germany,Returning,Google Search,2024-01-08,Shoes,Mobile,Loyal Customers
CUS-05222,25-34,Male,France,Returning,Google Search,2024-10-28,Accessories,Mobile,Potential Loyalists
CUS-05223,55+,Female,UK,Returning,Affiliate,2023-04-16,Jackets,Desktop,Champions
CUS-05224,25-34,Male,UK,Returning,Meta Ads,2025-03-22,Shoes,Desktop,Discount Seekers
CUS-05225,55+,Female,Netherlands,New,Google Search,2025-11-22,Sportswear,Desktop,New Customers
CUS-05226,25-34,Female,Spain,New,Meta Ads,2025-12-10,Sportswear,Tablet,New Customers
CUS-05227,45-54,Female,Italy,Returning,Affiliate,2023-04-30,Dresses,Mobile,High-Value Customers
CUS-05228,35-44,Female,Germany,Returning,Google Search,2025-07-01,Sportswear,Mobile,Potential Loyalists
CUS-05229,18-24,Female,Netherlands,Returning,Email,2025-06-13,Shoes,Mobile,Discount Seekers
CUS-05230,25-34,Male,Netherlands,Returning,Organic Search,2023-05-09,Accessories,Mobile,Hibernating
CUS-05231,35-44,Male,Poland,Returning,Display Ads,2025-04-21,Dresses,Mobile,Discount Seekers
CUS-05232,18-24,Female,Italy,Returning,Google Search,2023-10-05,Sportswear,Mobile,Discount Seekers
CUS-05233,18-24,Female,France,Returning,Meta Ads,2023-02-11,Jackets,Mobile,High-Value Customers
CUS-05234,18-24,Male,Germany,Returning,Organic Search,2025-03-03,Jeans,Tablet,Loyal Customers
CUS-05235,35-44,Male,Germany,Returning,Display Ads,2024-01-02,Shoes,Mobile,Hibernating
CUS-05236,25-34,Male,Spain,Returning,Meta Ads,2023-11-04,Beauty,Mobile,Hibernating
CUS-05237,55+,Female,Spain,Returning,TikTok Ads,2024-01-08,Bags,Mobile,At Risk
CUS-05238,35-44,Female,Netherlands,Returning,Google Search,2024-03-19,Sportswear,Mobile,Potential Loyalists
CUS-05239,35-44,Female,UK,Returning,Email,2024-05-02,Bags,Mobile,High-Value Customers
CUS-05240,18-24,Female,Germany,Returning,Google Search,2023-07-01,Jeans,Mobile,Loyal Customers
CUS-05241,35-44,Female,UK,New,Affiliate,2025-10-08,Beauty,Desktop,New Customers
CUS-05242,18-24,Female,UK,New,TikTok Ads,2025-06-18,Shoes,Desktop,New Customers
CUS-05243,55+,Female,UK,Returning,Google Search,2023-12-23,Jeans,Mobile,Loyal Customers
CUS-05244,55+,Female,Poland,Returning,Organic Search,2024-12-11,Accessories,Desktop,Hibernating
CUS-05245,25-34,Male,Italy,Returning,Email,2023-06-22,Sportswear,Mobile,Champions
CUS-05246,55+,Female,Germany,Returning,Meta Ads,2023-06-15,Bags,Desktop,At Risk
CUS-05247,35-44,Female,Netherlands,Returning,Affiliate,2024-11-23,Dresses,Mobile,Discount Seekers
CUS-05248,45-54,Female,France,Returning,Organic Search,2023-08-09,Shoes,Mobile,Potential Loyalists
CUS-05249,25-34,Male,Poland,Returning,Affiliate,2023-02-25,Bags,Desktop,At Risk
CUS-05250,18-24,Female,Spain,Returning,Organic Search,2024-05-27,Accessories,Desktop,Loyal Customers
CUS-05251,35-44,Male,France,Returning,Email,2025-03-20,Jeans,Tablet,Discount Seekers
CUS-05252,25-34,Female,Germany,Returning,Affiliate,2024-11-21,Shoes,Desktop,High-Value Customers
CUS-05253,45-54,Male,France,Returning,Email,2024-02-10,Jeans,Mobile,Loyal Customers
CUS-05254,18-24,Male,Germany,Returning,Meta Ads,2023-03-30,Dresses,Mobile,At Risk
CUS-05255,25-34,Male,UK,New,Google Search,2025-11-14,Sportswear,Mobile,New Customers
CUS-05256,25-34,Female,Italy,New,Google Search,2025-11-17,Beauty,Mobile,New Customers
CUS-05257,45-54,Female,France,Returning,Affiliate,2023-06-10,Jeans,Mobile,At Risk
CUS-05258,35-44,Male,Netherlands,New,Meta Ads,2025-10-11,Beauty,Mobile,New Customers
CUS-05259,25-34,Male,Germany,Returning,Google Search,2024-01-14,Dresses,Mobile,At Risk
CUS-05260,25-34,Female,UK,Returning,Google Search,2023-08-01,Accessories,Mobile,Loyal Customers
CUS-05261,35-44,Male,France,Returning,Meta Ads,2024-04-09,Accessories,Desktop,Potential Loyalists
CUS-05262,35-44,Female,UK,Returning,Meta Ads,2024-04-16,Dresses,Desktop,Discount Seekers
CUS-05263,18-24,Female,Italy,Returning,Organic Search,2023-03-06,Accessories,Mobile,Loyal Customers
CUS-05264,45-54,Female,Germany,Returning,Google Search,2023-03-23,Bags,Desktop,At Risk
CUS-05265,55+,Male,Spain,Returning,Google Search,2023-08-29,Jeans,Mobile,Loyal Customers
CUS-05266,25-34,Non-binary/Other,UK,Returning,Email,2024-12-02,Sportswear,Mobile,Discount Seekers
CUS-05267,25-34,Male,France,New,Meta Ads,2025-12-05,Beauty,Desktop,New Customers
CUS-05268,45-54,Female,France,Returning,Meta Ads,2025-04-05,Accessories,Tablet,Potential Loyalists
CUS-05269,35-44,Female,Netherlands,Returning,Google Search,2023-05-06,Accessories,Mobile,Loyal Customers
CUS-05270,35-44,Female,UK,New,Affiliate,2025-08-02,Accessories,Mobile,New Customers
CUS-05271,25-34,Male,Germany,Returning,Google Search,2024-06-20,Jackets,Tablet,High-Value Customers
CUS-05272,25-34,Male,Italy,New,Meta Ads,2025-06-22,Shoes,Mobile,New Customers
CUS-05273,18-24,Female,UK,New,Affiliate,2025-09-06,Shoes,Desktop,New Customers
CUS-05274,25-34,Female,Italy,Returning,Meta Ads,2024-11-16,Shoes,Tablet,Hibernating
CUS-05275,35-44,Male,Spain,Returning,Meta Ads,2023-06-19,Shoes,Mobile,Potential Loyalists
CUS-05276,25-34,Male,Spain,New,Google Search,2025-11-21,Shoes,Desktop,New Customers
CUS-05277,35-44,Female,France,Returning,Google Search,2024-08-16,Sportswear,Mobile,Potential Loyalists
CUS-05278,25-34,Female,Poland,Returning,Google Search,2024-11-18,Jeans,Mobile,Loyal Customers
CUS-05279,45-54,Female,UK,Returning,Organic Search,2024-12-15,Beauty,Mobile,Hibernating
CUS-05280,18-24,Female,France,Returning,Google Search,2023-07-26,Sportswear,Mobile,Discount Seekers
CUS-05281,25-34,Male,Poland,Returning,Meta Ads,2024-10-04,Dresses,Mobile,Discount Seekers
CUS-05282,35-44,Male,Spain,Returning,Meta Ads,2024-12-12,Sportswear,Mobile,Discount Seekers
CUS-05283,25-34,Male,Netherlands,New,Meta Ads,2025-08-17,Sportswear,Desktop,New Customers
CUS-05284,55+,Female,Germany,Returning,TikTok Ads,2024-02-04,Shoes,Desktop,Potential Loyalists
CUS-05285,35-44,Non-binary/Other,France,Returning,Organic Search,2024-01-08,Bags,Mobile,At Risk
CUS-05286,25-34,Male,Germany,Returning,Meta Ads,2023-03-11,Jackets,Mobile,High-Value Customers
CUS-05287,35-44,Female,Netherlands,Returning,Organic Search,2024-09-17,Accessories,Mobile,Hibernating
CUS-05288,45-54,Female,Germany,New,Meta Ads,2025-11-19,Accessories,Mobile,New Customers
CUS-05289,25-34,Male,Italy,Returning,Meta Ads,2023-07-06,Shoes,Mobile,At Risk
CUS-05290,25-34,Female,Italy,Returning,Meta Ads,2023-11-04,Beauty,Mobile,Hibernating
CUS-05291,35-44,Female,Spain,Returning,TikTok Ads,2023-09-17,Jeans,Mobile,Discount Seekers
CUS-05292,35-44,Male,UK,Returning,Meta Ads,2023-10-14,Shoes,Desktop,Hibernating
CUS-05293,45-54,Male,Spain,New,Google Search,2025-12-07,Sportswear,Desktop,New Customers
CUS-05294,25-34,Female,UK,Returning,Google Search,2024-04-29,Beauty,Mobile,Potential Loyalists
CUS-05295,35-44,Female,Germany,New,TikTok Ads,2025-10-21,Beauty,Mobile,New Customers
CUS-05296,55+,Male,France,Returning,TikTok Ads,2024-02-01,Shoes,Mobile,Potential Loyalists
CUS-05297,25-34,Female,Poland,Returning,Affiliate,2025-04-08,Jeans,Mobile,Discount Seekers
CUS-05298,35-44,Female,Netherlands,New,TikTok Ads,2025-08-06,Shoes,Desktop,New Customers
CUS-05299,35-44,Female,Germany,New,TikTok Ads,2025-07-02,Beauty,Desktop,New Customers
CUS-05300,18-24,Female,UK,Returning,Google Search,2023-06-07,Beauty,Mobile,Potential Loyalists
CUS-05301,25-34,Female,Germany,Returning,Organic Search,2024-06-21,Jeans,Tablet,At Risk
CUS-05302,25-34,Female,France,New,Affiliate,2025-07-07,Sportswear,Mobile,New Customers
CUS-05303,25-34,Non-binary/Other,Spain,Returning,Google Search,2023-04-21,Accessories,Mobile,Loyal Customers
CUS-05304,25-34,Female,Italy,Returning,TikTok Ads,2024-10-05,Shoes,Desktop,Discount Seekers
CUS-05305,55+,Female,Poland,Returning,Google Search,2024-01-14,Shoes,Mobile,Potential Loyalists
CUS-05306,25-34,Male,France,New,Meta Ads,2025-07-06,Sportswear,Desktop,New Customers
CUS-05307,35-44,Female,Italy,Returning,Email,2023-03-07,Shoes,Mobile,Loyal Customers
CUS-05308,35-44,Female,Italy,New,Display Ads,2025-06-27,Beauty,Mobile,New Customers
CUS-05309,55+,Male,Germany,Returning,Organic Search,2023-09-24,Dresses,Mobile,At Risk
CUS-05310,25-34,Female,France,Returning,Google Search,2023-12-14,Shoes,Mobile,Discount Seekers
CUS-05311,55+,Female,Italy,Returning,Google Search,2023-07-01,Jackets,Tablet,Champions
CUS-05312,18-24,Male,UK,Returning,Meta Ads,2023-07-11,Bags,Mobile,High-Value Customers
CUS-05313,25-34,Male,Germany,Returning,Google Search,2024-09-14,Dresses,Mobile,At Risk
CUS-05314,18-24,Female,UK,Returning,Display Ads,2023-10-25,Shoes,Mobile,Potential Loyalists
CUS-05315,35-44,Female,Germany,Returning,Organic Search,2025-01-14,Shoes,Desktop,Loyal Customers
CUS-05316,35-44,Male,Germany,Returning,Organic Search,2023-07-25,Shoes,Mobile,Potential Loyalists
CUS-05317,25-34,Male,Spain,Returning,Email,2025-07-07,Jeans,Mobile,Discount Seekers
CUS-05318,55+,Female,UK,Returning,Meta Ads,2023-06-20,Accessories,Desktop,Potential Loyalists
CUS-05319,18-24,Female,Spain,New,Google Search,2025-09-05,Beauty,Mobile,New Customers
CUS-05320,18-24,Female,UK,Returning,Affiliate,2024-05-09,Bags,Desktop,At Risk
CUS-05321,35-44,Female,France,Returning,Meta Ads,2023-08-01,Sportswear,Desktop,Discount Seekers
CUS-05322,25-34,Male,Germany,Returning,Email,2024-04-09,Bags,Desktop,At Risk
CUS-05323,55+,Non-binary/Other,France,Returning,Organic Search,2023-08-13,Shoes,Desktop,Hibernating
CUS-05324,18-24,Non-binary/Other,Poland,Returning,Email,2025-03-23,Jeans,Mobile,Loyal Customers
CUS-05325,18-24,Male,UK,Returning,TikTok Ads,2025-04-18,Dresses,Mobile,Discount Seekers
CUS-05326,35-44,Male,France,Returning,Meta Ads,2023-06-02,Beauty,Mobile,Potential Loyalists
CUS-05327,45-54,Female,Germany,Returning,Email,2024-04-11,Accessories,Desktop,Loyal Customers
CUS-05328,18-24,Non-binary/Other,France,Returning,Email,2023-09-06,Shoes,Mobile,High-Value Customers
CUS-05329,18-24,Female,Poland,Returning,Affiliate,2023-09-17,Shoes,Tablet,Loyal Customers
CUS-05330,18-24,Male,Italy,Returning,Organic Search,2024-09-11,Jeans,Mobile,Loyal Customers
CUS-05331,35-44,Male,France,Returning,Google Search,2023-04-06,Jeans,Mobile,At Risk
CUS-05332,25-34,Male,UK,Returning,Meta Ads,2023-11-14,Accessories,Mobile,Potential Loyalists
CUS-05333,25-34,Male,UK,Returning,Meta Ads,2023-06-14,Shoes,Desktop,Loyal Customers
CUS-05334,25-34,Male,UK,Returning,Email,2023-02-28,Shoes,Mobile,At Risk
CUS-05335,25-34,Male,Germany,Returning,Affiliate,2023-12-23,Jeans,Desktop,Hibernating
CUS-05336,25-34,Female,UK,Returning,Organic Search,2024-06-11,Jeans,Mobile,Hibernating
CUS-05337,25-34,Male,UK,Returning,Meta Ads,2023-12-02,Dresses,Mobile,Loyal Customers
CUS-05338,35-44,Female,Spain,New,Affiliate,2025-12-14,Sportswear,Mobile,New Customers
CUS-05339,25-34,Male,Netherlands,Returning,Email,2024-04-07,Shoes,Mobile,Hibernating
CUS-05340,18-24,Female,Netherlands,Returning,Google Search,2023-03-25,Shoes,Mobile,Loyal Customers
CUS-05341,25-34,Female,Poland,Returning,Google Search,2024-05-28,Shoes,Mobile,Loyal Customers
CUS-05342,35-44,Female,Germany,Returning,Meta Ads,2025-03-09,Shoes,Mobile,Champions
CUS-05343,45-54,Male,UK,New,TikTok Ads,2025-10-13,Beauty,Mobile,New Customers
CUS-05344,35-44,Male,UK,Returning,Meta Ads,2024-01-01,Shoes,Mobile,Loyal Customers
CUS-05345,25-34,Male,Germany,Returning,Affiliate,2024-06-06,Jeans,Tablet,Hibernating
CUS-05346,25-34,Female,Italy,Returning,Organic Search,2023-02-22,Jackets,Desktop,High-Value Customers
CUS-05347,35-44,Female,Spain,Returning,Organic Search,2024-11-02,Dresses,Desktop,Loyal Customers
CUS-05348,25-34,Male,Germany,Returning,TikTok Ads,2023-09-12,Jeans,Mobile,At Risk
CUS-05349,45-54,Female,Italy,Returning,Organic Search,2023-09-13,Accessories,Mobile,Loyal Customers
CUS-05350,35-44,Female,UK,Returning,Google Search,2023-09-04,Jackets,Desktop,Champions
CUS-05351,25-34,Female,Germany,Returning,TikTok Ads,2023-06-28,Accessories,Mobile,Hibernating
CUS-05352,25-34,Female,France,New,Google Search,2025-08-28,Beauty,Mobile,New Customers
CUS-05353,25-34,Female,Germany,Returning,TikTok Ads,2024-04-11,Dresses,Desktop,Discount Seekers
CUS-05354,35-44,Female,UK,New,Meta Ads,2025-10-06,Beauty,Mobile,New Customers
CUS-05355,18-24,Male,Italy,Returning,Affiliate,2023-06-28,Jeans,Mobile,Loyal Customers
CUS-05356,35-44,Female,Italy,New,Meta Ads,2025-11-09,Accessories,Desktop,New Customers
CUS-05357,25-34,Male,Spain,Returning,Google Search,2024-07-08,Jeans,Mobile,Loyal Customers
CUS-05358,35-44,Male,Italy,Returning,Meta Ads,2024-07-15,Shoes,Mobile,Discount Seekers
CUS-05359,25-34,Male,Italy,Returning,Organic Search,2023-12-17,Shoes,Desktop,At Risk
CUS-05360,35-44,Male,France,Returning,Organic Search,2024-01-25,Beauty,Mobile,Potential Loyalists
CUS-05361,35-44,Female,Germany,New,Google Search,2025-10-18,Sportswear,Mobile,New Customers
CUS-05362,18-24,Female,UK,Returning,Display Ads,2023-08-04,Jeans,Mobile,At Risk
CUS-05363,55+,Female,Poland,Returning,Display Ads,2023-09-05,Jeans,Desktop,Hibernating
CUS-05364,45-54,Female,UK,Returning,Google Search,2023-11-03,Bags,Mobile,Champions
CUS-05365,45-54,Female,France,Returning,Meta Ads,2023-04-18,Shoes,Mobile,Champions
CUS-05366,45-54,Male,Italy,Returning,Organic Search,2024-02-22,Accessories,Mobile,Loyal Customers
CUS-05367,25-34,Female,Poland,Returning,Affiliate,2024-11-13,Shoes,Mobile,Potential Loyalists
CUS-05368,35-44,Male,Poland,New,TikTok Ads,2025-08-01,Beauty,Mobile,New Customers
CUS-05369,18-24,Female,France,Returning,Organic Search,2023-12-10,Shoes,Desktop,Loyal Customers
CUS-05370,25-34,Female,France,Returning,Affiliate,2025-02-25,Shoes,Desktop,Potential Loyalists
CUS-05371,35-44,Male,Poland,New,TikTok Ads,2025-11-29,Sportswear,Mobile,New Customers
CUS-05372,18-24,Female,France,Returning,Affiliate,2024-12-27,Dresses,Mobile,Loyal Customers
CUS-05373,25-34,Male,Germany,Returning,Google Search,2024-06-19,Jeans,Mobile,Discount Seekers
CUS-05374,18-24,Male,France,Returning,Email,2023-07-12,Shoes,Desktop,At Risk
CUS-05375,18-24,Female,Germany,Returning,Google Search,2024-04-30,Sportswear,Mobile,Potential Loyalists
CUS-05376,45-54,Male,Poland,New,Meta Ads,2025-08-29,Accessories,Mobile,New Customers
CUS-05377,18-24,Female,Germany,Returning,TikTok Ads,2024-10-11,Shoes,Mobile,Potential Loyalists
CUS-05378,35-44,Female,Netherlands,Returning,Affiliate,2023-07-17,Dresses,Mobile,Discount Seekers
CUS-05379,55+,Male,Poland,New,Google Search,2025-10-23,Beauty,Mobile,New Customers
CUS-05380,25-34,Female,Spain,New,Meta Ads,2025-08-15,Accessories,Desktop,New Customers
CUS-05381,55+,Female,Poland,Returning,Email,2024-05-11,Dresses,Mobile,Discount Seekers
CUS-05382,35-44,Female,Germany,Returning,Display Ads,2024-07-08,Sportswear,Tablet,Discount Seekers
CUS-05383,25-34,Female,Germany,Returning,Email,2023-12-01,Beauty,Mobile,Hibernating
CUS-05384,45-54,Male,Germany,Returning,TikTok Ads,2024-04-09,Dresses,Mobile,Loyal Customers
CUS-05385,25-34,Female,Germany,Returning,Organic Search,2023-12-03,Shoes,Mobile,Loyal Customers
CUS-05386,18-24,Male,Italy,Returning,Organic Search,2024-05-25,Shoes,Mobile,At Risk
CUS-05387,45-54,Female,Germany,New,Meta Ads,2025-08-03,Shoes,Tablet,New Customers
CUS-05388,18-24,Non-binary/Other,UK,Returning,Google Search,2023-09-11,Jeans,Mobile,At Risk
CUS-05389,25-34,Female,France,Returning,Email,2024-06-28,Accessories,Mobile,Hibernating
CUS-05390,55+,Female,Poland,Returning,Display Ads,2023-07-11,Beauty,Mobile,Potential Loyalists
CUS-05391,45-54,Male,Spain,Returning,Google Search,2025-04-01,Beauty,Desktop,Potential Loyalists
CUS-05392,35-44,Male,UK,New,TikTok Ads,2025-08-12,Beauty,Desktop,New Customers
CUS-05393,25-34,Male,Germany,Returning,Google Search,2023-08-06,Accessories,Mobile,Potential Loyalists
CUS-05394,35-44,Female,Germany,Returning,Meta Ads,2023-06-03,Dresses,Desktop,At Risk
CUS-05395,25-34,Male,Netherlands,Returning,Affiliate,2024-10-27,Accessories,Mobile,Hibernating
CUS-05396,18-24,Male,UK,New,Meta Ads,2025-06-15,Beauty,Mobile,New Customers
CUS-05397,25-34,Female,Germany,Returning,TikTok Ads,2024-06-13,Jeans,Mobile,Hibernating
CUS-05398,35-44,Female,Germany,New,TikTok Ads,2025-07-14,Shoes,Mobile,New Customers
CUS-05399,18-24,Non-binary/Other,UK,Returning,TikTok Ads,2024-11-12,Jeans,Mobile,Hibernating
CUS-05400,25-34,Male,Germany,Returning,Meta Ads,2024-11-08,Jeans,Desktop,Loyal Customers
CUS-05401,18-24,Male,Poland,Returning,Meta Ads,2023-07-21,Jeans,Mobile,Hibernating
CUS-05402,35-44,Male,Italy,Returning,Meta Ads,2024-07-27,Jeans,Mobile,Hibernating
CUS-05403,35-44,Female,Germany,Returning,Meta Ads,2023-04-01,Jeans,Desktop,Loyal Customers
CUS-05404,45-54,Female,Spain,New,Meta Ads,2025-08-13,Beauty,Mobile,New Customers
CUS-05405,35-44,Female,Poland,Returning,Meta Ads,2025-06-12,Sportswear,Desktop,Discount Seekers
CUS-05406,45-54,Male,UK,Returning,Google Search,2024-02-06,Shoes,Mobile,Loyal Customers
CUS-05407,25-34,Male,Germany,Returning,Display Ads,2023-06-22,Accessories,Desktop,Hibernating
CUS-05408,25-34,Male,France,Returning,Display Ads,2024-04-11,Bags,Mobile,High-Value Customers
CUS-05409,25-34,Female,UK,Returning,TikTok Ads,2024-12-29,Jeans,Mobile,Discount Seekers
CUS-05410,25-34,Female,Germany,Returning,Google Search,2023-11-27,Sportswear,Tablet,Potential Loyalists
CUS-05411,18-24,Male,Spain,Returning,Meta Ads,2023-11-01,Jeans,Desktop,At Risk
CUS-05412,35-44,Male,France,Returning,Organic Search,2024-01-03,Dresses,Mobile,High-Value Customers
CUS-05413,18-24,Male,Poland,New,Google Search,2025-11-19,Sportswear,Mobile,New Customers
CUS-05414,35-44,Male,Poland,Returning,Google Search,2024-12-14,Accessories,Desktop,Loyal Customers
CUS-05415,25-34,Female,Italy,Returning,Email,2024-12-18,Bags,Mobile,Champions
CUS-05416,35-44,Female,Germany,Returning,Email,2023-09-13,Jeans,Mobile,Hibernating
CUS-05417,25-34,Male,Netherlands,New,Meta Ads,2025-11-13,Sportswear,Mobile,New Customers
CUS-05418,25-34,Male,France,Returning,TikTok Ads,2023-08-12,Accessories,Desktop,Loyal Customers
CUS-05419,18-24,Female,Netherlands,Returning,Meta Ads,2025-01-29,Sportswear,Desktop,Potential Loyalists
CUS-05420,25-34,Female,UK,Returning,Meta Ads,2023-06-08,Accessories,Mobile,Hibernating
CUS-05421,25-34,Female,Germany,New,Meta Ads,2025-06-09,Beauty,Mobile,New Customers
CUS-05422,35-44,Male,France,Returning,Affiliate,2023-08-07,Sportswear,Mobile,Discount Seekers
CUS-05423,25-34,Male,Netherlands,Returning,Affiliate,2023-07-26,Beauty,Mobile,Hibernating
CUS-05424,35-44,Female,Germany,Returning,Affiliate,2024-06-08,Shoes,Mobile,High-Value Customers
CUS-05425,45-54,Male,UK,Returning,Display Ads,2024-07-13,Dresses,Desktop,Discount Seekers
CUS-05426,35-44,Male,Spain,Returning,Meta Ads,2024-11-27,Jeans,Mobile,Loyal Customers
CUS-05427,25-34,Female,France,Returning,Meta Ads,2024-08-13,Dresses,Mobile,At Risk
CUS-05428,18-24,Male,France,Returning,Display Ads,2024-10-28,Sportswear,Mobile,Champions
CUS-05429,35-44,Female,Spain,Returning,Google Search,2024-09-21,Jackets,Mobile,High-Value Customers
CUS-05430,35-44,Female,Germany,Returning,Email,2024-11-13,Shoes,Mobile,Loyal Customers
CUS-05431,25-34,Male,Italy,Returning,TikTok Ads,2023-01-17,Jeans,Mobile,At Risk
CUS-05432,18-24,Female,Netherlands,Returning,TikTok Ads,2023-07-23,Sportswear,Tablet,Discount Seekers
CUS-05433,35-44,Female,Germany,Returning,Organic Search,2024-11-04,Jeans,Mobile,Loyal Customers
CUS-05434,25-34,Female,UK,Returning,Google Search,2025-08-03,Dresses,Mobile,Discount Seekers
CUS-05435,35-44,Female,Germany,Returning,Affiliate,2023-03-13,Sportswear,Desktop,Champions
CUS-05436,55+,Female,UK,New,Meta Ads,2025-11-06,Beauty,Tablet,New Customers
CUS-05437,35-44,Female,UK,New,Meta Ads,2025-09-01,Sportswear,Mobile,New Customers
CUS-05438,35-44,Female,Poland,Returning,Google Search,2023-08-21,Accessories,Mobile,Potential Loyalists
CUS-05439,55+,Female,Germany,Returning,Meta Ads,2024-07-21,Dresses,Tablet,At Risk
CUS-05440,35-44,Male,Italy,Returning,Google Search,2024-02-19,Jeans,Mobile,Discount Seekers
CUS-05441,45-54,Male,Germany,Returning,Meta Ads,2025-08-26,Shoes,Mobile,Potential Loyalists
CUS-05442,25-34,Non-binary/Other,UK,New,Google Search,2025-11-06,Accessories,Mobile,New Customers
CUS-05443,25-34,Male,UK,Returning,TikTok Ads,2025-01-13,Sportswear,Mobile,Discount Seekers
CUS-05444,35-44,Female,Spain,Returning,Google Search,2024-03-25,Shoes,Mobile,Hibernating
CUS-05445,35-44,Male,France,Returning,TikTok Ads,2024-03-07,Jackets,Mobile,Champions
CUS-05446,25-34,Female,Spain,Returning,Organic Search,2025-06-23,Sportswear,Mobile,Discount Seekers
CUS-05447,45-54,Female,Poland,Returning,Meta Ads,2024-11-03,Bags,Mobile,Champions
CUS-05448,18-24,Female,UK,Returning,Display Ads,2024-01-14,Jeans,Mobile,At Risk
CUS-05449,25-34,Female,Italy,New,Meta Ads,2025-10-29,Accessories,Mobile,New Customers
CUS-05450,25-34,Male,Italy,Returning,Meta Ads,2023-05-24,Beauty,Mobile,Hibernating
CUS-05451,55+,Male,Poland,Returning,Affiliate,2023-09-27,Dresses,Desktop,Loyal Customers
CUS-05452,35-44,Female,Netherlands,Returning,Display Ads,2023-11-21,Dresses,Desktop,Loyal Customers
CUS-05453,45-54,Female,France,Returning,Affiliate,2024-08-28,Shoes,Mobile,Hibernating
CUS-05454,25-34,Female,Poland,Returning,Affiliate,2025-01-24,Jeans,Mobile,Loyal Customers
CUS-05455,18-24,Female,Germany,New,Google Search,2025-06-22,Beauty,Mobile,New Customers
CUS-05456,18-24,Male,Italy,Returning,TikTok Ads,2023-07-20,Jeans,Tablet,Hibernating
CUS-05457,45-54,Female,UK,Returning,Meta Ads,2024-01-21,Dresses,Tablet,At Risk
CUS-05458,25-34,Male,Germany,Returning,Email,2024-05-13,Accessories,Mobile,Loyal Customers
CUS-05459,25-34,Male,France,Returning,TikTok Ads,2024-07-04,Beauty,Mobile,Potential Loyalists
CUS-05460,25-34,Female,France,Returning,Google Search,2024-08-10,Shoes,Mobile,High-Value Customers
CUS-05461,35-44,Female,Germany,New,Google Search,2025-11-30,Accessories,Mobile,New Customers
CUS-05462,18-24,Female,Spain,Returning,Meta Ads,2025-03-28,Sportswear,Mobile,Champions
CUS-05463,55+,Female,Germany,Returning,TikTok Ads,2023-05-19,Shoes,Mobile,Loyal Customers
CUS-05464,55+,Female,Italy,Returning,Organic Search,2024-02-01,Sportswear,Mobile,Potential Loyalists
CUS-05465,25-34,Male,UK,Returning,Email,2024-01-29,Jackets,Mobile,High-Value Customers
CUS-05466,25-34,Female,Spain,Returning,Organic Search,2024-05-01,Sportswear,Desktop,Potential Loyalists
CUS-05467,25-34,Female,Germany,Returning,Organic Search,2024-12-19,Jackets,Desktop,Champions
CUS-05468,35-44,Female,Spain,New,Meta Ads,2025-11-03,Accessories,Desktop,New Customers
CUS-05469,25-34,Female,Germany,Returning,Organic Search,2024-07-28,Sportswear,Mobile,Champions
CUS-05470,45-54,Female,Germany,Returning,TikTok Ads,2025-06-02,Accessories,Mobile,Potential Loyalists
CUS-05471,35-44,Female,France,Returning,Meta Ads,2023-05-24,Bags,Mobile,High-Value Customers
CUS-05472,35-44,Female,France,Returning,Display Ads,2024-01-15,Jeans,Desktop,At Risk
CUS-05473,45-54,Female,Spain,Returning,Google Search,2024-04-17,Shoes,Mobile,Champions
CUS-05474,35-44,Female,Netherlands,New,Google Search,2025-07-28,Sportswear,Mobile,New Customers
CUS-05475,35-44,Male,France,Returning,Email,2024-02-17,Dresses,Mobile,Loyal Customers
CUS-05476,18-24,Female,Spain,Returning,Organic Search,2023-11-07,Dresses,Mobile,Loyal Customers
CUS-05477,35-44,Female,France,Returning,TikTok Ads,2023-09-21,Dresses,Mobile,At Risk
CUS-05478,55+,Female,Germany,New,Meta Ads,2025-10-18,Beauty,Desktop,New Customers
CUS-05479,25-34,Female,France,Returning,Google Search,2024-03-20,Shoes,Mobile,Hibernating
CUS-05480,35-44,Male,Poland,Returning,TikTok Ads,2024-11-29,Jeans,Desktop,Discount Seekers
CUS-05481,25-34,Female,Spain,Returning,Email,2023-12-05,Accessories,Desktop,Loyal Customers
CUS-05482,55+,Female,Spain,Returning,Meta Ads,2023-10-13,Shoes,Mobile,Discount Seekers
CUS-05483,35-44,Female,Germany,New,TikTok Ads,2025-08-24,Beauty,Mobile,New Customers
CUS-05484,35-44,Male,Spain,Returning,Email,2024-11-09,Dresses,Desktop,Loyal Customers
CUS-05485,25-34,Female,Germany,Returning,Email,2023-10-19,Sportswear,Tablet,Discount Seekers
CUS-05486,25-34,Female,France,Returning,Organic Search,2024-08-05,Shoes,Desktop,Champions
CUS-05487,25-34,Male,Netherlands,New,TikTok Ads,2025-10-16,Sportswear,Tablet,New Customers
CUS-05488,18-24,Female,Netherlands,Returning,Google Search,2023-06-11,Accessories,Desktop,Hibernating
CUS-05489,35-44,Male,France,Returning,Google Search,2025-02-10,Shoes,Mobile,Potential Loyalists
CUS-05490,18-24,Female,Netherlands,Returning,Google Search,2024-10-04,Sportswear,Mobile,Discount Seekers
CUS-05491,45-54,Female,Poland,Returning,Affiliate,2023-12-12,Accessories,Mobile,Loyal Customers
CUS-05492,45-54,Male,France,Returning,Meta Ads,2025-07-28,Jeans,Mobile,Discount Seekers
CUS-05493,18-24,Male,Germany,Returning,Google Search,2025-01-18,Bags,Mobile,Champions
CUS-05494,25-34,Female,France,Returning,Email,2023-10-06,Accessories,Desktop,Loyal Customers
CUS-05495,25-34,Male,France,Returning,TikTok Ads,2025-08-20,Shoes,Mobile,Potential Loyalists
CUS-05496,55+,Female,Germany,Returning,Google Search,2025-07-01,Sportswear,Mobile,Discount Seekers
CUS-05497,25-34,Female,UK,Returning,Google Search,2024-05-04,Dresses,Tablet,Loyal Customers
CUS-05498,55+,Female,Germany,Returning,Email,2024-09-16,Jeans,Tablet,Discount Seekers
CUS-05499,25-34,Female,France,Returning,Google Search,2024-01-26,Accessories,Mobile,Loyal Customers
CUS-05500,35-44,Male,France,New,Google Search,2025-09-20,Sportswear,Mobile,New Customers
CUS-05501,25-34,Female,Germany,Returning,Meta Ads,2024-03-05,Accessories,Mobile,Potential Loyalists
CUS-05502,45-54,Male,Netherlands,Returning,Organic Search,2024-07-17,Shoes,Mobile,Loyal Customers
CUS-05503,25-34,Female,Spain,Returning,Affiliate,2023-08-16,Jeans,Mobile,Discount Seekers
CUS-05504,18-24,Female,UK,New,Organic Search,2025-12-12,Accessories,Mobile,New Customers
CUS-05505,35-44,Female,Germany,Returning,Google Search,2024-05-16,Bags,Mobile,At Risk
CUS-05506,25-34,Female,Germany,New,Google Search,2025-07-22,Shoes,Desktop,New Customers
CUS-05507,18-24,Male,Germany,New,Affiliate,2025-11-26,Shoes,Mobile,New Customers
CUS-05508,18-24,Male,Spain,Returning,Google Search,2023-08-26,Shoes,Mobile,At Risk
CUS-05509,25-34,Male,Germany,Returning,Meta Ads,2023-09-12,Shoes,Desktop,Discount Seekers
CUS-05510,18-24,Female,Spain,Returning,Meta Ads,2024-10-11,Jeans,Mobile,At Risk
CUS-05511,25-34,Female,UK,New,Google Search,2025-09-28,Shoes,Desktop,New Customers
CUS-05512,45-54,Male,Germany,Returning,Organic Search,2024-09-27,Shoes,Mobile,At Risk
CUS-05513,55+,Female,Italy,Returning,Meta Ads,2024-06-25,Bags,Desktop,At Risk
CUS-05514,25-34,Male,Germany,New,Meta Ads,2025-07-14,Accessories,Mobile,New Customers
CUS-05515,18-24,Female,UK,Returning,TikTok Ads,2024-08-07,Shoes,Tablet,At Risk
CUS-05516,35-44,Female,Netherlands,New,Google Search,2025-08-11,Sportswear,Tablet,New Customers
CUS-05517,55+,Female,Germany,Returning,Email,2023-08-01,Shoes,Mobile,Hibernating
CUS-05518,35-44,Male,UK,Returning,Meta Ads,2024-12-01,Bags,Mobile,High-Value Customers
CUS-05519,35-44,Male,Netherlands,Returning,Affiliate,2024-01-05,Jackets,Mobile,High-Value Customers
CUS-05520,25-34,Male,Germany,Returning,Affiliate,2024-06-06,Shoes,Mobile,Hibernating
CUS-05521,25-34,Female,UK,Returning,Organic Search,2023-04-24,Jeans,Mobile,At Risk
CUS-05522,45-54,Female,Poland,Returning,Meta Ads,2023-02-18,Beauty,Mobile,Hibernating
CUS-05523,45-54,Female,France,Returning,Email,2023-08-17,Dresses,Desktop,Loyal Customers
CUS-05524,25-34,Female,Italy,New,Organic Search,2025-07-10,Sportswear,Mobile,New Customers
CUS-05525,25-34,Female,UK,Returning,Organic Search,2025-01-18,Jeans,Desktop,Loyal Customers
CUS-05526,35-44,Female,Germany,Returning,Organic Search,2024-01-27,Jackets,Mobile,Champions
CUS-05527,45-54,Male,France,Returning,Organic Search,2024-11-28,Dresses,Mobile,High-Value Customers
CUS-05528,25-34,Male,Italy,Returning,Meta Ads,2023-10-30,Shoes,Mobile,Discount Seekers
CUS-05529,55+,Male,France,New,Organic Search,2025-08-18,Shoes,Desktop,New Customers
CUS-05530,25-34,Female,UK,Returning,Organic Search,2024-03-28,Jeans,Mobile,Loyal Customers
CUS-05531,45-54,Female,Germany,Returning,Google Search,2024-12-29,Shoes,Desktop,At Risk
CUS-05532,18-24,Female,France,New,TikTok Ads,2025-12-12,Beauty,Mobile,New Customers
CUS-05533,25-34,Female,Netherlands,Returning,Google Search,2023-11-11,Beauty,Mobile,Hibernating
CUS-05534,25-34,Male,Italy,Returning,Email,2023-09-01,Jackets,Desktop,High-Value Customers
CUS-05535,25-34,Male,Italy,Returning,TikTok Ads,2023-10-20,Accessories,Mobile,Potential Loyalists
CUS-05536,25-34,Male,France,Returning,Organic Search,2024-02-16,Accessories,Mobile,Loyal Customers
CUS-05537,25-34,Female,Germany,Returning,Email,2024-07-02,Shoes,Desktop,Loyal Customers
CUS-05538,25-34,Female,Netherlands,Returning,Display Ads,2024-02-10,Sportswear,Mobile,Champions
CUS-05539,18-24,Female,Spain,Returning,Google Search,2023-07-21,Sportswear,Desktop,Potential Loyalists
CUS-05540,18-24,Male,Italy,Returning,Meta Ads,2025-02-21,Shoes,Mobile,Champions
CUS-05541,55+,Male,France,Returning,Organic Search,2024-08-06,Dresses,Mobile,Loyal Customers
CUS-05542,25-34,Male,Italy,Returning,Organic Search,2024-09-25,Sportswear,Mobile,Potential Loyalists
CUS-05543,45-54,Male,Poland,Returning,Meta Ads,2023-11-18,Accessories,Mobile,Loyal Customers
CUS-05544,45-54,Male,Germany,Returning,TikTok Ads,2024-05-28,Jeans,Mobile,Hibernating
CUS-05545,18-24,Male,Italy,Returning,Display Ads,2023-04-13,Dresses,Mobile,Loyal Customers
CUS-05546,55+,Male,Germany,Returning,Organic Search,2024-08-06,Jeans,Mobile,Discount Seekers
CUS-05547,35-44,Male,Italy,Returning,Google Search,2024-05-20,Dresses,Mobile,Loyal Customers
CUS-05548,25-34,Female,Italy,Returning,Organic Search,2024-07-25,Dresses,Tablet,Loyal Customers
CUS-05549,25-34,Female,Netherlands,Returning,Google Search,2024-05-29,Sportswear,Mobile,Champions
CUS-05550,35-44,Male,France,Returning,Email,2023-01-25,Jeans,Mobile,Hibernating
CUS-05551,25-34,Male,Poland,Returning,Organic Search,2023-08-11,Accessories,Mobile,Loyal Customers
CUS-05552,55+,Male,Germany,New,Google Search,2025-11-14,Beauty,Mobile,New Customers
CUS-05553,25-34,Female,Spain,Returning,Meta Ads,2024-01-10,Jeans,Tablet,Loyal Customers
CUS-05554,25-34,Male,Germany,Returning,Google Search,2025-01-09,Bags,Mobile,High-Value Customers
CUS-05555,25-34,Male,Poland,Returning,Google Search,2023-07-26,Jeans,Mobile,Loyal Customers
CUS-05556,55+,Female,UK,Returning,Google Search,2024-01-07,Beauty,Tablet,Potential Loyalists
CUS-05557,35-44,Female,Italy,Returning,Meta Ads,2024-10-03,Dresses,Mobile,Discount Seekers
CUS-05558,18-24,Female,Spain,Returning,Affiliate,2024-06-22,Shoes,Mobile,Loyal Customers
CUS-05559,25-34,Female,Spain,Returning,Meta Ads,2023-01-05,Dresses,Desktop,Loyal Customers
CUS-05560,55+,Male,Germany,Returning,Google Search,2024-09-03,Beauty,Mobile,Hibernating
CUS-05561,25-34,Non-binary/Other,Germany,Returning,TikTok Ads,2023-08-03,Sportswear,Mobile,Potential Loyalists
CUS-05562,18-24,Female,UK,Returning,Organic Search,2025-01-18,Shoes,Mobile,Champions
CUS-05563,18-24,Non-binary/Other,Germany,New,Google Search,2025-11-27,Beauty,Desktop,New Customers
CUS-05564,25-34,Male,UK,Returning,Email,2024-09-13,Bags,Mobile,Champions
CUS-05565,35-44,Female,France,Returning,Meta Ads,2023-10-10,Sportswear,Desktop,Discount Seekers
CUS-05566,25-34,Male,Germany,Returning,Meta Ads,2024-04-09,Jeans,Desktop,At Risk
CUS-05567,25-34,Female,France,Returning,Organic Search,2023-01-22,Shoes,Desktop,At Risk
CUS-05568,45-54,Female,France,Returning,Affiliate,2025-02-15,Jeans,Mobile,Loyal Customers
CUS-05569,18-24,Male,Italy,Returning,Organic Search,2024-01-25,Dresses,Mobile,At Risk
CUS-05570,18-24,Male,France,Returning,Meta Ads,2024-12-23,Bags,Desktop,At Risk
CUS-05571,18-24,Female,France,Returning,Affiliate,2025-03-14,Jackets,Mobile,Champions
CUS-05572,25-34,Male,France,Returning,Affiliate,2024-09-21,Dresses,Mobile,Discount Seekers
CUS-05573,55+,Female,France,New,Display Ads,2025-07-26,Shoes,Mobile,New Customers
CUS-05574,25-34,Female,Spain,Returning,Google Search,2023-02-01,Beauty,Desktop,Hibernating
CUS-05575,18-24,Female,Spain,Returning,Meta Ads,2023-06-01,Dresses,Mobile,Loyal Customers
CUS-05576,35-44,Female,Poland,Returning,Google Search,2023-10-28,Shoes,Mobile,Loyal Customers
CUS-05577,25-34,Male,Netherlands,Returning,Email,2024-12-28,Dresses,Desktop,At Risk
CUS-05578,18-24,Female,Italy,Returning,Display Ads,2024-02-29,Shoes,Desktop,Hibernating
CUS-05579,18-24,Male,Italy,Returning,Organic Search,2025-01-06,Beauty,Desktop,Potential Loyalists
CUS-05580,35-44,Female,France,Returning,Email,2023-06-04,Shoes,Desktop,Champions
CUS-05581,18-24,Female,UK,Returning,Affiliate,2024-11-20,Shoes,Mobile,Hibernating
CUS-05582,25-34,Male,Germany,Returning,Email,2024-09-21,Jeans,Desktop,Loyal Customers
CUS-05583,25-34,Male,Germany,Returning,Meta Ads,2025-03-11,Shoes,Desktop,Potential Loyalists
CUS-05584,45-54,Female,France,Returning,Google Search,2023-03-03,Jeans,Desktop,At Risk
CUS-05585,25-34,Male,Spain,Returning,Organic Search,2023-12-31,Sportswear,Desktop,Champions
CUS-05586,55+,Male,Netherlands,Returning,Meta Ads,2024-10-26,Bags,Mobile,Champions
CUS-05587,25-34,Female,Netherlands,Returning,Email,2024-11-14,Bags,Tablet,Champions
CUS-05588,25-34,Female,Poland,Returning,Meta Ads,2025-01-24,Jeans,Desktop,Discount Seekers
CUS-05589,25-34,Male,Italy,Returning,Meta Ads,2023-06-22,Shoes,Mobile,Potential Loyalists
CUS-05590,45-54,Female,Germany,Returning,Google Search,2024-06-03,Dresses,Mobile,At Risk
CUS-05591,35-44,Non-binary/Other,Italy,Returning,Email,2024-10-02,Dresses,Mobile,High-Value Customers
CUS-05592,18-24,Female,UK,Returning,Display Ads,2024-10-07,Bags,Mobile,At Risk
CUS-05593,35-44,Male,UK,New,Meta Ads,2025-08-20,Beauty,Mobile,New Customers
CUS-05594,25-34,Female,Spain,New,Meta Ads,2025-08-03,Accessories,Mobile,New Customers
CUS-05595,18-24,Male,UK,Returning,Google Search,2024-08-29,Shoes,Tablet,Potential Loyalists
CUS-05596,35-44,Female,Italy,Returning,Meta Ads,2024-12-19,Bags,Mobile,At Risk
CUS-05597,35-44,Female,Netherlands,Returning,Meta Ads,2023-12-28,Shoes,Mobile,High-Value Customers
CUS-05598,35-44,Female,UK,Returning,Organic Search,2024-02-18,Jeans,Mobile,Hibernating
CUS-05599,35-44,Male,France,New,Email,2025-10-04,Accessories,Mobile,New Customers
CUS-05600,25-34,Non-binary/Other,Germany,Returning,Organic Search,2025-06-26,Shoes,Mobile,Potential Loyalists
CUS-05601,35-44,Female,Germany,Returning,Meta Ads,2024-05-02,Jeans,Desktop,Discount Seekers
CUS-05602,55+,Female,Spain,Returning,Google Search,2023-07-19,Jeans,Mobile,Loyal Customers
CUS-05603,55+,Female,France,Returning,Meta Ads,2024-07-28,Dresses,Mobile,Discount Seekers
CUS-05604,35-44,Female,Germany,Returning,Google Search,2023-06-04,Shoes,Mobile,Loyal Customers
CUS-05605,25-34,Female,Germany,Returning,Meta Ads,2023-11-15,Jeans,Mobile,Hibernating
CUS-05606,25-34,Female,Italy,Returning,Meta Ads,2023-05-15,Beauty,Tablet,Hibernating
CUS-05607,35-44,Female,France,New,Google Search,2025-08-16,Shoes,Mobile,New Customers
CUS-05608,45-54,Non-binary/Other,UK,Returning,Organic Search,2023-05-06,Accessories,Desktop,Loyal Customers
CUS-05609,55+,Male,France,Returning,Affiliate,2023-08-01,Jeans,Desktop,Discount Seekers
CUS-05610,25-34,Female,Poland,Returning,Google Search,2025-07-06,Beauty,Mobile,Potential Loyalists
CUS-05611,25-34,Female,Germany,Returning,Organic Search,2024-06-14,Shoes,Mobile,Potential Loyalists
CUS-05612,45-54,Female,UK,New,Google Search,2025-09-16,Sportswear,Tablet,New Customers
CUS-05613,45-54,Non-binary/Other,Germany,New,Organic Search,2025-11-08,Shoes,Desktop,New Customers
CUS-05614,55+,Male,UK,Returning,Google Search,2024-01-01,Dresses,Desktop,At Risk
CUS-05615,25-34,Female,Germany,Returning,Email,2023-07-18,Accessories,Mobile,Loyal Customers
CUS-05616,18-24,Female,Germany,New,Organic Search,2025-08-18,Sportswear,Mobile,New Customers
CUS-05617,18-24,Female,Spain,Returning,TikTok Ads,2025-05-19,Dresses,Desktop,Discount Seekers
CUS-05618,25-34,Male,Germany,Returning,Meta Ads,2023-10-31,Jackets,Mobile,Champions
CUS-05619,35-44,Female,France,New,Google Search,2025-11-05,Shoes,Desktop,New Customers
CUS-05620,25-34,Male,UK,Returning,TikTok Ads,2023-04-18,Bags,Mobile,At Risk
CUS-05621,18-24,Female,Poland,Returning,Organic Search,2024-01-09,Sportswear,Desktop,Discount Seekers
CUS-05622,35-44,Female,Germany,Returning,Google Search,2023-12-05,Jeans,Desktop,At Risk
CUS-05623,25-34,Female,France,Returning,Organic Search,2023-01-28,Accessories,Mobile,Hibernating
CUS-05624,18-24,Female,UK,Returning,TikTok Ads,2023-02-26,Accessories,Tablet,Loyal Customers
CUS-05625,25-34,Male,Italy,Returning,Meta Ads,2025-03-15,Beauty,Desktop,Potential Loyalists
CUS-05626,35-44,Female,Germany,Returning,Organic Search,2023-08-27,Sportswear,Desktop,Discount Seekers
CUS-05627,45-54,Male,UK,Returning,Meta Ads,2024-04-10,Sportswear,Mobile,Discount Seekers
CUS-05628,25-34,Female,Germany,New,TikTok Ads,2025-11-08,Beauty,Mobile,New Customers
CUS-05629,25-34,Female,Italy,New,Meta Ads,2025-09-21,Accessories,Mobile,New Customers
CUS-05630,18-24,Male,Poland,New,Google Search,2025-11-06,Accessories,Mobile,New Customers
CUS-05631,35-44,Female,Italy,Returning,Organic Search,2024-10-28,Sportswear,Mobile,Champions
CUS-05632,45-54,Female,Poland,Returning,Display Ads,2024-01-23,Shoes,Desktop,Discount Seekers
CUS-05633,35-44,Male,Germany,Returning,Meta Ads,2023-09-21,Beauty,Mobile,Hibernating
CUS-05634,35-44,Male,UK,New,TikTok Ads,2025-08-15,Accessories,Mobile,New Customers
CUS-05635,35-44,Female,Germany,Returning,Meta Ads,2025-07-28,Shoes,Tablet,Potential Loyalists
CUS-05636,35-44,Female,Italy,Returning,Meta Ads,2024-09-08,Accessories,Mobile,Potential Loyalists
CUS-05637,18-24,Non-binary/Other,Spain,Returning,Affiliate,2024-08-24,Shoes,Desktop,Loyal Customers
CUS-05638,35-44,Male,Germany,Returning,Google Search,2023-06-22,Beauty,Mobile,Hibernating
CUS-05639,35-44,Male,Spain,New,Meta Ads,2025-10-12,Beauty,Mobile,New Customers
CUS-05640,55+,Female,Netherlands,Returning,Organic Search,2024-01-31,Accessories,Mobile,Loyal Customers
CUS-05641,55+,Male,Italy,Returning,Display Ads,2024-06-06,Dresses,Desktop,At Risk
CUS-05642,25-34,Male,Germany,Returning,Google Search,2023-02-25,Jackets,Desktop,High-Value Customers
CUS-05643,18-24,Female,Spain,Returning,Google Search,2024-10-31,Accessories,Mobile,Loyal Customers
CUS-05644,45-54,Female,Italy,New,Meta Ads,2025-11-18,Sportswear,Mobile,New Customers
CUS-05645,35-44,Male,UK,New,Meta Ads,2025-10-23,Sportswear,Mobile,New Customers
CUS-05646,35-44,Male,Spain,Returning,Google Search,2023-02-27,Dresses,Mobile,Loyal Customers
CUS-05647,35-44,Male,Spain,New,Meta Ads,2025-11-13,Accessories,Desktop,New Customers
CUS-05648,18-24,Female,UK,Returning,TikTok Ads,2024-10-15,Jeans,Mobile,At Risk
CUS-05649,18-24,Female,UK,Returning,Meta Ads,2024-08-18,Jeans,Mobile,Loyal Customers
CUS-05650,25-34,Male,UK,Returning,Organic Search,2024-02-16,Shoes,Mobile,Loyal Customers
CUS-05651,25-34,Male,Germany,Returning,Display Ads,2024-10-18,Sportswear,Mobile,Discount Seekers
CUS-05652,25-34,Female,Germany,Returning,Google Search,2024-08-28,Beauty,Mobile,Potential Loyalists
CUS-05653,25-34,Male,Germany,Returning,Affiliate,2023-03-18,Shoes,Desktop,At Risk
CUS-05654,45-54,Female,France,Returning,Organic Search,2023-06-13,Jeans,Desktop,At Risk
CUS-05655,25-34,Female,France,Returning,Display Ads,2023-06-15,Shoes,Desktop,Discount Seekers
CUS-05656,25-34,Male,Italy,Returning,Google Search,2023-06-08,Accessories,Desktop,Hibernating
CUS-05657,18-24,Female,Italy,Returning,Email,2023-07-15,Shoes,Mobile,Discount Seekers
CUS-05658,25-34,Female,Italy,Returning,Google Search,2023-07-07,Jeans,Desktop,At Risk
CUS-05659,45-54,Male,Germany,New,Organic Search,2025-09-19,Beauty,Desktop,New Customers
CUS-05660,25-34,Male,France,Returning,Google Search,2024-09-15,Accessories,Tablet,Potential Loyalists
CUS-05661,18-24,Female,Poland,Returning,Meta Ads,2023-12-05,Accessories,Mobile,Potential Loyalists
CUS-05662,25-34,Female,Italy,Returning,Meta Ads,2023-12-28,Sportswear,Mobile,Potential Loyalists
CUS-05663,45-54,Female,Italy,Returning,Organic Search,2023-02-02,Shoes,Desktop,Loyal Customers
CUS-05664,45-54,Female,Germany,New,Affiliate,2025-07-17,Beauty,Mobile,New Customers
CUS-05665,55+,Female,Spain,Returning,TikTok Ads,2024-07-31,Shoes,Mobile,Potential Loyalists
CUS-05666,25-34,Male,Spain,Returning,Meta Ads,2025-03-10,Jackets,Desktop,Champions
CUS-05667,35-44,Female,UK,Returning,Meta Ads,2024-01-27,Beauty,Mobile,Potential Loyalists
CUS-05668,35-44,Non-binary/Other,Germany,Returning,TikTok Ads,2023-09-02,Accessories,Mobile,Hibernating
CUS-05669,25-34,Male,UK,New,Organic Search,2025-07-05,Shoes,Mobile,New Customers
CUS-05670,25-34,Female,Netherlands,Returning,Meta Ads,2023-06-18,Shoes,Mobile,Hibernating
CUS-05671,25-34,Female,Poland,New,TikTok Ads,2025-08-03,Shoes,Desktop,New Customers
CUS-05672,45-54,Male,Germany,Returning,Organic Search,2023-11-28,Sportswear,Desktop,Discount Seekers
CUS-05673,45-54,Female,UK,Returning,Google Search,2024-07-05,Beauty,Mobile,Hibernating
CUS-05674,18-24,Female,UK,Returning,Email,2025-01-06,Jackets,Mobile,Champions
CUS-05675,25-34,Female,UK,Returning,Meta Ads,2024-01-14,Jackets,Tablet,High-Value Customers
CUS-05676,25-34,Male,UK,Returning,Email,2024-01-11,Shoes,Desktop,Champions
CUS-05677,55+,Female,Spain,Returning,Display Ads,2024-05-24,Jeans,Desktop,At Risk
CUS-05678,35-44,Female,France,Returning,Organic Search,2023-11-28,Accessories,Mobile,Hibernating
CUS-05679,35-44,Female,Italy,Returning,Google Search,2024-05-04,Shoes,Mobile,Potential Loyalists
CUS-05680,45-54,Female,Italy,Returning,Email,2023-05-31,Jeans,Mobile,At Risk
CUS-05681,45-54,Female,Italy,Returning,Meta Ads,2024-09-23,Beauty,Desktop,Potential Loyalists
CUS-05682,35-44,Female,UK,Returning,Email,2025-01-19,Sportswear,Mobile,Champions
CUS-05683,35-44,Male,Germany,Returning,Affiliate,2023-05-23,Bags,Mobile,Champions
CUS-05684,35-44,Female,France,Returning,Organic Search,2024-04-21,Shoes,Mobile,Champions
CUS-05685,25-34,Female,UK,Returning,Affiliate,2023-09-23,Jackets,Mobile,Champions
CUS-05686,25-34,Female,Germany,Returning,Email,2024-11-10,Dresses,Desktop,At Risk
CUS-05687,25-34,Female,France,New,Affiliate,2025-09-04,Sportswear,Mobile,New Customers
CUS-05688,55+,Female,Poland,New,TikTok Ads,2025-11-05,Beauty,Mobile,New Customers
CUS-05689,45-54,Female,UK,Returning,Google Search,2024-01-14,Jeans,Mobile,At Risk
CUS-05690,25-34,Male,Spain,Returning,Email,2023-06-11,Bags,Mobile,Champions
CUS-05691,45-54,Female,Italy,Returning,Organic Search,2024-01-10,Sportswear,Desktop,Potential Loyalists
CUS-05692,25-34,Male,Netherlands,Returning,Email,2023-02-01,Accessories,Mobile,Hibernating
CUS-05693,55+,Female,Spain,Returning,Meta Ads,2025-04-09,Jeans,Desktop,Discount Seekers
CUS-05694,18-24,Female,Netherlands,New,TikTok Ads,2025-07-06,Beauty,Mobile,New Customers
CUS-05695,25-34,Male,Germany,Returning,Google Search,2023-04-25,Sportswear,Mobile,Champions
CUS-05696,35-44,Female,Poland,Returning,Organic Search,2023-05-03,Shoes,Desktop,Hibernating
CUS-05697,25-34,Female,Italy,Returning,Google Search,2025-08-05,Shoes,Mobile,Discount Seekers
CUS-05698,35-44,Male,UK,Returning,Meta Ads,2023-09-05,Beauty,Mobile,Potential Loyalists
CUS-05699,18-24,Female,France,Returning,TikTok Ads,2024-04-19,Dresses,Tablet,Loyal Customers
CUS-05700,18-24,Male,Germany,Returning,Email,2023-08-01,Shoes,Desktop,Champions
CUS-05701,25-34,Female,Poland,Returning,Organic Search,2024-06-10,Shoes,Desktop,At Risk
CUS-05702,25-34,Male,Germany,Returning,Display Ads,2025-01-25,Dresses,Tablet,Discount Seekers
CUS-05703,25-34,Female,France,Returning,TikTok Ads,2024-09-06,Jeans,Desktop,At Risk
CUS-05704,25-34,Female,UK,Returning,Meta Ads,2024-11-08,Shoes,Desktop,Potential Loyalists
CUS-05705,45-54,Female,Spain,Returning,Meta Ads,2023-10-31,Jeans,Mobile,At Risk
CUS-05706,35-44,Female,UK,Returning,TikTok Ads,2025-05-14,Jeans,Mobile,Discount Seekers
CUS-05707,18-24,Male,UK,New,Google Search,2025-07-25,Beauty,Mobile,New Customers
CUS-05708,55+,Male,Spain,Returning,Email,2023-12-31,Beauty,Mobile,Hibernating
CUS-05709,18-24,Male,UK,Returning,TikTok Ads,2025-05-28,Accessories,Tablet,Potential Loyalists
CUS-05710,45-54,Male,France,Returning,Meta Ads,2024-03-30,Accessories,Mobile,Potential Loyalists
CUS-05711,25-34,Female,Netherlands,Returning,Affiliate,2023-04-14,Dresses,Mobile,At Risk
CUS-05712,35-44,Male,UK,New,TikTok Ads,2025-07-11,Shoes,Mobile,New Customers
CUS-05713,45-54,Female,UK,Returning,Google Search,2023-03-19,Dresses,Mobile,High-Value Customers
CUS-05714,45-54,Female,France,New,Email,2025-10-27,Beauty,Desktop,New Customers
CUS-05715,45-54,Male,Germany,Returning,Google Search,2025-07-19,Shoes,Desktop,Potential Loyalists
CUS-05716,18-24,Female,Poland,Returning,TikTok Ads,2024-06-21,Sportswear,Desktop,Potential Loyalists
CUS-05717,45-54,Female,Poland,New,TikTok Ads,2025-06-20,Accessories,Mobile,New Customers
CUS-05718,55+,Female,Germany,Returning,TikTok Ads,2025-08-04,Accessories,Mobile,Potential Loyalists
CUS-05719,25-34,Female,Italy,Returning,Google Search,2023-09-26,Jeans,Mobile,Hibernating
CUS-05720,55+,Female,Netherlands,Returning,Display Ads,2025-08-23,Shoes,Mobile,Potential Loyalists
CUS-05721,18-24,Female,Germany,Returning,TikTok Ads,2025-01-02,Beauty,Tablet,Potential Loyalists
CUS-05722,25-34,Male,France,Returning,Email,2023-12-15,Jeans,Mobile,At Risk
CUS-05723,18-24,Female,France,Returning,Google Search,2023-08-01,Bags,Mobile,Champions
CUS-05724,35-44,Female,UK,Returning,Organic Search,2024-09-27,Dresses,Mobile,At Risk
CUS-05725,25-34,Female,Spain,New,TikTok Ads,2025-09-12,Accessories,Mobile,New Customers
CUS-05726,18-24,Male,Poland,New,TikTok Ads,2025-08-15,Accessories,Mobile,New Customers
CUS-05727,25-34,Female,Netherlands,Returning,TikTok Ads,2023-08-29,Accessories,Tablet,Hibernating
CUS-05728,18-24,Male,Germany,Returning,Meta Ads,2023-10-23,Jeans,Mobile,Hibernating
CUS-05729,25-34,Non-binary/Other,Spain,Returning,Email,2025-06-16,Shoes,Mobile,Discount Seekers
CUS-05730,35-44,Female,France,Returning,Google Search,2024-06-13,Sportswear,Mobile,Potential Loyalists
CUS-05731,35-44,Male,Germany,Returning,Google Search,2024-03-28,Beauty,Mobile,Potential Loyalists
CUS-05732,18-24,Male,UK,Returning,Google Search,2023-02-28,Beauty,Mobile,Hibernating
CUS-05733,25-34,Female,France,Returning,Meta Ads,2024-11-29,Dresses,Mobile,At Risk
CUS-05734,45-54,Male,UK,Returning,Display Ads,2023-07-31,Dresses,Mobile,At Risk
CUS-05735,55+,Female,Germany,New,Organic Search,2025-11-14,Sportswear,Mobile,New Customers
CUS-05736,45-54,Female,France,Returning,Email,2023-09-27,Accessories,Desktop,Hibernating
CUS-05737,45-54,Female,Italy,Returning,Email,2023-12-17,Jeans,Mobile,Loyal Customers
CUS-05738,18-24,Female,Italy,New,Google Search,2025-10-06,Beauty,Desktop,New Customers
CUS-05739,35-44,Male,France,Returning,Organic Search,2024-03-25,Accessories,Desktop,Loyal Customers
CUS-05740,35-44,Male,Spain,Returning,Meta Ads,2023-06-12,Shoes,Mobile,Potential Loyalists
CUS-05741,55+,Female,France,Returning,Meta Ads,2024-09-20,Bags,Desktop,At Risk
CUS-05742,55+,Female,UK,New,Google Search,2025-11-17,Beauty,Mobile,New Customers
CUS-05743,35-44,Female,France,Returning,Meta Ads,2023-10-20,Beauty,Mobile,Potential Loyalists
CUS-05744,25-34,Male,Germany,Returning,Email,2024-05-14,Jeans,Mobile,Discount Seekers
CUS-05745,25-34,Female,Germany,Returning,Organic Search,2023-09-02,Accessories,Mobile,Hibernating
CUS-05746,55+,Female,Italy,New,Email,2025-08-10,Accessories,Mobile,New Customers
CUS-05747,45-54,Female,UK,Returning,TikTok Ads,2023-11-08,Jackets,Mobile,High-Value Customers
CUS-05748,45-54,Male,Germany,New,Display Ads,2025-08-06,Sportswear,Desktop,New Customers
CUS-05749,35-44,Male,UK,Returning,Email,2023-10-08,Beauty,Mobile,Hibernating
CUS-05750,18-24,Female,France,Returning,Affiliate,2025-01-04,Shoes,Desktop,Loyal Customers
CUS-05751,25-34,Male,UK,Returning,Affiliate,2024-04-23,Beauty,Mobile,Potential Loyalists
CUS-05752,18-24,Male,France,Returning,Google Search,2023-09-17,Accessories,Mobile,Potential Loyalists
CUS-05753,25-34,Female,UK,Returning,Meta Ads,2024-12-12,Shoes,Mobile,Loyal Customers
CUS-05754,25-34,Female,Italy,New,Meta Ads,2025-10-20,Beauty,Mobile,New Customers
CUS-05755,18-24,Female,Italy,Returning,Email,2025-01-13,Jeans,Mobile,Loyal Customers
CUS-05756,25-34,Female,Italy,Returning,Organic Search,2024-11-14,Dresses,Mobile,At Risk
CUS-05757,45-54,Male,Germany,Returning,Organic Search,2023-09-24,Jeans,Mobile,Loyal Customers
CUS-05758,25-34,Female,UK,Returning,Google Search,2024-10-16,Dresses,Mobile,Loyal Customers
CUS-05759,35-44,Female,Germany,Returning,Email,2023-02-21,Shoes,Mobile,High-Value Customers
CUS-05760,55+,Female,Italy,Returning,Email,2024-03-16,Jeans,Desktop,At Risk
CUS-05761,45-54,Female,Germany,Returning,Meta Ads,2024-12-04,Shoes,Tablet,Discount Seekers
CUS-05762,25-34,Female,France,New,Organic Search,2025-10-12,Accessories,Desktop,New Customers
CUS-05763,45-54,Male,Italy,Returning,Email,2023-11-21,Shoes,Desktop,Champions
CUS-05764,45-54,Male,France,New,Google Search,2025-06-14,Shoes,Mobile,New Customers
CUS-05765,35-44,Non-binary/Other,Germany,New,Meta Ads,2025-11-30,Beauty,Desktop,New Customers
CUS-05766,25-34,Male,UK,Returning,Email,2023-09-14,Shoes,Mobile,Champions
CUS-05767,25-34,Female,Germany,Returning,TikTok Ads,2024-10-19,Shoes,Mobile,Discount Seekers
CUS-05768,35-44,Male,Spain,Returning,Meta Ads,2023-11-08,Shoes,Mobile,At Risk
CUS-05769,35-44,Female,UK,Returning,Affiliate,2024-06-09,Accessories,Mobile,Hibernating
CUS-05770,25-34,Female,Spain,New,TikTok Ads,2025-08-16,Accessories,Mobile,New Customers
CUS-05771,18-24,Female,Italy,Returning,Meta Ads,2024-02-03,Shoes,Desktop,At Risk
CUS-05772,25-34,Female,Italy,Returning,Google Search,2023-03-24,Jeans,Desktop,Loyal Customers
CUS-05773,18-24,Male,UK,Returning,TikTok Ads,2025-02-20,Jackets,Mobile,High-Value Customers
CUS-05774,35-44,Male,Germany,Returning,Affiliate,2025-04-25,Sportswear,Mobile,Potential Loyalists
CUS-05775,35-44,Male,Spain,Returning,Organic Search,2023-12-27,Accessories,Tablet,Loyal Customers
CUS-05776,45-54,Female,Spain,Returning,Email,2025-03-01,Sportswear,Tablet,Champions
CUS-05777,25-34,Female,UK,Returning,TikTok Ads,2023-09-06,Shoes,Mobile,At Risk
CUS-05778,25-34,Female,Spain,Returning,Meta Ads,2024-04-30,Jackets,Mobile,High-Value Customers
CUS-05779,18-24,Male,Netherlands,Returning,Google Search,2025-01-13,Shoes,Desktop,Discount Seekers
CUS-05780,18-24,Female,Germany,Returning,Meta Ads,2023-03-13,Shoes,Mobile,At Risk
CUS-05781,25-34,Male,France,Returning,Email,2023-09-20,Dresses,Desktop,High-Value Customers
CUS-05782,55+,Female,UK,Returning,Google Search,2023-02-13,Shoes,Mobile,Hibernating
CUS-05783,35-44,Female,Spain,Returning,Affiliate,2024-12-14,Sportswear,Mobile,Potential Loyalists
CUS-05784,35-44,Female,UK,Returning,Google Search,2024-10-17,Dresses,Mobile,At Risk
CUS-05785,25-34,Female,Italy,Returning,Email,2023-04-08,Bags,Mobile,Champions
CUS-05786,18-24,Female,France,Returning,Organic Search,2023-02-22,Shoes,Mobile,Loyal Customers
CUS-05787,25-34,Female,Netherlands,Returning,Organic Search,2023-11-10,Accessories,Mobile,Potential Loyalists
CUS-05788,35-44,Male,UK,Returning,Google Search,2024-08-04,Shoes,Mobile,Loyal Customers
CUS-05789,25-34,Female,Netherlands,Returning,Organic Search,2023-10-10,Shoes,Mobile,High-Value Customers
CUS-05790,25-34,Male,Spain,Returning,Email,2024-04-15,Jackets,Mobile,High-Value Customers
CUS-05791,25-34,Male,France,Returning,TikTok Ads,2024-01-30,Accessories,Mobile,Potential Loyalists
CUS-05792,55+,Male,France,Returning,Email,2024-11-17,Dresses,Mobile,At Risk
CUS-05793,18-24,Female,UK,Returning,TikTok Ads,2023-08-25,Accessories,Mobile,Potential Loyalists
CUS-05794,45-54,Male,France,Returning,Meta Ads,2024-09-11,Accessories,Tablet,Loyal Customers
CUS-05795,55+,Female,Spain,Returning,Affiliate,2023-07-19,Sportswear,Mobile,Potential Loyalists
CUS-05796,18-24,Female,UK,Returning,Display Ads,2023-03-24,Accessories,Mobile,Loyal Customers
CUS-05797,25-34,Male,Netherlands,Returning,Organic Search,2024-08-07,Sportswear,Mobile,Potential Loyalists
CUS-05798,25-34,Male,Spain,Returning,Meta Ads,2023-05-04,Jeans,Mobile,Loyal Customers
CUS-05799,25-34,Female,UK,Returning,Meta Ads,2023-09-16,Dresses,Mobile,Loyal Customers
CUS-05800,35-44,Male,UK,Returning,Email,2024-06-16,Jeans,Tablet,Loyal Customers
CUS-05801,45-54,Male,Spain,Returning,Google Search,2025-01-08,Jeans,Mobile,Discount Seekers
CUS-05802,35-44,Male,Germany,Returning,TikTok Ads,2023-07-08,Jackets,Mobile,Champions
CUS-05803,25-34,Female,Italy,Returning,Google Search,2024-06-16,Beauty,Desktop,Potential Loyalists
CUS-05804,35-44,Male,Germany,New,Google Search,2025-11-02,Accessories,Desktop,New Customers
CUS-05805,25-34,Male,France,Returning,TikTok Ads,2023-09-12,Beauty,Desktop,Potential Loyalists
CUS-05806,35-44,Female,France,New,Meta Ads,2025-10-28,Beauty,Tablet,New Customers
CUS-05807,45-54,Female,UK,Returning,Organic Search,2024-10-19,Bags,Mobile,Champions
CUS-05808,35-44,Male,Germany,Returning,Meta Ads,2024-05-27,Bags,Mobile,At Risk
CUS-05809,18-24,Male,Italy,New,Organic Search,2025-07-05,Sportswear,Tablet,New Customers
CUS-05810,25-34,Male,France,Returning,Affiliate,2023-06-05,Bags,Mobile,At Risk
CUS-05811,25-34,Male,France,New,TikTok Ads,2025-09-09,Sportswear,Mobile,New Customers
CUS-05812,55+,Male,Germany,New,TikTok Ads,2025-07-15,Beauty,Desktop,New Customers
CUS-05813,25-34,Male,Germany,Returning,TikTok Ads,2025-04-04,Beauty,Mobile,Potential Loyalists
CUS-05814,25-34,Female,Poland,Returning,Organic Search,2023-12-21,Jeans,Desktop,Loyal Customers
CUS-05815,18-24,Male,UK,New,Meta Ads,2025-09-21,Sportswear,Mobile,New Customers
CUS-05816,18-24,Female,Italy,Returning,Organic Search,2023-11-12,Shoes,Mobile,Champions
CUS-05817,25-34,Male,UK,Returning,TikTok Ads,2023-07-11,Sportswear,Mobile,Potential Loyalists
CUS-05818,35-44,Female,Poland,Returning,Email,2024-09-29,Bags,Mobile,At Risk
CUS-05819,25-34,Male,UK,Returning,Organic Search,2023-02-15,Jeans,Desktop,Loyal Customers
CUS-05820,25-34,Female,Netherlands,Returning,Email,2023-12-27,Bags,Tablet,Champions
CUS-05821,35-44,Non-binary/Other,Italy,Returning,Meta Ads,2024-06-06,Shoes,Desktop,At Risk
CUS-05822,35-44,Female,Poland,Returning,Organic Search,2023-12-28,Shoes,Desktop,Potential Loyalists
CUS-05823,35-44,Female,UK,Returning,Organic Search,2023-11-18,Jeans,Mobile,Hibernating
CUS-05824,35-44,Male,UK,Returning,Email,2025-05-22,Dresses,Desktop,Discount Seekers
CUS-05825,45-54,Male,France,Returning,Google Search,2023-04-05,Jackets,Mobile,High-Value Customers
CUS-05826,35-44,Female,Germany,New,Organic Search,2025-08-09,Sportswear,Mobile,New Customers
CUS-05827,55+,Female,Spain,Returning,Google Search,2024-02-12,Shoes,Mobile,Loyal Customers
CUS-05828,45-54,Male,UK,Returning,Organic Search,2024-08-13,Dresses,Desktop,At Risk
CUS-05829,25-34,Female,Germany,Returning,Organic Search,2024-06-02,Shoes,Desktop,At Risk
CUS-05830,45-54,Male,Spain,Returning,Display Ads,2023-12-24,Bags,Mobile,At Risk
CUS-05831,45-54,Female,France,Returning,TikTok Ads,2025-01-12,Accessories,Mobile,Potential Loyalists
CUS-05832,18-24,Female,France,Returning,Meta Ads,2023-09-12,Bags,Desktop,Champions
CUS-05833,25-34,Female,UK,Returning,Email,2023-08-24,Jeans,Desktop,Loyal Customers
CUS-05834,18-24,Female,Poland,Returning,Organic Search,2023-11-22,Jeans,Desktop,Loyal Customers
CUS-05835,18-24,Female,UK,Returning,Email,2023-12-12,Dresses,Mobile,Loyal Customers
CUS-05836,35-44,Non-binary/Other,Netherlands,Returning,Meta Ads,2024-01-11,Sportswear,Desktop,Discount Seekers
CUS-05837,25-34,Female,UK,Returning,TikTok Ads,2023-04-29,Sportswear,Mobile,Champions
CUS-05838,25-34,Male,Spain,Returning,Meta Ads,2023-11-19,Dresses,Desktop,At Risk
CUS-05839,25-34,Female,Germany,Returning,Email,2023-06-06,Sportswear,Desktop,Discount Seekers
CUS-05840,45-54,Female,Netherlands,Returning,Meta Ads,2024-03-14,Sportswear,Mobile,Potential Loyalists
CUS-05841,35-44,Female,Spain,New,Google Search,2025-08-02,Sportswear,Desktop,New Customers
CUS-05842,25-34,Female,France,Returning,Email,2024-10-12,Jeans,Mobile,At Risk
CUS-05843,18-24,Male,Germany,Returning,Organic Search,2024-08-20,Beauty,Desktop,Potential Loyalists
CUS-05844,25-34,Male,Italy,New,Display Ads,2025-07-30,Sportswear,Mobile,New Customers
CUS-05845,35-44,Non-binary/Other,France,Returning,Meta Ads,2023-10-31,Shoes,Desktop,Hibernating
CUS-05846,35-44,Female,Poland,Returning,Email,2023-12-15,Jeans,Mobile,Hibernating
CUS-05847,18-24,Female,Spain,Returning,Meta Ads,2023-02-13,Shoes,Mobile,Hibernating
CUS-05848,25-34,Non-binary/Other,Spain,Returning,Organic Search,2023-05-02,Shoes,Desktop,High-Value Customers
CUS-05849,25-34,Male,Netherlands,Returning,TikTok Ads,2025-04-08,Accessories,Tablet,Potential Loyalists
CUS-05850,18-24,Female,UK,Returning,Organic Search,2024-12-08,Shoes,Tablet,Hibernating
CUS-05851,18-24,Female,Germany,Returning,Email,2024-02-17,Shoes,Tablet,At Risk
CUS-05852,35-44,Male,Spain,Returning,Google Search,2023-05-17,Dresses,Mobile,At Risk
CUS-05853,25-34,Female,France,Returning,Organic Search,2023-08-03,Accessories,Mobile,Hibernating
CUS-05854,35-44,Female,Germany,Returning,Meta Ads,2024-09-27,Beauty,Mobile,Hibernating
CUS-05855,25-34,Female,UK,Returning,Google Search,2025-05-27,Shoes,Desktop,Discount Seekers
CUS-05856,35-44,Male,UK,Returning,Google Search,2024-12-25,Beauty,Mobile,Potential Loyalists
CUS-05857,45-54,Male,Italy,Returning,Organic Search,2023-01-06,Shoes,Desktop,At Risk
CUS-05858,18-24,Female,France,Returning,Meta Ads,2024-06-15,Accessories,Mobile,Potential Loyalists
CUS-05859,35-44,Female,Germany,Returning,TikTok Ads,2024-11-01,Shoes,Mobile,At Risk
CUS-05860,25-34,Female,Netherlands,Returning,Google Search,2024-10-30,Jeans,Mobile,Hibernating
CUS-05861,25-34,Male,UK,Returning,Meta Ads,2023-07-08,Accessories,Tablet,Hibernating
CUS-05862,35-44,Male,France,New,Google Search,2025-11-17,Accessories,Mobile,New Customers
CUS-05863,45-54,Female,Italy,New,Google Search,2025-09-25,Sportswear,Mobile,New Customers
CUS-05864,25-34,Female,France,Returning,Organic Search,2024-05-12,Accessories,Desktop,Potential Loyalists
CUS-05865,45-54,Male,Poland,Returning,Email,2024-01-22,Jeans,Mobile,Loyal Customers
CUS-05866,25-34,Female,Netherlands,Returning,Display Ads,2023-07-30,Accessories,Mobile,Loyal Customers
CUS-05867,45-54,Female,UK,Returning,Google Search,2024-09-11,Shoes,Mobile,Discount Seekers
CUS-05868,25-34,Male,Germany,Returning,Google Search,2024-01-29,Shoes,Mobile,Potential Loyalists
CUS-05869,55+,Female,Spain,Returning,Meta Ads,2023-03-03,Jackets,Tablet,High-Value Customers
CUS-05870,55+,Female,Italy,Returning,Google Search,2025-01-04,Jeans,Mobile,Loyal Customers
CUS-05871,45-54,Female,Italy,Returning,Meta Ads,2023-04-01,Jeans,Mobile,Hibernating
CUS-05872,25-34,Female,Poland,New,Google Search,2025-11-11,Shoes,Mobile,New Customers
CUS-05873,35-44,Female,Spain,Returning,Organic Search,2023-11-26,Jeans,Mobile,At Risk
CUS-05874,25-34,Male,UK,Returning,TikTok Ads,2024-06-15,Dresses,Mobile,At Risk
CUS-05875,25-34,Male,Poland,Returning,Meta Ads,2024-06-12,Shoes,Desktop,At Risk
CUS-05876,25-34,Female,UK,Returning,Affiliate,2023-08-14,Sportswear,Desktop,Discount Seekers
CUS-05877,35-44,Male,France,New,Meta Ads,2025-08-05,Shoes,Mobile,New Customers
CUS-05878,35-44,Female,Germany,Returning,TikTok Ads,2023-08-09,Sportswear,Mobile,Champions
CUS-05879,25-34,Male,Netherlands,Returning,Meta Ads,2024-07-02,Shoes,Desktop,Potential Loyalists
CUS-05880,35-44,Female,France,Returning,Affiliate,2023-10-08,Dresses,Mobile,At Risk
CUS-05881,25-34,Female,Netherlands,New,Meta Ads,2025-06-14,Sportswear,Mobile,New Customers
CUS-05882,25-34,Male,UK,New,Display Ads,2025-07-14,Accessories,Mobile,New Customers
CUS-05883,35-44,Female,Germany,Returning,Meta Ads,2024-12-13,Dresses,Mobile,At Risk
CUS-05884,45-54,Female,France,Returning,TikTok Ads,2025-07-15,Accessories,Mobile,Potential Loyalists
CUS-05885,55+,Female,Germany,Returning,Meta Ads,2024-12-27,Jeans,Mobile,Hibernating
CUS-05886,25-34,Female,UK,Returning,Organic Search,2024-11-30,Shoes,Mobile,Hibernating
CUS-05887,18-24,Female,Poland,Returning,TikTok Ads,2024-08-16,Jeans,Mobile,Hibernating
CUS-05888,55+,Female,UK,Returning,Display Ads,2023-08-12,Shoes,Mobile,Hibernating
CUS-05889,25-34,Male,UK,Returning,Meta Ads,2024-09-27,Jeans,Desktop,Discount Seekers
CUS-05890,18-24,Female,Italy,Returning,Meta Ads,2024-05-08,Bags,Desktop,At Risk
CUS-05891,45-54,Female,UK,Returning,Google Search,2023-09-14,Jackets,Mobile,High-Value Customers
CUS-05892,35-44,Male,Italy,Returning,TikTok Ads,2023-12-20,Jeans,Desktop,Loyal Customers
CUS-05893,35-44,Female,Germany,Returning,Email,2024-05-10,Jeans,Tablet,At Risk
CUS-05894,35-44,Female,UK,Returning,Meta Ads,2024-11-09,Jeans,Mobile,Hibernating
CUS-05895,45-54,Female,France,New,Google Search,2025-07-29,Beauty,Mobile,New Customers
CUS-05896,35-44,Female,Italy,Returning,TikTok Ads,2024-05-24,Beauty,Mobile,Potential Loyalists
CUS-05897,25-34,Female,Germany,New,Meta Ads,2025-10-12,Beauty,Mobile,New Customers
CUS-05898,25-34,Male,Netherlands,Returning,Organic Search,2025-05-05,Shoes,Mobile,Potential Loyalists
CUS-05899,25-34,Female,Spain,Returning,TikTok Ads,2024-05-09,Sportswear,Mobile,Discount Seekers
CUS-05900,55+,Female,UK,Returning,Google Search,2023-11-13,Beauty,Mobile,Potential Loyalists
CUS-05901,25-34,Female,Netherlands,Returning,TikTok Ads,2025-02-14,Accessories,Desktop,Loyal Customers
CUS-05902,35-44,Non-binary/Other,Netherlands,New,Google Search,2025-07-30,Sportswear,Mobile,New Customers
CUS-05903,35-44,Female,Netherlands,Returning,TikTok Ads,2025-08-16,Accessories,Mobile,Potential Loyalists
CUS-05904,45-54,Male,Netherlands,Returning,Organic Search,2024-08-29,Jackets,Mobile,Champions
CUS-05905,25-34,Female,Spain,New,Google Search,2025-07-05,Accessories,Mobile,New Customers
CUS-05906,45-54,Female,Germany,New,Meta Ads,2025-11-05,Sportswear,Mobile,New Customers
CUS-05907,35-44,Female,Italy,Returning,TikTok Ads,2024-07-04,Accessories,Desktop,Loyal Customers
CUS-05908,25-34,Female,France,Returning,Meta Ads,2024-04-26,Jeans,Mobile,At Risk
CUS-05909,18-24,Female,Germany,New,Google Search,2025-07-08,Shoes,Mobile,New Customers
CUS-05910,18-24,Non-binary/Other,France,Returning,Organic Search,2023-07-22,Accessories,Desktop,Hibernating
CUS-05911,25-34,Female,Germany,Returning,Google Search,2023-08-19,Sportswear,Mobile,Potential Loyalists
CUS-05912,25-34,Female,France,Returning,Meta Ads,2024-07-24,Dresses,Desktop,Loyal Customers
CUS-05913,35-44,Male,France,Returning,Meta Ads,2023-02-13,Jackets,Mobile,High-Value Customers
CUS-05914,18-24,Male,Italy,New,Meta Ads,2025-07-16,Accessories,Tablet,New Customers
CUS-05915,25-34,Male,Germany,Returning,Affiliate,2024-11-07,Sportswear,Desktop,Champions
CUS-05916,25-34,Male,UK,Returning,Email,2023-07-26,Jeans,Desktop,Hibernating
CUS-05917,25-34,Female,Italy,Returning,Email,2023-08-06,Dresses,Mobile,Loyal Customers
CUS-05918,18-24,Female,UK,Returning,Organic Search,2024-05-07,Beauty,Desktop,Hibernating
CUS-05919,45-54,Female,Italy,Returning,Organic Search,2023-02-17,Bags,Desktop,At Risk
CUS-05920,18-24,Female,Spain,Returning,Google Search,2023-03-25,Dresses,Mobile,High-Value Customers
CUS-05921,55+,Female,Germany,Returning,Meta Ads,2024-04-26,Dresses,Mobile,High-Value Customers
CUS-05922,25-34,Male,UK,Returning,Google Search,2025-06-13,Sportswear,Mobile,Potential Loyalists
CUS-05923,45-54,Female,Germany,Returning,Meta Ads,2023-09-06,Accessories,Mobile,Hibernating
CUS-05924,55+,Male,Netherlands,Returning,TikTok Ads,2025-08-17,Sportswear,Mobile,Potential Loyalists
CUS-05925,35-44,Female,Spain,Returning,Email,2023-07-25,Bags,Desktop,At Risk
CUS-05926,55+,Male,Netherlands,Returning,Email,2023-05-02,Bags,Mobile,At Risk
CUS-05927,35-44,Female,France,Returning,TikTok Ads,2025-02-23,Bags,Mobile,Champions
CUS-05928,45-54,Female,Spain,Returning,Google Search,2025-03-27,Bags,Mobile,Champions
CUS-05929,45-54,Female,Spain,Returning,Organic Search,2023-03-11,Sportswear,Mobile,Champions
CUS-05930,45-54,Female,Italy,Returning,TikTok Ads,2023-07-12,Dresses,Mobile,Loyal Customers
CUS-05931,25-34,Female,Netherlands,Returning,Email,2023-02-22,Dresses,Mobile,Loyal Customers
CUS-05932,25-34,Female,France,Returning,Google Search,2023-06-29,Shoes,Mobile,Discount Seekers
CUS-05933,45-54,Female,UK,New,TikTok Ads,2025-06-15,Shoes,Desktop,New Customers
CUS-05934,45-54,Non-binary/Other,Germany,Returning,Meta Ads,2024-07-15,Jeans,Desktop,Hibernating
CUS-05935,25-34,Male,Italy,Returning,Email,2024-05-31,Dresses,Mobile,Discount Seekers
CUS-05936,45-54,Male,Spain,Returning,TikTok Ads,2023-10-25,Beauty,Desktop,Hibernating
CUS-05937,25-34,Female,UK,Returning,Meta Ads,2025-05-09,Accessories,Mobile,Potential Loyalists
CUS-05938,18-24,Female,France,Returning,Email,2023-11-28,Dresses,Mobile,Discount Seekers
CUS-05939,25-34,Male,Spain,Returning,Affiliate,2024-03-09,Beauty,Desktop,Hibernating
CUS-05940,35-44,Male,Germany,Returning,Meta Ads,2024-01-29,Accessories,Mobile,Hibernating
CUS-05941,55+,Male,Germany,Returning,TikTok Ads,2025-01-08,Jeans,Desktop,Discount Seekers
CUS-05942,35-44,Female,Netherlands,Returning,Meta Ads,2023-02-07,Shoes,Mobile,At Risk
CUS-05943,45-54,Male,UK,New,Meta Ads,2025-06-18,Beauty,Tablet,New Customers
CUS-05944,25-34,Female,Germany,Returning,Organic Search,2024-09-08,Jeans,Mobile,Discount Seekers
CUS-05945,18-24,Female,France,New,Organic Search,2025-09-02,Beauty,Mobile,New Customers
CUS-05946,25-34,Male,Poland,Returning,Display Ads,2023-03-14,Accessories,Mobile,Hibernating
CUS-05947,35-44,Female,Italy,Returning,Affiliate,2025-03-25,Bags,Mobile,Champions
CUS-05948,25-34,Female,Germany,Returning,Google Search,2023-07-22,Shoes,Desktop,Champions
CUS-05949,18-24,Female,Germany,New,Google Search,2025-12-03,Beauty,Desktop,New Customers
CUS-05950,18-24,Female,Germany,Returning,Google Search,2023-06-07,Sportswear,Desktop,Champions
CUS-05951,25-34,Male,UK,Returning,Organic Search,2024-11-27,Dresses,Mobile,High-Value Customers
CUS-05952,45-54,Male,Poland,Returning,Meta Ads,2023-11-13,Bags,Tablet,Champions
CUS-05953,25-34,Female,Netherlands,Returning,Email,2023-12-15,Shoes,Mobile,Hibernating
CUS-05954,25-34,Female,Germany,Returning,Email,2023-04-27,Shoes,Mobile,Loyal Customers
CUS-05955,25-34,Female,Italy,Returning,TikTok Ads,2024-08-30,Jackets,Tablet,High-Value Customers
CUS-05956,45-54,Female,Spain,Returning,Email,2023-09-03,Beauty,Tablet,Potential Loyalists
CUS-05957,55+,Male,Netherlands,Returning,Email,2024-11-15,Bags,Mobile,Champions
CUS-05958,55+,Non-binary/Other,Poland,Returning,TikTok Ads,2025-03-04,Bags,Desktop,Champions
CUS-05959,35-44,Female,UK,New,Meta Ads,2025-07-12,Accessories,Mobile,New Customers
CUS-05960,35-44,Female,Italy,Returning,Google Search,2024-11-18,Bags,Mobile,High-Value Customers
CUS-05961,25-34,Male,Spain,Returning,Email,2024-09-25,Jackets,Desktop,High-Value Customers
CUS-05962,45-54,Female,Germany,Returning,Organic Search,2024-12-21,Beauty,Mobile,Potential Loyalists
CUS-05963,45-54,Female,Poland,New,Google Search,2025-07-26,Sportswear,Desktop,New Customers
CUS-05964,45-54,Female,UK,Returning,Google Search,2024-03-05,Jeans,Mobile,Loyal Customers
CUS-05965,25-34,Male,France,New,Google Search,2025-10-14,Accessories,Mobile,New Customers
CUS-05966,35-44,Female,France,Returning,Google Search,2023-06-04,Bags,Mobile,At Risk
CUS-05967,18-24,Female,France,Returning,Organic Search,2024-07-30,Accessories,Mobile,Loyal Customers
CUS-05968,45-54,Male,France,Returning,Meta Ads,2023-08-25,Shoes,Mobile,At Risk
CUS-05969,35-44,Male,France,Returning,Google Search,2024-05-08,Sportswear,Mobile,Discount Seekers
CUS-05970,18-24,Male,UK,Returning,TikTok Ads,2024-06-25,Sportswear,Mobile,Champions
CUS-05971,55+,Female,Spain,Returning,Google Search,2024-09-29,Dresses,Mobile,Loyal Customers
CUS-05972,25-34,Female,UK,Returning,Google Search,2023-04-20,Shoes,Desktop,Loyal Customers
CUS-05973,55+,Male,France,Returning,Email,2024-11-22,Jeans,Tablet,Loyal Customers
CUS-05974,35-44,Female,UK,Returning,Organic Search,2023-02-25,Dresses,Mobile,Loyal Customers
CUS-05975,35-44,Male,Poland,Returning,Affiliate,2023-06-07,Jeans,Mobile,At Risk
CUS-05976,25-34,Female,Netherlands,Returning,Organic Search,2024-01-08,Jeans,Mobile,Loyal Customers
CUS-05977,55+,Female,UK,Returning,Meta Ads,2023-05-21,Jeans,Mobile,Hibernating
CUS-05978,35-44,Female,France,Returning,Meta Ads,2024-05-08,Jeans,Mobile,Discount Seekers
CUS-05979,25-34,Female,Germany,Returning,Organic Search,2024-08-21,Jeans,Mobile,Discount Seekers
CUS-05980,45-54,Female,Germany,Returning,Google Search,2024-04-16,Bags,Desktop,At Risk
CUS-05981,25-34,Female,Germany,Returning,Email,2023-06-14,Jeans,Desktop,Loyal Customers
CUS-05982,25-34,Male,Netherlands,Returning,Meta Ads,2023-12-05,Jackets,Desktop,Champions
CUS-05983,25-34,Female,UK,Returning,Google Search,2024-05-12,Accessories,Mobile,Loyal Customers
CUS-05984,45-54,Male,Netherlands,Returning,Organic Search,2024-12-29,Dresses,Desktop,High-Value Customers
CUS-05985,55+,Female,Poland,Returning,Display Ads,2023-08-07,Dresses,Mobile,High-Value Customers
CUS-05986,25-34,Female,Italy,Returning,Google Search,2023-11-03,Beauty,Mobile,Potential Loyalists
CUS-05987,18-24,Male,Poland,Returning,Google Search,2023-11-13,Shoes,Mobile,Potential Loyalists
CUS-05988,25-34,Female,UK,New,TikTok Ads,2025-12-11,Beauty,Mobile,New Customers
CUS-05989,25-34,Male,UK,Returning,Google Search,2025-02-06,Accessories,Mobile,Potential Loyalists
CUS-05990,55+,Female,France,Returning,Organic Search,2023-03-12,Shoes,Mobile,High-Value Customers
CUS-05991,25-34,Male,Netherlands,Returning,Google Search,2024-11-18,Jeans,Mobile,Loyal Customers
CUS-05992,35-44,Male,France,Returning,Google Search,2024-01-01,Beauty,Desktop,Potential Loyalists
CUS-05993,35-44,Female,UK,New,Organic Search,2025-06-28,Beauty,Mobile,New Customers
CUS-05994,45-54,Female,Spain,Returning,Organic Search,2023-09-13,Dresses,Desktop,Loyal Customers
CUS-05995,18-24,Female,Germany,Returning,Meta Ads,2023-07-14,Sportswear,Mobile,Potential Loyalists
CUS-05996,25-34,Female,Germany,Returning,Email,2023-11-19,Dresses,Desktop,Discount Seekers
CUS-05997,55+,Female,Spain,Returning,TikTok Ads,2025-03-10,Jeans,Mobile,Loyal Customers
CUS-05998,45-54,Female,UK,Returning,Organic Search,2024-04-04,Shoes,Mobile,At Risk
CUS-05999,18-24,Female,France,Returning,Meta Ads,2025-07-07,Shoes,Mobile,Potential Loyalists
CUS-06000,35-44,Female,Germany,Returning,Organic Search,2024-02-23,Accessories,Desktop,Loyal Customers
CUS-06001,35-44,Male,Germany,Returning,Google Search,2023-07-01,Sportswear,Mobile,Champions
CUS-06002,25-34,Female,Germany,Returning,Meta Ads,2024-06-21,Beauty,Desktop,Potential Loyalists
CUS-06003,25-34,Female,UK,Returning,Email,2023-07-29,Bags,Mobile,Champions
CUS-06004,55+,Female,Germany,Returning,Google Search,2023-10-07,Accessories,Desktop,Potential Loyalists
CUS-06005,35-44,Female,France,Returning,Affiliate,2024-11-16,Accessories,Mobile,Hibernating
CUS-06006,18-24,Male,Netherlands,Returning,Google Search,2024-12-19,Shoes,Mobile,Hibernating
CUS-06007,18-24,Female,UK,Returning,Email,2023-11-24,Shoes,Mobile,Discount Seekers
CUS-06008,35-44,Male,Germany,New,Google Search,2025-10-23,Accessories,Mobile,New Customers
CUS-06009,25-34,Female,UK,Returning,Meta Ads,2024-06-01,Bags,Mobile,At Risk
CUS-06010,25-34,Female,Spain,Returning,Affiliate,2024-09-27,Dresses,Desktop,At Risk
CUS-06011,55+,Female,Italy,Returning,Affiliate,2025-02-27,Shoes,Mobile,Loyal Customers
CUS-06012,35-44,Female,Poland,Returning,TikTok Ads,2024-08-02,Sportswear,Desktop,Potential Loyalists
CUS-06013,25-34,Male,Spain,New,Google Search,2025-07-30,Shoes,Mobile,New Customers
CUS-06014,55+,Male,France,Returning,Display Ads,2023-03-16,Accessories,Mobile,Hibernating
CUS-06015,25-34,Female,Germany,New,TikTok Ads,2025-08-27,Accessories,Mobile,New Customers
CUS-06016,25-34,Female,Germany,Returning,Meta Ads,2023-05-17,Accessories,Desktop,Loyal Customers
CUS-06017,25-34,Female,Germany,Returning,Email,2025-01-21,Dresses,Mobile,High-Value Customers
CUS-06018,35-44,Male,UK,Returning,Email,2023-12-27,Shoes,Desktop,Loyal Customers
CUS-06019,35-44,Female,UK,Returning,Meta Ads,2023-03-15,Jackets,Desktop,High-Value Customers
CUS-06020,45-54,Female,France,Returning,Organic Search,2023-03-16,Jeans,Mobile,Hibernating
CUS-06021,35-44,Male,Italy,Returning,Email,2023-07-20,Shoes,Desktop,Discount Seekers
CUS-06022,45-54,Female,Italy,Returning,Meta Ads,2024-12-11,Shoes,Mobile,Hibernating
CUS-06023,18-24,Male,UK,Returning,Organic Search,2023-01-10,Jeans,Mobile,Loyal Customers
CUS-06024,35-44,Male,Italy,Returning,Organic Search,2024-09-16,Jeans,Desktop,At Risk
CUS-06025,18-24,Female,Germany,Returning,Email,2024-02-28,Accessories,Mobile,Hibernating
CUS-06026,25-34,Male,Poland,Returning,Affiliate,2024-12-10,Jeans,Mobile,Hibernating
CUS-06027,18-24,Female,France,Returning,Organic Search,2024-04-13,Shoes,Mobile,Potential Loyalists
CUS-06028,18-24,Female,Poland,Returning,Meta Ads,2023-05-20,Shoes,Mobile,Loyal Customers
CUS-06029,35-44,Female,Germany,Returning,TikTok Ads,2024-02-28,Sportswear,Mobile,Potential Loyalists
CUS-06030,25-34,Female,Italy,New,Google Search,2025-11-05,Beauty,Desktop,New Customers
CUS-06031,25-34,Female,Italy,New,Meta Ads,2025-10-23,Shoes,Desktop,New Customers
CUS-06032,45-54,Female,Spain,Returning,TikTok Ads,2025-05-17,Shoes,Tablet,Discount Seekers
CUS-06033,25-34,Male,Germany,Returning,Organic Search,2023-02-11,Shoes,Mobile,Hibernating
CUS-06034,18-24,Male,Poland,Returning,TikTok Ads,2024-04-16,Dresses,Mobile,At Risk
CUS-06035,25-34,Male,UK,Returning,Email,2024-10-13,Jeans,Mobile,Loyal Customers
CUS-06036,35-44,Non-binary/Other,UK,New,Meta Ads,2025-09-22,Sportswear,Mobile,New Customers
CUS-06037,18-24,Female,Italy,Returning,Google Search,2023-10-28,Accessories,Desktop,Potential Loyalists
CUS-06038,35-44,Male,Germany,Returning,TikTok Ads,2025-02-08,Accessories,Desktop,Loyal Customers
CUS-06039,55+,Female,Germany,Returning,Meta Ads,2024-03-24,Shoes,Mobile,Champions
CUS-06040,35-44,Male,Poland,Returning,Google Search,2024-10-31,Accessories,Mobile,Potential Loyalists
CUS-06041,35-44,Female,Spain,Returning,Meta Ads,2023-10-16,Accessories,Mobile,Loyal Customers
CUS-06042,25-34,Male,Netherlands,New,Meta Ads,2025-06-12,Sportswear,Mobile,New Customers
CUS-06043,25-34,Female,Germany,Returning,Google Search,2024-11-30,Sportswear,Mobile,Champions
CUS-06044,25-34,Female,Poland,Returning,Meta Ads,2025-02-23,Accessories,Mobile,Potential Loyalists
CUS-06045,25-34,Female,Spain,Returning,Meta Ads,2024-02-24,Sportswear,Mobile,Champions
CUS-06046,25-34,Male,Germany,Returning,Organic Search,2023-06-25,Bags,Mobile,At Risk
CUS-06047,35-44,Female,Germany,New,TikTok Ads,2025-06-02,Shoes,Desktop,New Customers
CUS-06048,35-44,Female,Italy,Returning,Meta Ads,2025-07-30,Sportswear,Desktop,Potential Loyalists
CUS-06049,18-24,Female,UK,Returning,Email,2023-06-03,Jeans,Mobile,Loyal Customers
CUS-06050,18-24,Female,France,Returning,Organic Search,2024-02-27,Bags,Mobile,High-Value Customers
CUS-06051,25-34,Male,Italy,Returning,Meta Ads,2024-01-16,Jeans,Mobile,At Risk
CUS-06052,25-34,Male,UK,Returning,Organic Search,2024-09-27,Bags,Desktop,At Risk
CUS-06053,18-24,Female,Spain,New,Google Search,2025-06-15,Beauty,Mobile,New Customers
CUS-06054,35-44,Female,France,Returning,Meta Ads,2024-11-20,Beauty,Mobile,Hibernating
CUS-06055,45-54,Non-binary/Other,Spain,Returning,Meta Ads,2024-08-02,Dresses,Mobile,Discount Seekers
CUS-06056,18-24,Male,Spain,Returning,Display Ads,2025-08-03,Beauty,Desktop,Potential Loyalists
CUS-06057,25-34,Male,France,Returning,Organic Search,2024-03-14,Dresses,Mobile,At Risk
CUS-06058,25-34,Female,France,Returning,Google Search,2023-03-31,Jeans,Mobile,Loyal Customers
CUS-06059,18-24,Male,Germany,Returning,Affiliate,2023-07-05,Shoes,Mobile,At Risk
CUS-06060,25-34,Male,France,Returning,Meta Ads,2025-05-23,Beauty,Desktop,Potential Loyalists
CUS-06061,25-34,Female,Italy,Returning,Email,2024-06-14,Jackets,Desktop,Champions
CUS-06062,18-24,Female,Italy,Returning,Google Search,2024-07-31,Jackets,Mobile,High-Value Customers
CUS-06063,25-34,Female,Germany,Returning,Google Search,2023-06-13,Sportswear,Mobile,Discount Seekers
CUS-06064,25-34,Female,UK,Returning,Google Search,2025-08-11,Sportswear,Desktop,Potential Loyalists
CUS-06065,25-34,Male,Spain,Returning,Email,2023-01-24,Bags,Mobile,High-Value Customers
CUS-06066,35-44,Female,UK,Returning,Google Search,2023-07-29,Accessories,Mobile,Potential Loyalists
CUS-06067,25-34,Male,Spain,New,Google Search,2025-10-30,Beauty,Mobile,New Customers
CUS-06068,25-34,Male,Poland,Returning,TikTok Ads,2023-12-20,Shoes,Mobile,Discount Seekers
CUS-06069,25-34,Female,Italy,Returning,Meta Ads,2025-01-28,Accessories,Mobile,Potential Loyalists
CUS-06070,25-34,Female,France,New,Google Search,2025-08-21,Shoes,Desktop,New Customers
CUS-06071,55+,Female,Poland,Returning,Google Search,2024-08-13,Bags,Mobile,At Risk
CUS-06072,45-54,Female,Italy,Returning,Organic Search,2024-02-26,Shoes,Mobile,Loyal Customers
CUS-06073,25-34,Female,France,New,TikTok Ads,2025-06-13,Sportswear,Mobile,New Customers
CUS-06074,25-34,Male,Germany,Returning,Meta Ads,2023-08-20,Accessories,Mobile,Potential Loyalists
CUS-06075,25-34,Female,UK,Returning,Google Search,2023-12-09,Dresses,Mobile,At Risk
CUS-06076,18-24,Female,UK,Returning,Email,2025-02-10,Accessories,Mobile,Loyal Customers
CUS-06077,55+,Non-binary/Other,Germany,Returning,Affiliate,2023-01-26,Dresses,Desktop,Loyal Customers
CUS-06078,25-34,Male,UK,Returning,Email,2024-09-10,Shoes,Mobile,Hibernating
CUS-06079,55+,Female,Germany,Returning,Email,2023-07-18,Jeans,Mobile,Loyal Customers
CUS-06080,45-54,Male,Spain,New,Google Search,2025-07-27,Shoes,Mobile,New Customers
CUS-06081,25-34,Male,Germany,Returning,Affiliate,2023-04-12,Shoes,Mobile,Hibernating
CUS-06082,18-24,Female,UK,Returning,Meta Ads,2024-05-29,Shoes,Tablet,Hibernating
CUS-06083,25-34,Female,France,Returning,Google Search,2024-02-28,Jackets,Mobile,Champions
CUS-06084,25-34,Male,Poland,Returning,Display Ads,2023-07-20,Sportswear,Desktop,Discount Seekers
CUS-06085,25-34,Male,Italy,Returning,Meta Ads,2024-04-23,Shoes,Mobile,Hibernating
CUS-06086,18-24,Female,Spain,Returning,TikTok Ads,2024-08-06,Shoes,Mobile,Potential Loyalists
CUS-06087,18-24,Female,Germany,Returning,Organic Search,2023-02-07,Beauty,Desktop,Hibernating
CUS-06088,25-34,Male,Germany,Returning,Google Search,2023-04-30,Beauty,Mobile,Hibernating
CUS-06089,55+,Male,Poland,Returning,Affiliate,2024-02-06,Shoes,Desktop,At Risk
CUS-06090,35-44,Male,Netherlands,New,Google Search,2025-09-13,Shoes,Mobile,New Customers
CUS-06091,35-44,Male,UK,Returning,Affiliate,2023-12-04,Jeans,Mobile,Hibernating
CUS-06092,35-44,Female,Spain,Returning,Organic Search,2024-01-08,Jackets,Mobile,High-Value Customers
CUS-06093,18-24,Male,Germany,New,Meta Ads,2025-07-13,Accessories,Mobile,New Customers
CUS-06094,35-44,Female,France,Returning,Organic Search,2023-06-14,Shoes,Mobile,Hibernating
CUS-06095,18-24,Female,UK,Returning,Email,2023-08-13,Jeans,Desktop,Hibernating
CUS-06096,25-34,Female,Spain,Returning,Meta Ads,2024-05-31,Sportswear,Mobile,Discount Seekers
CUS-06097,25-34,Female,Germany,Returning,Meta Ads,2023-08-13,Bags,Desktop,High-Value Customers
CUS-06098,18-24,Male,Poland,Returning,Google Search,2024-06-24,Shoes,Desktop,Loyal Customers
CUS-06099,18-24,Male,Italy,Returning,Email,2024-03-23,Shoes,Mobile,Loyal Customers
CUS-06100,18-24,Female,Italy,Returning,Email,2024-05-21,Shoes,Desktop,At Risk
CUS-06101,35-44,Male,Netherlands,New,Google Search,2025-09-23,Beauty,Mobile,New Customers
CUS-06102,35-44,Male,UK,New,Meta Ads,2025-10-07,Shoes,Mobile,New Customers
CUS-06103,18-24,Male,Netherlands,Returning,Google Search,2024-02-05,Shoes,Desktop,Hibernating
CUS-06104,25-34,Female,Poland,Returning,Meta Ads,2024-07-14,Jeans,Mobile,Discount Seekers
CUS-06105,25-34,Female,Germany,Returning,Google Search,2023-10-22,Beauty,Mobile,Potential Loyalists
CUS-06106,35-44,Female,Spain,Returning,Meta Ads,2024-03-01,Beauty,Mobile,Hibernating
CUS-06107,35-44,Female,Germany,Returning,Google Search,2025-03-09,Accessories,Mobile,Loyal Customers
CUS-06108,35-44,Female,Italy,New,Meta Ads,2025-10-29,Sportswear,Mobile,New Customers
CUS-06109,35-44,Male,Germany,Returning,Google Search,2023-02-25,Sportswear,Mobile,Champions
CUS-06110,35-44,Male,Italy,New,TikTok Ads,2025-06-10,Shoes,Mobile,New Customers
CUS-06111,35-44,Female,UK,New,Organic Search,2025-11-16,Accessories,Mobile,New Customers
CUS-06112,45-54,Male,Germany,Returning,Email,2023-07-08,Shoes,Mobile,Hibernating
CUS-06113,25-34,Female,Italy,Returning,Google Search,2024-01-07,Bags,Mobile,At Risk
CUS-06114,25-34,Female,France,Returning,Meta Ads,2024-08-11,Beauty,Mobile,Potential Loyalists
CUS-06115,25-34,Female,UK,Returning,Email,2024-06-25,Jackets,Mobile,Champions
CUS-06116,18-24,Male,Germany,Returning,Google Search,2024-05-22,Dresses,Desktop,Loyal Customers
CUS-06117,55+,Male,UK,Returning,Organic Search,2023-12-05,Dresses,Mobile,High-Value Customers
CUS-06118,35-44,Female,Germany,Returning,Meta Ads,2023-08-16,Sportswear,Desktop,Discount Seekers
CUS-06119,25-34,Female,UK,Returning,Google Search,2025-06-20,Accessories,Tablet,Potential Loyalists
CUS-06120,18-24,Female,France,Returning,Affiliate,2025-01-29,Shoes,Mobile,Loyal Customers
CUS-06121,35-44,Female,Germany,New,Meta Ads,2025-10-28,Sportswear,Mobile,New Customers
CUS-06122,18-24,Female,Germany,Returning,Affiliate,2023-07-17,Dresses,Mobile,At Risk
CUS-06123,25-34,Male,Germany,Returning,Google Search,2024-01-23,Sportswear,Mobile,Potential Loyalists
CUS-06124,18-24,Non-binary/Other,Spain,Returning,Affiliate,2025-02-27,Shoes,Tablet,Champions
CUS-06125,45-54,Non-binary/Other,France,Returning,Organic Search,2025-03-08,Sportswear,Desktop,Potential Loyalists
CUS-06126,25-34,Male,France,Returning,Meta Ads,2024-09-11,Dresses,Mobile,Loyal Customers
CUS-06127,18-24,Female,Germany,Returning,Google Search,2024-11-21,Sportswear,Tablet,Potential Loyalists
CUS-06128,55+,Female,UK,Returning,Email,2023-07-23,Dresses,Tablet,Loyal Customers
CUS-06129,45-54,Female,UK,Returning,Organic Search,2024-04-13,Shoes,Mobile,At Risk
CUS-06130,18-24,Male,Germany,New,Meta Ads,2025-07-03,Beauty,Mobile,New Customers
CUS-06131,25-34,Female,Italy,Returning,Google Search,2025-02-10,Sportswear,Desktop,Potential Loyalists
CUS-06132,25-34,Male,UK,New,Google Search,2025-10-04,Shoes,Mobile,New Customers
CUS-06133,18-24,Male,UK,New,Google Search,2025-08-08,Shoes,Mobile,New Customers
CUS-06134,25-34,Female,Germany,Returning,Email,2024-03-23,Accessories,Mobile,Hibernating
CUS-06135,35-44,Male,France,Returning,Google Search,2023-10-26,Dresses,Mobile,High-Value Customers
CUS-06136,35-44,Male,Germany,Returning,Google Search,2023-06-22,Dresses,Desktop,Loyal Customers
CUS-06137,45-54,Male,Spain,Returning,Google Search,2024-08-14,Dresses,Mobile,Discount Seekers
CUS-06138,25-34,Male,France,Returning,TikTok Ads,2023-05-13,Shoes,Mobile,At Risk
CUS-06139,25-34,Female,UK,Returning,Email,2023-07-16,Shoes,Desktop,At Risk
CUS-06140,25-34,Male,Italy,Returning,Google Search,2023-06-04,Sportswear,Mobile,Potential Loyalists
CUS-06141,35-44,Female,Germany,Returning,TikTok Ads,2024-10-27,Beauty,Mobile,Potential Loyalists
CUS-06142,35-44,Female,UK,Returning,Google Search,2023-06-23,Bags,Desktop,Champions
CUS-06143,55+,Male,Italy,Returning,Organic Search,2024-12-13,Dresses,Mobile,High-Value Customers
CUS-06144,25-34,Male,Germany,Returning,TikTok Ads,2023-07-02,Bags,Mobile,At Risk
CUS-06145,35-44,Male,Spain,Returning,Meta Ads,2025-08-19,Shoes,Desktop,Potential Loyalists
CUS-06146,25-34,Male,Germany,New,Affiliate,2025-08-28,Shoes,Mobile,New Customers
CUS-06147,35-44,Female,Germany,Returning,Google Search,2023-06-25,Sportswear,Mobile,Champions
CUS-06148,35-44,Female,UK,Returning,Meta Ads,2023-08-17,Accessories,Mobile,Loyal Customers
CUS-06149,45-54,Male,UK,Returning,Meta Ads,2024-04-13,Dresses,Mobile,At Risk
CUS-06150,18-24,Female,Italy,New,Meta Ads,2025-11-04,Sportswear,Mobile,New Customers
CUS-06151,25-34,Male,Netherlands,Returning,Organic Search,2023-02-03,Jeans,Mobile,Hibernating
CUS-06152,25-34,Female,Italy,Returning,Google Search,2023-10-29,Dresses,Mobile,At Risk
CUS-06153,25-34,Male,Poland,Returning,Affiliate,2023-01-15,Jeans,Mobile,At Risk
CUS-06154,35-44,Male,Italy,Returning,Google Search,2024-03-18,Jeans,Mobile,Hibernating
CUS-06155,25-34,Male,Netherlands,Returning,Meta Ads,2023-04-14,Shoes,Desktop,Champions
CUS-06156,18-24,Male,Spain,Returning,Meta Ads,2023-09-19,Dresses,Desktop,At Risk
CUS-06157,35-44,Non-binary/Other,Spain,Returning,Email,2023-06-24,Accessories,Mobile,Hibernating
CUS-06158,55+,Female,Germany,Returning,Meta Ads,2023-08-23,Beauty,Mobile,Potential Loyalists
CUS-06159,35-44,Female,Poland,Returning,Meta Ads,2024-01-30,Shoes,Desktop,Loyal Customers
CUS-06160,25-34,Female,Netherlands,Returning,TikTok Ads,2023-04-17,Accessories,Mobile,Loyal Customers
CUS-06161,25-34,Female,Italy,Returning,Organic Search,2024-09-18,Shoes,Mobile,Loyal Customers
CUS-06162,35-44,Female,Germany,New,Meta Ads,2025-06-11,Accessories,Mobile,New Customers
CUS-06163,18-24,Female,Spain,Returning,Meta Ads,2025-02-04,Shoes,Desktop,Loyal Customers
CUS-06164,45-54,Female,UK,Returning,TikTok Ads,2024-01-26,Bags,Mobile,At Risk
CUS-06165,25-34,Male,Italy,Returning,Meta Ads,2025-01-04,Shoes,Mobile,Loyal Customers
CUS-06166,35-44,Male,Spain,Returning,Email,2024-11-23,Bags,Mobile,Champions
CUS-06167,18-24,Female,Netherlands,Returning,TikTok Ads,2025-04-21,Shoes,Mobile,Potential Loyalists
CUS-06168,35-44,Female,UK,Returning,Email,2024-06-12,Shoes,Mobile,Loyal Customers
CUS-06169,18-24,Female,UK,Returning,Affiliate,2023-08-15,Bags,Mobile,High-Value Customers
CUS-06170,25-34,Female,Spain,Returning,Affiliate,2024-02-01,Sportswear,Desktop,Potential Loyalists
CUS-06171,35-44,Female,Italy,Returning,TikTok Ads,2024-10-08,Jeans,Mobile,Loyal Customers
CUS-06172,45-54,Female,Poland,Returning,Email,2023-07-08,Accessories,Mobile,Loyal Customers
CUS-06173,45-54,Male,Italy,Returning,Meta Ads,2024-03-18,Beauty,Mobile,Potential Loyalists
CUS-06174,35-44,Non-binary/Other,Netherlands,Returning,TikTok Ads,2023-11-26,Dresses,Mobile,At Risk
CUS-06175,25-34,Non-binary/Other,Germany,Returning,Organic Search,2024-07-30,Jeans,Mobile,Hibernating
CUS-06176,55+,Male,Italy,Returning,Google Search,2024-10-11,Beauty,Mobile,Potential Loyalists
CUS-06177,25-34,Male,UK,Returning,Google Search,2024-06-29,Shoes,Desktop,At Risk
CUS-06178,55+,Female,UK,New,Google Search,2025-06-14,Sportswear,Tablet,New Customers
CUS-06179,55+,Male,UK,Returning,Meta Ads,2025-06-30,Shoes,Mobile,Discount Seekers
CUS-06180,55+,Female,Spain,New,Google Search,2025-09-28,Accessories,Desktop,New Customers
CUS-06181,35-44,Male,France,Returning,Display Ads,2023-12-30,Sportswear,Desktop,Potential Loyalists
CUS-06182,25-34,Female,UK,Returning,Meta Ads,2023-10-02,Jeans,Mobile,At Risk
CUS-06183,55+,Female,Spain,Returning,Meta Ads,2023-11-10,Shoes,Mobile,Hibernating
CUS-06184,25-34,Female,Italy,New,Meta Ads,2025-07-17,Beauty,Desktop,New Customers
CUS-06185,35-44,Female,Germany,Returning,Meta Ads,2023-09-22,Jackets,Mobile,High-Value Customers
CUS-06186,25-34,Male,Germany,Returning,Meta Ads,2024-10-14,Sportswear,Mobile,Discount Seekers
CUS-06187,18-24,Female,Netherlands,Returning,TikTok Ads,2023-02-10,Shoes,Mobile,Loyal Customers
CUS-06188,45-54,Female,Germany,Returning,Display Ads,2023-07-05,Jeans,Desktop,Hibernating
CUS-06189,25-34,Female,Netherlands,Returning,Affiliate,2024-11-05,Shoes,Mobile,At Risk
CUS-06190,18-24,Male,Italy,New,Meta Ads,2025-11-27,Beauty,Mobile,New Customers
CUS-06191,35-44,Female,Poland,New,Google Search,2025-07-09,Sportswear,Mobile,New Customers
CUS-06192,35-44,Female,Germany,Returning,TikTok Ads,2025-05-28,Dresses,Mobile,Discount Seekers
CUS-06193,18-24,Female,Poland,Returning,Google Search,2024-07-16,Dresses,Mobile,At Risk
CUS-06194,35-44,Female,Italy,New,TikTok Ads,2025-10-27,Accessories,Mobile,New Customers
CUS-06195,35-44,Male,Italy,Returning,Email,2023-03-13,Sportswear,Mobile,Champions
CUS-06196,45-54,Non-binary/Other,France,New,TikTok Ads,2025-10-27,Shoes,Mobile,New Customers
CUS-06197,35-44,Male,Italy,Returning,Email,2023-07-04,Sportswear,Mobile,Discount Seekers
CUS-06198,25-34,Female,UK,Returning,Meta Ads,2024-01-13,Beauty,Desktop,Hibernating
CUS-06199,25-34,Male,Germany,Returning,Meta Ads,2024-12-10,Bags,Mobile,Champions
CUS-06200,45-54,Male,Italy,Returning,Email,2024-03-27,Dresses,Mobile,Discount Seekers
CUS-06201,35-44,Female,France,Returning,Meta Ads,2024-09-10,Beauty,Mobile,Hibernating
CUS-06202,35-44,Female,Italy,New,Meta Ads,2025-07-31,Beauty,Mobile,New Customers
CUS-06203,25-34,Non-binary/Other,UK,Returning,Organic Search,2024-12-17,Bags,Mobile,Champions
CUS-06204,25-34,Female,UK,New,Meta Ads,2025-08-05,Accessories,Desktop,New Customers
CUS-06205,18-24,Female,Poland,Returning,Google Search,2024-05-21,Bags,Mobile,Champions
CUS-06206,25-34,Female,Poland,Returning,TikTok Ads,2024-01-12,Sportswear,Mobile,Potential Loyalists
CUS-06207,18-24,Male,UK,Returning,Organic Search,2024-06-25,Shoes,Desktop,At Risk
CUS-06208,55+,Non-binary/Other,Spain,Returning,Meta Ads,2024-10-17,Dresses,Desktop,Discount Seekers
CUS-06209,55+,Female,Italy,Returning,Affiliate,2024-07-18,Sportswear,Tablet,Potential Loyalists
CUS-06210,45-54,Male,France,Returning,Google Search,2025-06-03,Sportswear,Tablet,Discount Seekers
CUS-06211,45-54,Female,France,Returning,TikTok Ads,2024-09-05,Jeans,Tablet,Discount Seekers
CUS-06212,25-34,Female,France,Returning,Email,2023-09-09,Shoes,Mobile,Champions
CUS-06213,45-54,Male,Spain,Returning,Google Search,2025-02-14,Jeans,Mobile,Loyal Customers
CUS-06214,35-44,Male,Italy,Returning,Affiliate,2024-07-29,Shoes,Desktop,At Risk
CUS-06215,18-24,Male,Italy,Returning,Affiliate,2024-01-01,Beauty,Mobile,Hibernating
CUS-06216,45-54,Female,UK,Returning,Meta Ads,2024-03-01,Sportswear,Mobile,Potential Loyalists
CUS-06217,18-24,Female,Poland,Returning,Email,2023-06-27,Shoes,Tablet,At Risk
CUS-06218,45-54,Female,UK,Returning,Meta Ads,2024-11-27,Dresses,Mobile,At Risk
CUS-06219,25-34,Male,France,Returning,Meta Ads,2024-01-09,Shoes,Desktop,Hibernating
CUS-06220,18-24,Female,Germany,Returning,Affiliate,2023-11-07,Beauty,Mobile,Hibernating
CUS-06221,55+,Female,Germany,Returning,Organic Search,2023-05-16,Sportswear,Mobile,Champions
CUS-06222,35-44,Female,Italy,Returning,Organic Search,2024-09-06,Dresses,Mobile,Loyal Customers
CUS-06223,25-34,Male,France,Returning,Email,2024-03-10,Dresses,Mobile,Loyal Customers
CUS-06224,25-34,Non-binary/Other,Germany,Returning,Meta Ads,2025-07-21,Sportswear,Mobile,Discount Seekers
CUS-06225,55+,Female,Spain,Returning,Email,2024-12-17,Jeans,Mobile,Discount Seekers
CUS-06226,45-54,Male,UK,Returning,Organic Search,2023-02-28,Beauty,Mobile,Hibernating
CUS-06227,35-44,Female,France,Returning,Organic Search,2023-03-27,Accessories,Tablet,Loyal Customers
CUS-06228,18-24,Female,UK,New,Meta Ads,2025-12-08,Accessories,Mobile,New Customers
CUS-06229,25-34,Male,Germany,Returning,Affiliate,2024-04-25,Shoes,Mobile,Loyal Customers
CUS-06230,55+,Female,Spain,Returning,Google Search,2024-12-20,Beauty,Mobile,Potential Loyalists
CUS-06231,25-34,Female,Italy,Returning,Meta Ads,2024-10-29,Shoes,Desktop,Loyal Customers
CUS-06232,25-34,Female,Italy,Returning,Organic Search,2024-05-20,Jeans,Desktop,Hibernating
CUS-06233,55+,Female,Poland,Returning,Meta Ads,2023-08-24,Jeans,Mobile,Loyal Customers
CUS-06234,35-44,Female,Germany,Returning,Meta Ads,2024-02-16,Dresses,Mobile,At Risk
CUS-06235,55+,Male,France,Returning,Email,2024-11-04,Shoes,Desktop,High-Value Customers
CUS-06236,35-44,Male,France,Returning,Organic Search,2023-06-11,Bags,Desktop,At Risk
CUS-06237,35-44,Female,Germany,Returning,Email,2023-12-08,Shoes,Mobile,Champions
CUS-06238,55+,Female,Germany,Returning,Google Search,2023-07-22,Sportswear,Tablet,Discount Seekers
CUS-06239,25-34,Male,Germany,Returning,Affiliate,2023-07-08,Dresses,Desktop,At Risk
CUS-06240,25-34,Female,UK,New,Google Search,2025-11-03,Shoes,Mobile,New Customers
CUS-06241,35-44,Female,France,Returning,Meta Ads,2024-05-26,Jeans,Mobile,At Risk
CUS-06242,18-24,Female,Italy,Returning,Email,2023-10-31,Shoes,Desktop,Discount Seekers
CUS-06243,35-44,Male,Netherlands,New,Organic Search,2025-09-12,Sportswear,Mobile,New Customers
CUS-06244,25-34,Male,Germany,New,Google Search,2025-08-05,Sportswear,Mobile,New Customers
CUS-06245,25-34,Male,France,New,Meta Ads,2025-10-22,Sportswear,Desktop,New Customers
CUS-06246,35-44,Male,Germany,Returning,TikTok Ads,2024-11-03,Jackets,Mobile,Champions
CUS-06247,45-54,Female,Germany,Returning,Organic Search,2023-12-15,Beauty,Desktop,Hibernating
CUS-06248,25-34,Female,Germany,Returning,Email,2024-03-11,Dresses,Mobile,Loyal Customers
CUS-06249,35-44,Female,UK,Returning,Affiliate,2023-09-16,Accessories,Mobile,Potential Loyalists
CUS-06250,25-34,Female,Netherlands,Returning,Meta Ads,2024-07-12,Accessories,Mobile,Potential Loyalists
CUS-06251,35-44,Female,Italy,Returning,Meta Ads,2025-07-27,Beauty,Desktop,Potential Loyalists
CUS-06252,35-44,Female,France,Returning,Affiliate,2025-05-06,Accessories,Mobile,Potential Loyalists
CUS-06253,45-54,Male,Poland,Returning,TikTok Ads,2023-01-14,Dresses,Mobile,At Risk
CUS-06254,35-44,Male,France,Returning,Meta Ads,2023-10-06,Sportswear,Desktop,Potential Loyalists
CUS-06255,18-24,Male,France,Returning,Organic Search,2025-03-07,Shoes,Tablet,Loyal Customers
CUS-06256,25-34,Male,Italy,Returning,Organic Search,2024-08-19,Sportswear,Mobile,Discount Seekers
CUS-06257,45-54,Female,Italy,Returning,Meta Ads,2023-09-27,Shoes,Mobile,High-Value Customers
CUS-06258,35-44,Female,Italy,New,Meta Ads,2025-11-30,Beauty,Mobile,New Customers
CUS-06259,35-44,Female,Spain,Returning,Affiliate,2024-09-12,Sportswear,Desktop,Potential Loyalists
CUS-06260,35-44,Female,France,Returning,Google Search,2023-10-31,Bags,Tablet,Champions
CUS-06261,35-44,Male,France,Returning,Google Search,2025-03-27,Sportswear,Mobile,Champions
CUS-06262,45-54,Male,UK,Returning,Meta Ads,2024-12-15,Shoes,Desktop,Potential Loyalists
CUS-06263,45-54,Female,France,Returning,TikTok Ads,2025-08-03,Sportswear,Mobile,Discount Seekers
CUS-06264,25-34,Male,France,Returning,Google Search,2024-08-06,Jeans,Mobile,Hibernating
CUS-06265,35-44,Male,Germany,Returning,TikTok Ads,2025-08-16,Beauty,Mobile,Potential Loyalists
CUS-06266,45-54,Female,Netherlands,Returning,Google Search,2024-07-09,Shoes,Desktop,High-Value Customers
CUS-06267,18-24,Male,France,New,Display Ads,2025-10-18,Sportswear,Mobile,New Customers
CUS-06268,35-44,Female,Spain,Returning,Email,2025-05-30,Beauty,Mobile,Potential Loyalists
CUS-06269,55+,Male,Germany,New,Organic Search,2025-11-11,Sportswear,Mobile,New Customers
CUS-06270,55+,Female,Germany,Returning,Organic Search,2024-03-07,Jeans,Mobile,Loyal Customers
CUS-06271,25-34,Male,France,Returning,Meta Ads,2024-08-20,Dresses,Desktop,Discount Seekers
CUS-06272,35-44,Female,Netherlands,Returning,Google Search,2024-11-18,Accessories,Tablet,Potential Loyalists
CUS-06273,45-54,Male,Germany,Returning,Meta Ads,2024-07-17,Dresses,Mobile,At Risk
CUS-06274,25-34,Female,Germany,Returning,Meta Ads,2024-11-08,Shoes,Mobile,Potential Loyalists
CUS-06275,25-34,Female,Germany,Returning,Meta Ads,2023-09-10,Sportswear,Mobile,Discount Seekers
CUS-06276,25-34,Female,France,Returning,Email,2023-05-11,Jeans,Desktop,At Risk
CUS-06277,25-34,Female,Spain,New,TikTok Ads,2025-10-01,Shoes,Mobile,New Customers
CUS-06278,25-34,Female,Spain,Returning,Organic Search,2024-12-23,Accessories,Desktop,Loyal Customers
CUS-06279,25-34,Female,Germany,Returning,TikTok Ads,2023-08-18,Sportswear,Desktop,Discount Seekers
CUS-06280,25-34,Male,Germany,New,Google Search,2025-07-06,Beauty,Tablet,New Customers
CUS-06281,45-54,Female,UK,Returning,Google Search,2024-09-24,Shoes,Mobile,Potential Loyalists
CUS-06282,35-44,Female,UK,Returning,Meta Ads,2024-03-01,Jeans,Desktop,Discount Seekers
CUS-06283,18-24,Male,Poland,Returning,Google Search,2023-06-22,Jackets,Mobile,Champions
CUS-06284,25-34,Male,France,Returning,Google Search,2024-12-30,Beauty,Mobile,Potential Loyalists
CUS-06285,25-34,Female,Poland,New,Google Search,2025-09-30,Beauty,Mobile,New Customers
CUS-06286,45-54,Female,UK,Returning,Google Search,2023-06-28,Sportswear,Desktop,Potential Loyalists
CUS-06287,35-44,Female,Italy,New,Display Ads,2025-11-03,Beauty,Mobile,New Customers
CUS-06288,25-34,Female,Germany,Returning,Google Search,2025-01-14,Jeans,Desktop,Loyal Customers
CUS-06289,18-24,Female,Italy,Returning,Display Ads,2024-03-19,Dresses,Desktop,Loyal Customers
CUS-06290,55+,Male,France,Returning,Email,2023-09-14,Sportswear,Tablet,Champions
CUS-06291,25-34,Male,Germany,Returning,Organic Search,2024-02-21,Shoes,Desktop,Loyal Customers
CUS-06292,45-54,Female,Poland,Returning,Google Search,2024-11-12,Shoes,Mobile,High-Value Customers
CUS-06293,35-44,Male,France,New,Affiliate,2025-10-30,Shoes,Mobile,New Customers
CUS-06294,18-24,Non-binary/Other,Netherlands,New,Organic Search,2025-07-29,Sportswear,Mobile,New Customers
CUS-06295,18-24,Female,UK,Returning,Organic Search,2024-06-19,Accessories,Tablet,Potential Loyalists
CUS-06296,35-44,Female,Germany,Returning,Affiliate,2023-09-15,Dresses,Mobile,At Risk
CUS-06297,25-34,Female,Italy,Returning,Email,2023-03-28,Jeans,Desktop,Loyal Customers
CUS-06298,25-34,Male,Germany,Returning,Email,2024-07-05,Beauty,Mobile,Potential Loyalists
CUS-06299,35-44,Male,UK,Returning,Display Ads,2024-05-09,Dresses,Mobile,At Risk
CUS-06300,35-44,Male,France,New,Google Search,2025-10-16,Accessories,Desktop,New Customers
CUS-06301,45-54,Male,UK,Returning,TikTok Ads,2024-02-19,Shoes,Desktop,Hibernating
CUS-06302,35-44,Female,Netherlands,Returning,Google Search,2024-08-22,Dresses,Desktop,Discount Seekers
CUS-06303,55+,Male,France,Returning,Google Search,2024-06-17,Accessories,Mobile,Hibernating
CUS-06304,45-54,Male,Italy,Returning,Meta Ads,2024-08-30,Dresses,Mobile,Loyal Customers
CUS-06305,25-34,Male,France,Returning,Email,2023-12-23,Jackets,Mobile,Champions
CUS-06306,45-54,Female,Germany,Returning,Meta Ads,2023-11-07,Jeans,Mobile,Loyal Customers
CUS-06307,45-54,Male,Poland,Returning,Google Search,2024-09-21,Beauty,Mobile,Hibernating
CUS-06308,35-44,Female,UK,Returning,Meta Ads,2023-07-18,Dresses,Desktop,Discount Seekers
CUS-06309,25-34,Female,UK,Returning,Email,2023-07-23,Dresses,Mobile,Discount Seekers
CUS-06310,45-54,Female,Netherlands,Returning,TikTok Ads,2023-10-28,Accessories,Desktop,Potential Loyalists
CUS-06311,18-24,Male,Poland,Returning,Organic Search,2023-07-14,Jeans,Mobile,Discount Seekers
CUS-06312,45-54,Female,France,New,Display Ads,2025-07-29,Accessories,Mobile,New Customers
CUS-06313,18-24,Female,France,Returning,Organic Search,2023-07-20,Accessories,Desktop,Hibernating
CUS-06314,45-54,Female,Germany,New,Meta Ads,2025-11-09,Beauty,Mobile,New Customers
CUS-06315,25-34,Male,Italy,Returning,Meta Ads,2024-01-06,Dresses,Tablet,Loyal Customers
CUS-06316,18-24,Female,Germany,Returning,Google Search,2024-12-29,Shoes,Mobile,Champions
CUS-06317,25-34,Female,Italy,Returning,TikTok Ads,2024-11-05,Shoes,Mobile,High-Value Customers
CUS-06318,35-44,Non-binary/Other,UK,New,TikTok Ads,2025-06-26,Beauty,Desktop,New Customers
CUS-06319,25-34,Female,Italy,Returning,Meta Ads,2025-03-24,Beauty,Desktop,Potential Loyalists
CUS-06320,18-24,Female,France,Returning,TikTok Ads,2023-12-08,Sportswear,Mobile,Potential Loyalists
CUS-06321,45-54,Male,Netherlands,Returning,Meta Ads,2023-10-19,Beauty,Desktop,Potential Loyalists
CUS-06322,18-24,Non-binary/Other,Germany,Returning,Meta Ads,2025-04-01,Shoes,Mobile,Discount Seekers
CUS-06323,35-44,Male,Germany,Returning,Google Search,2024-03-19,Bags,Mobile,Champions
CUS-06324,18-24,Female,Poland,Returning,Organic Search,2023-09-19,Shoes,Mobile,Loyal Customers
CUS-06325,55+,Male,Spain,Returning,Organic Search,2024-08-18,Jeans,Mobile,Hibernating
CUS-06326,25-34,Male,Netherlands,New,Meta Ads,2025-11-28,Beauty,Desktop,New Customers
CUS-06327,35-44,Male,France,Returning,Email,2023-12-25,Jeans,Desktop,Loyal Customers
CUS-06328,18-24,Female,Italy,Returning,Organic Search,2023-09-27,Bags,Mobile,Champions
CUS-06329,25-34,Male,France,Returning,Meta Ads,2024-08-18,Shoes,Desktop,Loyal Customers
CUS-06330,35-44,Female,Spain,Returning,Google Search,2024-04-24,Jeans,Mobile,Loyal Customers
CUS-06331,18-24,Female,UK,Returning,Email,2024-03-04,Bags,Desktop,Champions
CUS-06332,25-34,Female,Poland,Returning,Google Search,2024-10-31,Accessories,Desktop,Loyal Customers
CUS-06333,25-34,Male,France,Returning,Email,2023-02-19,Accessories,Mobile,Hibernating
CUS-06334,35-44,Male,France,Returning,TikTok Ads,2025-03-14,Dresses,Tablet,Discount Seekers
CUS-06335,25-34,Female,Spain,Returning,Google Search,2024-04-29,Jeans,Mobile,Discount Seekers
CUS-06336,25-34,Female,Germany,Returning,Meta Ads,2023-10-12,Sportswear,Mobile,Potential Loyalists
CUS-06337,18-24,Female,Italy,Returning,TikTok Ads,2023-11-12,Sportswear,Mobile,Potential Loyalists
CUS-06338,25-34,Male,Poland,Returning,Email,2024-04-21,Jackets,Desktop,High-Value Customers
CUS-06339,35-44,Male,France,Returning,Affiliate,2023-07-21,Accessories,Mobile,Hibernating
CUS-06340,18-24,Female,UK,New,Google Search,2025-10-03,Sportswear,Mobile,New Customers
CUS-06341,25-34,Male,France,Returning,Meta Ads,2024-03-29,Shoes,Mobile,Loyal Customers
CUS-06342,25-34,Female,France,Returning,Google Search,2024-06-28,Beauty,Mobile,Potential Loyalists
CUS-06343,35-44,Non-binary/Other,Italy,New,Google Search,2025-11-05,Sportswear,Desktop,New Customers
CUS-06344,55+,Female,Germany,New,TikTok Ads,2025-06-14,Sportswear,Mobile,New Customers
CUS-06345,25-34,Female,France,Returning,Organic Search,2024-12-02,Shoes,Desktop,Champions
CUS-06346,45-54,Female,France,Returning,Affiliate,2024-04-11,Shoes,Mobile,High-Value Customers
CUS-06347,35-44,Male,UK,New,TikTok Ads,2025-10-15,Accessories,Desktop,New Customers
CUS-06348,45-54,Female,Italy,Returning,Display Ads,2023-08-31,Bags,Mobile,At Risk
CUS-06349,35-44,Female,France,Returning,TikTok Ads,2023-04-12,Accessories,Mobile,Loyal Customers
CUS-06350,35-44,Male,Germany,Returning,Organic Search,2024-02-04,Shoes,Mobile,Hibernating
CUS-06351,45-54,Male,Italy,Returning,Google Search,2024-01-07,Shoes,Tablet,Hibernating
CUS-06352,18-24,Female,Spain,Returning,Organic Search,2023-07-23,Jackets,Desktop,Champions
CUS-06353,35-44,Male,Italy,Returning,Meta Ads,2024-11-02,Shoes,Tablet,At Risk
CUS-06354,35-44,Female,Poland,Returning,Organic Search,2024-10-16,Bags,Mobile,At Risk
CUS-06355,35-44,Male,UK,Returning,Google Search,2023-10-26,Sportswear,Mobile,Discount Seekers
CUS-06356,25-34,Male,France,Returning,Meta Ads,2024-11-06,Dresses,Mobile,Loyal Customers
CUS-06357,45-54,Female,Germany,Returning,Meta Ads,2023-12-14,Sportswear,Desktop,Discount Seekers
CUS-06358,45-54,Male,Spain,New,Meta Ads,2025-10-24,Sportswear,Mobile,New Customers
CUS-06359,25-34,Female,Germany,Returning,Google Search,2023-10-30,Jackets,Mobile,Champions
CUS-06360,35-44,Female,Germany,Returning,Email,2024-09-11,Accessories,Tablet,Loyal Customers
CUS-06361,45-54,Male,Spain,Returning,Email,2023-04-07,Dresses,Mobile,Loyal Customers
CUS-06362,35-44,Male,Italy,Returning,Google Search,2023-07-01,Sportswear,Mobile,Potential Loyalists
CUS-06363,55+,Female,UK,New,TikTok Ads,2025-10-04,Accessories,Mobile,New Customers
CUS-06364,18-24,Female,UK,Returning,Google Search,2023-07-08,Accessories,Mobile,Hibernating
CUS-06365,35-44,Male,France,Returning,Organic Search,2023-04-14,Jeans,Mobile,Loyal Customers
CUS-06366,35-44,Female,Germany,Returning,Google Search,2023-12-13,Jackets,Desktop,High-Value Customers
CUS-06367,18-24,Female,Germany,Returning,Google Search,2024-05-19,Accessories,Mobile,Loyal Customers
CUS-06368,35-44,Male,Germany,Returning,Meta Ads,2024-06-13,Dresses,Desktop,At Risk
CUS-06369,25-34,Female,Italy,Returning,Google Search,2024-02-16,Jeans,Mobile,Discount Seekers
CUS-06370,25-34,Male,France,Returning,Google Search,2023-09-26,Shoes,Mobile,Discount Seekers
CUS-06371,18-24,Female,UK,Returning,Display Ads,2023-04-19,Bags,Tablet,At Risk
CUS-06372,25-34,Female,Germany,Returning,Google Search,2023-08-24,Beauty,Tablet,Hibernating
CUS-06373,25-34,Male,Germany,Returning,Email,2023-02-05,Jeans,Mobile,Loyal Customers
CUS-06374,25-34,Female,Poland,Returning,Organic Search,2023-10-19,Jackets,Mobile,Champions
CUS-06375,25-34,Female,Germany,New,Google Search,2025-07-04,Sportswear,Mobile,New Customers
CUS-06376,35-44,Female,France,Returning,Email,2024-02-08,Bags,Tablet,Champions
CUS-06377,25-34,Male,France,Returning,Affiliate,2024-11-24,Sportswear,Mobile,Potential Loyalists
CUS-06378,45-54,Female,Germany,Returning,Email,2023-10-14,Accessories,Mobile,Loyal Customers
CUS-06379,25-34,Female,Netherlands,Returning,Google Search,2025-06-09,Dresses,Mobile,Discount Seekers
CUS-06380,35-44,Female,Germany,Returning,Meta Ads,2024-07-20,Shoes,Desktop,Discount Seekers
CUS-06381,25-34,Male,Germany,Returning,Organic Search,2024-12-18,Jeans,Desktop,Hibernating
CUS-06382,55+,Female,Netherlands,Returning,Google Search,2024-09-30,Jeans,Mobile,Hibernating
CUS-06383,25-34,Female,UK,Returning,Google Search,2023-01-01,Shoes,Mobile,Loyal Customers
CUS-06384,35-44,Male,Italy,Returning,Email,2023-05-10,Shoes,Mobile,Champions
CUS-06385,35-44,Female,Italy,Returning,Google Search,2024-11-02,Jeans,Mobile,At Risk
CUS-06386,35-44,Male,France,Returning,Organic Search,2024-05-01,Dresses,Mobile,At Risk
CUS-06387,45-54,Female,Germany,Returning,Organic Search,2025-01-27,Accessories,Mobile,Potential Loyalists
CUS-06388,35-44,Female,Spain,New,Meta Ads,2025-10-30,Accessories,Desktop,New Customers
CUS-06389,25-34,Male,UK,New,Affiliate,2025-08-25,Shoes,Mobile,New Customers
CUS-06390,35-44,Male,Poland,Returning,Organic Search,2024-07-18,Dresses,Mobile,Loyal Customers
CUS-06391,55+,Male,Netherlands,Returning,TikTok Ads,2024-11-16,Accessories,Desktop,Potential Loyalists
CUS-06392,25-34,Male,Germany,Returning,Meta Ads,2024-02-18,Beauty,Mobile,Potential Loyalists
CUS-06393,45-54,Female,France,Returning,TikTok Ads,2023-04-08,Jeans,Desktop,At Risk
CUS-06394,25-34,Female,Poland,Returning,Google Search,2024-08-06,Jackets,Desktop,High-Value Customers
CUS-06395,18-24,Male,Italy,New,Meta Ads,2025-11-06,Beauty,Mobile,New Customers
CUS-06396,18-24,Female,UK,Returning,Google Search,2023-12-21,Accessories,Mobile,Hibernating
CUS-06397,25-34,Female,Germany,Returning,Display Ads,2024-01-14,Shoes,Mobile,Hibernating
CUS-06398,55+,Female,UK,Returning,Affiliate,2023-07-29,Dresses,Mobile,Loyal Customers
CUS-06399,35-44,Non-binary/Other,Poland,Returning,Email,2024-03-05,Dresses,Mobile,At Risk
CUS-06400,55+,Male,Germany,New,Display Ads,2025-09-24,Shoes,Desktop,New Customers
CUS-06401,35-44,Male,Germany,New,Organic Search,2025-08-09,Beauty,Mobile,New Customers
CUS-06402,55+,Male,Germany,Returning,Organic Search,2024-07-26,Jackets,Desktop,Champions
CUS-06403,25-34,Non-binary/Other,Spain,Returning,Email,2024-12-19,Sportswear,Mobile,Discount Seekers
CUS-06404,25-34,Female,Netherlands,Returning,Email,2024-12-09,Bags,Mobile,High-Value Customers
CUS-06405,35-44,Female,Spain,Returning,Google Search,2024-08-01,Jackets,Mobile,Champions
CUS-06406,18-24,Male,Italy,Returning,TikTok Ads,2023-03-02,Dresses,Desktop,Loyal Customers
CUS-06407,35-44,Male,France,Returning,Email,2023-08-13,Accessories,Mobile,Loyal Customers
CUS-06408,18-24,Female,Germany,Returning,TikTok Ads,2024-01-19,Accessories,Desktop,Hibernating
CUS-06409,25-34,Female,France,Returning,Meta Ads,2024-01-09,Dresses,Mobile,At Risk
CUS-06410,25-34,Male,France,Returning,Display Ads,2023-07-18,Shoes,Mobile,Loyal Customers
CUS-06411,25-34,Male,Germany,Returning,Email,2023-10-19,Jeans,Mobile,Hibernating
CUS-06412,35-44,Female,France,Returning,TikTok Ads,2024-08-27,Accessories,Mobile,Potential Loyalists
CUS-06413,25-34,Female,France,New,Organic Search,2025-08-01,Beauty,Mobile,New Customers
CUS-06414,35-44,Female,Italy,Returning,TikTok Ads,2024-01-03,Sportswear,Desktop,Potential Loyalists
CUS-06415,18-24,Male,Netherlands,New,Google Search,2025-11-22,Sportswear,Desktop,New Customers
CUS-06416,35-44,Female,Germany,New,TikTok Ads,2025-07-30,Beauty,Mobile,New Customers
CUS-06417,35-44,Female,Germany,Returning,Affiliate,2024-02-10,Sportswear,Tablet,Potential Loyalists
CUS-06418,55+,Non-binary/Other,France,New,Organic Search,2025-08-29,Accessories,Desktop,New Customers
CUS-06419,18-24,Male,Germany,Returning,Email,2023-09-14,Sportswear,Mobile,Discount Seekers
CUS-06420,45-54,Female,France,New,Google Search,2025-06-22,Sportswear,Mobile,New Customers
CUS-06421,35-44,Male,Spain,Returning,Email,2025-04-01,Sportswear,Mobile,Discount Seekers
CUS-06422,18-24,Male,Netherlands,New,Meta Ads,2025-06-10,Accessories,Mobile,New Customers
CUS-06423,35-44,Male,Germany,Returning,Affiliate,2023-11-22,Beauty,Desktop,Hibernating
CUS-06424,35-44,Female,Netherlands,Returning,Organic Search,2023-06-09,Sportswear,Mobile,Potential Loyalists
CUS-06425,55+,Female,France,Returning,Meta Ads,2023-09-19,Jeans,Mobile,Hibernating
CUS-06426,25-34,Male,Spain,Returning,Email,2023-11-24,Accessories,Mobile,Loyal Customers
CUS-06427,55+,Female,Germany,Returning,Affiliate,2024-01-09,Jackets,Desktop,Champions
CUS-06428,25-34,Female,Germany,Returning,Email,2024-09-07,Jeans,Tablet,Loyal Customers
CUS-06429,35-44,Female,Italy,Returning,Email,2024-11-03,Sportswear,Desktop,Champions
CUS-06430,25-34,Female,UK,Returning,TikTok Ads,2025-02-26,Shoes,Desktop,Discount Seekers
CUS-06431,25-34,Male,Germany,Returning,Email,2025-03-06,Shoes,Mobile,High-Value Customers
CUS-06432,45-54,Female,Italy,Returning,Affiliate,2024-07-25,Beauty,Desktop,Hibernating
CUS-06433,25-34,Female,Italy,Returning,Email,2023-01-27,Accessories,Desktop,Loyal Customers
CUS-06434,35-44,Female,France,Returning,Organic Search,2023-10-05,Sportswear,Mobile,Discount Seekers
CUS-06435,35-44,Female,Spain,Returning,Google Search,2024-10-09,Beauty,Tablet,Hibernating
CUS-06436,18-24,Male,Netherlands,Returning,Google Search,2023-10-21,Beauty,Mobile,Potential Loyalists
CUS-06437,35-44,Female,France,New,Meta Ads,2025-09-20,Shoes,Desktop,New Customers
CUS-06438,18-24,Male,France,Returning,TikTok Ads,2024-04-20,Bags,Mobile,At Risk
CUS-06439,45-54,Female,Germany,Returning,Email,2024-06-09,Bags,Tablet,Champions
CUS-06440,25-34,Male,France,New,Meta Ads,2025-11-16,Shoes,Mobile,New Customers
CUS-06441,35-44,Male,Spain,Returning,Display Ads,2023-09-10,Accessories,Mobile,Hibernating
CUS-06442,35-44,Female,Germany,Returning,Organic Search,2023-05-13,Jeans,Mobile,Loyal Customers
CUS-06443,45-54,Female,Germany,New,Email,2025-06-28,Sportswear,Mobile,New Customers
CUS-06444,25-34,Male,France,New,TikTok Ads,2025-11-30,Shoes,Tablet,New Customers
CUS-06445,35-44,Male,Poland,Returning,Organic Search,2023-05-28,Shoes,Desktop,Hibernating
CUS-06446,45-54,Male,Italy,Returning,Email,2023-07-19,Jackets,Mobile,High-Value Customers
CUS-06447,25-34,Male,UK,Returning,TikTok Ads,2025-04-30,Shoes,Desktop,Discount Seekers
CUS-06448,55+,Female,Poland,Returning,Meta Ads,2023-04-03,Jeans,Mobile,At Risk
CUS-06449,35-44,Male,Italy,Returning,TikTok Ads,2023-03-17,Shoes,Desktop,At Risk
CUS-06450,25-34,Male,UK,Returning,Email,2023-04-06,Dresses,Mobile,At Risk
CUS-06451,25-34,Female,UK,New,Meta Ads,2025-06-02,Accessories,Mobile,New Customers
CUS-06452,45-54,Female,Italy,Returning,TikTok Ads,2023-11-17,Sportswear,Mobile,Champions
CUS-06453,35-44,Female,Netherlands,Returning,Organic Search,2023-01-05,Jeans,Desktop,At Risk
CUS-06454,18-24,Male,Germany,Returning,TikTok Ads,2024-07-05,Shoes,Mobile,Hibernating
CUS-06455,35-44,Female,Germany,New,Organic Search,2025-07-23,Beauty,Mobile,New Customers
CUS-06456,18-24,Female,Spain,Returning,Affiliate,2024-05-09,Dresses,Desktop,Discount Seekers
CUS-06457,45-54,Male,Netherlands,Returning,Meta Ads,2024-04-29,Dresses,Mobile,At Risk
CUS-06458,35-44,Male,Spain,Returning,Affiliate,2023-08-04,Sportswear,Mobile,Potential Loyalists
CUS-06459,55+,Female,Germany,Returning,Meta Ads,2024-03-10,Jackets,Desktop,Champions
CUS-06460,18-24,Male,Spain,Returning,Email,2023-04-28,Bags,Mobile,Champions
CUS-06461,25-34,Female,Germany,Returning,Organic Search,2024-11-07,Sportswear,Desktop,Potential Loyalists
CUS-06462,35-44,Female,UK,New,TikTok Ads,2025-10-23,Beauty,Mobile,New Customers
CUS-06463,18-24,Male,France,Returning,Google Search,2024-11-09,Dresses,Mobile,Loyal Customers
CUS-06464,25-34,Female,Italy,Returning,Email,2024-06-11,Shoes,Mobile,Loyal Customers
CUS-06465,35-44,Male,UK,Returning,TikTok Ads,2025-03-24,Dresses,Desktop,Loyal Customers
CUS-06466,25-34,Male,UK,Returning,Google Search,2023-08-19,Beauty,Desktop,Hibernating
CUS-06467,25-34,Female,Poland,Returning,Affiliate,2024-05-14,Beauty,Mobile,Hibernating
CUS-06468,35-44,Female,France,Returning,Display Ads,2024-08-05,Sportswear,Desktop,Potential Loyalists
CUS-06469,25-34,Female,Poland,Returning,Organic Search,2023-04-23,Accessories,Mobile,Loyal Customers
CUS-06470,35-44,Female,Netherlands,Returning,Affiliate,2024-10-05,Shoes,Mobile,Loyal Customers
CUS-06471,18-24,Male,Germany,Returning,Email,2025-01-22,Shoes,Mobile,Champions
CUS-06472,35-44,Female,Germany,Returning,Meta Ads,2025-01-30,Beauty,Tablet,Potential Loyalists
CUS-06473,25-34,Female,Germany,Returning,Organic Search,2024-04-01,Jackets,Mobile,Champions
CUS-06474,35-44,Male,UK,Returning,Google Search,2025-01-10,Accessories,Mobile,Potential Loyalists
CUS-06475,55+,Female,Poland,Returning,Email,2025-01-06,Dresses,Desktop,High-Value Customers
CUS-06476,55+,Female,France,New,TikTok Ads,2025-11-05,Sportswear,Mobile,New Customers
CUS-06477,45-54,Female,France,Returning,Meta Ads,2024-09-19,Jeans,Mobile,Hibernating
CUS-06478,55+,Male,Germany,Returning,Meta Ads,2024-03-17,Shoes,Mobile,Loyal Customers
CUS-06479,25-34,Female,France,Returning,Meta Ads,2023-07-07,Shoes,Mobile,Loyal Customers
CUS-06480,45-54,Female,Italy,Returning,Google Search,2024-05-12,Sportswear,Desktop,Discount Seekers
CUS-06481,35-44,Male,Netherlands,Returning,Google Search,2024-06-29,Accessories,Desktop,Potential Loyalists
CUS-06482,18-24,Male,UK,Returning,Google Search,2023-09-15,Jeans,Mobile,At Risk
CUS-06483,25-34,Female,UK,Returning,Organic Search,2024-10-07,Dresses,Mobile,High-Value Customers
CUS-06484,25-34,Male,Netherlands,New,Google Search,2025-08-01,Shoes,Mobile,New Customers
CUS-06485,25-34,Male,UK,Returning,Organic Search,2024-07-11,Shoes,Mobile,Potential Loyalists
CUS-06486,35-44,Male,Germany,New,Display Ads,2025-09-07,Beauty,Mobile,New Customers
CUS-06487,25-34,Female,Netherlands,Returning,Google Search,2023-03-04,Sportswear,Mobile,Champions
CUS-06488,18-24,Male,France,Returning,Meta Ads,2023-03-04,Accessories,Mobile,Loyal Customers
CUS-06489,25-34,Female,Italy,Returning,TikTok Ads,2023-12-16,Jackets,Mobile,Champions
CUS-06490,25-34,Non-binary/Other,France,Returning,Organic Search,2024-08-30,Sportswear,Desktop,Discount Seekers
CUS-06491,35-44,Female,France,Returning,TikTok Ads,2024-02-22,Dresses,Mobile,At Risk
CUS-06492,45-54,Female,Spain,Returning,Organic Search,2024-07-19,Sportswear,Mobile,Potential Loyalists
CUS-06493,35-44,Non-binary/Other,Netherlands,Returning,TikTok Ads,2024-01-02,Dresses,Tablet,Loyal Customers
CUS-06494,25-34,Female,Spain,Returning,Google Search,2024-02-23,Dresses,Desktop,At Risk
CUS-06495,25-34,Non-binary/Other,Italy,Returning,TikTok Ads,2025-04-06,Dresses,Desktop,Discount Seekers
CUS-06496,18-24,Female,Poland,Returning,Google Search,2023-08-17,Shoes,Mobile,Potential Loyalists
CUS-06497,25-34,Female,France,Returning,Organic Search,2023-11-09,Beauty,Mobile,Potential Loyalists
CUS-06498,35-44,Female,Germany,Returning,Email,2024-04-28,Dresses,Mobile,Discount Seekers
CUS-06499,25-34,Female,UK,Returning,Affiliate,2025-02-23,Shoes,Mobile,Discount Seekers
CUS-06500,35-44,Female,Netherlands,Returning,Email,2024-08-08,Jeans,Mobile,Discount Seekers
CUS-06501,18-24,Female,France,Returning,Google Search,2023-10-02,Sportswear,Desktop,Potential Loyalists
CUS-06502,18-24,Female,Germany,Returning,Email,2024-09-23,Dresses,Mobile,Loyal Customers
CUS-06503,18-24,Male,UK,New,Meta Ads,2025-06-08,Accessories,Mobile,New Customers
CUS-06504,35-44,Male,Germany,Returning,Google Search,2025-03-29,Sportswear,Mobile,Potential Loyalists
CUS-06505,55+,Female,Netherlands,Returning,Meta Ads,2024-11-04,Jeans,Mobile,Discount Seekers
CUS-06506,55+,Female,Italy,Returning,Google Search,2024-09-04,Jackets,Mobile,Champions
CUS-06507,25-34,Male,France,Returning,Email,2023-04-16,Shoes,Mobile,At Risk
CUS-06508,18-24,Female,Netherlands,Returning,Meta Ads,2024-09-10,Shoes,Desktop,Discount Seekers
CUS-06509,25-34,Female,Spain,Returning,Organic Search,2023-02-03,Dresses,Mobile,High-Value Customers
CUS-06510,25-34,Female,Netherlands,Returning,Meta Ads,2024-10-10,Bags,Desktop,At Risk
CUS-06511,25-34,Male,Germany,Returning,Email,2023-09-05,Dresses,Desktop,Discount Seekers
CUS-06512,55+,Male,Germany,Returning,Email,2024-02-24,Sportswear,Mobile,Champions
CUS-06513,35-44,Female,Spain,Returning,Meta Ads,2024-03-14,Beauty,Mobile,Potential Loyalists
CUS-06514,25-34,Male,France,Returning,Organic Search,2024-09-24,Jackets,Desktop,Champions
CUS-06515,45-54,Male,Germany,Returning,Email,2024-10-26,Dresses,Mobile,High-Value Customers
CUS-06516,45-54,Male,France,Returning,Email,2023-06-29,Jeans,Mobile,Discount Seekers
CUS-06517,25-34,Female,Germany,Returning,Organic Search,2023-05-16,Sportswear,Mobile,Champions
CUS-06518,25-34,Female,Germany,Returning,Google Search,2024-12-19,Bags,Mobile,Champions
CUS-06519,25-34,Female,France,Returning,Organic Search,2024-10-12,Sportswear,Mobile,Potential Loyalists
CUS-06520,18-24,Male,Netherlands,Returning,Google Search,2024-07-04,Dresses,Mobile,Loyal Customers
CUS-06521,18-24,Female,Germany,Returning,Google Search,2024-01-11,Dresses,Mobile,Discount Seekers
CUS-06522,25-34,Female,Netherlands,Returning,Meta Ads,2024-01-10,Dresses,Mobile,Loyal Customers
CUS-06523,25-34,Female,Italy,Returning,Meta Ads,2024-03-30,Shoes,Mobile,Hibernating
CUS-06524,35-44,Male,UK,New,Google Search,2025-12-07,Sportswear,Mobile,New Customers
CUS-06525,35-44,Male,UK,Returning,Organic Search,2025-05-08,Shoes,Mobile,Potential Loyalists
CUS-06526,18-24,Male,Italy,Returning,Email,2023-01-18,Accessories,Desktop,Loyal Customers
CUS-06527,35-44,Male,Germany,Returning,Email,2023-06-23,Shoes,Desktop,High-Value Customers
CUS-06528,25-34,Female,UK,Returning,Affiliate,2023-11-01,Dresses,Mobile,At Risk
CUS-06529,25-34,Female,Poland,New,TikTok Ads,2025-08-11,Beauty,Mobile,New Customers
CUS-06530,45-54,Female,UK,Returning,TikTok Ads,2024-06-16,Shoes,Mobile,Potential Loyalists
CUS-06531,45-54,Female,Italy,Returning,Affiliate,2025-08-05,Sportswear,Mobile,Discount Seekers
CUS-06532,25-34,Female,Poland,Returning,Affiliate,2024-03-21,Shoes,Mobile,Hibernating
CUS-06533,35-44,Male,Germany,Returning,Email,2024-06-06,Beauty,Desktop,Hibernating
CUS-06534,25-34,Non-binary/Other,Germany,Returning,Organic Search,2023-10-23,Bags,Mobile,At Risk
CUS-06535,45-54,Male,UK,Returning,Affiliate,2024-12-15,Sportswear,Mobile,Discount Seekers
CUS-06536,45-54,Male,Italy,Returning,Google Search,2023-12-16,Shoes,Mobile,Potential Loyalists
CUS-06537,18-24,Male,Italy,Returning,Google Search,2024-12-01,Jeans,Mobile,At Risk
CUS-06538,18-24,Male,Germany,Returning,Google Search,2025-06-10,Shoes,Mobile,Potential Loyalists
CUS-06539,25-34,Female,Netherlands,Returning,Email,2024-04-27,Shoes,Mobile,At Risk
CUS-06540,25-34,Male,Germany,Returning,Google Search,2023-02-20,Dresses,Mobile,High-Value Customers
CUS-06541,25-34,Female,UK,Returning,TikTok Ads,2023-07-12,Bags,Mobile,High-Value Customers
CUS-06542,35-44,Male,Poland,New,Google Search,2025-07-30,Beauty,Mobile,New Customers
CUS-06543,35-44,Female,Netherlands,New,Organic Search,2025-11-18,Beauty,Mobile,New Customers
CUS-06544,35-44,Male,Spain,Returning,Google Search,2024-10-19,Jeans,Mobile,Discount Seekers
CUS-06545,25-34,Male,UK,Returning,Google Search,2024-08-25,Shoes,Mobile,High-Value Customers
CUS-06546,25-34,Female,UK,Returning,Organic Search,2024-05-18,Shoes,Mobile,Hibernating
CUS-06547,55+,Female,Poland,Returning,Meta Ads,2023-10-21,Sportswear,Desktop,Champions
CUS-06548,35-44,Male,Germany,Returning,Meta Ads,2025-06-29,Shoes,Mobile,Potential Loyalists
CUS-06549,35-44,Male,UK,Returning,Google Search,2025-05-01,Dresses,Tablet,Discount Seekers
CUS-06550,35-44,Female,Italy,Returning,Organic Search,2024-07-09,Jeans,Mobile,Hibernating
CUS-06551,18-24,Female,Italy,Returning,Email,2024-01-24,Beauty,Mobile,Hibernating
CUS-06552,25-34,Female,UK,Returning,Meta Ads,2024-08-13,Shoes,Mobile,At Risk
CUS-06553,25-34,Female,France,Returning,Email,2023-06-26,Accessories,Desktop,Potential Loyalists
CUS-06554,25-34,Female,Spain,Returning,Organic Search,2025-05-20,Beauty,Desktop,Potential Loyalists
CUS-06555,25-34,Female,Italy,Returning,Affiliate,2024-06-01,Shoes,Mobile,Hibernating
CUS-06556,55+,Female,UK,Returning,Meta Ads,2024-10-16,Beauty,Mobile,Potential Loyalists
CUS-06557,35-44,Female,Netherlands,Returning,TikTok Ads,2023-01-15,Bags,Mobile,At Risk
CUS-06558,45-54,Female,Italy,Returning,Affiliate,2023-02-10,Beauty,Desktop,Hibernating
CUS-06559,55+,Female,France,Returning,Meta Ads,2025-02-20,Sportswear,Mobile,Discount Seekers
CUS-06560,25-34,Female,Italy,Returning,Google Search,2023-10-05,Accessories,Mobile,Potential Loyalists
CUS-06561,45-54,Female,France,Returning,Email,2023-04-22,Beauty,Mobile,Hibernating
CUS-06562,18-24,Male,Spain,Returning,Meta Ads,2023-06-28,Jeans,Mobile,Loyal Customers
CUS-06563,55+,Male,Spain,Returning,Email,2024-06-25,Shoes,Desktop,Loyal Customers
CUS-06564,25-34,Female,UK,Returning,Meta Ads,2025-07-07,Beauty,Mobile,Potential Loyalists
CUS-06565,35-44,Female,Germany,Returning,Affiliate,2023-03-27,Jackets,Mobile,Champions
CUS-06566,45-54,Female,UK,Returning,Meta Ads,2024-11-06,Jeans,Mobile,Discount Seekers
CUS-06567,45-54,Male,UK,Returning,Meta Ads,2025-03-30,Jeans,Mobile,Discount Seekers
CUS-06568,45-54,Female,Netherlands,Returning,Meta Ads,2024-05-10,Bags,Mobile,Champions
CUS-06569,35-44,Male,Italy,Returning,Affiliate,2024-05-04,Dresses,Mobile,Discount Seekers
CUS-06570,35-44,Male,Poland,New,Affiliate,2025-09-05,Accessories,Mobile,New Customers
CUS-06571,35-44,Female,UK,Returning,Google Search,2024-07-14,Shoes,Mobile,At Risk
CUS-06572,35-44,Male,Netherlands,Returning,Affiliate,2025-01-20,Sportswear,Desktop,Discount Seekers
CUS-06573,25-34,Male,UK,New,Meta Ads,2025-11-25,Beauty,Tablet,New Customers
CUS-06574,18-24,Male,Spain,Returning,Organic Search,2025-03-08,Jeans,Desktop,Loyal Customers
CUS-06575,45-54,Male,France,Returning,Organic Search,2023-10-10,Shoes,Mobile,Champions
CUS-06576,55+,Female,France,New,Google Search,2025-08-17,Sportswear,Mobile,New Customers
CUS-06577,25-34,Female,Spain,Returning,Google Search,2024-03-15,Dresses,Mobile,Discount Seekers
CUS-06578,25-34,Female,Netherlands,New,Meta Ads,2025-11-24,Beauty,Desktop,New Customers
CUS-06579,18-24,Male,France,Returning,Google Search,2024-07-16,Sportswear,Mobile,Potential Loyalists
CUS-06580,25-34,Female,Netherlands,Returning,Email,2024-06-13,Sportswear,Desktop,Champions
CUS-06581,35-44,Male,Germany,Returning,TikTok Ads,2023-07-13,Jeans,Desktop,Discount Seekers
CUS-06582,25-34,Female,Italy,Returning,TikTok Ads,2025-02-17,Shoes,Mobile,Potential Loyalists
CUS-06583,25-34,Female,Spain,Returning,Meta Ads,2024-07-19,Jeans,Mobile,At Risk
CUS-06584,25-34,Male,Italy,Returning,Organic Search,2023-07-05,Dresses,Mobile,At Risk
CUS-06585,25-34,Female,Italy,Returning,Google Search,2024-07-24,Jeans,Mobile,Loyal Customers
CUS-06586,35-44,Female,Spain,Returning,Meta Ads,2024-03-11,Shoes,Mobile,Champions
CUS-06587,45-54,Male,Germany,Returning,Affiliate,2024-02-03,Beauty,Mobile,Potential Loyalists
CUS-06588,25-34,Female,Spain,Returning,Google Search,2023-09-22,Accessories,Desktop,Potential Loyalists
CUS-06589,18-24,Female,Germany,Returning,Google Search,2023-08-03,Shoes,Mobile,At Risk
CUS-06590,18-24,Female,Spain,Returning,Meta Ads,2024-03-15,Beauty,Desktop,Hibernating
CUS-06591,45-54,Male,Germany,Returning,Meta Ads,2024-08-07,Shoes,Mobile,Loyal Customers
CUS-06592,25-34,Male,Spain,New,Google Search,2025-12-08,Beauty,Desktop,New Customers
CUS-06593,18-24,Female,UK,Returning,Google Search,2024-01-14,Jackets,Mobile,Champions
CUS-06594,55+,Male,Poland,Returning,Google Search,2023-01-02,Dresses,Desktop,Loyal Customers
CUS-06595,25-34,Female,UK,Returning,Meta Ads,2023-07-05,Accessories,Desktop,Hibernating
CUS-06596,25-34,Male,Germany,Returning,Google Search,2023-03-19,Shoes,Mobile,Hibernating
CUS-06597,18-24,Female,UK,Returning,Organic Search,2023-03-24,Accessories,Desktop,Hibernating
CUS-06598,18-24,Female,France,Returning,Email,2024-03-18,Accessories,Mobile,Loyal Customers
CUS-06599,55+,Female,Poland,New,Google Search,2025-08-05,Sportswear,Mobile,New Customers
CUS-06600,35-44,Female,France,New,Google Search,2025-10-15,Beauty,Mobile,New Customers
CUS-06601,25-34,Female,Poland,Returning,Organic Search,2024-04-19,Shoes,Tablet,High-Value Customers
CUS-06602,25-34,Male,Poland,Returning,Meta Ads,2024-11-28,Jeans,Tablet,At Risk
CUS-06603,45-54,Female,UK,Returning,Google Search,2025-03-26,Jeans,Mobile,Discount Seekers
CUS-06604,35-44,Female,Italy,Returning,Email,2023-08-01,Jeans,Mobile,Loyal Customers
CUS-06605,25-34,Female,Netherlands,New,Organic Search,2025-06-26,Accessories,Mobile,New Customers
CUS-06606,45-54,Female,France,Returning,Display Ads,2023-12-24,Jeans,Desktop,Hibernating
CUS-06607,18-24,Female,Spain,Returning,Google Search,2025-04-11,Accessories,Desktop,Potential Loyalists
CUS-06608,45-54,Female,UK,Returning,Organic Search,2023-10-15,Dresses,Desktop,At Risk
CUS-06609,55+,Male,France,New,Meta Ads,2025-07-13,Accessories,Desktop,New Customers
CUS-06610,35-44,Male,UK,Returning,Organic Search,2023-11-27,Shoes,Desktop,High-Value Customers
CUS-06611,35-44,Male,France,Returning,Google Search,2024-10-01,Shoes,Mobile,Loyal Customers
CUS-06612,25-34,Male,France,Returning,TikTok Ads,2025-06-08,Dresses,Mobile,Discount Seekers
CUS-06613,45-54,Male,Italy,Returning,Google Search,2024-10-15,Beauty,Tablet,Potential Loyalists
CUS-06614,55+,Male,UK,New,Meta Ads,2025-10-03,Sportswear,Mobile,New Customers
CUS-06615,25-34,Male,France,New,Meta Ads,2025-12-09,Accessories,Mobile,New Customers
CUS-06616,18-24,Male,UK,Returning,Meta Ads,2024-05-24,Dresses,Mobile,Loyal Customers
CUS-06617,25-34,Female,Poland,Returning,Meta Ads,2023-09-13,Jackets,Mobile,High-Value Customers
CUS-06618,35-44,Female,Spain,Returning,Organic Search,2024-12-06,Shoes,Mobile,Discount Seekers
CUS-06619,25-34,Male,Italy,Returning,Email,2023-08-09,Dresses,Mobile,High-Value Customers
CUS-06620,25-34,Female,Italy,Returning,Meta Ads,2024-11-03,Shoes,Mobile,High-Value Customers
CUS-06621,45-54,Female,France,Returning,Display Ads,2024-09-09,Dresses,Mobile,At Risk
CUS-06622,55+,Male,UK,New,Google Search,2025-09-17,Beauty,Mobile,New Customers
CUS-06623,25-34,Male,UK,Returning,TikTok Ads,2024-10-04,Sportswear,Mobile,Discount Seekers
CUS-06624,45-54,Female,Italy,Returning,Meta Ads,2024-10-13,Bags,Mobile,Champions
CUS-06625,35-44,Non-binary/Other,Germany,Returning,Meta Ads,2024-12-07,Dresses,Mobile,Discount Seekers
CUS-06626,25-34,Male,Italy,New,TikTok Ads,2025-06-03,Shoes,Mobile,New Customers
CUS-06627,45-54,Female,Spain,Returning,Affiliate,2024-10-28,Dresses,Desktop,At Risk
CUS-06628,45-54,Female,France,Returning,TikTok Ads,2025-05-26,Shoes,Mobile,Potential Loyalists
CUS-06629,25-34,Female,France,Returning,Google Search,2024-12-15,Sportswear,Mobile,Potential Loyalists
CUS-06630,18-24,Male,UK,Returning,Email,2025-03-19,Jackets,Desktop,Champions
CUS-06631,25-34,Female,France,New,Meta Ads,2025-07-14,Sportswear,Mobile,New Customers
CUS-06632,55+,Female,UK,Returning,Google Search,2024-01-03,Sportswear,Mobile,Potential Loyalists
CUS-06633,25-34,Female,Netherlands,Returning,Affiliate,2023-11-11,Shoes,Desktop,Loyal Customers
CUS-06634,25-34,Male,France,Returning,Organic Search,2024-07-03,Jeans,Mobile,Loyal Customers
CUS-06635,25-34,Female,Italy,Returning,Organic Search,2024-05-26,Dresses,Desktop,At Risk
CUS-06636,45-54,Male,Italy,Returning,Affiliate,2024-12-23,Accessories,Mobile,Potential Loyalists
CUS-06637,25-34,Female,France,Returning,Affiliate,2023-09-14,Sportswear,Desktop,Discount Seekers
CUS-06638,25-34,Male,Italy,Returning,Google Search,2023-12-24,Shoes,Desktop,Loyal Customers
CUS-06639,25-34,Female,UK,New,TikTok Ads,2025-08-23,Shoes,Tablet,New Customers
CUS-06640,35-44,Female,Germany,Returning,Email,2025-03-17,Accessories,Mobile,Loyal Customers
CUS-06641,55+,Female,UK,New,TikTok Ads,2025-11-28,Shoes,Mobile,New Customers
CUS-06642,35-44,Female,UK,New,Display Ads,2025-09-22,Beauty,Mobile,New Customers
CUS-06643,45-54,Female,UK,Returning,Display Ads,2023-04-24,Jeans,Desktop,At Risk
CUS-06644,35-44,Female,Netherlands,New,TikTok Ads,2025-08-16,Accessories,Desktop,New Customers
CUS-06645,25-34,Female,France,New,TikTok Ads,2025-09-23,Beauty,Mobile,New Customers
CUS-06646,25-34,Female,Netherlands,Returning,Organic Search,2023-12-30,Shoes,Mobile,Loyal Customers
CUS-06647,35-44,Female,Italy,New,Google Search,2025-06-09,Sportswear,Mobile,New Customers
CUS-06648,18-24,Male,Germany,Returning,Meta Ads,2024-03-24,Beauty,Mobile,Potential Loyalists
CUS-06649,25-34,Female,Germany,Returning,Google Search,2024-12-24,Jeans,Mobile,At Risk
CUS-06650,45-54,Male,UK,New,TikTok Ads,2025-08-15,Shoes,Tablet,New Customers
CUS-06651,55+,Male,Germany,Returning,TikTok Ads,2023-06-19,Jeans,Tablet,Hibernating
CUS-06652,18-24,Female,Germany,New,Google Search,2025-07-03,Beauty,Mobile,New Customers
CUS-06653,25-34,Male,Poland,Returning,Email,2023-07-12,Accessories,Tablet,Loyal Customers
CUS-06654,18-24,Female,France,Returning,Organic Search,2025-01-13,Beauty,Mobile,Potential Loyalists
CUS-06655,45-54,Non-binary/Other,Netherlands,Returning,Google Search,2023-10-31,Bags,Mobile,Champions
CUS-06656,25-34,Male,Italy,New,Organic Search,2025-10-19,Beauty,Mobile,New Customers
CUS-06657,25-34,Female,Spain,Returning,Email,2025-06-10,Jeans,Desktop,Discount Seekers
CUS-06658,18-24,Female,Italy,Returning,TikTok Ads,2024-06-11,Shoes,Mobile,Hibernating
CUS-06659,55+,Male,UK,New,TikTok Ads,2025-07-19,Beauty,Mobile,New Customers
CUS-06660,25-34,Female,Poland,Returning,Google Search,2023-03-28,Shoes,Mobile,Loyal Customers
CUS-06661,18-24,Female,UK,Returning,Meta Ads,2024-05-15,Sportswear,Mobile,Discount Seekers
CUS-06662,25-34,Female,UK,Returning,Organic Search,2024-02-05,Sportswear,Desktop,Champions
CUS-06663,45-54,Female,Germany,Returning,Meta Ads,2023-07-23,Accessories,Mobile,Potential Loyalists
CUS-06664,35-44,Female,Poland,Returning,TikTok Ads,2024-09-11,Shoes,Desktop,Discount Seekers
CUS-06665,35-44,Non-binary/Other,Germany,Returning,Meta Ads,2024-10-12,Shoes,Desktop,Potential Loyalists
CUS-06666,35-44,Female,Italy,Returning,Email,2024-03-05,Accessories,Mobile,Loyal Customers
CUS-06667,35-44,Female,Germany,Returning,Organic Search,2023-03-12,Jeans,Mobile,Loyal Customers
CUS-06668,35-44,Female,Germany,Returning,Display Ads,2024-09-19,Dresses,Mobile,At Risk
CUS-06669,18-24,Female,Spain,Returning,Meta Ads,2024-03-23,Dresses,Mobile,Loyal Customers
CUS-06670,35-44,Male,Italy,Returning,Organic Search,2024-08-21,Bags,Mobile,At Risk
CUS-06671,18-24,Female,Netherlands,New,TikTok Ads,2025-10-10,Beauty,Mobile,New Customers
CUS-06672,35-44,Female,Spain,Returning,Organic Search,2024-09-30,Sportswear,Desktop,Potential Loyalists
CUS-06673,35-44,Male,Netherlands,Returning,Google Search,2024-06-29,Shoes,Desktop,Loyal Customers
CUS-06674,25-34,Female,Germany,Returning,Organic Search,2023-12-28,Beauty,Mobile,Hibernating
CUS-06675,25-34,Female,Italy,Returning,Meta Ads,2025-05-02,Shoes,Mobile,Potential Loyalists
CUS-06676,25-34,Male,Netherlands,Returning,Google Search,2024-03-21,Accessories,Mobile,Hibernating
CUS-06677,18-24,Female,Netherlands,New,Meta Ads,2025-08-26,Accessories,Mobile,New Customers
CUS-06678,35-44,Female,Spain,Returning,Email,2024-02-24,Sportswear,Desktop,Champions
CUS-06679,35-44,Male,Poland,New,TikTok Ads,2025-10-02,Beauty,Mobile,New Customers
CUS-06680,25-34,Female,UK,New,Affiliate,2025-10-31,Sportswear,Mobile,New Customers
CUS-06681,25-34,Female,Spain,New,Google Search,2025-07-20,Sportswear,Mobile,New Customers
CUS-06682,55+,Male,Germany,Returning,Organic Search,2024-09-23,Shoes,Mobile,Hibernating
CUS-06683,25-34,Female,UK,Returning,TikTok Ads,2024-11-20,Jeans,Mobile,Discount Seekers
CUS-06684,45-54,Female,Poland,Returning,Organic Search,2024-01-22,Shoes,Desktop,Hibernating
CUS-06685,25-34,Male,Germany,Returning,Display Ads,2024-09-18,Bags,Mobile,At Risk
CUS-06686,25-34,Female,Germany,New,Google Search,2025-10-17,Shoes,Mobile,New Customers
CUS-06687,55+,Male,France,Returning,Organic Search,2024-07-21,Dresses,Mobile,At Risk
CUS-06688,35-44,Male,UK,Returning,Affiliate,2025-05-27,Accessories,Desktop,Potential Loyalists
CUS-06689,18-24,Male,Poland,Returning,Email,2023-12-21,Accessories,Mobile,Hibernating
CUS-06690,18-24,Male,Germany,Returning,Meta Ads,2023-06-19,Jeans,Mobile,Discount Seekers
CUS-06691,45-54,Female,Germany,Returning,Google Search,2023-03-11,Jeans,Mobile,Loyal Customers
CUS-06692,35-44,Female,UK,Returning,Meta Ads,2023-08-17,Dresses,Desktop,Discount Seekers
CUS-06693,35-44,Female,UK,Returning,Meta Ads,2024-01-22,Shoes,Desktop,Discount Seekers
CUS-06694,18-24,Male,Italy,New,Google Search,2025-10-05,Accessories,Mobile,New Customers
CUS-06695,35-44,Male,Germany,Returning,Meta Ads,2025-07-08,Jeans,Mobile,Discount Seekers
CUS-06696,45-54,Female,Poland,Returning,Meta Ads,2025-03-24,Dresses,Desktop,Loyal Customers
CUS-06697,35-44,Male,Italy,Returning,Organic Search,2024-02-20,Bags,Mobile,Champions
CUS-06698,18-24,Male,Netherlands,Returning,TikTok Ads,2025-07-14,Beauty,Desktop,Potential Loyalists
CUS-06699,18-24,Male,Netherlands,New,Google Search,2025-08-22,Sportswear,Mobile,New Customers
CUS-06700,45-54,Non-binary/Other,Netherlands,Returning,Meta Ads,2025-01-01,Sportswear,Desktop,Potential Loyalists
CUS-06701,55+,Male,Italy,Returning,Google Search,2025-02-28,Dresses,Tablet,Discount Seekers
CUS-06702,55+,Female,UK,Returning,Meta Ads,2023-08-14,Accessories,Mobile,Loyal Customers
CUS-06703,18-24,Male,Netherlands,Returning,Google Search,2025-08-12,Accessories,Mobile,Potential Loyalists
CUS-06704,25-34,Female,Spain,Returning,Google Search,2023-07-30,Bags,Desktop,At Risk
CUS-06705,18-24,Female,Germany,Returning,Affiliate,2023-12-09,Sportswear,Mobile,Champions
CUS-06706,35-44,Female,Italy,Returning,Organic Search,2023-11-11,Jeans,Mobile,Hibernating
CUS-06707,35-44,Female,UK,Returning,Email,2025-04-19,Accessories,Mobile,Potential Loyalists
CUS-06708,35-44,Male,UK,Returning,Affiliate,2023-07-20,Dresses,Mobile,High-Value Customers
CUS-06709,35-44,Female,Germany,Returning,Meta Ads,2024-02-28,Jeans,Tablet,At Risk
CUS-06710,55+,Female,Germany,Returning,Meta Ads,2024-05-20,Sportswear,Desktop,Champions
CUS-06711,25-34,Male,Germany,Returning,Email,2023-04-08,Sportswear,Desktop,Champions
CUS-06712,35-44,Female,France,Returning,Meta Ads,2024-03-20,Bags,Desktop,Champions
CUS-06713,25-34,Female,Germany,Returning,Google Search,2023-08-26,Shoes,Mobile,High-Value Customers
CUS-06714,25-34,Male,UK,Returning,Meta Ads,2024-07-06,Bags,Desktop,At Risk
CUS-06715,45-54,Male,Germany,New,Organic Search,2025-12-11,Beauty,Mobile,New Customers
CUS-06716,45-54,Female,Spain,Returning,Google Search,2023-07-31,Shoes,Desktop,Loyal Customers
CUS-06717,18-24,Non-binary/Other,Spain,Returning,Affiliate,2024-11-05,Jeans,Mobile,Discount Seekers
CUS-06718,25-34,Female,UK,Returning,TikTok Ads,2023-11-08,Jeans,Mobile,Loyal Customers
CUS-06719,25-34,Female,Italy,Returning,Google Search,2024-09-13,Bags,Mobile,At Risk
CUS-06720,18-24,Male,France,Returning,TikTok Ads,2024-08-27,Jeans,Mobile,Hibernating
CUS-06721,25-34,Female,France,Returning,TikTok Ads,2024-08-17,Beauty,Mobile,Potential Loyalists
CUS-06722,35-44,Female,Germany,New,Display Ads,2025-08-25,Beauty,Mobile,New Customers
CUS-06723,45-54,Female,France,Returning,Email,2023-08-06,Jeans,Mobile,Loyal Customers
CUS-06724,55+,Female,Spain,Returning,Meta Ads,2024-11-11,Shoes,Mobile,Potential Loyalists
CUS-06725,35-44,Female,France,Returning,Organic Search,2025-02-07,Bags,Desktop,High-Value Customers
CUS-06726,18-24,Male,Germany,Returning,Organic Search,2023-09-28,Dresses,Mobile,At Risk
CUS-06727,25-34,Female,Spain,Returning,Meta Ads,2024-04-29,Dresses,Tablet,Discount Seekers
CUS-06728,35-44,Male,UK,New,Organic Search,2025-08-20,Accessories,Mobile,New Customers
CUS-06729,25-34,Female,Germany,Returning,Meta Ads,2025-01-01,Jeans,Tablet,Loyal Customers
CUS-06730,45-54,Male,Italy,Returning,Organic Search,2023-10-26,Shoes,Mobile,Hibernating
CUS-06731,25-34,Male,France,New,Google Search,2025-10-22,Sportswear,Mobile,New Customers
CUS-06732,35-44,Female,Poland,Returning,Organic Search,2024-07-23,Accessories,Desktop,Loyal Customers
CUS-06733,25-34,Male,Germany,Returning,Google Search,2023-12-13,Shoes,Mobile,Potential Loyalists
CUS-06734,25-34,Male,Spain,Returning,Display Ads,2023-09-10,Shoes,Mobile,At Risk
CUS-06735,35-44,Non-binary/Other,UK,Returning,Meta Ads,2024-10-02,Jeans,Mobile,Hibernating
CUS-06736,25-34,Female,UK,Returning,TikTok Ads,2023-12-26,Jeans,Mobile,Loyal Customers
CUS-06737,25-34,Female,France,Returning,Google Search,2024-10-09,Shoes,Desktop,Discount Seekers
CUS-06738,35-44,Female,Germany,Returning,TikTok Ads,2025-07-24,Beauty,Mobile,Potential Loyalists
CUS-06739,45-54,Female,France,Returning,Google Search,2023-09-23,Sportswear,Mobile,Potential Loyalists
CUS-06740,35-44,Female,Germany,Returning,Email,2023-06-10,Accessories,Mobile,Loyal Customers
CUS-06741,25-34,Male,Spain,Returning,Affiliate,2024-02-10,Beauty,Desktop,Hibernating
CUS-06742,25-34,Female,Germany,Returning,Google Search,2025-06-08,Shoes,Desktop,Potential Loyalists
CUS-06743,35-44,Male,Germany,New,Google Search,2025-12-05,Sportswear,Mobile,New Customers
CUS-06744,35-44,Male,Poland,Returning,Google Search,2023-05-30,Jeans,Mobile,Loyal Customers
CUS-06745,55+,Female,UK,Returning,Display Ads,2024-10-24,Jeans,Mobile,At Risk
CUS-06746,25-34,Female,Italy,Returning,Organic Search,2024-10-20,Jeans,Mobile,Hibernating
CUS-06747,18-24,Male,UK,Returning,Google Search,2025-01-03,Beauty,Mobile,Potential Loyalists
CUS-06748,25-34,Female,Germany,Returning,Display Ads,2024-11-08,Sportswear,Mobile,Discount Seekers
CUS-06749,18-24,Female,France,Returning,Meta Ads,2024-01-17,Sportswear,Mobile,Champions
CUS-06750,25-34,Female,Italy,Returning,Email,2023-12-24,Dresses,Mobile,Loyal Customers
CUS-06751,35-44,Male,Germany,Returning,Organic Search,2024-07-20,Bags,Mobile,At Risk
CUS-06752,25-34,Male,Germany,Returning,TikTok Ads,2024-06-10,Jeans,Mobile,At Risk
CUS-06753,25-34,Female,Spain,Returning,Google Search,2024-12-13,Shoes,Mobile,Loyal Customers
CUS-06754,18-24,Female,UK,New,Google Search,2025-10-06,Beauty,Mobile,New Customers
CUS-06755,45-54,Male,Germany,Returning,Google Search,2025-05-04,Shoes,Mobile,Potential Loyalists
CUS-06756,25-34,Female,France,New,TikTok Ads,2025-08-28,Shoes,Mobile,New Customers
CUS-06757,18-24,Female,Italy,Returning,Affiliate,2024-09-06,Shoes,Mobile,At Risk
CUS-06758,25-34,Male,UK,Returning,Organic Search,2024-12-01,Bags,Desktop,High-Value Customers
CUS-06759,45-54,Female,Germany,New,Meta Ads,2025-09-15,Shoes,Desktop,New Customers
CUS-06760,25-34,Female,Germany,Returning,TikTok Ads,2023-06-14,Bags,Desktop,At Risk
CUS-06761,45-54,Female,France,New,Google Search,2025-11-05,Shoes,Mobile,New Customers
CUS-06762,25-34,Female,Germany,Returning,Organic Search,2024-05-25,Accessories,Mobile,Potential Loyalists
CUS-06763,18-24,Female,France,Returning,Email,2023-12-28,Accessories,Mobile,Loyal Customers
CUS-06764,25-34,Female,Germany,Returning,Affiliate,2023-08-11,Bags,Desktop,High-Value Customers
CUS-06765,55+,Non-binary/Other,France,Returning,Organic Search,2024-04-03,Dresses,Mobile,Loyal Customers
CUS-06766,18-24,Female,Germany,Returning,Display Ads,2023-04-06,Jeans,Tablet,Hibernating
CUS-06767,35-44,Male,Spain,Returning,Google Search,2024-07-24,Jeans,Tablet,Loyal Customers
CUS-06768,18-24,Female,Spain,Returning,Google Search,2023-08-02,Beauty,Desktop,Hibernating
CUS-06769,18-24,Female,France,Returning,Google Search,2024-03-12,Accessories,Mobile,Loyal Customers
CUS-06770,35-44,Female,Netherlands,Returning,Organic Search,2024-09-01,Dresses,Desktop,High-Value Customers
CUS-06771,18-24,Male,Germany,Returning,Email,2024-05-17,Jeans,Desktop,At Risk
CUS-06772,25-34,Male,France,Returning,Email,2023-06-07,Sportswear,Mobile,Champions
CUS-06773,45-54,Male,Spain,Returning,Google Search,2024-11-27,Jeans,Mobile,At Risk
CUS-06774,35-44,Male,France,Returning,Google Search,2024-06-18,Jeans,Mobile,At Risk
CUS-06775,18-24,Male,Germany,Returning,Google Search,2024-03-03,Shoes,Desktop,Potential Loyalists
CUS-06776,35-44,Female,France,Returning,Google Search,2023-06-22,Accessories,Mobile,Loyal Customers
CUS-06777,45-54,Female,Spain,Returning,Affiliate,2023-10-29,Beauty,Mobile,Hibernating
CUS-06778,55+,Female,Germany,Returning,Google Search,2023-07-06,Jeans,Mobile,Hibernating
CUS-06779,18-24,Female,Netherlands,Returning,TikTok Ads,2024-03-15,Accessories,Tablet,Potential Loyalists
CUS-06780,45-54,Female,Germany,Returning,TikTok Ads,2024-10-02,Shoes,Mobile,Discount Seekers
CUS-06781,25-34,Female,Italy,Returning,Meta Ads,2024-08-21,Dresses,Desktop,Loyal Customers
CUS-06782,35-44,Female,Germany,Returning,TikTok Ads,2024-08-24,Shoes,Mobile,Champions
CUS-06783,18-24,Male,Germany,Returning,TikTok Ads,2024-09-18,Bags,Mobile,At Risk
CUS-06784,18-24,Female,UK,Returning,Meta Ads,2025-03-13,Shoes,Tablet,Loyal Customers
CUS-06785,45-54,Male,Germany,Returning,Affiliate,2023-10-19,Sportswear,Tablet,Potential Loyalists
CUS-06786,25-34,Male,Spain,New,Organic Search,2025-11-24,Beauty,Mobile,New Customers
CUS-06787,35-44,Female,Italy,Returning,Meta Ads,2024-09-02,Sportswear,Mobile,Potential Loyalists
CUS-06788,35-44,Male,Poland,Returning,Meta Ads,2023-01-04,Accessories,Desktop,Loyal Customers
CUS-06789,35-44,Male,Poland,Returning,TikTok Ads,2023-05-29,Dresses,Desktop,At Risk
CUS-06790,35-44,Male,Italy,New,TikTok Ads,2025-11-12,Accessories,Desktop,New Customers
CUS-06791,35-44,Male,France,Returning,Display Ads,2023-11-03,Jeans,Mobile,Discount Seekers
CUS-06792,45-54,Female,Spain,Returning,Display Ads,2024-02-23,Jeans,Desktop,At Risk
CUS-06793,55+,Female,Germany,New,Email,2025-06-28,Shoes,Desktop,New Customers
CUS-06794,25-34,Female,Germany,Returning,Meta Ads,2024-02-01,Accessories,Desktop,Loyal Customers
CUS-06795,18-24,Female,UK,Returning,TikTok Ads,2024-08-24,Beauty,Desktop,Hibernating
CUS-06796,35-44,Female,Germany,Returning,Email,2024-09-13,Accessories,Mobile,Loyal Customers
CUS-06797,25-34,Male,Italy,Returning,TikTok Ads,2024-11-30,Dresses,Mobile,Loyal Customers
CUS-06798,18-24,Male,Germany,Returning,Meta Ads,2023-10-01,Shoes,Mobile,Discount Seekers
CUS-06799,35-44,Male,UK,Returning,Google Search,2023-10-05,Jeans,Mobile,Hibernating
CUS-06800,45-54,Female,UK,Returning,Affiliate,2024-11-05,Jeans,Desktop,At Risk
CUS-06801,25-34,Male,UK,Returning,Organic Search,2024-07-31,Sportswear,Desktop,Champions
CUS-06802,35-44,Male,Italy,Returning,TikTok Ads,2024-03-23,Jeans,Desktop,Loyal Customers
CUS-06803,35-44,Female,France,New,TikTok Ads,2025-07-04,Sportswear,Mobile,New Customers
CUS-06804,18-24,Female,Germany,Returning,Meta Ads,2023-05-19,Jeans,Tablet,Hibernating
CUS-06805,25-34,Female,Italy,New,Display Ads,2025-09-30,Beauty,Mobile,New Customers
CUS-06806,18-24,Female,Netherlands,Returning,Google Search,2023-06-29,Sportswear,Mobile,Champions
CUS-06807,55+,Female,Netherlands,Returning,Email,2023-03-06,Dresses,Mobile,Loyal Customers
CUS-06808,25-34,Female,UK,Returning,Email,2024-04-08,Jeans,Mobile,At Risk
CUS-06809,55+,Female,Poland,Returning,Affiliate,2023-12-18,Dresses,Desktop,At Risk
CUS-06810,25-34,Male,Netherlands,Returning,Affiliate,2023-09-09,Bags,Desktop,Champions
CUS-06811,55+,Male,Netherlands,Returning,Email,2024-06-07,Shoes,Desktop,Champions
CUS-06812,25-34,Male,Germany,Returning,Organic Search,2024-03-13,Jeans,Mobile,Loyal Customers
CUS-06813,25-34,Male,Germany,Returning,Affiliate,2023-08-22,Jackets,Mobile,Champions
CUS-06814,18-24,Female,Germany,New,Google Search,2025-09-12,Shoes,Desktop,New Customers
CUS-06815,45-54,Male,UK,Returning,Organic Search,2023-05-01,Dresses,Desktop,Loyal Customers
CUS-06816,35-44,Female,France,Returning,Meta Ads,2024-04-30,Jeans,Mobile,At Risk
CUS-06817,25-34,Female,Spain,Returning,Google Search,2024-09-24,Jeans,Mobile,Hibernating
CUS-06818,25-34,Female,Italy,Returning,Meta Ads,2024-07-01,Bags,Mobile,High-Value Customers
CUS-06819,25-34,Male,Italy,Returning,Email,2025-05-28,Jeans,Desktop,Discount Seekers
CUS-06820,55+,Male,UK,Returning,Organic Search,2024-09-24,Shoes,Mobile,Potential Loyalists
CUS-06821,55+,Female,UK,Returning,Affiliate,2024-04-28,Sportswear,Mobile,Champions
CUS-06822,25-34,Female,UK,Returning,Affiliate,2024-09-07,Beauty,Mobile,Potential Loyalists
CUS-06823,45-54,Male,France,Returning,Meta Ads,2024-04-15,Shoes,Mobile,At Risk
CUS-06824,25-34,Male,Germany,Returning,Meta Ads,2023-11-16,Bags,Mobile,Champions
CUS-06825,25-34,Male,Netherlands,Returning,Google Search,2025-01-12,Beauty,Desktop,Potential Loyalists
CUS-06826,25-34,Male,Spain,Returning,TikTok Ads,2025-07-14,Beauty,Mobile,Potential Loyalists
CUS-06827,25-34,Female,France,Returning,Organic Search,2024-02-25,Dresses,Mobile,Loyal Customers
CUS-06828,35-44,Male,Poland,Returning,Organic Search,2023-10-27,Shoes,Mobile,At Risk
CUS-06829,55+,Female,Italy,Returning,Email,2024-10-30,Bags,Mobile,At Risk
CUS-06830,45-54,Female,Germany,New,Google Search,2025-08-16,Sportswear,Desktop,New Customers
CUS-06831,35-44,Male,Germany,Returning,Meta Ads,2023-09-18,Dresses,Desktop,Discount Seekers
CUS-06832,25-34,Female,Germany,Returning,TikTok Ads,2024-03-12,Dresses,Mobile,Loyal Customers
CUS-06833,25-34,Male,UK,Returning,Google Search,2023-10-09,Dresses,Desktop,Loyal Customers
CUS-06834,45-54,Male,UK,Returning,TikTok Ads,2023-11-07,Beauty,Tablet,Potential Loyalists
CUS-06835,25-34,Female,Poland,Returning,Meta Ads,2024-08-23,Dresses,Desktop,At Risk
CUS-06836,35-44,Female,UK,Returning,Meta Ads,2023-06-07,Shoes,Desktop,At Risk
CUS-06837,35-44,Female,Italy,Returning,Email,2023-11-25,Bags,Desktop,Champions
CUS-06838,45-54,Female,France,Returning,Meta Ads,2025-01-08,Jackets,Mobile,High-Value Customers
CUS-06839,25-34,Female,UK,Returning,Google Search,2024-03-25,Sportswear,Desktop,Potential Loyalists
CUS-06840,25-34,Female,France,Returning,Organic Search,2023-11-03,Accessories,Desktop,Potential Loyalists
CUS-06841,35-44,Male,Germany,Returning,Meta Ads,2023-07-30,Bags,Desktop,At Risk
CUS-06842,18-24,Male,Spain,Returning,Google Search,2024-12-21,Dresses,Mobile,Discount Seekers
CUS-06843,18-24,Female,Italy,Returning,Meta Ads,2023-10-29,Jeans,Desktop,At Risk
CUS-06844,18-24,Female,Spain,Returning,Organic Search,2024-02-04,Jackets,Mobile,High-Value Customers
CUS-06845,18-24,Female,Germany,Returning,Google Search,2024-03-28,Jeans,Desktop,Loyal Customers
CUS-06846,45-54,Male,Spain,Returning,Meta Ads,2023-02-09,Shoes,Mobile,At Risk
CUS-06847,18-24,Female,Germany,Returning,Affiliate,2024-06-03,Accessories,Mobile,Hibernating
CUS-06848,25-34,Female,Germany,New,Meta Ads,2025-07-15,Shoes,Desktop,New Customers
CUS-06849,55+,Female,Netherlands,Returning,TikTok Ads,2025-07-22,Beauty,Tablet,Potential Loyalists
CUS-06850,45-54,Female,France,Returning,Email,2024-07-14,Bags,Mobile,High-Value Customers
CUS-06851,55+,Male,Germany,Returning,TikTok Ads,2023-03-24,Accessories,Mobile,Loyal Customers
CUS-06852,18-24,Male,France,Returning,Google Search,2025-08-19,Beauty,Mobile,Potential Loyalists
CUS-06853,45-54,Female,France,Returning,Google Search,2023-12-20,Dresses,Desktop,Discount Seekers
CUS-06854,25-34,Male,Germany,Returning,Affiliate,2023-07-20,Dresses,Desktop,Discount Seekers
CUS-06855,25-34,Female,Spain,Returning,Meta Ads,2023-09-03,Shoes,Desktop,High-Value Customers
CUS-06856,25-34,Female,UK,Returning,Meta Ads,2023-07-05,Shoes,Tablet,Discount Seekers
CUS-06857,35-44,Female,UK,Returning,Email,2024-02-01,Bags,Tablet,Champions
CUS-06858,18-24,Non-binary/Other,UK,Returning,Email,2024-12-10,Shoes,Desktop,Discount Seekers
CUS-06859,55+,Male,Germany,New,TikTok Ads,2025-08-08,Shoes,Desktop,New Customers
CUS-06860,45-54,Male,UK,Returning,Meta Ads,2024-04-26,Dresses,Mobile,At Risk
CUS-06861,35-44,Male,Germany,Returning,Meta Ads,2024-12-12,Sportswear,Mobile,Potential Loyalists
CUS-06862,45-54,Female,UK,Returning,Display Ads,2023-10-07,Shoes,Mobile,Hibernating
CUS-06863,18-24,Female,Italy,New,Meta Ads,2025-10-22,Sportswear,Desktop,New Customers
CUS-06864,25-34,Female,Italy,Returning,Email,2023-10-25,Sportswear,Mobile,Discount Seekers
CUS-06865,25-34,Female,Spain,Returning,Organic Search,2024-10-06,Dresses,Desktop,Loyal Customers
CUS-06866,45-54,Female,Germany,Returning,Email,2024-01-27,Jeans,Mobile,Loyal Customers
CUS-06867,45-54,Female,Germany,New,Google Search,2025-08-08,Sportswear,Mobile,New Customers
CUS-06868,45-54,Female,Spain,Returning,Affiliate,2024-05-18,Bags,Mobile,Champions
CUS-06869,18-24,Male,Netherlands,Returning,Email,2023-12-10,Jeans,Desktop,At Risk
CUS-06870,25-34,Female,Spain,Returning,Meta Ads,2024-08-28,Beauty,Desktop,Potential Loyalists
CUS-06871,25-34,Male,Italy,New,TikTok Ads,2025-12-01,Accessories,Mobile,New Customers
CUS-06872,35-44,Female,Germany,Returning,TikTok Ads,2025-02-27,Shoes,Mobile,Champions
CUS-06873,25-34,Male,Germany,Returning,Meta Ads,2024-10-29,Jeans,Mobile,Loyal Customers
CUS-06874,35-44,Female,Germany,Returning,Meta Ads,2024-12-16,Dresses,Mobile,At Risk
CUS-06875,25-34,Female,Spain,Returning,Meta Ads,2024-03-13,Shoes,Mobile,Potential Loyalists
CUS-06876,18-24,Female,UK,Returning,Meta Ads,2024-06-14,Jeans,Mobile,Loyal Customers
CUS-06877,25-34,Female,Germany,Returning,Organic Search,2023-09-03,Dresses,Mobile,Loyal Customers
CUS-06878,25-34,Female,Italy,Returning,Meta Ads,2023-05-03,Jeans,Desktop,Loyal Customers
CUS-06879,25-34,Female,Germany,Returning,TikTok Ads,2024-08-16,Bags,Desktop,At Risk
CUS-06880,25-34,Female,Italy,Returning,Email,2023-09-14,Jeans,Mobile,Loyal Customers
CUS-06881,35-44,Male,Italy,Returning,TikTok Ads,2024-04-15,Beauty,Desktop,Potential Loyalists
CUS-06882,35-44,Male,Netherlands,Returning,Meta Ads,2023-09-09,Shoes,Desktop,At Risk
CUS-06883,25-34,Female,UK,New,TikTok Ads,2025-10-14,Sportswear,Tablet,New Customers
CUS-06884,35-44,Male,Italy,Returning,Email,2024-02-01,Dresses,Mobile,At Risk
CUS-06885,18-24,Female,Germany,Returning,Email,2024-11-11,Dresses,Desktop,Loyal Customers
CUS-06886,35-44,Female,UK,Returning,Google Search,2025-06-16,Dresses,Mobile,Discount Seekers
CUS-06887,25-34,Female,Germany,Returning,Organic Search,2023-10-23,Accessories,Mobile,Potential Loyalists
CUS-06888,35-44,Female,France,Returning,Affiliate,2023-08-10,Accessories,Desktop,Potential Loyalists
CUS-06889,25-34,Female,Netherlands,Returning,Email,2024-11-20,Dresses,Mobile,Discount Seekers
CUS-06890,25-34,Male,France,Returning,Google Search,2023-10-17,Dresses,Desktop,At Risk
CUS-06891,35-44,Female,Spain,Returning,Email,2024-04-29,Jeans,Mobile,At Risk
CUS-06892,45-54,Female,Italy,Returning,TikTok Ads,2025-08-16,Sportswear,Mobile,Discount Seekers
CUS-06893,25-34,Female,Spain,Returning,Organic Search,2023-11-29,Shoes,Mobile,Champions
CUS-06894,18-24,Female,Germany,Returning,TikTok Ads,2023-09-22,Shoes,Desktop,Discount Seekers
CUS-06895,55+,Female,Germany,Returning,TikTok Ads,2023-07-11,Dresses,Mobile,At Risk
CUS-06896,25-34,Female,Italy,Returning,Meta Ads,2023-10-30,Beauty,Tablet,Potential Loyalists
CUS-06897,25-34,Male,Germany,Returning,Google Search,2024-10-25,Dresses,Desktop,Loyal Customers
CUS-06898,25-34,Female,Spain,Returning,Email,2023-12-15,Dresses,Desktop,Loyal Customers
CUS-06899,35-44,Female,Spain,Returning,Affiliate,2024-07-04,Sportswear,Mobile,Discount Seekers
CUS-06900,25-34,Female,Spain,Returning,TikTok Ads,2024-03-02,Jeans,Mobile,Loyal Customers
CUS-06901,35-44,Male,Netherlands,Returning,Affiliate,2023-04-13,Dresses,Tablet,Loyal Customers
CUS-06902,18-24,Male,Italy,Returning,Organic Search,2024-09-01,Jeans,Desktop,At Risk
CUS-06903,35-44,Female,France,Returning,Affiliate,2024-07-18,Accessories,Mobile,Hibernating
CUS-06904,35-44,Male,Germany,Returning,Google Search,2024-08-23,Dresses,Mobile,Loyal Customers
CUS-06905,25-34,Female,Germany,Returning,Meta Ads,2024-07-17,Jeans,Mobile,Hibernating
CUS-06906,25-34,Female,UK,New,Organic Search,2025-06-19,Sportswear,Mobile,New Customers
CUS-06907,25-34,Female,France,Returning,Email,2024-10-05,Sportswear,Desktop,Discount Seekers
CUS-06908,55+,Female,France,Returning,Organic Search,2023-09-07,Shoes,Mobile,Champions
CUS-06909,35-44,Female,Germany,Returning,Organic Search,2024-04-10,Sportswear,Desktop,Champions
CUS-06910,35-44,Male,Germany,Returning,Affiliate,2024-03-10,Bags,Mobile,At Risk
CUS-06911,35-44,Female,France,Returning,Affiliate,2023-02-02,Dresses,Desktop,Loyal Customers
CUS-06912,25-34,Female,Germany,New,Google Search,2025-06-08,Accessories,Desktop,New Customers
CUS-06913,25-34,Female,Poland,Returning,Affiliate,2023-06-24,Shoes,Desktop,Champions
CUS-06914,25-34,Female,Germany,Returning,Email,2024-07-15,Beauty,Mobile,Hibernating
CUS-06915,25-34,Female,France,Returning,Meta Ads,2024-11-24,Sportswear,Mobile,Discount Seekers
CUS-06916,25-34,Male,Spain,Returning,Meta Ads,2024-07-29,Sportswear,Mobile,Discount Seekers
CUS-06917,45-54,Male,UK,Returning,Google Search,2024-07-09,Shoes,Mobile,High-Value Customers
CUS-06918,25-34,Male,Poland,Returning,Organic Search,2024-01-11,Jeans,Desktop,Discount Seekers
CUS-06919,25-34,Female,France,New,TikTok Ads,2025-06-16,Sportswear,Desktop,New Customers
CUS-06920,25-34,Female,UK,Returning,TikTok Ads,2023-09-27,Accessories,Desktop,Potential Loyalists
CUS-06921,25-34,Female,Germany,Returning,TikTok Ads,2023-07-18,Shoes,Mobile,Discount Seekers
CUS-06922,45-54,Male,Germany,Returning,Meta Ads,2025-01-31,Sportswear,Mobile,Discount Seekers
CUS-06923,25-34,Female,Netherlands,Returning,Organic Search,2024-09-24,Jackets,Tablet,High-Value Customers
CUS-06924,25-34,Female,Italy,Returning,TikTok Ads,2024-03-26,Accessories,Mobile,Hibernating
CUS-06925,18-24,Female,UK,Returning,Google Search,2024-09-03,Shoes,Desktop,Loyal Customers
CUS-06926,25-34,Male,Netherlands,Returning,Meta Ads,2024-04-07,Dresses,Desktop,Discount Seekers
CUS-06927,35-44,Male,France,Returning,Google Search,2025-01-18,Dresses,Mobile,Discount Seekers
CUS-06928,45-54,Female,UK,Returning,Affiliate,2023-07-16,Shoes,Mobile,At Risk
CUS-06929,25-34,Female,France,Returning,Email,2023-09-11,Dresses,Mobile,Discount Seekers
CUS-06930,35-44,Female,Spain,New,Organic Search,2025-11-19,Accessories,Mobile,New Customers
CUS-06931,45-54,Female,Spain,Returning,TikTok Ads,2023-06-03,Sportswear,Desktop,Discount Seekers
CUS-06932,55+,Female,Spain,Returning,Google Search,2024-11-19,Bags,Desktop,Champions
CUS-06933,25-34,Male,France,Returning,Email,2025-05-22,Dresses,Mobile,Discount Seekers
CUS-06934,45-54,Male,France,Returning,Affiliate,2023-07-16,Bags,Mobile,Champions
CUS-06935,35-44,Female,France,Returning,Google Search,2025-05-11,Accessories,Tablet,Potential Loyalists
CUS-06936,25-34,Female,Spain,Returning,Affiliate,2024-06-26,Dresses,Mobile,Loyal Customers
CUS-06937,25-34,Male,Poland,New,Organic Search,2025-09-10,Accessories,Mobile,New Customers
CUS-06938,25-34,Male,Italy,Returning,Google Search,2024-02-05,Dresses,Mobile,Loyal Customers
CUS-06939,35-44,Male,Germany,Returning,Organic Search,2023-08-11,Bags,Desktop,High-Value Customers
CUS-06940,18-24,Female,Italy,New,Google Search,2025-06-01,Accessories,Desktop,New Customers
CUS-06941,45-54,Male,Germany,Returning,Email,2023-07-04,Sportswear,Mobile,Discount Seekers
CUS-06942,25-34,Female,France,Returning,Google Search,2024-08-11,Sportswear,Mobile,Potential Loyalists
CUS-06943,25-34,Female,France,Returning,TikTok Ads,2024-12-03,Sportswear,Desktop,Champions
CUS-06944,25-34,Female,Germany,Returning,Organic Search,2023-10-07,Jeans,Mobile,Hibernating
CUS-06945,35-44,Male,Germany,Returning,Google Search,2023-05-29,Bags,Mobile,At Risk
CUS-06946,25-34,Male,Netherlands,New,TikTok Ads,2025-12-01,Accessories,Mobile,New Customers
CUS-06947,45-54,Female,Germany,Returning,Display Ads,2023-10-20,Jeans,Mobile,Hibernating
CUS-06948,18-24,Male,Germany,Returning,Organic Search,2025-05-19,Shoes,Mobile,Discount Seekers
CUS-06949,45-54,Female,France,Returning,TikTok Ads,2023-01-25,Dresses,Mobile,At Risk
CUS-06950,35-44,Female,UK,Returning,Email,2024-05-02,Dresses,Desktop,High-Value Customers
CUS-06951,25-34,Female,Italy,Returning,Organic Search,2023-06-08,Accessories,Mobile,Hibernating
CUS-06952,45-54,Non-binary/Other,France,Returning,Google Search,2023-08-18,Bags,Mobile,At Risk
CUS-06953,25-34,Female,Spain,Returning,Google Search,2025-06-21,Accessories,Mobile,Potential Loyalists
CUS-06954,55+,Male,Germany,Returning,Email,2024-03-29,Bags,Mobile,Champions
CUS-06955,45-54,Male,Spain,Returning,Affiliate,2024-08-21,Dresses,Desktop,Loyal Customers
CUS-06956,25-34,Female,Germany,Returning,Organic Search,2024-01-21,Shoes,Tablet,Hibernating
CUS-06957,18-24,Non-binary/Other,Netherlands,Returning,Google Search,2023-06-11,Bags,Mobile,At Risk
CUS-06958,25-34,Male,France,Returning,Meta Ads,2025-03-01,Accessories,Mobile,Potential Loyalists
CUS-06959,35-44,Female,UK,Returning,Display Ads,2023-07-29,Jeans,Mobile,At Risk
CUS-06960,45-54,Male,Spain,Returning,Meta Ads,2023-07-01,Dresses,Mobile,Loyal Customers
CUS-06961,45-54,Male,UK,Returning,Email,2024-10-17,Accessories,Desktop,Loyal Customers
CUS-06962,18-24,Female,UK,Returning,Affiliate,2024-01-06,Sportswear,Desktop,Discount Seekers
CUS-06963,25-34,Male,Germany,Returning,Affiliate,2023-07-16,Shoes,Mobile,Potential Loyalists
CUS-06964,35-44,Male,Germany,Returning,TikTok Ads,2024-02-18,Accessories,Mobile,Loyal Customers
CUS-06965,35-44,Male,France,New,Organic Search,2025-07-29,Beauty,Mobile,New Customers
CUS-06966,18-24,Male,Germany,Returning,Google Search,2023-11-10,Shoes,Mobile,Potential Loyalists
CUS-06967,25-34,Female,Spain,Returning,Meta Ads,2024-06-10,Jeans,Mobile,Hibernating
CUS-06968,18-24,Female,Spain,Returning,Meta Ads,2024-05-22,Shoes,Desktop,High-Value Customers
CUS-06969,45-54,Female,Italy,Returning,Email,2024-10-22,Shoes,Desktop,At Risk
CUS-06970,35-44,Female,Germany,Returning,Google Search,2023-06-01,Dresses,Desktop,At Risk
CUS-06971,35-44,Male,Germany,Returning,Google Search,2023-11-27,Beauty,Mobile,Potential Loyalists
CUS-06972,35-44,Female,France,New,TikTok Ads,2025-10-03,Shoes,Mobile,New Customers
CUS-06973,18-24,Female,Spain,Returning,Meta Ads,2024-07-23,Beauty,Desktop,Potential Loyalists
CUS-06974,25-34,Male,Germany,Returning,Google Search,2025-01-02,Bags,Mobile,Champions
CUS-06975,25-34,Female,Netherlands,Returning,Organic Search,2023-09-22,Shoes,Desktop,Discount Seekers
CUS-06976,45-54,Male,UK,New,Google Search,2025-11-23,Beauty,Mobile,New Customers
CUS-06977,35-44,Female,Germany,New,Organic Search,2025-07-08,Sportswear,Mobile,New Customers
CUS-06978,18-24,Male,Germany,Returning,Meta Ads,2023-03-08,Sportswear,Desktop,Champions
CUS-06979,35-44,Female,Spain,Returning,Meta Ads,2025-03-05,Jeans,Mobile,Discount Seekers
CUS-06980,55+,Male,Spain,Returning,Organic Search,2023-03-18,Shoes,Mobile,Loyal Customers
CUS-06981,18-24,Male,France,Returning,Google Search,2025-06-01,Sportswear,Mobile,Potential Loyalists
CUS-06982,18-24,Female,Italy,Returning,Email,2024-05-30,Sportswear,Mobile,Discount Seekers
CUS-06983,25-34,Female,Italy,New,Organic Search,2025-07-02,Shoes,Desktop,New Customers
CUS-06984,18-24,Female,Germany,Returning,Google Search,2024-11-28,Dresses,Mobile,Discount Seekers
CUS-06985,35-44,Female,UK,Returning,Google Search,2023-09-16,Shoes,Mobile,Loyal Customers
CUS-06986,18-24,Female,Germany,Returning,Organic Search,2023-04-04,Jeans,Mobile,Hibernating
CUS-06987,35-44,Female,France,Returning,TikTok Ads,2023-12-09,Shoes,Mobile,High-Value Customers
CUS-06988,18-24,Female,France,New,Google Search,2025-09-27,Accessories,Desktop,New Customers
CUS-06989,25-34,Male,Spain,Returning,TikTok Ads,2023-03-05,Jeans,Mobile,At Risk
CUS-06990,55+,Male,Germany,Returning,Email,2025-01-21,Shoes,Mobile,Potential Loyalists
CUS-06991,25-34,Male,Poland,Returning,Meta Ads,2023-06-21,Jeans,Desktop,Hibernating
CUS-06992,25-34,Male,Netherlands,Returning,TikTok Ads,2023-06-29,Shoes,Mobile,Discount Seekers
CUS-06993,45-54,Female,Germany,Returning,Affiliate,2023-10-14,Shoes,Mobile,At Risk
CUS-06994,25-34,Female,Spain,Returning,Meta Ads,2023-06-14,Sportswear,Mobile,Discount Seekers
CUS-06995,45-54,Female,Italy,Returning,Display Ads,2024-09-11,Dresses,Mobile,At Risk
CUS-06996,25-34,Female,UK,New,Meta Ads,2025-11-11,Beauty,Mobile,New Customers
CUS-06997,35-44,Male,Germany,Returning,Meta Ads,2025-08-19,Beauty,Desktop,Potential Loyalists
CUS-06998,25-34,Female,Italy,Returning,TikTok Ads,2024-04-10,Bags,Mobile,At Risk
CUS-06999,25-34,Female,Germany,Returning,Meta Ads,2023-06-06,Dresses,Desktop,Discount Seekers
CUS-07000,25-34,Female,Germany,Returning,Organic Search,2024-06-24,Bags,Mobile,At Risk
CUS-07001,35-44,Male,Germany,Returning,Email,2024-10-20,Accessories,Mobile,Loyal Customers
CUS-07002,35-44,Male,Italy,New,Display Ads,2025-09-13,Shoes,Mobile,New Customers
CUS-07003,18-24,Female,Germany,Returning,Google Search,2024-09-26,Beauty,Mobile,Hibernating
CUS-07004,25-34,Male,France,Returning,Organic Search,2023-06-16,Jeans,Mobile,Discount Seekers
CUS-07005,45-54,Male,UK,Returning,Google Search,2023-09-24,Shoes,Desktop,Loyal Customers
CUS-07006,55+,Female,Germany,Returning,Meta Ads,2024-02-10,Accessories,Mobile,Loyal Customers
CUS-07007,25-34,Male,Germany,Returning,Google Search,2025-06-13,Sportswear,Mobile,Potential Loyalists
CUS-07008,55+,Female,Italy,Returning,Organic Search,2024-04-22,Accessories,Mobile,Loyal Customers
CUS-07009,35-44,Female,France,Returning,Email,2023-08-24,Jackets,Mobile,High-Value Customers
CUS-07010,25-34,Female,France,New,TikTok Ads,2025-09-01,Sportswear,Mobile,New Customers
CUS-07011,45-54,Male,France,New,TikTok Ads,2025-06-06,Sportswear,Mobile,New Customers
CUS-07012,35-44,Male,Spain,Returning,Google Search,2023-04-14,Dresses,Tablet,Loyal Customers
CUS-07013,25-34,Non-binary/Other,France,New,Google Search,2025-12-09,Sportswear,Desktop,New Customers
CUS-07014,35-44,Male,UK,Returning,Meta Ads,2025-03-01,Jackets,Mobile,High-Value Customers
CUS-07015,35-44,Male,Netherlands,New,Meta Ads,2025-12-14,Accessories,Mobile,New Customers
CUS-07016,35-44,Female,France,Returning,Email,2024-09-27,Jackets,Mobile,Champions
CUS-07017,25-34,Male,Spain,Returning,Email,2024-08-08,Shoes,Desktop,Loyal Customers
CUS-07018,45-54,Male,Spain,Returning,Organic Search,2024-09-04,Dresses,Mobile,High-Value Customers
CUS-07019,45-54,Female,Germany,Returning,TikTok Ads,2024-10-30,Shoes,Mobile,High-Value Customers
CUS-07020,35-44,Female,Netherlands,Returning,Meta Ads,2025-03-07,Jeans,Desktop,Loyal Customers
CUS-07021,18-24,Female,Italy,Returning,Organic Search,2024-04-06,Dresses,Mobile,At Risk
CUS-07022,25-34,Female,France,Returning,Email,2024-01-26,Sportswear,Mobile,Champions
CUS-07023,35-44,Female,Spain,New,Google Search,2025-12-09,Beauty,Mobile,New Customers
CUS-07024,55+,Female,Germany,Returning,Google Search,2024-05-04,Jeans,Tablet,Loyal Customers
CUS-07025,45-54,Female,Spain,Returning,Meta Ads,2024-07-23,Accessories,Mobile,Hibernating
CUS-07026,18-24,Male,Poland,Returning,Google Search,2023-07-02,Sportswear,Desktop,Discount Seekers
CUS-07027,25-34,Female,Spain,Returning,Google Search,2023-01-10,Dresses,Mobile,Loyal Customers
CUS-07028,18-24,Female,Germany,New,Google Search,2025-08-12,Shoes,Mobile,New Customers
CUS-07029,55+,Male,Poland,Returning,Affiliate,2023-03-22,Dresses,Tablet,Loyal Customers
CUS-07030,18-24,Female,France,Returning,Affiliate,2024-04-24,Sportswear,Mobile,Potential Loyalists
CUS-07031,25-34,Female,Italy,Returning,Google Search,2024-04-24,Sportswear,Desktop,Champions
CUS-07032,25-34,Female,Italy,Returning,Affiliate,2025-03-30,Jeans,Mobile,Loyal Customers
CUS-07033,25-34,Female,Germany,Returning,Email,2024-10-29,Shoes,Mobile,High-Value Customers
CUS-07034,55+,Non-binary/Other,UK,Returning,Affiliate,2023-12-20,Bags,Tablet,Champions
CUS-07035,25-34,Female,Germany,Returning,Affiliate,2025-08-04,Shoes,Mobile,Discount Seekers
CUS-07036,35-44,Male,Germany,Returning,Affiliate,2024-11-09,Jackets,Mobile,Champions
CUS-07037,35-44,Male,Germany,New,Google Search,2025-10-12,Accessories,Desktop,New Customers
CUS-07038,35-44,Female,Germany,New,Google Search,2025-09-13,Sportswear,Mobile,New Customers
CUS-07039,18-24,Female,Italy,Returning,Meta Ads,2024-04-10,Shoes,Mobile,Discount Seekers
CUS-07040,18-24,Male,Germany,Returning,Meta Ads,2023-11-12,Jeans,Mobile,Loyal Customers
CUS-07041,25-34,Male,Netherlands,Returning,Email,2023-06-06,Jeans,Mobile,Loyal Customers
CUS-07042,55+,Female,UK,Returning,Meta Ads,2024-03-14,Accessories,Mobile,Hibernating
CUS-07043,25-34,Male,Germany,Returning,Organic Search,2024-08-26,Accessories,Mobile,Hibernating
CUS-07044,45-54,Male,Italy,Returning,Google Search,2023-07-04,Jeans,Mobile,At Risk
CUS-07045,55+,Male,France,Returning,Organic Search,2023-09-23,Sportswear,Mobile,Champions
CUS-07046,35-44,Female,Germany,Returning,Google Search,2023-03-17,Dresses,Mobile,Loyal Customers
CUS-07047,35-44,Male,Netherlands,Returning,Meta Ads,2024-02-18,Sportswear,Desktop,Discount Seekers
CUS-07048,45-54,Male,Poland,Returning,Organic Search,2024-12-21,Dresses,Mobile,At Risk
CUS-07049,18-24,Female,Germany,Returning,TikTok Ads,2024-01-07,Shoes,Desktop,At Risk
CUS-07050,18-24,Female,Germany,Returning,Google Search,2024-07-26,Shoes,Desktop,Potential Loyalists
CUS-07051,35-44,Female,France,Returning,Organic Search,2023-11-05,Jeans,Mobile,Loyal Customers
CUS-07052,25-34,Female,UK,Returning,Email,2023-12-15,Jeans,Mobile,Discount Seekers
CUS-07053,25-34,Female,France,Returning,Meta Ads,2023-08-16,Beauty,Mobile,Hibernating
CUS-07054,35-44,Male,Spain,Returning,Email,2024-12-27,Jeans,Mobile,Loyal Customers
CUS-07055,18-24,Female,Germany,Returning,Email,2024-02-17,Dresses,Mobile,Discount Seekers
CUS-07056,35-44,Male,Germany,Returning,Google Search,2024-03-10,Jeans,Mobile,At Risk
CUS-07057,18-24,Male,France,Returning,Affiliate,2024-05-29,Sportswear,Mobile,Potential Loyalists
CUS-07058,18-24,Female,Germany,Returning,Google Search,2023-08-01,Accessories,Desktop,Potential Loyalists
CUS-07059,25-34,Male,Germany,Returning,Email,2024-01-18,Accessories,Desktop,Hibernating
CUS-07060,18-24,Female,Netherlands,Returning,Organic Search,2025-02-11,Sportswear,Desktop,Potential Loyalists
CUS-07061,25-34,Male,Spain,New,Google Search,2025-11-29,Shoes,Desktop,New Customers
CUS-07062,45-54,Male,Spain,Returning,Organic Search,2024-08-16,Shoes,Mobile,Hibernating
CUS-07063,45-54,Male,Poland,Returning,Google Search,2024-05-23,Jeans,Mobile,Loyal Customers
CUS-07064,18-24,Male,UK,Returning,Meta Ads,2023-07-10,Dresses,Desktop,Discount Seekers
CUS-07065,18-24,Female,Spain,Returning,Google Search,2024-04-23,Beauty,Desktop,Potential Loyalists
CUS-07066,35-44,Female,Spain,Returning,Google Search,2024-02-04,Beauty,Desktop,Potential Loyalists
CUS-07067,25-34,Male,UK,Returning,Meta Ads,2023-09-26,Jeans,Mobile,At Risk
CUS-07068,25-34,Female,UK,Returning,Email,2023-10-05,Bags,Mobile,At Risk
CUS-07069,18-24,Male,UK,New,Display Ads,2025-08-10,Beauty,Mobile,New Customers
CUS-07070,18-24,Male,UK,Returning,Meta Ads,2023-01-04,Jeans,Mobile,At Risk
CUS-07071,25-34,Female,Italy,Returning,Google Search,2025-05-10,Dresses,Mobile,Discount Seekers
CUS-07072,35-44,Non-binary/Other,Germany,Returning,Meta Ads,2024-07-17,Shoes,Mobile,Hibernating
CUS-07073,45-54,Female,UK,Returning,Email,2023-02-28,Shoes,Desktop,Hibernating
CUS-07074,45-54,Male,Germany,Returning,Affiliate,2025-01-31,Jeans,Mobile,Loyal Customers
CUS-07075,25-34,Female,UK,Returning,Google Search,2025-05-01,Accessories,Desktop,Potential Loyalists
CUS-07076,55+,Female,Germany,New,Google Search,2025-08-11,Shoes,Mobile,New Customers
CUS-07077,25-34,Female,Poland,Returning,Google Search,2023-11-10,Jackets,Desktop,Champions
CUS-07078,35-44,Male,Netherlands,Returning,Affiliate,2024-02-03,Beauty,Mobile,Hibernating
CUS-07079,45-54,Female,Italy,Returning,Meta Ads,2025-05-11,Shoes,Desktop,Potential Loyalists
CUS-07080,25-34,Male,France,Returning,Google Search,2024-10-30,Shoes,Mobile,Potential Loyalists
CUS-07081,25-34,Male,Germany,Returning,TikTok Ads,2023-05-10,Shoes,Mobile,Loyal Customers
CUS-07082,25-34,Male,Poland,Returning,Meta Ads,2025-04-19,Sportswear,Mobile,Potential Loyalists
CUS-07083,45-54,Male,Germany,Returning,Organic Search,2023-06-25,Accessories,Desktop,Potential Loyalists
CUS-07084,35-44,Female,UK,Returning,Email,2024-07-28,Dresses,Mobile,At Risk
CUS-07085,55+,Male,Germany,Returning,Affiliate,2023-01-25,Bags,Desktop,At Risk
CUS-07086,35-44,Female,Italy,Returning,Email,2023-05-19,Shoes,Desktop,Loyal Customers
CUS-07087,35-44,Female,Italy,Returning,Organic Search,2023-07-27,Dresses,Desktop,Loyal Customers
CUS-07088,35-44,Female,Netherlands,Returning,Meta Ads,2024-09-10,Shoes,Desktop,Hibernating
CUS-07089,45-54,Female,France,Returning,Google Search,2023-10-07,Bags,Tablet,Champions
CUS-07090,35-44,Female,Italy,New,Meta Ads,2025-09-23,Accessories,Mobile,New Customers
CUS-07091,35-44,Female,Spain,New,TikTok Ads,2025-11-18,Shoes,Mobile,New Customers
CUS-07092,45-54,Male,Spain,New,Organic Search,2025-11-04,Accessories,Mobile,New Customers
CUS-07093,45-54,Female,Italy,Returning,Email,2025-01-02,Jeans,Mobile,Discount Seekers
CUS-07094,25-34,Female,France,Returning,Google Search,2023-09-17,Dresses,Mobile,At Risk
CUS-07095,35-44,Male,France,Returning,Email,2023-02-17,Jackets,Mobile,High-Value Customers
CUS-07096,55+,Male,France,Returning,Organic Search,2025-02-26,Shoes,Mobile,Discount Seekers
CUS-07097,35-44,Female,Italy,Returning,Organic Search,2023-10-14,Dresses,Mobile,Loyal Customers
CUS-07098,25-34,Male,UK,Returning,Organic Search,2024-09-30,Shoes,Mobile,Loyal Customers
CUS-07099,25-34,Male,Poland,Returning,TikTok Ads,2024-02-10,Beauty,Mobile,Potential Loyalists
CUS-07100,25-34,Female,UK,Returning,Meta Ads,2024-08-28,Accessories,Desktop,Potential Loyalists
CUS-07101,25-34,Female,Germany,New,Organic Search,2025-10-09,Shoes,Tablet,New Customers
CUS-07102,45-54,Female,Netherlands,Returning,Meta Ads,2024-02-17,Jeans,Mobile,Loyal Customers
CUS-07103,25-34,Male,Germany,Returning,Meta Ads,2024-03-19,Dresses,Desktop,Loyal Customers
CUS-07104,25-34,Female,Italy,Returning,TikTok Ads,2025-08-07,Accessories,Mobile,Potential Loyalists
CUS-07105,25-34,Female,Spain,Returning,Organic Search,2023-06-23,Shoes,Mobile,At Risk
CUS-07106,55+,Female,Poland,Returning,Email,2023-12-18,Dresses,Desktop,At Risk
CUS-07107,25-34,Female,Germany,Returning,Meta Ads,2024-12-07,Bags,Mobile,High-Value Customers
CUS-07108,45-54,Female,Spain,Returning,Meta Ads,2023-04-07,Jeans,Mobile,Loyal Customers
CUS-07109,35-44,Female,Germany,Returning,Google Search,2024-05-25,Beauty,Tablet,Potential Loyalists
CUS-07110,35-44,Female,France,Returning,TikTok Ads,2023-12-11,Bags,Mobile,High-Value Customers
CUS-07111,25-34,Female,UK,Returning,Organic Search,2024-12-08,Dresses,Mobile,At Risk
CUS-07112,25-34,Male,UK,Returning,Organic Search,2023-07-06,Jeans,Mobile,At Risk
CUS-07113,25-34,Female,UK,New,Meta Ads,2025-11-11,Accessories,Tablet,New Customers
CUS-07114,45-54,Male,France,Returning,Organic Search,2024-03-20,Bags,Mobile,Champions
CUS-07115,35-44,Male,France,Returning,Google Search,2024-08-12,Shoes,Tablet,Discount Seekers
CUS-07116,18-24,Female,Italy,Returning,Meta Ads,2024-02-05,Jeans,Desktop,At Risk
CUS-07117,45-54,Female,UK,New,TikTok Ads,2025-09-03,Shoes,Mobile,New Customers
CUS-07118,35-44,Male,Netherlands,New,TikTok Ads,2025-08-30,Accessories,Mobile,New Customers
CUS-07119,55+,Female,Germany,Returning,Google Search,2024-04-03,Accessories,Desktop,Potential Loyalists
CUS-07120,25-34,Female,Spain,Returning,TikTok Ads,2024-11-22,Shoes,Mobile,Loyal Customers
CUS-07121,45-54,Female,Germany,Returning,Google Search,2023-05-15,Beauty,Mobile,Hibernating
CUS-07122,25-34,Female,Spain,New,Google Search,2025-11-22,Beauty,Tablet,New Customers
CUS-07123,25-34,Male,Netherlands,Returning,Google Search,2024-08-01,Shoes,Desktop,Champions
CUS-07124,25-34,Male,UK,Returning,Meta Ads,2025-01-09,Accessories,Mobile,Potential Loyalists
CUS-07125,35-44,Female,Germany,Returning,Google Search,2023-11-16,Dresses,Mobile,Discount Seekers
CUS-07126,35-44,Non-binary/Other,Poland,Returning,Google Search,2024-01-14,Beauty,Mobile,Potential Loyalists
CUS-07127,18-24,Female,Netherlands,Returning,Meta Ads,2024-10-14,Beauty,Mobile,Potential Loyalists
CUS-07128,45-54,Male,Netherlands,Returning,Meta Ads,2023-05-05,Shoes,Mobile,At Risk
CUS-07129,55+,Female,UK,Returning,Display Ads,2024-08-16,Accessories,Mobile,Hibernating
CUS-07130,18-24,Female,Italy,Returning,Affiliate,2024-02-07,Dresses,Mobile,At Risk
CUS-07131,25-34,Male,Italy,Returning,Organic Search,2023-09-13,Shoes,Mobile,Discount Seekers
CUS-07132,45-54,Female,Poland,Returning,Affiliate,2023-12-12,Accessories,Tablet,Loyal Customers
CUS-07133,55+,Female,Germany,Returning,TikTok Ads,2024-03-18,Sportswear,Desktop,Discount Seekers
CUS-07134,25-34,Female,Poland,Returning,Email,2025-07-02,Jeans,Mobile,Discount Seekers
CUS-07135,55+,Female,Italy,New,Organic Search,2025-11-22,Beauty,Tablet,New Customers
CUS-07136,35-44,Non-binary/Other,Germany,Returning,Affiliate,2024-09-19,Jeans,Desktop,At Risk
CUS-07137,25-34,Female,Germany,Returning,Google Search,2023-03-09,Shoes,Mobile,Loyal Customers
CUS-07138,55+,Male,Netherlands,New,Affiliate,2025-07-01,Shoes,Mobile,New Customers
CUS-07139,45-54,Male,France,Returning,Affiliate,2023-04-17,Dresses,Tablet,Loyal Customers
CUS-07140,45-54,Male,Italy,Returning,Google Search,2023-09-07,Bags,Tablet,Champions
CUS-07141,25-34,Non-binary/Other,Germany,Returning,Organic Search,2023-05-02,Dresses,Desktop,High-Value Customers
CUS-07142,45-54,Female,Poland,Returning,Email,2024-04-21,Dresses,Mobile,Loyal Customers
CUS-07143,18-24,Female,Spain,Returning,Google Search,2024-07-02,Bags,Mobile,At Risk
CUS-07144,25-34,Female,Italy,Returning,Meta Ads,2025-05-14,Beauty,Mobile,Potential Loyalists
CUS-07145,25-34,Male,Germany,Returning,Display Ads,2023-06-28,Sportswear,Mobile,Potential Loyalists
CUS-07146,45-54,Female,France,Returning,Google Search,2023-06-11,Shoes,Tablet,Potential Loyalists
CUS-07147,18-24,Male,UK,Returning,Organic Search,2025-05-12,Sportswear,Desktop,Potential Loyalists
CUS-07148,18-24,Male,Germany,Returning,Google Search,2024-06-20,Bags,Mobile,At Risk
CUS-07149,25-34,Male,France,Returning,Meta Ads,2023-05-23,Bags,Mobile,High-Value Customers
CUS-07150,35-44,Female,Italy,New,Organic Search,2025-07-17,Shoes,Mobile,New Customers
CUS-07151,55+,Male,Germany,Returning,Google Search,2023-12-04,Dresses,Desktop,High-Value Customers
CUS-07152,18-24,Female,France,Returning,Google Search,2023-09-09,Dresses,Mobile,At Risk
CUS-07153,25-34,Female,Poland,Returning,Organic Search,2024-12-12,Bags,Mobile,At Risk
CUS-07154,35-44,Male,Netherlands,Returning,Google Search,2024-05-19,Dresses,Mobile,Loyal Customers
CUS-07155,55+,Female,France,Returning,Affiliate,2024-05-04,Jackets,Desktop,Champions
CUS-07156,25-34,Male,France,Returning,TikTok Ads,2023-10-22,Shoes,Desktop,Discount Seekers
CUS-07157,35-44,Female,Germany,New,Meta Ads,2025-09-29,Accessories,Mobile,New Customers
CUS-07158,25-34,Male,Germany,Returning,TikTok Ads,2024-06-30,Sportswear,Mobile,Potential Loyalists
CUS-07159,18-24,Male,France,Returning,Display Ads,2024-05-31,Accessories,Desktop,Hibernating
CUS-07160,25-34,Male,France,Returning,Meta Ads,2024-08-21,Accessories,Desktop,Potential Loyalists
CUS-07161,25-34,Male,UK,Returning,Google Search,2023-05-02,Beauty,Mobile,Hibernating
CUS-07162,35-44,Female,Netherlands,Returning,Meta Ads,2025-04-30,Sportswear,Mobile,Potential Loyalists
CUS-07163,35-44,Female,UK,Returning,Meta Ads,2025-04-01,Jeans,Mobile,Discount Seekers
CUS-07164,35-44,Female,Germany,Returning,Email,2024-12-24,Accessories,Desktop,Loyal Customers
CUS-07165,45-54,Female,Germany,Returning,Organic Search,2025-01-31,Dresses,Mobile,Loyal Customers
CUS-07166,55+,Male,Poland,Returning,Affiliate,2024-05-12,Shoes,Mobile,At Risk
CUS-07167,25-34,Female,Spain,Returning,Google Search,2024-08-05,Jeans,Desktop,Loyal Customers
CUS-07168,25-34,Female,UK,Returning,Google Search,2025-08-24,Jeans,Mobile,Discount Seekers
CUS-07169,25-34,Female,UK,Returning,Google Search,2023-08-28,Shoes,Desktop,At Risk
CUS-07170,25-34,Female,Germany,Returning,Affiliate,2023-12-21,Accessories,Mobile,Loyal Customers
CUS-07171,25-34,Male,UK,Returning,Google Search,2024-05-27,Jeans,Mobile,Loyal Customers
CUS-07172,35-44,Male,UK,Returning,Email,2024-07-31,Shoes,Mobile,Discount Seekers
CUS-07173,45-54,Female,Spain,Returning,Organic Search,2023-10-18,Shoes,Tablet,At Risk
CUS-07174,45-54,Female,UK,Returning,TikTok Ads,2025-07-19,Dresses,Mobile,Discount Seekers
CUS-07175,45-54,Female,France,Returning,Organic Search,2024-01-30,Dresses,Mobile,Loyal Customers
CUS-07176,55+,Female,France,Returning,Google Search,2024-03-09,Sportswear,Tablet,Discount Seekers
CUS-07177,25-34,Male,Italy,New,TikTok Ads,2025-09-13,Beauty,Mobile,New Customers
CUS-07178,35-44,Female,Spain,Returning,Google Search,2024-02-16,Shoes,Mobile,At Risk
CUS-07179,25-34,Female,Germany,Returning,Meta Ads,2025-08-09,Sportswear,Mobile,Potential Loyalists
CUS-07180,45-54,Female,UK,Returning,Google Search,2024-03-05,Bags,Desktop,Champions
CUS-07181,18-24,Female,Germany,Returning,TikTok Ads,2023-07-13,Shoes,Mobile,High-Value Customers
CUS-07182,25-34,Male,UK,Returning,Meta Ads,2023-04-25,Dresses,Desktop,High-Value Customers
CUS-07183,45-54,Female,France,Returning,Organic Search,2025-01-21,Sportswear,Mobile,Potential Loyalists
CUS-07184,25-34,Female,UK,Returning,Email,2023-08-28,Dresses,Mobile,Discount Seekers
CUS-07185,35-44,Male,Poland,Returning,Organic Search,2024-06-05,Jeans,Mobile,Loyal Customers
CUS-07186,35-44,Female,UK,Returning,Organic Search,2024-06-26,Shoes,Mobile,Loyal Customers
CUS-07187,25-34,Female,Germany,Returning,Display Ads,2024-04-25,Jackets,Mobile,Champions
CUS-07188,18-24,Female,Germany,Returning,Google Search,2023-09-01,Beauty,Mobile,Potential Loyalists
CUS-07189,25-34,Male,UK,Returning,Google Search,2023-04-24,Shoes,Mobile,Champions
CUS-07190,25-34,Female,UK,Returning,Google Search,2023-11-02,Sportswear,Mobile,Potential Loyalists
CUS-07191,18-24,Female,Poland,Returning,Organic Search,2023-12-16,Jeans,Mobile,Loyal Customers
CUS-07192,55+,Male,France,Returning,Email,2023-11-13,Beauty,Desktop,Hibernating
CUS-07193,35-44,Female,France,Returning,Google Search,2024-03-30,Dresses,Desktop,Discount Seekers
CUS-07194,35-44,Male,UK,Returning,Meta Ads,2023-12-29,Jeans,Mobile,At Risk
CUS-07195,25-34,Male,Italy,Returning,Google Search,2023-07-17,Jeans,Mobile,Loyal Customers
CUS-07196,25-34,Non-binary/Other,UK,Returning,Google Search,2024-04-04,Jeans,Mobile,Hibernating
CUS-07197,35-44,Female,Germany,Returning,Organic Search,2024-05-18,Jeans,Mobile,Loyal Customers
CUS-07198,55+,Male,UK,Returning,Google Search,2023-02-10,Accessories,Mobile,Hibernating
CUS-07199,18-24,Male,Germany,New,Google Search,2025-06-02,Shoes,Mobile,New Customers
CUS-07200,35-44,Female,UK,Returning,Google Search,2024-08-25,Beauty,Mobile,Potential Loyalists
CUS-07201,35-44,Male,Poland,Returning,Email,2025-01-13,Jackets,Desktop,Champions
CUS-07202,45-54,Female,UK,Returning,Google Search,2023-03-02,Accessories,Mobile,Hibernating
CUS-07203,25-34,Male,Poland,Returning,TikTok Ads,2023-06-12,Shoes,Mobile,Discount Seekers
CUS-07204,25-34,Female,UK,Returning,TikTok Ads,2023-09-25,Shoes,Mobile,At Risk
CUS-07205,25-34,Male,Netherlands,Returning,Organic Search,2024-07-05,Bags,Mobile,High-Value Customers
CUS-07206,35-44,Female,UK,Returning,Meta Ads,2023-08-27,Sportswear,Mobile,Discount Seekers
CUS-07207,25-34,Female,Spain,Returning,Organic Search,2024-01-12,Accessories,Mobile,Loyal Customers
CUS-07208,45-54,Female,France,Returning,Display Ads,2023-05-25,Jeans,Desktop,Hibernating
CUS-07209,55+,Female,France,Returning,TikTok Ads,2025-01-19,Shoes,Mobile,Potential Loyalists
CUS-07210,35-44,Female,UK,New,TikTok Ads,2025-10-29,Beauty,Mobile,New Customers
CUS-07211,55+,Male,UK,Returning,Google Search,2024-08-26,Accessories,Desktop,Loyal Customers
CUS-07212,45-54,Male,Spain,Returning,TikTok Ads,2023-04-23,Dresses,Mobile,High-Value Customers
CUS-07213,35-44,Female,UK,Returning,Meta Ads,2024-01-18,Accessories,Mobile,Hibernating
CUS-07214,45-54,Male,UK,Returning,Meta Ads,2024-02-08,Jeans,Mobile,Loyal Customers
CUS-07215,35-44,Male,Germany,Returning,TikTok Ads,2025-05-15,Shoes,Desktop,Potential Loyalists
CUS-07216,45-54,Female,UK,New,Meta Ads,2025-11-24,Beauty,Mobile,New Customers
CUS-07217,25-34,Female,France,Returning,Google Search,2024-08-31,Accessories,Mobile,Hibernating
CUS-07218,35-44,Male,France,Returning,Organic Search,2024-01-11,Shoes,Mobile,Discount Seekers
CUS-07219,25-34,Male,Germany,Returning,Organic Search,2024-01-27,Accessories,Desktop,Potential Loyalists
CUS-07220,25-34,Female,Germany,New,Meta Ads,2025-08-17,Beauty,Mobile,New Customers
CUS-07221,25-34,Female,Germany,Returning,Meta Ads,2023-02-27,Dresses,Mobile,At Risk
CUS-07222,45-54,Male,Poland,Returning,Meta Ads,2025-03-05,Sportswear,Mobile,Potential Loyalists
CUS-07223,25-34,Male,Italy,New,Organic Search,2025-08-19,Beauty,Desktop,New Customers
CUS-07224,25-34,Female,Spain,Returning,Email,2024-07-08,Dresses,Mobile,Loyal Customers
CUS-07225,45-54,Male,UK,Returning,Affiliate,2025-02-08,Accessories,Mobile,Loyal Customers
CUS-07226,25-34,Female,Germany,Returning,TikTok Ads,2025-04-10,Sportswear,Desktop,Potential Loyalists
CUS-07227,25-34,Male,Germany,Returning,Meta Ads,2024-10-10,Sportswear,Desktop,Discount Seekers
CUS-07228,55+,Female,Spain,Returning,Meta Ads,2023-06-21,Accessories,Desktop,Potential Loyalists
CUS-07229,18-24,Non-binary/Other,UK,Returning,Organic Search,2023-08-25,Shoes,Mobile,Loyal Customers
CUS-07230,55+,Female,UK,Returning,Organic Search,2024-10-12,Shoes,Mobile,Hibernating
CUS-07231,25-34,Female,Germany,Returning,Meta Ads,2025-06-21,Jeans,Mobile,Discount Seekers
CUS-07232,18-24,Female,Spain,New,Affiliate,2025-11-28,Sportswear,Mobile,New Customers
CUS-07233,25-34,Non-binary/Other,Netherlands,Returning,Meta Ads,2023-09-19,Jackets,Mobile,Champions
CUS-07234,45-54,Female,Poland,Returning,Organic Search,2023-04-30,Shoes,Mobile,At Risk
CUS-07235,25-34,Male,France,Returning,Affiliate,2024-04-02,Beauty,Desktop,Potential Loyalists
CUS-07236,18-24,Female,UK,Returning,Google Search,2024-03-25,Shoes,Mobile,At Risk
CUS-07237,18-24,Male,Germany,Returning,Organic Search,2024-08-24,Beauty,Desktop,Potential Loyalists
CUS-07238,45-54,Female,Germany,Returning,Meta Ads,2023-03-30,Shoes,Mobile,Champions
CUS-07239,55+,Male,UK,Returning,Google Search,2025-05-22,Accessories,Mobile,Potential Loyalists
CUS-07240,45-54,Female,UK,Returning,Affiliate,2024-07-23,Jeans,Mobile,At Risk
CUS-07241,55+,Female,Poland,Returning,Organic Search,2023-12-05,Accessories,Desktop,Potential Loyalists
CUS-07242,35-44,Female,Netherlands,Returning,Meta Ads,2025-01-23,Accessories,Desktop,Loyal Customers
CUS-07243,25-34,Male,UK,New,Google Search,2025-07-24,Shoes,Desktop,New Customers
CUS-07244,45-54,Male,UK,Returning,Affiliate,2024-10-14,Jeans,Mobile,Hibernating
CUS-07245,25-34,Female,Netherlands,Returning,TikTok Ads,2023-01-18,Accessories,Desktop,Loyal Customers
CUS-07246,55+,Male,Italy,Returning,Google Search,2023-12-24,Dresses,Desktop,At Risk
CUS-07247,35-44,Male,Italy,Returning,TikTok Ads,2023-09-10,Shoes,Desktop,At Risk
CUS-07248,45-54,Male,Germany,Returning,Meta Ads,2023-11-18,Beauty,Mobile,Potential Loyalists
CUS-07249,25-34,Male,Germany,Returning,Email,2024-02-08,Shoes,Mobile,High-Value Customers
CUS-07250,35-44,Male,France,Returning,Email,2025-07-13,Jeans,Mobile,Discount Seekers
CUS-07251,25-34,Female,Netherlands,Returning,Display Ads,2025-03-25,Beauty,Mobile,Potential Loyalists
CUS-07252,45-54,Non-binary/Other,UK,Returning,Organic Search,2023-09-23,Shoes,Mobile,Champions
CUS-07253,18-24,Male,France,Returning,TikTok Ads,2024-03-08,Sportswear,Mobile,Potential Loyalists
CUS-07254,35-44,Female,France,Returning,Affiliate,2025-02-22,Shoes,Mobile,Loyal Customers
CUS-07255,45-54,Female,Netherlands,New,Meta Ads,2025-06-26,Sportswear,Mobile,New Customers
CUS-07256,55+,Female,Germany,Returning,Affiliate,2024-02-02,Shoes,Mobile,Discount Seekers
CUS-07257,25-34,Non-binary/Other,Germany,Returning,Organic Search,2025-02-23,Sportswear,Desktop,Discount Seekers
CUS-07258,18-24,Female,Germany,Returning,Affiliate,2024-07-05,Accessories,Mobile,Potential Loyalists
CUS-07259,25-34,Male,Spain,New,Google Search,2025-08-27,Shoes,Desktop,New Customers
CUS-07260,55+,Male,Germany,Returning,Meta Ads,2023-04-21,Shoes,Mobile,Champions
CUS-07261,55+,Female,France,New,Google Search,2025-12-10,Sportswear,Mobile,New Customers
CUS-07262,55+,Female,Germany,Returning,Email,2023-03-11,Sportswear,Mobile,Champions
CUS-07263,35-44,Male,UK,Returning,Email,2025-05-21,Sportswear,Desktop,Discount Seekers
CUS-07264,35-44,Male,UK,Returning,Google Search,2024-12-04,Shoes,Mobile,Discount Seekers
CUS-07265,25-34,Female,Germany,Returning,Organic Search,2023-03-23,Jeans,Mobile,Loyal Customers
CUS-07266,25-34,Female,Netherlands,Returning,Organic Search,2023-08-31,Jeans,Desktop,At Risk
CUS-07267,55+,Female,Italy,New,Meta Ads,2025-09-01,Accessories,Mobile,New Customers
CUS-07268,25-34,Male,Italy,Returning,Display Ads,2024-12-23,Accessories,Desktop,Hibernating
CUS-07269,18-24,Male,UK,New,Google Search,2025-08-20,Beauty,Mobile,New Customers
CUS-07270,35-44,Female,Netherlands,Returning,Display Ads,2024-07-06,Jeans,Desktop,Loyal Customers
CUS-07271,45-54,Female,Germany,Returning,Affiliate,2023-06-18,Jeans,Tablet,At Risk
CUS-07272,18-24,Female,France,Returning,Organic Search,2024-09-19,Jackets,Mobile,Champions
CUS-07273,55+,Male,Netherlands,Returning,Google Search,2023-02-26,Jeans,Tablet,At Risk
CUS-07274,25-34,Female,Poland,Returning,Meta Ads,2023-05-10,Dresses,Tablet,Loyal Customers
CUS-07275,55+,Female,UK,Returning,Meta Ads,2023-02-16,Bags,Mobile,At Risk
CUS-07276,35-44,Male,Poland,Returning,TikTok Ads,2023-10-25,Accessories,Mobile,Hibernating
CUS-07277,55+,Female,UK,Returning,Google Search,2023-04-24,Jeans,Desktop,Loyal Customers
CUS-07278,55+,Non-binary/Other,Netherlands,Returning,Meta Ads,2024-04-21,Shoes,Tablet,Potential Loyalists
CUS-07279,25-34,Female,Italy,Returning,Google Search,2024-06-10,Jeans,Mobile,Hibernating
CUS-07280,18-24,Female,Poland,Returning,Organic Search,2023-02-16,Accessories,Mobile,Loyal Customers
CUS-07281,25-34,Female,Germany,New,Google Search,2025-09-04,Accessories,Mobile,New Customers
CUS-07282,25-34,Female,Germany,Returning,Email,2024-07-26,Dresses,Desktop,At Risk
CUS-07283,25-34,Female,Italy,Returning,Meta Ads,2023-11-29,Accessories,Mobile,Potential Loyalists
CUS-07284,25-34,Female,France,Returning,Meta Ads,2024-08-25,Shoes,Mobile,Discount Seekers
CUS-07285,35-44,Female,UK,New,Meta Ads,2025-06-05,Beauty,Mobile,New Customers
CUS-07286,45-54,Female,Netherlands,Returning,Display Ads,2023-03-30,Jeans,Mobile,At Risk
CUS-07287,18-24,Male,Poland,Returning,Email,2024-12-11,Shoes,Tablet,Loyal Customers
CUS-07288,35-44,Male,France,Returning,TikTok Ads,2023-07-01,Sportswear,Desktop,Champions
CUS-07289,25-34,Female,Germany,Returning,Google Search,2024-05-20,Bags,Mobile,Champions
CUS-07290,18-24,Female,Germany,Returning,Organic Search,2023-10-31,Jeans,Desktop,Discount Seekers
CUS-07291,35-44,Female,France,Returning,Affiliate,2023-10-28,Dresses,Mobile,Discount Seekers
CUS-07292,45-54,Female,Poland,Returning,Display Ads,2024-01-15,Jeans,Mobile,Hibernating
CUS-07293,55+,Male,Germany,Returning,Google Search,2023-08-19,Accessories,Mobile,Loyal Customers
CUS-07294,25-34,Female,France,New,Google Search,2025-06-03,Shoes,Mobile,New Customers
CUS-07295,25-34,Male,UK,Returning,Meta Ads,2024-01-12,Jeans,Mobile,Hibernating
CUS-07296,18-24,Male,Italy,Returning,Meta Ads,2024-07-03,Dresses,Tablet,At Risk
CUS-07297,45-54,Female,France,Returning,Affiliate,2024-02-22,Accessories,Mobile,Loyal Customers
CUS-07298,25-34,Female,Spain,Returning,Meta Ads,2024-11-30,Shoes,Mobile,Discount Seekers
CUS-07299,25-34,Male,France,Returning,Google Search,2024-05-07,Dresses,Mobile,Loyal Customers
CUS-07300,35-44,Female,UK,Returning,Google Search,2024-10-16,Shoes,Desktop,Loyal Customers
CUS-07301,25-34,Female,France,Returning,Google Search,2023-12-17,Dresses,Desktop,Discount Seekers
CUS-07302,35-44,Female,France,New,Meta Ads,2025-10-09,Beauty,Tablet,New Customers
CUS-07303,18-24,Female,France,Returning,Google Search,2023-12-15,Shoes,Desktop,Potential Loyalists
CUS-07304,55+,Female,France,New,TikTok Ads,2025-12-12,Beauty,Mobile,New Customers
CUS-07305,25-34,Female,Italy,Returning,Google Search,2024-07-31,Bags,Mobile,High-Value Customers
CUS-07306,55+,Male,Germany,Returning,Organic Search,2024-04-02,Dresses,Mobile,Loyal Customers
CUS-07307,45-54,Female,Spain,Returning,Meta Ads,2024-05-12,Jeans,Desktop,Hibernating
CUS-07308,25-34,Female,Italy,Returning,TikTok Ads,2025-08-12,Shoes,Desktop,Potential Loyalists
CUS-07309,25-34,Male,Germany,Returning,Meta Ads,2024-09-01,Dresses,Mobile,Loyal Customers
CUS-07310,25-34,Female,Netherlands,New,Meta Ads,2025-11-23,Sportswear,Mobile,New Customers
CUS-07311,55+,Male,Italy,New,Affiliate,2025-11-18,Accessories,Mobile,New Customers
CUS-07312,45-54,Female,France,Returning,Meta Ads,2024-11-02,Accessories,Desktop,Loyal Customers
CUS-07313,25-34,Male,France,Returning,Google Search,2024-05-08,Sportswear,Mobile,Potential Loyalists
CUS-07314,35-44,Male,UK,Returning,TikTok Ads,2024-04-15,Bags,Mobile,At Risk
CUS-07315,25-34,Female,France,New,TikTok Ads,2025-08-31,Sportswear,Mobile,New Customers
CUS-07316,25-34,Male,UK,Returning,Email,2024-06-19,Jeans,Mobile,Hibernating
CUS-07317,55+,Female,Germany,Returning,Email,2025-04-30,Sportswear,Mobile,Discount Seekers
CUS-07318,25-34,Male,Italy,Returning,Meta Ads,2024-11-04,Beauty,Mobile,Potential Loyalists
CUS-07319,25-34,Female,Poland,New,TikTok Ads,2025-06-12,Sportswear,Mobile,New Customers
CUS-07320,25-34,Female,UK,New,Organic Search,2025-10-04,Sportswear,Mobile,New Customers
CUS-07321,25-34,Female,Germany,New,Meta Ads,2025-08-07,Beauty,Desktop,New Customers
CUS-07322,45-54,Male,Germany,Returning,Google Search,2025-02-05,Shoes,Mobile,Loyal Customers
CUS-07323,25-34,Female,Italy,Returning,Email,2025-03-13,Shoes,Desktop,Potential Loyalists
CUS-07324,18-24,Female,Italy,Returning,Affiliate,2025-03-30,Jeans,Desktop,Loyal Customers
CUS-07325,35-44,Non-binary/Other,UK,Returning,Google Search,2024-10-29,Beauty,Tablet,Potential Loyalists
CUS-07326,18-24,Female,Spain,Returning,Google Search,2024-12-08,Dresses,Mobile,High-Value Customers
CUS-07327,35-44,Female,UK,Returning,Google Search,2024-01-01,Jeans,Desktop,At Risk
CUS-07328,35-44,Female,Poland,New,Display Ads,2025-06-12,Sportswear,Mobile,New Customers
CUS-07329,25-34,Female,France,New,Meta Ads,2025-11-06,Sportswear,Desktop,New Customers
CUS-07330,45-54,Male,Germany,Returning,Affiliate,2024-07-23,Dresses,Mobile,At Risk
CUS-07331,25-34,Male,Italy,New,TikTok Ads,2025-08-07,Beauty,Mobile,New Customers
CUS-07332,35-44,Male,Spain,New,Google Search,2025-08-31,Shoes,Tablet,New Customers
CUS-07333,18-24,Male,UK,Returning,Email,2024-05-12,Bags,Mobile,At Risk
CUS-07334,25-34,Male,Germany,Returning,Google Search,2024-03-19,Bags,Mobile,Champions
CUS-07335,35-44,Female,France,New,Organic Search,2025-11-30,Accessories,Mobile,New Customers
CUS-07336,25-34,Non-binary/Other,UK,New,Google Search,2025-06-09,Shoes,Mobile,New Customers
CUS-07337,18-24,Male,UK,Returning,Affiliate,2023-06-24,Beauty,Mobile,Hibernating
CUS-07338,25-34,Female,Germany,Returning,Meta Ads,2023-10-30,Dresses,Mobile,High-Value Customers
CUS-07339,35-44,Female,France,Returning,Google Search,2023-02-20,Accessories,Mobile,Hibernating
CUS-07340,25-34,Male,Germany,New,Google Search,2025-09-10,Sportswear,Tablet,New Customers
CUS-07341,35-44,Female,Spain,Returning,Organic Search,2024-02-25,Jeans,Mobile,Loyal Customers
CUS-07342,45-54,Female,UK,Returning,Google Search,2024-05-14,Jeans,Mobile,At Risk
CUS-07343,25-34,Female,UK,Returning,TikTok Ads,2023-09-13,Jeans,Desktop,Discount Seekers
CUS-07344,18-24,Female,Netherlands,Returning,Email,2025-08-05,Shoes,Desktop,Discount Seekers
CUS-07345,25-34,Female,Germany,Returning,Google Search,2024-02-19,Shoes,Desktop,Hibernating
CUS-07346,55+,Male,Poland,Returning,Email,2023-05-23,Shoes,Mobile,Loyal Customers
CUS-07347,45-54,Female,Netherlands,Returning,Google Search,2024-03-07,Accessories,Mobile,Hibernating
CUS-07348,35-44,Male,Germany,Returning,Organic Search,2023-07-15,Jeans,Mobile,Discount Seekers
CUS-07349,55+,Male,Germany,Returning,Google Search,2023-06-01,Dresses,Desktop,At Risk
CUS-07350,25-34,Female,France,Returning,Meta Ads,2023-04-18,Shoes,Mobile,At Risk
CUS-07351,18-24,Male,Italy,New,TikTok Ads,2025-06-05,Accessories,Mobile,New Customers
CUS-07352,45-54,Female,Germany,Returning,Affiliate,2023-09-07,Jeans,Mobile,At Risk
CUS-07353,35-44,Female,France,Returning,Organic Search,2025-08-07,Shoes,Mobile,Potential Loyalists
CUS-07354,18-24,Non-binary/Other,UK,Returning,Organic Search,2023-06-26,Bags,Mobile,Champions
CUS-07355,45-54,Female,Italy,Returning,Meta Ads,2024-09-09,Shoes,Mobile,Hibernating
CUS-07356,35-44,Female,Italy,Returning,Affiliate,2024-12-24,Jeans,Mobile,Discount Seekers
CUS-07357,35-44,Female,Germany,Returning,Google Search,2024-02-17,Dresses,Mobile,Discount Seekers
CUS-07358,25-34,Male,Spain,Returning,Display Ads,2025-07-06,Beauty,Desktop,Potential Loyalists
CUS-07359,18-24,Female,Italy,Returning,Email,2024-04-15,Shoes,Mobile,Champions
CUS-07360,25-34,Male,UK,Returning,Google Search,2024-10-18,Beauty,Mobile,Potential Loyalists
CUS-07361,35-44,Female,France,Returning,Meta Ads,2024-09-04,Sportswear,Mobile,Discount Seekers
CUS-07362,25-34,Female,Germany,Returning,Organic Search,2024-01-03,Shoes,Mobile,At Risk
CUS-07363,25-34,Male,Poland,Returning,Google Search,2023-03-13,Bags,Mobile,High-Value Customers
CUS-07364,25-34,Female,Germany,Returning,Google Search,2024-04-04,Beauty,Mobile,Potential Loyalists
CUS-07365,25-34,Female,UK,New,Organic Search,2025-09-07,Accessories,Mobile,New Customers
CUS-07366,55+,Female,Poland,Returning,Google Search,2024-10-12,Shoes,Mobile,Hibernating
CUS-07367,25-34,Male,Netherlands,Returning,Display Ads,2023-08-21,Jeans,Mobile,Loyal Customers
CUS-07368,35-44,Female,UK,Returning,Email,2024-06-10,Shoes,Mobile,High-Value Customers
CUS-07369,18-24,Male,France,Returning,Google Search,2023-01-09,Shoes,Desktop,At Risk
CUS-07370,35-44,Female,Germany,Returning,Organic Search,2024-08-03,Bags,Mobile,Champions
CUS-07371,25-34,Female,Poland,Returning,Google Search,2024-09-06,Jackets,Mobile,Champions
CUS-07372,18-24,Male,Germany,Returning,Meta Ads,2025-02-23,Jeans,Mobile,Discount Seekers
CUS-07373,55+,Male,Germany,Returning,Google Search,2024-12-06,Dresses,Mobile,At Risk
CUS-07374,25-34,Non-binary/Other,Italy,Returning,Meta Ads,2024-01-13,Accessories,Mobile,Hibernating
CUS-07375,35-44,Female,France,Returning,Organic Search,2024-12-28,Shoes,Mobile,Hibernating
CUS-07376,45-54,Female,Poland,New,Google Search,2025-06-30,Shoes,Desktop,New Customers
CUS-07377,25-34,Male,Italy,Returning,Meta Ads,2023-10-12,Jeans,Mobile,Hibernating
CUS-07378,55+,Male,UK,Returning,Meta Ads,2024-03-16,Jeans,Desktop,Discount Seekers
CUS-07379,35-44,Male,Germany,Returning,Google Search,2024-10-19,Accessories,Mobile,Loyal Customers
CUS-07380,35-44,Male,Netherlands,Returning,Meta Ads,2024-06-28,Jeans,Desktop,Hibernating
CUS-07381,25-34,Female,Netherlands,Returning,Google Search,2024-10-24,Accessories,Desktop,Potential Loyalists
CUS-07382,25-34,Male,UK,Returning,Meta Ads,2025-06-14,Shoes,Mobile,Potential Loyalists
CUS-07383,25-34,Male,Germany,Returning,Meta Ads,2025-08-12,Sportswear,Mobile,Potential Loyalists
CUS-07384,25-34,Male,Poland,Returning,Meta Ads,2024-07-24,Sportswear,Mobile,Discount Seekers
CUS-07385,25-34,Male,Poland,Returning,Email,2023-12-07,Bags,Mobile,Champions
CUS-07386,25-34,Female,Spain,New,Meta Ads,2025-11-02,Beauty,Mobile,New Customers
CUS-07387,18-24,Male,Spain,Returning,TikTok Ads,2023-03-18,Shoes,Mobile,At Risk
CUS-07388,35-44,Male,Italy,Returning,Google Search,2023-11-09,Shoes,Mobile,Loyal Customers
CUS-07389,35-44,Female,Italy,Returning,Google Search,2023-08-05,Shoes,Desktop,Hibernating
CUS-07390,25-34,Female,Germany,Returning,Email,2025-05-16,Jeans,Desktop,Discount Seekers
CUS-07391,25-34,Male,Spain,Returning,Email,2024-06-12,Bags,Mobile,Champions
CUS-07392,45-54,Female,Spain,Returning,TikTok Ads,2023-03-29,Shoes,Mobile,Loyal Customers
CUS-07393,55+,Female,France,Returning,Organic Search,2023-01-22,Jackets,Mobile,High-Value Customers
CUS-07394,45-54,Male,Germany,Returning,Organic Search,2024-11-20,Accessories,Mobile,Loyal Customers
CUS-07395,45-54,Female,Germany,Returning,Email,2024-04-15,Jackets,Mobile,Champions
CUS-07396,35-44,Male,Germany,Returning,Meta Ads,2023-02-11,Shoes,Mobile,High-Value Customers
CUS-07397,25-34,Female,Netherlands,Returning,Email,2024-08-07,Sportswear,Mobile,Discount Seekers
CUS-07398,18-24,Female,UK,Returning,Email,2024-11-24,Bags,Mobile,At Risk
CUS-07399,35-44,Female,Netherlands,New,Affiliate,2025-10-29,Sportswear,Mobile,New Customers
CUS-07400,25-34,Female,Netherlands,Returning,Google Search,2023-08-18,Jeans,Mobile,Discount Seekers
CUS-07401,55+,Female,Germany,Returning,Organic Search,2024-07-26,Bags,Tablet,At Risk
CUS-07402,35-44,Female,Poland,Returning,Affiliate,2023-04-03,Shoes,Desktop,At Risk
CUS-07403,45-54,Female,Germany,Returning,Meta Ads,2024-02-28,Sportswear,Desktop,Discount Seekers
CUS-07404,35-44,Female,France,Returning,Meta Ads,2024-09-30,Shoes,Tablet,At Risk
CUS-07405,45-54,Female,UK,New,Google Search,2025-12-11,Accessories,Mobile,New Customers
CUS-07406,18-24,Female,Germany,Returning,Display Ads,2023-11-27,Beauty,Mobile,Potential Loyalists
CUS-07407,45-54,Non-binary/Other,Italy,New,TikTok Ads,2025-10-11,Sportswear,Mobile,New Customers
CUS-07408,45-54,Female,Spain,New,Display Ads,2025-10-25,Sportswear,Mobile,New Customers
CUS-07409,18-24,Female,Spain,Returning,Meta Ads,2023-08-19,Beauty,Mobile,Potential Loyalists
CUS-07410,25-34,Female,Germany,New,Display Ads,2025-08-01,Sportswear,Mobile,New Customers
CUS-07411,25-34,Female,UK,Returning,Meta Ads,2024-11-09,Shoes,Desktop,Hibernating
CUS-07412,18-24,Female,France,Returning,TikTok Ads,2023-08-20,Beauty,Desktop,Potential Loyalists
CUS-07413,45-54,Male,UK,Returning,Meta Ads,2024-01-31,Bags,Desktop,Champions
CUS-07414,18-24,Male,France,Returning,Google Search,2023-06-24,Shoes,Desktop,Potential Loyalists
CUS-07415,35-44,Female,Italy,Returning,Organic Search,2023-10-29,Shoes,Mobile,Loyal Customers
CUS-07416,35-44,Male,Germany,Returning,Organic Search,2024-09-24,Shoes,Tablet,Hibernating
CUS-07417,55+,Female,Italy,New,TikTok Ads,2025-06-04,Shoes,Mobile,New Customers
CUS-07418,25-34,Male,Spain,Returning,Organic Search,2024-12-14,Beauty,Mobile,Potential Loyalists
CUS-07419,25-34,Male,UK,Returning,Email,2024-03-26,Shoes,Mobile,Hibernating
CUS-07420,25-34,Non-binary/Other,Netherlands,Returning,Email,2023-07-05,Sportswear,Mobile,Champions
CUS-07421,35-44,Female,Italy,Returning,Organic Search,2023-06-19,Jeans,Mobile,Loyal Customers
CUS-07422,45-54,Female,Netherlands,Returning,Email,2024-09-20,Jeans,Mobile,Hibernating
CUS-07423,18-24,Female,Germany,New,Display Ads,2025-09-13,Sportswear,Mobile,New Customers
CUS-07424,25-34,Male,UK,Returning,Meta Ads,2024-12-11,Accessories,Mobile,Hibernating
CUS-07425,35-44,Male,Italy,Returning,Organic Search,2023-08-31,Shoes,Desktop,Discount Seekers
CUS-07426,25-34,Male,Spain,Returning,Email,2023-08-01,Shoes,Mobile,Discount Seekers
CUS-07427,55+,Female,France,Returning,Meta Ads,2023-04-22,Shoes,Mobile,Champions
CUS-07428,35-44,Female,Germany,Returning,Email,2023-02-10,Jeans,Desktop,Hibernating
CUS-07429,55+,Female,France,Returning,Meta Ads,2023-06-01,Shoes,Mobile,At Risk
CUS-07430,18-24,Female,Germany,Returning,TikTok Ads,2023-04-11,Accessories,Desktop,Loyal Customers
CUS-07431,35-44,Female,Germany,Returning,Email,2024-01-14,Shoes,Mobile,Discount Seekers
CUS-07432,45-54,Female,France,Returning,Organic Search,2025-01-22,Shoes,Desktop,Potential Loyalists
CUS-07433,45-54,Female,Spain,Returning,Meta Ads,2025-06-26,Dresses,Tablet,Discount Seekers
CUS-07434,25-34,Female,Germany,Returning,Meta Ads,2024-10-05,Bags,Mobile,At Risk
CUS-07435,35-44,Male,Germany,New,Google Search,2025-11-06,Accessories,Mobile,New Customers
CUS-07436,25-34,Female,Germany,Returning,Meta Ads,2023-03-07,Dresses,Mobile,Loyal Customers
CUS-07437,55+,Female,France,Returning,TikTok Ads,2025-08-24,Sportswear,Mobile,Discount Seekers
CUS-07438,25-34,Female,Netherlands,New,Meta Ads,2025-07-21,Sportswear,Mobile,New Customers
CUS-07439,25-34,Male,Germany,Returning,Affiliate,2023-10-25,Sportswear,Mobile,Champions
CUS-07440,18-24,Male,Italy,Returning,TikTok Ads,2024-06-14,Bags,Desktop,Champions
CUS-07441,35-44,Male,Germany,Returning,Meta Ads,2023-11-14,Shoes,Mobile,Hibernating
CUS-07442,18-24,Female,France,Returning,Google Search,2023-01-16,Dresses,Mobile,Loyal Customers
CUS-07443,25-34,Female,Spain,Returning,Meta Ads,2023-02-02,Shoes,Mobile,At Risk
CUS-07444,35-44,Male,France,Returning,Organic Search,2024-05-31,Bags,Mobile,At Risk
CUS-07445,35-44,Female,Italy,Returning,Organic Search,2023-10-15,Shoes,Mobile,Potential Loyalists
CUS-07446,35-44,Male,Germany,New,TikTok Ads,2025-06-16,Beauty,Mobile,New Customers
CUS-07447,25-34,Male,France,Returning,Meta Ads,2023-11-16,Accessories,Desktop,Loyal Customers
CUS-07448,25-34,Female,Italy,Returning,Meta Ads,2024-05-21,Sportswear,Mobile,Discount Seekers
CUS-07449,18-24,Male,UK,Returning,Google Search,2023-12-16,Dresses,Tablet,Discount Seekers
CUS-07450,25-34,Female,Spain,Returning,Organic Search,2023-06-06,Shoes,Mobile,Potential Loyalists
CUS-07451,35-44,Male,France,New,Google Search,2025-09-09,Shoes,Desktop,New Customers
CUS-07452,25-34,Male,France,New,Organic Search,2025-08-22,Shoes,Mobile,New Customers
CUS-07453,35-44,Female,Germany,Returning,Google Search,2023-11-12,Jackets,Desktop,High-Value Customers
CUS-07454,35-44,Male,Spain,Returning,Affiliate,2025-02-01,Accessories,Mobile,Potential Loyalists
CUS-07455,35-44,Male,Netherlands,New,Google Search,2025-11-01,Beauty,Desktop,New Customers
CUS-07456,35-44,Male,UK,Returning,Email,2023-12-04,Dresses,Mobile,Discount Seekers
CUS-07457,18-24,Male,Germany,Returning,Google Search,2024-12-25,Accessories,Mobile,Loyal Customers
CUS-07458,25-34,Female,Netherlands,New,Google Search,2025-10-09,Beauty,Mobile,New Customers
CUS-07459,45-54,Female,Germany,Returning,Google Search,2024-04-09,Jeans,Mobile,Loyal Customers
CUS-07460,35-44,Male,Spain,Returning,Organic Search,2024-06-27,Shoes,Mobile,At Risk
CUS-07461,18-24,Male,France,Returning,TikTok Ads,2025-02-14,Beauty,Mobile,Potential Loyalists
CUS-07462,35-44,Male,UK,Returning,Organic Search,2023-07-02,Shoes,Mobile,High-Value Customers
CUS-07463,25-34,Female,France,Returning,Google Search,2024-08-30,Sportswear,Desktop,Potential Loyalists
CUS-07464,18-24,Male,Poland,Returning,Google Search,2023-04-03,Jeans,Mobile,Loyal Customers
CUS-07465,18-24,Male,Poland,Returning,Meta Ads,2023-11-22,Sportswear,Mobile,Discount Seekers
CUS-07466,18-24,Female,Germany,Returning,Organic Search,2024-12-03,Shoes,Mobile,Hibernating
CUS-07467,25-34,Female,Italy,Returning,Meta Ads,2024-02-04,Bags,Desktop,At Risk
CUS-07468,18-24,Female,Spain,Returning,Affiliate,2024-09-17,Accessories,Desktop,Hibernating
CUS-07469,55+,Female,Netherlands,Returning,Organic Search,2023-08-30,Jeans,Mobile,Loyal Customers
CUS-07470,55+,Female,Spain,Returning,TikTok Ads,2023-11-12,Jeans,Mobile,At Risk
CUS-07471,25-34,Female,Spain,Returning,Email,2023-06-26,Jackets,Mobile,Champions
CUS-07472,25-34,Female,Spain,Returning,Organic Search,2024-12-12,Dresses,Mobile,Loyal Customers
CUS-07473,25-34,Non-binary/Other,UK,Returning,Organic Search,2025-03-20,Shoes,Desktop,Discount Seekers
CUS-07474,35-44,Male,France,Returning,TikTok Ads,2023-02-17,Shoes,Mobile,Hibernating
CUS-07475,35-44,Male,Germany,Returning,TikTok Ads,2024-01-13,Accessories,Mobile,Loyal Customers
CUS-07476,35-44,Female,Italy,Returning,Meta Ads,2023-06-10,Shoes,Mobile,Loyal Customers
CUS-07477,35-44,Female,Poland,Returning,Meta Ads,2024-01-15,Shoes,Desktop,Discount Seekers
CUS-07478,25-34,Female,Germany,Returning,Meta Ads,2024-12-12,Accessories,Mobile,Loyal Customers
CUS-07479,25-34,Female,Germany,Returning,Organic Search,2023-10-18,Accessories,Mobile,Loyal Customers
CUS-07480,25-34,Female,Spain,Returning,Affiliate,2023-05-26,Jeans,Mobile,Loyal Customers
CUS-07481,45-54,Male,Germany,Returning,Google Search,2024-09-11,Sportswear,Tablet,Champions
CUS-07482,35-44,Female,Spain,Returning,TikTok Ads,2025-06-17,Beauty,Mobile,Potential Loyalists
CUS-07483,25-34,Male,UK,Returning,Organic Search,2023-02-11,Jackets,Mobile,High-Value Customers
CUS-07484,45-54,Female,France,Returning,TikTok Ads,2025-01-16,Accessories,Mobile,Potential Loyalists
CUS-07485,35-44,Male,UK,New,Meta Ads,2025-08-23,Beauty,Desktop,New Customers
CUS-07486,55+,Female,UK,Returning,Google Search,2023-08-23,Jeans,Mobile,Hibernating
CUS-07487,35-44,Female,Poland,New,Meta Ads,2025-06-18,Accessories,Mobile,New Customers
CUS-07488,18-24,Male,Germany,Returning,Organic Search,2024-08-27,Beauty,Mobile,Hibernating
CUS-07489,35-44,Female,Poland,Returning,TikTok Ads,2024-09-11,Jeans,Mobile,At Risk
CUS-07490,25-34,Male,France,Returning,Affiliate,2024-05-05,Dresses,Mobile,At Risk
CUS-07491,35-44,Female,UK,Returning,Google Search,2023-01-31,Bags,Mobile,At Risk
CUS-07492,35-44,Female,Italy,Returning,Meta Ads,2024-04-22,Shoes,Mobile,Hibernating
CUS-07493,18-24,Male,Spain,Returning,Google Search,2023-08-18,Beauty,Desktop,Hibernating
CUS-07494,45-54,Female,Germany,Returning,Google Search,2024-09-24,Accessories,Mobile,Hibernating
CUS-07495,25-34,Male,Germany,Returning,Meta Ads,2024-05-09,Dresses,Mobile,Loyal Customers
CUS-07496,35-44,Male,Spain,Returning,Affiliate,2023-10-11,Shoes,Mobile,At Risk
CUS-07497,18-24,Male,Spain,Returning,Meta Ads,2023-06-17,Shoes,Mobile,Hibernating
CUS-07498,45-54,Female,UK,Returning,Meta Ads,2025-05-21,Sportswear,Desktop,Potential Loyalists
CUS-07499,35-44,Male,UK,Returning,Meta Ads,2023-07-19,Shoes,Mobile,Discount Seekers
CUS-07500,35-44,Male,France,Returning,Google Search,2024-07-25,Sportswear,Tablet,Potential Loyalists
CUS-07501,18-24,Female,Germany,Returning,Google Search,2025-02-25,Dresses,Mobile,Loyal Customers
CUS-07502,25-34,Male,France,Returning,Organic Search,2024-08-05,Jeans,Desktop,Discount Seekers
CUS-07503,18-24,Male,Germany,Returning,Meta Ads,2024-10-18,Shoes,Mobile,Loyal Customers
CUS-07504,25-34,Male,Italy,Returning,Meta Ads,2025-05-12,Shoes,Mobile,Potential Loyalists
CUS-07505,25-34,Male,France,Returning,TikTok Ads,2024-06-30,Beauty,Mobile,Potential Loyalists
CUS-07506,35-44,Male,UK,Returning,Organic Search,2025-08-24,Dresses,Desktop,Discount Seekers
CUS-07507,35-44,Male,UK,New,Google Search,2025-10-08,Shoes,Desktop,New Customers
CUS-07508,45-54,Female,Germany,Returning,Google Search,2023-08-07,Dresses,Mobile,At Risk
CUS-07509,18-24,Male,Italy,Returning,Meta Ads,2024-05-15,Beauty,Mobile,Hibernating
CUS-07510,18-24,Female,UK,Returning,Display Ads,2023-02-04,Bags,Tablet,At Risk
CUS-07511,25-34,Male,France,Returning,Email,2024-01-11,Sportswear,Desktop,Discount Seekers
CUS-07512,45-54,Female,Netherlands,Returning,Email,2024-03-13,Accessories,Mobile,Hibernating
CUS-07513,18-24,Female,Germany,Returning,Organic Search,2025-03-10,Accessories,Desktop,Potential Loyalists
CUS-07514,25-34,Female,Germany,Returning,Google Search,2024-09-04,Shoes,Desktop,High-Value Customers
CUS-07515,18-24,Female,Poland,New,Meta Ads,2025-07-24,Beauty,Mobile,New Customers
CUS-07516,35-44,Male,Germany,Returning,Meta Ads,2024-04-08,Shoes,Mobile,Champions
CUS-07517,35-44,Male,UK,Returning,Email,2024-03-05,Accessories,Mobile,Loyal Customers
CUS-07518,25-34,Female,Germany,Returning,Display Ads,2024-04-27,Dresses,Tablet,At Risk
CUS-07519,18-24,Female,Germany,Returning,Organic Search,2024-11-20,Accessories,Mobile,Loyal Customers
CUS-07520,35-44,Female,Italy,Returning,Email,2023-12-13,Jeans,Mobile,At Risk
CUS-07521,25-34,Female,UK,Returning,Meta Ads,2025-06-30,Accessories,Mobile,Potential Loyalists
CUS-07522,25-34,Female,Poland,New,Google Search,2025-10-29,Shoes,Tablet,New Customers
CUS-07523,18-24,Female,France,Returning,Affiliate,2024-10-07,Bags,Mobile,Champions
CUS-07524,25-34,Male,Netherlands,Returning,Meta Ads,2025-03-29,Jeans,Desktop,Discount Seekers
CUS-07525,25-34,Male,Netherlands,Returning,Meta Ads,2023-07-28,Sportswear,Mobile,Potential Loyalists
CUS-07526,25-34,Male,Spain,Returning,Google Search,2024-07-24,Shoes,Tablet,Loyal Customers
CUS-07527,25-34,Female,UK,New,Organic Search,2025-10-15,Sportswear,Mobile,New Customers
CUS-07528,45-54,Female,Poland,New,Affiliate,2025-10-23,Accessories,Mobile,New Customers
CUS-07529,35-44,Female,Spain,Returning,TikTok Ads,2024-01-12,Bags,Desktop,At Risk
CUS-07530,45-54,Male,Poland,New,Google Search,2025-07-29,Sportswear,Mobile,New Customers
CUS-07531,25-34,Male,Germany,Returning,TikTok Ads,2024-03-01,Jackets,Mobile,Champions
CUS-07532,25-34,Male,UK,Returning,Google Search,2023-07-11,Sportswear,Mobile,Discount Seekers
CUS-07533,18-24,Female,UK,New,Meta Ads,2025-07-15,Sportswear,Mobile,New Customers
CUS-07534,25-34,Male,France,Returning,Email,2023-04-02,Shoes,Tablet,Champions
CUS-07535,45-54,Female,France,Returning,Meta Ads,2023-07-11,Beauty,Mobile,Hibernating
CUS-07536,25-34,Female,France,Returning,Meta Ads,2024-12-10,Jeans,Mobile,At Risk
CUS-07537,35-44,Female,Italy,Returning,Email,2023-11-04,Dresses,Mobile,At Risk
CUS-07538,35-44,Female,UK,New,Google Search,2025-09-20,Beauty,Desktop,New Customers
CUS-07539,25-34,Male,UK,Returning,Google Search,2024-01-23,Shoes,Desktop,Potential Loyalists
CUS-07540,25-34,Male,UK,New,TikTok Ads,2025-12-09,Sportswear,Desktop,New Customers
CUS-07541,18-24,Female,Italy,Returning,Email,2023-08-17,Bags,Tablet,Champions
CUS-07542,55+,Female,Germany,Returning,Organic Search,2024-02-10,Sportswear,Mobile,Potential Loyalists
CUS-07543,35-44,Female,Poland,Returning,Organic Search,2023-10-30,Bags,Mobile,High-Value Customers
CUS-07544,18-24,Male,Germany,Returning,Google Search,2024-08-06,Dresses,Mobile,At Risk
CUS-07545,25-34,Male,Poland,Returning,Google Search,2023-06-10,Accessories,Mobile,Potential Loyalists
CUS-07546,25-34,Male,UK,Returning,Email,2024-08-26,Shoes,Mobile,Loyal Customers
CUS-07547,18-24,Female,Germany,Returning,Meta Ads,2024-07-07,Jeans,Mobile,Hibernating
CUS-07548,35-44,Female,UK,Returning,Meta Ads,2024-05-13,Shoes,Mobile,Loyal Customers
CUS-07549,25-34,Male,UK,Returning,Google Search,2024-10-22,Jeans,Desktop,Loyal Customers
CUS-07550,25-34,Male,Italy,Returning,Email,2023-03-18,Shoes,Desktop,Loyal Customers
CUS-07551,45-54,Female,France,Returning,Google Search,2023-04-23,Jeans,Mobile,Hibernating
CUS-07552,35-44,Male,France,Returning,Email,2023-03-18,Dresses,Desktop,At Risk
CUS-07553,18-24,Female,Poland,Returning,Meta Ads,2025-03-29,Sportswear,Mobile,Champions
CUS-07554,45-54,Male,Poland,Returning,Affiliate,2023-11-23,Dresses,Mobile,Loyal Customers
CUS-07555,45-54,Male,Germany,Returning,Meta Ads,2024-01-21,Shoes,Desktop,At Risk
CUS-07556,35-44,Male,UK,New,Google Search,2025-06-14,Beauty,Desktop,New Customers
CUS-07557,45-54,Female,Germany,Returning,Google Search,2024-02-11,Dresses,Mobile,At Risk
CUS-07558,35-44,Female,Germany,Returning,Affiliate,2024-12-03,Accessories,Mobile,Loyal Customers
CUS-07559,35-44,Female,France,Returning,Meta Ads,2024-10-05,Accessories,Mobile,Hibernating
CUS-07560,25-34,Female,Poland,Returning,Meta Ads,2024-03-27,Jeans,Desktop,Discount Seekers
CUS-07561,25-34,Female,Spain,Returning,Google Search,2023-08-11,Dresses,Mobile,At Risk
CUS-07562,25-34,Male,Germany,Returning,Organic Search,2024-10-05,Accessories,Mobile,Loyal Customers
CUS-07563,18-24,Male,UK,Returning,Meta Ads,2024-01-20,Jeans,Mobile,At Risk
CUS-07564,35-44,Female,Netherlands,Returning,Google Search,2023-07-26,Shoes,Desktop,Potential Loyalists
CUS-07565,18-24,Male,UK,Returning,TikTok Ads,2024-11-22,Sportswear,Mobile,Champions
CUS-07566,18-24,Female,Germany,Returning,Organic Search,2024-11-08,Shoes,Desktop,Potential Loyalists
CUS-07567,25-34,Male,Poland,Returning,Affiliate,2025-04-25,Shoes,Desktop,Discount Seekers
CUS-07568,45-54,Female,Italy,Returning,Google Search,2024-08-31,Shoes,Mobile,Potential Loyalists
CUS-07569,35-44,Male,Germany,Returning,Meta Ads,2023-08-30,Sportswear,Mobile,Discount Seekers
CUS-07570,25-34,Female,Germany,New,Meta Ads,2025-11-05,Sportswear,Mobile,New Customers
CUS-07571,45-54,Female,UK,New,Display Ads,2025-10-17,Sportswear,Mobile,New Customers
CUS-07572,18-24,Female,UK,Returning,Meta Ads,2023-11-05,Bags,Mobile,Champions
CUS-07573,25-34,Male,France,Returning,Google Search,2023-03-12,Dresses,Mobile,At Risk
CUS-07574,18-24,Female,Spain,Returning,TikTok Ads,2023-01-14,Shoes,Mobile,Loyal Customers
CUS-07575,25-34,Male,Poland,New,Google Search,2025-10-20,Shoes,Mobile,New Customers
CUS-07576,35-44,Male,Italy,Returning,Google Search,2023-09-03,Jeans,Desktop,Loyal Customers
CUS-07577,18-24,Male,France,Returning,Meta Ads,2024-07-24,Sportswear,Mobile,Potential Loyalists
CUS-07578,35-44,Male,Italy,New,Affiliate,2025-10-23,Beauty,Mobile,New Customers
CUS-07579,25-34,Female,Germany,Returning,Google Search,2024-08-28,Shoes,Desktop,Champions
CUS-07580,25-34,Male,Italy,Returning,Google Search,2024-03-25,Sportswear,Mobile,Potential Loyalists
CUS-07581,25-34,Female,Italy,Returning,TikTok Ads,2024-10-30,Dresses,Mobile,High-Value Customers
CUS-07582,45-54,Male,UK,Returning,Meta Ads,2023-12-24,Shoes,Mobile,Champions
CUS-07583,25-34,Male,Poland,Returning,Google Search,2023-07-05,Beauty,Mobile,Potential Loyalists
CUS-07584,25-34,Male,Germany,Returning,TikTok Ads,2024-06-09,Sportswear,Mobile,Potential Loyalists
CUS-07585,18-24,Male,Spain,Returning,Google Search,2023-11-11,Shoes,Mobile,Potential Loyalists
CUS-07586,18-24,Female,Germany,Returning,Organic Search,2023-04-29,Dresses,Mobile,At Risk
CUS-07587,55+,Female,France,Returning,Display Ads,2023-11-27,Accessories,Mobile,Loyal Customers
CUS-07588,25-34,Female,Poland,New,Meta Ads,2025-08-15,Beauty,Mobile,New Customers
CUS-07589,25-34,Male,Italy,Returning,Organic Search,2023-12-17,Dresses,Mobile,At Risk
CUS-07590,55+,Male,Poland,Returning,TikTok Ads,2024-05-22,Accessories,Desktop,Potential Loyalists
CUS-07591,25-34,Male,UK,Returning,Email,2023-08-30,Dresses,Mobile,Discount Seekers
CUS-07592,25-34,Male,UK,Returning,Organic Search,2024-04-03,Shoes,Mobile,High-Value Customers
CUS-07593,35-44,Non-binary/Other,Germany,Returning,Organic Search,2023-12-01,Accessories,Mobile,Loyal Customers
CUS-07594,25-34,Male,Poland,Returning,TikTok Ads,2023-12-07,Sportswear,Mobile,Potential Loyalists
CUS-07595,25-34,Female,Spain,Returning,Google Search,2024-07-14,Dresses,Mobile,Loyal Customers
CUS-07596,18-24,Female,Germany,Returning,Email,2023-08-15,Dresses,Desktop,Loyal Customers
CUS-07597,25-34,Female,France,New,Affiliate,2025-11-21,Sportswear,Mobile,New Customers
CUS-07598,18-24,Male,Italy,New,Google Search,2025-07-14,Sportswear,Mobile,New Customers
CUS-07599,25-34,Female,Spain,New,Google Search,2025-11-26,Accessories,Desktop,New Customers
CUS-07600,18-24,Male,UK,Returning,Google Search,2024-01-25,Shoes,Mobile,Potential Loyalists
CUS-07601,25-34,Female,France,Returning,TikTok Ads,2024-04-06,Shoes,Mobile,Potential Loyalists
CUS-07602,35-44,Male,Germany,Returning,Email,2024-12-14,Shoes,Mobile,High-Value Customers
CUS-07603,45-54,Female,Germany,Returning,TikTok Ads,2024-01-18,Jeans,Mobile,Discount Seekers
CUS-07604,55+,Female,Spain,Returning,Email,2023-09-21,Sportswear,Mobile,Champions
CUS-07605,45-54,Male,Poland,Returning,Organic Search,2023-12-06,Jeans,Mobile,At Risk
CUS-07606,25-34,Male,Germany,New,Meta Ads,2025-08-21,Sportswear,Desktop,New Customers
CUS-07607,45-54,Female,Italy,Returning,Email,2023-04-24,Jeans,Mobile,At Risk
CUS-07608,18-24,Male,Poland,Returning,Affiliate,2023-02-09,Bags,Tablet,At Risk
CUS-07609,55+,Male,Italy,Returning,Display Ads,2023-06-22,Shoes,Mobile,Discount Seekers
CUS-07610,45-54,Male,Germany,Returning,Meta Ads,2023-12-05,Jackets,Mobile,Champions
CUS-07611,25-34,Female,Germany,Returning,Organic Search,2024-11-09,Sportswear,Mobile,Potential Loyalists
CUS-07612,35-44,Male,Spain,Returning,TikTok Ads,2023-01-17,Dresses,Mobile,High-Value Customers
CUS-07613,35-44,Female,Poland,Returning,Email,2025-02-10,Accessories,Mobile,Loyal Customers
CUS-07614,45-54,Female,Spain,Returning,TikTok Ads,2023-09-21,Dresses,Mobile,Loyal Customers
CUS-07615,45-54,Female,Poland,Returning,Meta Ads,2024-08-19,Accessories,Tablet,Hibernating
CUS-07616,35-44,Female,UK,Returning,Organic Search,2024-12-08,Accessories,Mobile,Hibernating
CUS-07617,35-44,Male,UK,Returning,Display Ads,2024-12-04,Bags,Desktop,At Risk
CUS-07618,18-24,Female,Netherlands,Returning,Affiliate,2023-01-22,Shoes,Mobile,Hibernating
CUS-07619,25-34,Female,France,Returning,TikTok Ads,2024-02-04,Dresses,Mobile,At Risk
CUS-07620,18-24,Female,Italy,Returning,Organic Search,2024-07-06,Dresses,Mobile,Loyal Customers
CUS-07621,35-44,Male,UK,Returning,Affiliate,2024-12-11,Bags,Mobile,At Risk
CUS-07622,18-24,Female,Netherlands,Returning,Google Search,2023-10-12,Shoes,Desktop,Hibernating
CUS-07623,18-24,Female,Spain,Returning,TikTok Ads,2025-02-15,Dresses,Desktop,Discount Seekers
CUS-07624,35-44,Female,UK,Returning,Email,2023-11-23,Jeans,Tablet,Loyal Customers
CUS-07625,18-24,Female,Italy,Returning,Affiliate,2023-01-20,Accessories,Mobile,Loyal Customers
CUS-07626,25-34,Female,Spain,Returning,Email,2024-12-02,Shoes,Desktop,Hibernating
CUS-07627,18-24,Male,France,Returning,Google Search,2024-11-30,Shoes,Desktop,Loyal Customers
CUS-07628,55+,Male,Germany,Returning,Organic Search,2024-10-12,Sportswear,Mobile,Champions
CUS-07629,18-24,Female,UK,Returning,Organic Search,2024-03-10,Jeans,Tablet,Hibernating
CUS-07630,18-24,Female,France,New,Organic Search,2025-07-31,Beauty,Desktop,New Customers
CUS-07631,55+,Female,Spain,Returning,Meta Ads,2023-10-31,Shoes,Desktop,Potential Loyalists
CUS-07632,18-24,Male,UK,Returning,Email,2024-06-22,Jackets,Mobile,Champions
CUS-07633,18-24,Male,Germany,Returning,Google Search,2023-02-28,Jackets,Mobile,Champions
CUS-07634,25-34,Male,Spain,Returning,TikTok Ads,2023-05-08,Accessories,Mobile,Hibernating
CUS-07635,45-54,Female,Italy,New,Organic Search,2025-10-01,Sportswear,Desktop,New Customers
CUS-07636,35-44,Male,Spain,Returning,Organic Search,2024-03-20,Dresses,Mobile,Loyal Customers
CUS-07637,35-44,Male,Netherlands,Returning,Google Search,2024-08-11,Sportswear,Desktop,Potential Loyalists
CUS-07638,55+,Male,Germany,Returning,Google Search,2024-10-11,Shoes,Mobile,Loyal Customers
CUS-07639,18-24,Male,Germany,Returning,Display Ads,2024-11-15,Shoes,Mobile,Loyal Customers
CUS-07640,35-44,Female,France,Returning,Affiliate,2024-05-20,Beauty,Mobile,Potential Loyalists
CUS-07641,45-54,Female,Germany,New,Google Search,2025-06-30,Accessories,Desktop,New Customers
CUS-07642,25-34,Female,UK,Returning,Organic Search,2024-11-29,Accessories,Desktop,Loyal Customers
CUS-07643,18-24,Male,Italy,Returning,TikTok Ads,2023-10-25,Shoes,Mobile,Potential Loyalists
CUS-07644,18-24,Male,France,New,Google Search,2025-11-07,Beauty,Desktop,New Customers
CUS-07645,45-54,Male,Italy,New,Meta Ads,2025-09-17,Sportswear,Mobile,New Customers
CUS-07646,35-44,Female,Italy,Returning,Meta Ads,2024-08-18,Jeans,Desktop,Loyal Customers
CUS-07647,45-54,Non-binary/Other,Italy,Returning,Meta Ads,2024-07-08,Shoes,Mobile,Champions
CUS-07648,25-34,Male,UK,Returning,Organic Search,2024-01-02,Sportswear,Mobile,Champions
CUS-07649,18-24,Non-binary/Other,France,Returning,TikTok Ads,2024-08-07,Beauty,Mobile,Potential Loyalists
CUS-07650,25-34,Female,France,Returning,Email,2023-10-13,Beauty,Desktop,Hibernating
CUS-07651,45-54,Female,France,Returning,Email,2024-11-18,Dresses,Tablet,Loyal Customers
CUS-07652,35-44,Male,Spain,Returning,Organic Search,2023-08-24,Jeans,Mobile,Hibernating
CUS-07653,55+,Female,Italy,Returning,Meta Ads,2024-11-25,Shoes,Mobile,Hibernating
CUS-07654,18-24,Female,Netherlands,Returning,Meta Ads,2024-02-23,Jackets,Mobile,Champions
CUS-07655,45-54,Female,Spain,Returning,Google Search,2024-03-24,Jackets,Mobile,Champions
CUS-07656,45-54,Male,Netherlands,Returning,Google Search,2024-08-03,Jeans,Mobile,Loyal Customers
CUS-07657,55+,Female,Italy,Returning,Organic Search,2023-12-18,Jackets,Mobile,Champions
CUS-07658,25-34,Female,France,New,Meta Ads,2025-06-22,Accessories,Mobile,New Customers
CUS-07659,18-24,Female,Italy,Returning,Google Search,2023-05-10,Shoes,Desktop,Champions
CUS-07660,25-34,Female,Germany,Returning,Display Ads,2023-03-26,Accessories,Desktop,Hibernating
CUS-07661,55+,Male,Spain,New,Meta Ads,2025-07-30,Accessories,Mobile,New Customers
CUS-07662,25-34,Non-binary/Other,Germany,Returning,Google Search,2023-02-01,Jeans,Mobile,Hibernating
CUS-07663,35-44,Female,UK,Returning,Google Search,2023-01-11,Beauty,Desktop,Hibernating
CUS-07664,45-54,Female,Netherlands,New,Organic Search,2025-12-13,Accessories,Mobile,New Customers
CUS-07665,18-24,Female,Italy,Returning,Google Search,2024-08-08,Sportswear,Desktop,Discount Seekers
CUS-07666,25-34,Female,Poland,Returning,Affiliate,2024-04-21,Jackets,Desktop,High-Value Customers
CUS-07667,45-54,Female,Poland,Returning,Meta Ads,2025-01-24,Accessories,Mobile,Potential Loyalists
CUS-07668,45-54,Female,France,Returning,TikTok Ads,2024-11-21,Accessories,Mobile,Loyal Customers
CUS-07669,35-44,Female,Germany,Returning,TikTok Ads,2025-02-12,Beauty,Mobile,Potential Loyalists
CUS-07670,45-54,Female,Netherlands,Returning,Affiliate,2023-11-22,Dresses,Mobile,Loyal Customers
CUS-07671,18-24,Male,Germany,New,TikTok Ads,2025-07-26,Beauty,Desktop,New Customers
CUS-07672,25-34,Female,Spain,Returning,Display Ads,2024-11-26,Shoes,Tablet,Potential Loyalists
CUS-07673,35-44,Male,Poland,New,TikTok Ads,2025-10-09,Beauty,Mobile,New Customers
CUS-07674,45-54,Male,Germany,Returning,Display Ads,2023-05-31,Jeans,Desktop,Hibernating
CUS-07675,25-34,Female,Italy,Returning,TikTok Ads,2024-04-11,Sportswear,Tablet,Potential Loyalists
CUS-07676,25-34,Female,Germany,New,Affiliate,2025-08-21,Beauty,Desktop,New Customers
CUS-07677,35-44,Female,UK,Returning,TikTok Ads,2023-10-03,Accessories,Mobile,Potential Loyalists
CUS-07678,55+,Male,Spain,Returning,Meta Ads,2023-06-30,Accessories,Mobile,Hibernating
CUS-07679,25-34,Female,Italy,Returning,Google Search,2023-12-19,Shoes,Mobile,At Risk
CUS-07680,25-34,Female,Netherlands,Returning,Google Search,2023-08-21,Shoes,Mobile,Champions
CUS-07681,25-34,Female,UK,Returning,Organic Search,2024-10-21,Jeans,Tablet,At Risk
CUS-07682,25-34,Male,Italy,Returning,Meta Ads,2024-04-03,Dresses,Desktop,Loyal Customers
CUS-07683,55+,Male,Poland,Returning,Google Search,2023-09-26,Jeans,Mobile,Hibernating
CUS-07684,35-44,Female,Germany,New,Meta Ads,2025-07-15,Accessories,Mobile,New Customers
CUS-07685,55+,Female,Germany,Returning,TikTok Ads,2024-09-21,Accessories,Mobile,Potential Loyalists
CUS-07686,25-34,Female,Germany,Returning,Email,2023-04-20,Dresses,Desktop,At Risk
CUS-07687,35-44,Female,Poland,Returning,Email,2024-11-15,Sportswear,Mobile,Discount Seekers
CUS-07688,35-44,Male,France,Returning,Meta Ads,2024-04-28,Jeans,Mobile,Hibernating
CUS-07689,25-34,Female,Germany,New,Affiliate,2025-08-22,Shoes,Mobile,New Customers
CUS-07690,45-54,Female,France,Returning,Meta Ads,2023-10-16,Jeans,Desktop,Hibernating
CUS-07691,25-34,Female,Italy,Returning,Meta Ads,2024-01-21,Shoes,Mobile,Potential Loyalists
CUS-07692,35-44,Male,France,Returning,Display Ads,2024-11-18,Beauty,Mobile,Hibernating
CUS-07693,25-34,Female,France,Returning,Email,2024-10-28,Shoes,Mobile,Hibernating
CUS-07694,25-34,Male,UK,Returning,Email,2024-06-09,Accessories,Mobile,Loyal Customers
CUS-07695,35-44,Female,UK,Returning,Meta Ads,2024-10-16,Dresses,Mobile,Loyal Customers
CUS-07696,45-54,Female,Italy,Returning,TikTok Ads,2024-11-25,Shoes,Mobile,Loyal Customers
CUS-07697,18-24,Female,UK,Returning,Affiliate,2024-12-31,Dresses,Mobile,Loyal Customers
CUS-07698,18-24,Male,UK,Returning,Google Search,2025-07-18,Beauty,Mobile,Potential Loyalists
CUS-07699,35-44,Female,Germany,Returning,Organic Search,2023-11-20,Accessories,Desktop,Loyal Customers
CUS-07700,25-34,Female,Germany,Returning,Google Search,2024-05-26,Jeans,Mobile,At Risk
CUS-07701,35-44,Female,UK,Returning,Organic Search,2024-04-06,Shoes,Mobile,Loyal Customers
CUS-07702,25-34,Female,France,Returning,Email,2024-09-18,Shoes,Mobile,Loyal Customers
CUS-07703,45-54,Female,France,Returning,Organic Search,2023-11-24,Shoes,Mobile,At Risk
CUS-07704,25-34,Female,Netherlands,Returning,Organic Search,2025-07-31,Sportswear,Desktop,Potential Loyalists
CUS-07705,25-34,Female,UK,New,Display Ads,2025-10-17,Accessories,Mobile,New Customers
CUS-07706,25-34,Male,Italy,Returning,Google Search,2023-12-21,Beauty,Desktop,Hibernating
CUS-07707,35-44,Female,France,Returning,Email,2023-11-26,Bags,Mobile,High-Value Customers
CUS-07708,45-54,Female,UK,New,Meta Ads,2025-06-24,Shoes,Mobile,New Customers
CUS-07709,35-44,Female,Poland,Returning,Meta Ads,2023-06-16,Bags,Desktop,Champions
CUS-07710,18-24,Female,Poland,Returning,Meta Ads,2023-12-09,Accessories,Desktop,Loyal Customers
CUS-07711,45-54,Female,France,Returning,Google Search,2023-04-26,Jackets,Mobile,High-Value Customers
CUS-07712,35-44,Male,Germany,Returning,Meta Ads,2023-12-24,Bags,Desktop,At Risk
CUS-07713,35-44,Female,France,Returning,Affiliate,2024-08-01,Beauty,Mobile,Hibernating
CUS-07714,18-24,Male,Netherlands,Returning,Google Search,2024-04-03,Dresses,Desktop,At Risk
CUS-07715,55+,Female,Germany,Returning,Organic Search,2024-10-19,Jeans,Tablet,Loyal Customers
CUS-07716,25-34,Male,Germany,New,Organic Search,2025-07-03,Shoes,Desktop,New Customers
CUS-07717,18-24,Female,Poland,Returning,Organic Search,2023-01-23,Jeans,Mobile,Hibernating
CUS-07718,45-54,Male,France,Returning,Affiliate,2024-12-01,Sportswear,Mobile,Discount Seekers
CUS-07719,35-44,Female,Germany,Returning,Google Search,2023-03-27,Shoes,Mobile,Loyal Customers
CUS-07720,55+,Female,France,Returning,Organic Search,2023-08-08,Dresses,Desktop,At Risk
CUS-07721,35-44,Male,Spain,Returning,Meta Ads,2023-12-19,Dresses,Desktop,Loyal Customers
CUS-07722,25-34,Male,Germany,Returning,Meta Ads,2023-07-20,Shoes,Mobile,High-Value Customers
CUS-07723,18-24,Male,Germany,Returning,Google Search,2024-10-10,Shoes,Desktop,Loyal Customers
CUS-07724,35-44,Male,Italy,Returning,Affiliate,2023-10-05,Beauty,Mobile,Hibernating
CUS-07725,45-54,Female,Germany,Returning,TikTok Ads,2024-04-14,Jeans,Mobile,Loyal Customers
CUS-07726,35-44,Male,Germany,Returning,TikTok Ads,2023-02-08,Jeans,Mobile,At Risk
CUS-07727,18-24,Male,Germany,Returning,Organic Search,2023-08-27,Shoes,Mobile,At Risk
CUS-07728,25-34,Male,Netherlands,Returning,Organic Search,2023-10-23,Accessories,Desktop,Potential Loyalists
CUS-07729,25-34,Male,Netherlands,Returning,TikTok Ads,2024-07-17,Jeans,Mobile,Hibernating
CUS-07730,25-34,Female,Spain,Returning,Meta Ads,2024-12-22,Dresses,Mobile,Discount Seekers
CUS-07731,18-24,Male,Germany,Returning,Display Ads,2025-04-24,Dresses,Mobile,Discount Seekers
CUS-07732,18-24,Male,Spain,Returning,Google Search,2023-10-03,Accessories,Mobile,Potential Loyalists
CUS-07733,18-24,Female,France,Returning,Organic Search,2024-12-12,Shoes,Mobile,Hibernating
CUS-07734,55+,Male,Germany,New,Google Search,2025-11-15,Shoes,Mobile,New Customers
CUS-07735,25-34,Female,Poland,Returning,Organic Search,2023-07-06,Dresses,Mobile,At Risk
CUS-07736,35-44,Female,Germany,New,Organic Search,2025-06-26,Accessories,Desktop,New Customers
CUS-07737,45-54,Male,Spain,Returning,Email,2023-02-09,Bags,Mobile,At Risk
CUS-07738,35-44,Female,Spain,Returning,Email,2023-10-04,Shoes,Tablet,Loyal Customers
CUS-07739,25-34,Female,UK,Returning,Meta Ads,2024-07-27,Shoes,Mobile,Potential Loyalists
CUS-07740,18-24,Male,UK,Returning,TikTok Ads,2024-09-20,Accessories,Tablet,Loyal Customers
CUS-07741,25-34,Female,Germany,Returning,TikTok Ads,2023-10-22,Beauty,Desktop,Potential Loyalists
CUS-07742,25-34,Female,Germany,Returning,Organic Search,2024-07-22,Accessories,Tablet,Loyal Customers
CUS-07743,25-34,Male,France,Returning,Organic Search,2025-02-25,Dresses,Desktop,Loyal Customers
CUS-07744,35-44,Female,Germany,Returning,Organic Search,2024-08-28,Beauty,Mobile,Hibernating
CUS-07745,45-54,Female,Italy,New,TikTok Ads,2025-06-21,Beauty,Mobile,New Customers
CUS-07746,25-34,Female,Germany,Returning,Organic Search,2024-06-21,Shoes,Desktop,Champions
CUS-07747,35-44,Female,UK,Returning,Display Ads,2024-01-02,Accessories,Mobile,Hibernating
CUS-07748,25-34,Female,Poland,Returning,Email,2024-08-07,Sportswear,Desktop,Discount Seekers
CUS-07749,35-44,Female,UK,Returning,Meta Ads,2024-04-13,Dresses,Mobile,Discount Seekers
CUS-07750,18-24,Male,UK,Returning,Email,2023-10-02,Beauty,Desktop,Hibernating
CUS-07751,35-44,Male,Italy,Returning,Display Ads,2023-07-15,Bags,Mobile,High-Value Customers
CUS-07752,35-44,Female,UK,Returning,Meta Ads,2024-10-16,Dresses,Desktop,At Risk
CUS-07753,35-44,Male,France,Returning,Organic Search,2023-06-09,Dresses,Mobile,High-Value Customers
CUS-07754,45-54,Male,Netherlands,Returning,Affiliate,2024-08-18,Sportswear,Mobile,Discount Seekers
CUS-07755,18-24,Male,France,Returning,Google Search,2024-12-22,Accessories,Mobile,Potential Loyalists
CUS-07756,35-44,Male,France,Returning,Meta Ads,2024-03-22,Jeans,Mobile,Discount Seekers
CUS-07757,35-44,Male,Germany,Returning,Affiliate,2024-01-27,Jeans,Tablet,Hibernating
CUS-07758,18-24,Male,Germany,Returning,Google Search,2023-07-27,Shoes,Mobile,Hibernating
CUS-07759,45-54,Male,UK,Returning,TikTok Ads,2023-12-18,Jeans,Mobile,Discount Seekers
CUS-07760,25-34,Female,Poland,Returning,Google Search,2024-07-17,Accessories,Mobile,Potential Loyalists
CUS-07761,18-24,Female,France,Returning,Google Search,2024-02-04,Accessories,Desktop,Potential Loyalists
CUS-07762,35-44,Female,UK,Returning,Organic Search,2024-12-08,Shoes,Mobile,At Risk
CUS-07763,25-34,Male,Netherlands,Returning,Meta Ads,2023-10-23,Accessories,Mobile,Hibernating
CUS-07764,25-34,Female,UK,Returning,Meta Ads,2025-02-15,Sportswear,Mobile,Discount Seekers
CUS-07765,25-34,Female,Italy,Returning,Affiliate,2025-08-15,Sportswear,Mobile,Discount Seekers
CUS-07766,18-24,Female,France,Returning,Meta Ads,2024-06-30,Jeans,Mobile,Hibernating
CUS-07767,18-24,Male,Italy,Returning,Meta Ads,2024-08-25,Dresses,Desktop,High-Value Customers
CUS-07768,35-44,Female,France,Returning,Email,2023-09-23,Jeans,Mobile,Loyal Customers
CUS-07769,55+,Female,Italy,Returning,Meta Ads,2024-11-11,Jackets,Desktop,High-Value Customers
CUS-07770,25-34,Female,UK,Returning,Email,2024-02-05,Jackets,Mobile,Champions
CUS-07771,25-34,Male,Germany,New,Organic Search,2025-11-29,Sportswear,Mobile,New Customers
CUS-07772,25-34,Male,France,Returning,Email,2024-12-11,Sportswear,Tablet,Champions
CUS-07773,25-34,Female,Germany,New,Meta Ads,2025-10-12,Shoes,Mobile,New Customers
CUS-07774,55+,Female,Netherlands,Returning,Organic Search,2025-08-28,Beauty,Mobile,Potential Loyalists
CUS-07775,45-54,Female,Poland,Returning,Meta Ads,2024-10-29,Bags,Mobile,Champions
CUS-07776,25-34,Female,Germany,Returning,Meta Ads,2023-06-19,Shoes,Mobile,At Risk
CUS-07777,18-24,Male,Germany,Returning,Organic Search,2023-03-07,Accessories,Desktop,Hibernating
CUS-07778,25-34,Female,Germany,Returning,Organic Search,2024-05-15,Jeans,Mobile,Loyal Customers
CUS-07779,18-24,Non-binary/Other,Germany,Returning,Google Search,2023-04-30,Jeans,Mobile,At Risk
CUS-07780,25-34,Male,Poland,Returning,Affiliate,2024-06-03,Accessories,Mobile,Loyal Customers
CUS-07781,25-34,Female,Italy,Returning,Affiliate,2023-12-17,Accessories,Tablet,Loyal Customers
CUS-07782,25-34,Female,Netherlands,Returning,Google Search,2024-09-13,Accessories,Mobile,Loyal Customers
CUS-07783,25-34,Female,Italy,Returning,Display Ads,2024-07-13,Jeans,Desktop,At Risk
CUS-07784,25-34,Female,UK,Returning,TikTok Ads,2023-08-22,Beauty,Desktop,Hibernating
CUS-07785,18-24,Male,UK,Returning,Meta Ads,2023-08-04,Shoes,Desktop,At Risk
CUS-07786,35-44,Male,UK,Returning,TikTok Ads,2024-09-10,Accessories,Mobile,Hibernating
CUS-07787,55+,Male,Germany,Returning,Email,2023-07-29,Shoes,Mobile,At Risk
CUS-07788,25-34,Female,France,Returning,Affiliate,2024-12-10,Accessories,Mobile,Hibernating
CUS-07789,45-54,Male,UK,Returning,Meta Ads,2024-04-24,Dresses,Mobile,High-Value Customers
CUS-07790,55+,Female,UK,Returning,Meta Ads,2025-04-11,Shoes,Mobile,Potential Loyalists
CUS-07791,18-24,Male,France,Returning,Meta Ads,2023-01-25,Accessories,Mobile,Loyal Customers
CUS-07792,18-24,Female,Italy,Returning,Affiliate,2023-04-08,Jeans,Mobile,Loyal Customers
CUS-07793,35-44,Male,Poland,Returning,Meta Ads,2024-02-16,Dresses,Mobile,At Risk
CUS-07794,18-24,Male,UK,New,Google Search,2025-09-02,Shoes,Desktop,New Customers
CUS-07795,18-24,Male,Germany,Returning,TikTok Ads,2023-03-15,Shoes,Mobile,Loyal Customers
CUS-07796,18-24,Female,France,Returning,Display Ads,2025-06-24,Dresses,Desktop,Discount Seekers
CUS-07797,35-44,Male,France,Returning,Display Ads,2023-10-14,Shoes,Mobile,High-Value Customers
CUS-07798,18-24,Male,UK,Returning,Organic Search,2023-07-05,Jeans,Desktop,Loyal Customers
CUS-07799,25-34,Male,Germany,Returning,Affiliate,2023-03-04,Shoes,Mobile,Loyal Customers
CUS-07800,45-54,Male,France,Returning,Affiliate,2024-07-26,Jeans,Mobile,Loyal Customers
CUS-07801,35-44,Male,Italy,Returning,Meta Ads,2025-08-01,Sportswear,Mobile,Potential Loyalists
CUS-07802,25-34,Male,France,Returning,Affiliate,2024-05-10,Dresses,Mobile,Discount Seekers
CUS-07803,25-34,Male,Germany,Returning,Google Search,2024-05-04,Dresses,Mobile,At Risk
CUS-07804,25-34,Non-binary/Other,Poland,Returning,Email,2024-03-05,Shoes,Desktop,Champions
CUS-07805,45-54,Female,UK,New,Google Search,2025-07-23,Accessories,Tablet,New Customers
CUS-07806,25-34,Female,France,Returning,Email,2024-06-09,Jackets,Desktop,Champions
CUS-07807,35-44,Female,France,Returning,Display Ads,2025-06-07,Accessories,Mobile,Potential Loyalists
CUS-07808,35-44,Male,Poland,Returning,Meta Ads,2023-08-04,Shoes,Mobile,Potential Loyalists
CUS-07809,35-44,Female,Netherlands,Returning,Google Search,2023-10-11,Shoes,Mobile,At Risk
CUS-07810,25-34,Female,Poland,New,TikTok Ads,2025-11-19,Shoes,Tablet,New Customers
CUS-07811,18-24,Female,Germany,Returning,Meta Ads,2025-08-24,Dresses,Tablet,Discount Seekers
CUS-07812,35-44,Male,Germany,Returning,Meta Ads,2023-02-12,Jackets,Mobile,Champions
CUS-07813,25-34,Male,UK,Returning,Meta Ads,2024-03-23,Accessories,Desktop,Hibernating
CUS-07814,35-44,Female,Spain,Returning,Email,2023-12-20,Jackets,Tablet,Champions
CUS-07815,35-44,Male,UK,Returning,Meta Ads,2024-04-14,Accessories,Desktop,Potential Loyalists
CUS-07816,55+,Female,Germany,Returning,Google Search,2024-08-08,Shoes,Mobile,Discount Seekers
CUS-07817,25-34,Male,France,Returning,Display Ads,2023-08-26,Bags,Mobile,At Risk
CUS-07818,35-44,Female,France,Returning,Meta Ads,2024-05-27,Accessories,Mobile,Loyal Customers
CUS-07819,25-34,Female,Italy,New,Display Ads,2025-08-02,Accessories,Mobile,New Customers
CUS-07820,25-34,Female,UK,Returning,Organic Search,2024-07-29,Shoes,Mobile,Hibernating
CUS-07821,35-44,Female,Germany,Returning,Meta Ads,2024-10-27,Jeans,Mobile,Discount Seekers
CUS-07822,25-34,Male,Spain,Returning,Google Search,2024-01-07,Dresses,Mobile,At Risk
CUS-07823,35-44,Male,France,Returning,Google Search,2023-02-05,Sportswear,Mobile,Champions
CUS-07824,25-34,Non-binary/Other,Germany,New,Google Search,2025-09-19,Accessories,Desktop,New Customers
CUS-07825,25-34,Female,Italy,Returning,Google Search,2024-08-19,Accessories,Desktop,Loyal Customers
CUS-07826,18-24,Female,Spain,Returning,Organic Search,2024-05-01,Jackets,Mobile,Champions
CUS-07827,35-44,Female,Germany,Returning,Meta Ads,2024-08-12,Jeans,Mobile,At Risk
CUS-07828,45-54,Female,France,Returning,Meta Ads,2023-11-12,Jeans,Mobile,Hibernating
CUS-07829,18-24,Male,France,Returning,Display Ads,2024-01-13,Jackets,Tablet,Champions
CUS-07830,45-54,Male,France,Returning,Organic Search,2024-11-26,Jeans,Mobile,Hibernating
CUS-07831,25-34,Male,Netherlands,Returning,Google Search,2024-01-05,Dresses,Mobile,At Risk
CUS-07832,45-54,Female,Germany,Returning,Organic Search,2023-07-19,Accessories,Desktop,Hibernating
CUS-07833,35-44,Male,Germany,Returning,Meta Ads,2023-11-29,Dresses,Mobile,Loyal Customers
CUS-07834,35-44,Female,Italy,Returning,Google Search,2024-04-29,Beauty,Mobile,Potential Loyalists
CUS-07835,25-34,Male,Poland,Returning,Meta Ads,2024-03-21,Jeans,Mobile,Loyal Customers
CUS-07836,25-34,Male,Germany,Returning,Meta Ads,2023-01-28,Shoes,Mobile,Loyal Customers
CUS-07837,35-44,Male,Spain,Returning,Meta Ads,2023-06-20,Beauty,Mobile,Potential Loyalists
CUS-07838,35-44,Female,Netherlands,Returning,Email,2024-06-04,Beauty,Mobile,Potential Loyalists
CUS-07839,35-44,Male,Spain,Returning,Affiliate,2024-04-13,Accessories,Mobile,Loyal Customers
CUS-07840,35-44,Male,Netherlands,Returning,Google Search,2025-03-22,Dresses,Desktop,Loyal Customers
CUS-07841,35-44,Female,France,Returning,TikTok Ads,2025-04-23,Jeans,Desktop,Discount Seekers
CUS-07842,25-34,Male,Italy,Returning,Meta Ads,2023-05-11,Beauty,Mobile,Hibernating
CUS-07843,18-24,Female,France,Returning,Meta Ads,2024-04-01,Accessories,Mobile,Potential Loyalists
CUS-07844,25-34,Female,France,Returning,Google Search,2025-01-01,Jeans,Mobile,Discount Seekers
CUS-07845,35-44,Female,France,Returning,Meta Ads,2023-08-01,Jeans,Mobile,Loyal Customers
CUS-07846,35-44,Male,Germany,Returning,Meta Ads,2024-05-20,Shoes,Tablet,Potential Loyalists
CUS-07847,45-54,Male,Netherlands,Returning,Organic Search,2023-07-16,Jeans,Mobile,Hibernating
CUS-07848,18-24,Male,UK,New,TikTok Ads,2025-11-02,Sportswear,Mobile,New Customers
CUS-07849,18-24,Female,Germany,Returning,Google Search,2023-02-17,Shoes,Desktop,Loyal Customers
CUS-07850,35-44,Male,UK,Returning,TikTok Ads,2024-04-25,Accessories,Mobile,Potential Loyalists
CUS-07851,35-44,Non-binary/Other,UK,New,Google Search,2025-08-05,Beauty,Desktop,New Customers
CUS-07852,25-34,Female,Germany,Returning,Affiliate,2024-02-19,Dresses,Tablet,At Risk
CUS-07853,45-54,Female,Germany,Returning,Meta Ads,2025-07-15,Beauty,Mobile,Potential Loyalists
CUS-07854,55+,Female,Netherlands,New,Meta Ads,2025-06-29,Shoes,Mobile,New Customers
CUS-07855,25-34,Male,Spain,Returning,Email,2023-10-09,Jeans,Desktop,Loyal Customers
CUS-07856,25-34,Male,Germany,New,TikTok Ads,2025-12-14,Shoes,Desktop,New Customers
CUS-07857,25-34,Female,Germany,Returning,Email,2023-01-27,Shoes,Desktop,Loyal Customers
CUS-07858,45-54,Female,Spain,Returning,Affiliate,2023-11-24,Jeans,Mobile,Discount Seekers
CUS-07859,35-44,Male,Netherlands,Returning,Email,2023-11-18,Jeans,Desktop,Hibernating
CUS-07860,35-44,Male,Germany,Returning,Meta Ads,2024-11-12,Shoes,Desktop,Potential Loyalists
CUS-07861,35-44,Male,Netherlands,Returning,Google Search,2023-07-11,Beauty,Mobile,Hibernating
CUS-07862,25-34,Male,France,Returning,Meta Ads,2023-09-10,Sportswear,Desktop,Champions
CUS-07863,25-34,Female,Spain,Returning,TikTok Ads,2025-06-04,Accessories,Mobile,Potential Loyalists
CUS-07864,35-44,Male,Spain,New,Organic Search,2025-07-27,Beauty,Desktop,New Customers
CUS-07865,35-44,Female,Poland,New,Google Search,2025-08-10,Shoes,Mobile,New Customers
CUS-07866,35-44,Male,UK,Returning,Organic Search,2023-01-21,Accessories,Mobile,Hibernating
CUS-07867,45-54,Male,Germany,Returning,Display Ads,2024-03-05,Dresses,Desktop,High-Value Customers
CUS-07868,35-44,Male,Italy,Returning,Google Search,2024-03-21,Accessories,Mobile,Potential Loyalists
CUS-07869,25-34,Female,Italy,Returning,Affiliate,2025-04-24,Sportswear,Desktop,Potential Loyalists
CUS-07870,18-24,Male,Poland,Returning,Organic Search,2024-06-20,Bags,Mobile,At Risk
CUS-07871,25-34,Female,UK,Returning,Organic Search,2023-12-28,Accessories,Desktop,Potential Loyalists
CUS-07872,25-34,Female,Poland,Returning,Organic Search,2024-05-19,Accessories,Desktop,Loyal Customers
CUS-07873,18-24,Female,Germany,Returning,TikTok Ads,2024-12-07,Dresses,Mobile,High-Value Customers
CUS-07874,35-44,Male,Germany,Returning,Organic Search,2023-12-23,Jeans,Mobile,Hibernating
CUS-07875,25-34,Female,Spain,Returning,Google Search,2023-07-02,Dresses,Mobile,High-Value Customers
CUS-07876,25-34,Male,France,Returning,Google Search,2023-10-01,Accessories,Desktop,Loyal Customers
CUS-07877,25-34,Female,UK,Returning,Email,2023-08-04,Sportswear,Tablet,Champions
CUS-07878,45-54,Female,Italy,New,Meta Ads,2025-06-06,Sportswear,Mobile,New Customers
CUS-07879,35-44,Male,Spain,Returning,Meta Ads,2023-11-24,Jeans,Mobile,Discount Seekers
CUS-07880,25-34,Female,Netherlands,Returning,Organic Search,2024-01-14,Accessories,Tablet,Loyal Customers
CUS-07881,45-54,Female,France,Returning,TikTok Ads,2024-07-06,Accessories,Mobile,Loyal Customers
CUS-07882,25-34,Female,UK,Returning,Organic Search,2024-04-19,Sportswear,Mobile,Champions
CUS-07883,35-44,Female,Germany,Returning,Meta Ads,2023-08-10,Accessories,Desktop,Hibernating
CUS-07884,25-34,Female,Spain,Returning,Meta Ads,2024-11-23,Accessories,Mobile,Hibernating
CUS-07885,45-54,Female,France,Returning,Meta Ads,2024-06-30,Jeans,Mobile,At Risk
CUS-07886,18-24,Female,Poland,Returning,Organic Search,2024-09-23,Jackets,Tablet,Champions
CUS-07887,35-44,Male,UK,Returning,Google Search,2023-03-23,Jeans,Mobile,Hibernating
CUS-07888,45-54,Female,Spain,New,TikTok Ads,2025-09-21,Sportswear,Mobile,New Customers
CUS-07889,35-44,Female,UK,Returning,Email,2023-11-04,Shoes,Mobile,Loyal Customers
CUS-07890,25-34,Male,France,Returning,Meta Ads,2025-06-17,Beauty,Mobile,Potential Loyalists
CUS-07891,25-34,Female,Germany,New,Meta Ads,2025-07-15,Beauty,Mobile,New Customers
CUS-07892,25-34,Female,Poland,Returning,Meta Ads,2025-03-12,Accessories,Mobile,Potential Loyalists
CUS-07893,25-34,Male,Germany,Returning,Meta Ads,2024-08-26,Jackets,Mobile,High-Value Customers
CUS-07894,35-44,Female,Germany,New,Organic Search,2025-08-25,Accessories,Desktop,New Customers
CUS-07895,18-24,Male,UK,Returning,Meta Ads,2024-08-25,Accessories,Desktop,Potential Loyalists
CUS-07896,25-34,Female,Germany,Returning,Affiliate,2024-09-14,Jeans,Mobile,At Risk
CUS-07897,35-44,Female,Germany,Returning,Google Search,2024-07-01,Shoes,Mobile,At Risk
CUS-07898,55+,Female,UK,Returning,Email,2024-12-23,Sportswear,Desktop,Champions
CUS-07899,35-44,Female,Netherlands,Returning,Email,2023-07-03,Shoes,Mobile,At Risk
CUS-07900,18-24,Female,Poland,Returning,Email,2024-05-13,Shoes,Mobile,Loyal Customers
CUS-07901,18-24,Male,Poland,Returning,Meta Ads,2024-10-27,Sportswear,Mobile,Potential Loyalists
CUS-07902,25-34,Male,France,Returning,Display Ads,2024-01-30,Dresses,Mobile,At Risk
CUS-07903,18-24,Female,Spain,New,Meta Ads,2025-10-05,Beauty,Desktop,New Customers
CUS-07904,25-34,Female,UK,Returning,TikTok Ads,2024-05-13,Sportswear,Desktop,Potential Loyalists
CUS-07905,25-34,Male,Italy,Returning,Google Search,2024-08-13,Dresses,Desktop,Loyal Customers
CUS-07906,25-34,Non-binary/Other,Spain,New,Affiliate,2025-12-11,Shoes,Desktop,New Customers
CUS-07907,18-24,Female,Spain,Returning,Google Search,2025-01-22,Beauty,Tablet,Potential Loyalists
CUS-07908,35-44,Female,Spain,Returning,Email,2025-07-02,Dresses,Mobile,Discount Seekers
CUS-07909,25-34,Female,Germany,New,Google Search,2025-08-31,Beauty,Desktop,New Customers
CUS-07910,18-24,Female,Italy,Returning,Meta Ads,2024-01-25,Jeans,Mobile,Discount Seekers
CUS-07911,18-24,Male,Netherlands,Returning,Organic Search,2025-08-11,Sportswear,Mobile,Potential Loyalists
CUS-07912,25-34,Male,Spain,Returning,Display Ads,2023-06-13,Jeans,Tablet,Hibernating
CUS-07913,25-34,Male,Germany,Returning,Meta Ads,2024-04-11,Bags,Desktop,Champions
CUS-07914,25-34,Female,Spain,Returning,Google Search,2024-08-25,Beauty,Mobile,Potential Loyalists
CUS-07915,25-34,Female,Italy,Returning,Meta Ads,2023-03-24,Jackets,Mobile,Champions
CUS-07916,18-24,Male,UK,Returning,Email,2023-10-07,Sportswear,Desktop,Champions
CUS-07917,45-54,Male,Germany,Returning,Meta Ads,2023-06-01,Sportswear,Desktop,Discount Seekers
CUS-07918,25-34,Female,France,Returning,Organic Search,2024-08-22,Shoes,Desktop,Hibernating
CUS-07919,18-24,Male,France,Returning,Organic Search,2023-06-20,Dresses,Desktop,At Risk
CUS-07920,25-34,Male,Italy,New,Google Search,2025-06-17,Sportswear,Mobile,New Customers
CUS-07921,25-34,Female,France,New,Affiliate,2025-09-26,Accessories,Desktop,New Customers
CUS-07922,45-54,Female,France,Returning,Meta Ads,2023-01-19,Shoes,Mobile,At Risk
CUS-07923,55+,Female,France,Returning,Google Search,2024-05-28,Beauty,Desktop,Hibernating
CUS-07924,25-34,Female,Germany,Returning,Organic Search,2023-05-08,Jeans,Mobile,At Risk
CUS-07925,55+,Female,Spain,Returning,Meta Ads,2024-10-22,Shoes,Mobile,Hibernating
CUS-07926,45-54,Female,Spain,Returning,Affiliate,2025-03-25,Accessories,Mobile,Potential Loyalists
CUS-07927,25-34,Female,France,Returning,Display Ads,2023-10-08,Shoes,Desktop,High-Value Customers
CUS-07928,25-34,Female,Germany,Returning,Google Search,2023-09-29,Shoes,Desktop,Champions
CUS-07929,35-44,Male,Germany,Returning,Organic Search,2024-11-01,Beauty,Tablet,Potential Loyalists
CUS-07930,18-24,Male,Italy,Returning,Display Ads,2025-04-17,Dresses,Mobile,Discount Seekers
CUS-07931,35-44,Female,Germany,Returning,Email,2024-11-21,Accessories,Mobile,Loyal Customers
CUS-07932,45-54,Female,UK,Returning,Google Search,2023-05-20,Shoes,Desktop,Loyal Customers
CUS-07933,55+,Male,Netherlands,Returning,Google Search,2025-02-06,Shoes,Mobile,Potential Loyalists
CUS-07934,55+,Male,Poland,New,Google Search,2025-07-17,Sportswear,Mobile,New Customers
CUS-07935,25-34,Male,Germany,Returning,Meta Ads,2025-02-06,Jeans,Mobile,Discount Seekers
CUS-07936,18-24,Male,Poland,Returning,TikTok Ads,2024-03-21,Shoes,Mobile,Discount Seekers
CUS-07937,25-34,Female,France,New,Meta Ads,2025-09-27,Beauty,Mobile,New Customers
CUS-07938,35-44,Male,Italy,Returning,Organic Search,2024-12-11,Dresses,Desktop,High-Value Customers
CUS-07939,25-34,Female,Germany,Returning,Display Ads,2024-10-15,Jeans,Mobile,At Risk
CUS-07940,55+,Female,France,Returning,Meta Ads,2024-11-17,Sportswear,Desktop,Discount Seekers
CUS-07941,45-54,Female,Spain,Returning,Email,2024-03-31,Accessories,Mobile,Loyal Customers
CUS-07942,45-54,Male,Germany,New,Google Search,2025-09-20,Sportswear,Mobile,New Customers
CUS-07943,45-54,Female,UK,Returning,Meta Ads,2023-11-19,Jackets,Mobile,Champions
CUS-07944,18-24,Female,Germany,Returning,Meta Ads,2024-08-04,Jackets,Mobile,Champions
CUS-07945,25-34,Male,Germany,Returning,Organic Search,2024-05-06,Dresses,Desktop,At Risk
CUS-07946,45-54,Male,Germany,Returning,Google Search,2023-11-13,Accessories,Mobile,Loyal Customers
CUS-07947,35-44,Female,UK,New,TikTok Ads,2025-06-12,Shoes,Mobile,New Customers
CUS-07948,18-24,Male,Spain,Returning,Google Search,2024-04-26,Dresses,Desktop,At Risk
CUS-07949,25-34,Female,UK,Returning,Meta Ads,2025-03-10,Shoes,Mobile,Champions
CUS-07950,25-34,Male,UK,New,Display Ads,2025-07-30,Shoes,Desktop,New Customers
CUS-07951,25-34,Female,Germany,Returning,Organic Search,2024-11-06,Bags,Desktop,At Risk
CUS-07952,35-44,Female,France,Returning,Meta Ads,2024-06-25,Sportswear,Mobile,Discount Seekers
CUS-07953,35-44,Male,Germany,Returning,Meta Ads,2023-08-18,Beauty,Mobile,Potential Loyalists
CUS-07954,25-34,Female,Poland,Returning,Meta Ads,2023-09-20,Shoes,Mobile,High-Value Customers
CUS-07955,35-44,Male,Italy,Returning,Affiliate,2023-12-09,Shoes,Mobile,Discount Seekers
CUS-07956,35-44,Female,Germany,Returning,Meta Ads,2023-07-26,Jeans,Mobile,At Risk
CUS-07957,25-34,Female,Germany,Returning,Display Ads,2023-09-01,Accessories,Mobile,Potential Loyalists
CUS-07958,25-34,Female,Italy,Returning,Google Search,2024-06-09,Accessories,Mobile,Hibernating
CUS-07959,35-44,Female,Germany,Returning,Organic Search,2024-06-19,Accessories,Desktop,Hibernating
CUS-07960,35-44,Male,Spain,Returning,Meta Ads,2025-05-24,Shoes,Mobile,Potential Loyalists
CUS-07961,35-44,Female,UK,Returning,Organic Search,2024-09-06,Dresses,Mobile,High-Value Customers
CUS-07962,35-44,Female,France,Returning,TikTok Ads,2024-02-05,Shoes,Mobile,Discount Seekers
CUS-07963,18-24,Non-binary/Other,Poland,New,Organic Search,2025-08-18,Sportswear,Mobile,New Customers
CUS-07964,35-44,Female,Poland,Returning,Affiliate,2024-07-04,Accessories,Desktop,Hibernating
CUS-07965,55+,Female,Poland,New,Google Search,2025-07-25,Sportswear,Desktop,New Customers
CUS-07966,25-34,Female,Italy,Returning,TikTok Ads,2024-11-27,Beauty,Desktop,Hibernating
CUS-07967,25-34,Male,Germany,Returning,Affiliate,2023-05-23,Accessories,Mobile,Hibernating
CUS-07968,55+,Male,France,Returning,Email,2023-10-24,Sportswear,Mobile,Champions
CUS-07969,25-34,Female,France,Returning,Meta Ads,2023-05-20,Sportswear,Desktop,Champions
CUS-07970,25-34,Female,France,Returning,Meta Ads,2024-03-14,Shoes,Mobile,Potential Loyalists
CUS-07971,35-44,Female,France,Returning,Meta Ads,2023-12-19,Sportswear,Mobile,Discount Seekers
CUS-07972,45-54,Male,UK,Returning,Affiliate,2024-02-27,Accessories,Mobile,Potential Loyalists
CUS-07973,35-44,Male,Spain,Returning,Affiliate,2024-10-06,Dresses,Desktop,Discount Seekers
CUS-07974,35-44,Female,Germany,New,Google Search,2025-09-30,Shoes,Mobile,New Customers
CUS-07975,35-44,Male,Germany,Returning,TikTok Ads,2023-12-13,Accessories,Desktop,Potential Loyalists
CUS-07976,25-34,Male,Germany,Returning,Email,2023-12-29,Jeans,Tablet,Discount Seekers
CUS-07977,25-34,Female,Germany,New,TikTok Ads,2025-09-24,Beauty,Mobile,New Customers
CUS-07978,35-44,Male,UK,Returning,Google Search,2025-01-07,Sportswear,Mobile,Potential Loyalists
CUS-07979,25-34,Female,Netherlands,Returning,Organic Search,2025-02-21,Shoes,Desktop,Champions
CUS-07980,35-44,Male,Spain,Returning,Email,2025-02-28,Accessories,Mobile,Loyal Customers
CUS-07981,45-54,Female,UK,Returning,Meta Ads,2024-10-24,Accessories,Desktop,Loyal Customers
CUS-07982,25-34,Female,Germany,Returning,Organic Search,2023-11-14,Accessories,Mobile,Potential Loyalists
CUS-07983,18-24,Female,UK,Returning,Meta Ads,2023-07-02,Bags,Tablet,At Risk
CUS-07984,35-44,Male,Spain,Returning,Display Ads,2025-08-09,Sportswear,Mobile,Potential Loyalists
CUS-07985,35-44,Male,Spain,Returning,Organic Search,2023-10-02,Bags,Mobile,Champions
CUS-07986,45-54,Female,Germany,Returning,Meta Ads,2024-03-13,Jeans,Desktop,Loyal Customers
CUS-07987,25-34,Male,Germany,Returning,Affiliate,2025-01-27,Shoes,Desktop,Potential Loyalists
CUS-07988,25-34,Female,UK,Returning,Google Search,2025-03-26,Shoes,Mobile,High-Value Customers
CUS-07989,55+,Female,Germany,Returning,TikTok Ads,2024-03-26,Sportswear,Mobile,Potential Loyalists
CUS-07990,25-34,Female,France,Returning,Meta Ads,2024-02-18,Shoes,Mobile,Champions
CUS-07991,25-34,Female,France,Returning,Organic Search,2023-06-15,Bags,Mobile,At Risk
CUS-07992,25-34,Male,Germany,Returning,Google Search,2024-07-01,Dresses,Desktop,Discount Seekers
CUS-07993,18-24,Male,Germany,Returning,TikTok Ads,2023-08-22,Beauty,Desktop,Hibernating
CUS-07994,35-44,Female,Netherlands,Returning,Email,2024-07-29,Dresses,Mobile,Discount Seekers
CUS-07995,35-44,Non-binary/Other,Spain,Returning,Email,2024-11-19,Jeans,Tablet,Discount Seekers
CUS-07996,25-34,Male,Netherlands,Returning,Meta Ads,2024-03-29,Jeans,Mobile,At Risk
CUS-07997,35-44,Male,France,Returning,Organic Search,2023-08-24,Jackets,Mobile,High-Value Customers
CUS-07998,25-34,Female,Netherlands,Returning,Organic Search,2024-03-21,Sportswear,Tablet,Champions
CUS-07999,25-34,Female,UK,Returning,Meta Ads,2023-09-28,Sportswear,Desktop,Discount Seekers
CUS-08000,25-34,Male,Italy,Returning,Meta Ads,2025-02-09,Shoes,Desktop,Discount Seekers
CUS-08001,35-44,Female,Italy,Returning,Meta Ads,2024-02-14,Shoes,Desktop,Discount Seekers
CUS-08002,25-34,Female,Poland,New,Meta Ads,2025-09-04,Beauty,Mobile,New Customers
CUS-08003,45-54,Male,Netherlands,Returning,Organic Search,2024-01-12,Beauty,Tablet,Hibernating
CUS-08004,25-34,Female,Netherlands,Returning,Organic Search,2024-06-24,Dresses,Mobile,Loyal Customers
CUS-08005,25-34,Male,Germany,Returning,Affiliate,2024-09-02,Shoes,Mobile,At Risk
CUS-08006,55+,Female,France,Returning,Google Search,2023-09-08,Shoes,Mobile,Potential Loyalists
CUS-08007,35-44,Female,UK,Returning,Display Ads,2023-12-08,Jeans,Mobile,At Risk
CUS-08008,55+,Male,Spain,Returning,Google Search,2024-10-09,Shoes,Mobile,At Risk
CUS-08009,35-44,Female,Poland,Returning,TikTok Ads,2025-01-03,Accessories,Desktop,Potential Loyalists
CUS-08010,45-54,Female,Spain,Returning,Organic Search,2023-11-30,Accessories,Desktop,Loyal Customers
CUS-08011,25-34,Male,Spain,Returning,Organic Search,2023-07-12,Shoes,Mobile,Potential Loyalists
CUS-08012,35-44,Non-binary/Other,UK,Returning,Meta Ads,2024-10-12,Dresses,Desktop,At Risk
CUS-08013,25-34,Non-binary/Other,Spain,Returning,Meta Ads,2023-01-03,Dresses,Tablet,At Risk
CUS-08014,55+,Female,Italy,Returning,Meta Ads,2024-03-09,Shoes,Mobile,Hibernating
CUS-08015,25-34,Female,France,Returning,Google Search,2023-09-03,Jeans,Tablet,Loyal Customers
CUS-08016,25-34,Male,Poland,Returning,TikTok Ads,2024-07-27,Shoes,Desktop,Hibernating
CUS-08017,55+,Female,Spain,Returning,TikTok Ads,2023-10-06,Jeans,Mobile,At Risk
CUS-08018,25-34,Male,UK,Returning,Meta Ads,2023-10-28,Bags,Desktop,Champions
CUS-08019,18-24,Female,UK,Returning,Organic Search,2023-06-25,Shoes,Desktop,Potential Loyalists
CUS-08020,35-44,Male,Spain,New,TikTok Ads,2025-10-24,Beauty,Mobile,New Customers
CUS-08021,25-34,Male,Germany,Returning,Meta Ads,2025-03-09,Accessories,Mobile,Potential Loyalists
CUS-08022,25-34,Male,Spain,Returning,Google Search,2024-05-25,Accessories,Mobile,Loyal Customers
CUS-08023,35-44,Male,Italy,Returning,Organic Search,2024-04-03,Accessories,Mobile,Loyal Customers
CUS-08024,55+,Male,Poland,Returning,Meta Ads,2024-09-14,Bags,Desktop,Champions
CUS-08025,18-24,Male,Italy,Returning,Display Ads,2024-12-21,Bags,Mobile,Champions
CUS-08026,55+,Female,Italy,Returning,Email,2024-06-22,Shoes,Mobile,Loyal Customers
CUS-08027,35-44,Male,Poland,Returning,Display Ads,2024-11-07,Jeans,Mobile,Hibernating
CUS-08028,25-34,Non-binary/Other,Germany,New,TikTok Ads,2025-07-12,Beauty,Tablet,New Customers
CUS-08029,18-24,Female,Italy,New,Meta Ads,2025-06-28,Shoes,Mobile,New Customers
CUS-08030,45-54,Male,Italy,Returning,TikTok Ads,2023-04-11,Jeans,Mobile,At Risk
CUS-08031,55+,Female,Germany,New,Affiliate,2025-10-22,Beauty,Tablet,New Customers
CUS-08032,35-44,Non-binary/Other,Germany,Returning,Organic Search,2024-02-12,Dresses,Mobile,Loyal Customers
CUS-08033,25-34,Female,France,Returning,Meta Ads,2023-02-13,Jeans,Mobile,Loyal Customers
CUS-08034,45-54,Female,Spain,Returning,Google Search,2023-09-08,Shoes,Desktop,Loyal Customers
CUS-08035,18-24,Female,Spain,Returning,Google Search,2023-02-08,Jeans,Desktop,At Risk
CUS-08036,55+,Female,Germany,New,TikTok Ads,2025-09-05,Beauty,Mobile,New Customers
CUS-08037,45-54,Male,Germany,Returning,Google Search,2024-03-14,Beauty,Mobile,Potential Loyalists
CUS-08038,35-44,Female,Netherlands,New,TikTok Ads,2025-06-21,Accessories,Mobile,New Customers
CUS-08039,25-34,Female,Germany,Returning,Meta Ads,2023-08-02,Shoes,Desktop,High-Value Customers
CUS-08040,18-24,Female,Spain,Returning,TikTok Ads,2025-03-08,Accessories,Mobile,Potential Loyalists
CUS-08041,35-44,Female,Spain,New,Organic Search,2025-07-16,Sportswear,Mobile,New Customers
CUS-08042,18-24,Female,Spain,New,Meta Ads,2025-11-14,Shoes,Mobile,New Customers
CUS-08043,35-44,Male,Spain,Returning,Affiliate,2024-05-18,Beauty,Tablet,Hibernating
CUS-08044,25-34,Female,Germany,Returning,Meta Ads,2024-04-21,Beauty,Mobile,Hibernating
CUS-08045,55+,Male,Netherlands,Returning,Google Search,2024-12-15,Beauty,Mobile,Hibernating
CUS-08046,25-34,Female,Germany,Returning,Google Search,2023-01-24,Shoes,Desktop,Loyal Customers
CUS-08047,18-24,Female,UK,New,TikTok Ads,2025-12-01,Sportswear,Mobile,New Customers
CUS-08048,18-24,Female,Germany,Returning,Email,2023-11-23,Jeans,Desktop,Hibernating
CUS-08049,25-34,Male,France,Returning,Google Search,2024-08-23,Accessories,Mobile,Potential Loyalists
CUS-08050,45-54,Male,France,Returning,Organic Search,2024-10-22,Bags,Mobile,High-Value Customers
CUS-08051,18-24,Female,Spain,Returning,Meta Ads,2023-12-21,Beauty,Mobile,Potential Loyalists
CUS-08052,25-34,Female,UK,New,TikTok Ads,2025-07-29,Sportswear,Mobile,New Customers
CUS-08053,25-34,Female,Germany,New,Google Search,2025-10-29,Sportswear,Mobile,New Customers
CUS-08054,35-44,Male,Netherlands,New,TikTok Ads,2025-06-01,Beauty,Mobile,New Customers
CUS-08055,25-34,Female,Italy,Returning,TikTok Ads,2023-09-06,Jeans,Desktop,Discount Seekers
CUS-08056,18-24,Non-binary/Other,UK,Returning,Display Ads,2023-06-01,Shoes,Mobile,Loyal Customers
CUS-08057,25-34,Female,Netherlands,New,Meta Ads,2025-10-25,Beauty,Mobile,New Customers
CUS-08058,18-24,Male,Germany,Returning,Email,2024-09-13,Dresses,Mobile,At Risk
CUS-08059,35-44,Male,Germany,Returning,Email,2025-06-20,Sportswear,Mobile,Discount Seekers
CUS-08060,18-24,Male,UK,Returning,Google Search,2024-02-07,Jeans,Desktop,At Risk
CUS-08061,25-34,Female,France,Returning,Organic Search,2024-02-19,Bags,Desktop,High-Value Customers
CUS-08062,25-34,Male,Spain,Returning,Meta Ads,2025-07-12,Jeans,Desktop,Discount Seekers
CUS-08063,25-34,Male,Italy,Returning,Organic Search,2024-04-26,Accessories,Mobile,Potential Loyalists
CUS-08064,25-34,Female,France,Returning,TikTok Ads,2025-08-17,Jeans,Mobile,Discount Seekers
CUS-08065,18-24,Male,France,Returning,Email,2023-07-13,Dresses,Desktop,High-Value Customers
CUS-08066,25-34,Female,Italy,Returning,Organic Search,2024-02-07,Dresses,Mobile,Loyal Customers
CUS-08067,55+,Male,France,Returning,Organic Search,2024-12-11,Dresses,Mobile,At Risk
CUS-08068,25-34,Female,Germany,Returning,Organic Search,2024-06-15,Beauty,Desktop,Potential Loyalists
CUS-08069,18-24,Female,UK,Returning,Email,2023-09-26,Jeans,Desktop,At Risk
CUS-08070,25-34,Female,UK,Returning,Affiliate,2025-02-04,Shoes,Mobile,Champions
CUS-08071,35-44,Male,Italy,Returning,Organic Search,2023-02-16,Beauty,Mobile,Hibernating
CUS-08072,18-24,Female,Spain,Returning,TikTok Ads,2024-08-29,Sportswear,Mobile,Potential Loyalists
CUS-08073,25-34,Female,Italy,Returning,Google Search,2023-07-08,Jeans,Mobile,At Risk
CUS-08074,55+,Male,UK,Returning,Meta Ads,2023-03-10,Bags,Tablet,Champions
CUS-08075,35-44,Male,Spain,Returning,Affiliate,2023-09-02,Bags,Desktop,At Risk
CUS-08076,35-44,Male,Poland,New,Meta Ads,2025-06-02,Shoes,Tablet,New Customers
CUS-08077,25-34,Female,Germany,Returning,Meta Ads,2023-10-06,Dresses,Tablet,At Risk
CUS-08078,55+,Female,Germany,Returning,Google Search,2024-03-08,Shoes,Mobile,Potential Loyalists
CUS-08079,25-34,Female,Netherlands,Returning,Email,2025-02-22,Accessories,Mobile,Loyal Customers
CUS-08080,35-44,Female,Italy,New,Affiliate,2025-11-24,Accessories,Mobile,New Customers
CUS-08081,55+,Female,Germany,Returning,Email,2023-06-19,Shoes,Desktop,Discount Seekers
CUS-08082,55+,Female,Germany,Returning,Google Search,2024-02-29,Dresses,Desktop,Loyal Customers
CUS-08083,35-44,Male,Germany,Returning,Google Search,2023-04-12,Jeans,Desktop,At Risk
CUS-08084,25-34,Male,Italy,Returning,Google Search,2024-02-04,Jackets,Desktop,Champions
CUS-08085,18-24,Female,Italy,Returning,TikTok Ads,2024-09-03,Shoes,Mobile,Hibernating
CUS-08086,35-44,Female,UK,Returning,Affiliate,2024-08-03,Shoes,Tablet,Loyal Customers
CUS-08087,35-44,Female,UK,New,Google Search,2025-10-17,Beauty,Desktop,New Customers
CUS-08088,45-54,Female,Italy,Returning,Meta Ads,2025-02-02,Shoes,Desktop,Potential Loyalists
CUS-08089,55+,Male,Germany,Returning,Affiliate,2025-03-03,Accessories,Tablet,Loyal Customers
CUS-08090,25-34,Female,Italy,Returning,Google Search,2024-12-03,Shoes,Mobile,Potential Loyalists
CUS-08091,35-44,Female,Poland,Returning,TikTok Ads,2024-09-19,Shoes,Mobile,Potential Loyalists
CUS-08092,25-34,Male,Netherlands,New,Meta Ads,2025-12-07,Shoes,Mobile,New Customers
CUS-08093,35-44,Female,Spain,Returning,Meta Ads,2023-02-03,Bags,Desktop,High-Value Customers
CUS-08094,35-44,Female,Germany,New,Meta Ads,2025-08-19,Accessories,Desktop,New Customers
CUS-08095,18-24,Male,UK,Returning,Display Ads,2023-10-16,Sportswear,Mobile,Discount Seekers
CUS-08096,45-54,Female,Poland,New,Organic Search,2025-10-04,Shoes,Mobile,New Customers
CUS-08097,18-24,Female,Italy,Returning,Google Search,2024-01-17,Shoes,Mobile,Loyal Customers
CUS-08098,45-54,Female,Italy,Returning,Email,2023-06-27,Shoes,Mobile,Loyal Customers
CUS-08099,18-24,Male,Germany,Returning,Google Search,2024-10-05,Accessories,Tablet,Potential Loyalists
CUS-08100,25-34,Female,Italy,Returning,Affiliate,2025-04-23,Sportswear,Mobile,Potential Loyalists
CUS-08101,45-54,Male,Spain,Returning,Google Search,2025-08-13,Shoes,Mobile,Discount Seekers
CUS-08102,25-34,Male,Netherlands,Returning,Affiliate,2023-05-29,Shoes,Mobile,At Risk
CUS-08103,18-24,Female,Germany,New,Email,2025-08-24,Shoes,Desktop,New Customers
CUS-08104,25-34,Female,Germany,New,Organic Search,2025-09-10,Sportswear,Mobile,New Customers
CUS-08105,18-24,Male,UK,Returning,Meta Ads,2024-10-16,Shoes,Desktop,Potential Loyalists
CUS-08106,35-44,Female,Germany,Returning,Meta Ads,2024-11-07,Shoes,Tablet,At Risk
CUS-08107,25-34,Female,France,Returning,Google Search,2023-05-23,Shoes,Desktop,Loyal Customers
CUS-08108,25-34,Male,Germany,Returning,TikTok Ads,2023-04-27,Accessories,Mobile,Loyal Customers
CUS-08109,25-34,Male,Spain,Returning,Organic Search,2024-01-31,Shoes,Mobile,Potential Loyalists
CUS-08110,45-54,Female,France,Returning,Affiliate,2024-07-08,Jeans,Mobile,Loyal Customers
CUS-08111,35-44,Female,Poland,Returning,Google Search,2024-06-15,Shoes,Tablet,At Risk
CUS-08112,18-24,Female,Spain,Returning,Google Search,2024-04-18,Bags,Mobile,Champions
CUS-08113,55+,Female,France,Returning,Organic Search,2024-03-16,Jeans,Mobile,Loyal Customers
CUS-08114,35-44,Female,Germany,Returning,Google Search,2024-01-30,Jeans,Mobile,Discount Seekers
CUS-08115,45-54,Female,Germany,Returning,Organic Search,2025-02-14,Jackets,Desktop,High-Value Customers
CUS-08116,35-44,Male,Germany,New,TikTok Ads,2025-09-20,Shoes,Mobile,New Customers
CUS-08117,25-34,Male,Germany,New,Meta Ads,2025-08-27,Sportswear,Mobile,New Customers
CUS-08118,35-44,Male,UK,Returning,Google Search,2024-06-12,Jeans,Mobile,Hibernating
CUS-08119,45-54,Male,Spain,Returning,Display Ads,2023-11-18,Shoes,Mobile,Champions
CUS-08120,35-44,Male,Italy,New,Organic Search,2025-07-03,Shoes,Mobile,New Customers
CUS-08121,35-44,Male,UK,Returning,Meta Ads,2023-11-20,Sportswear,Tablet,Champions
CUS-08122,25-34,Female,UK,Returning,Google Search,2025-06-03,Accessories,Mobile,Potential Loyalists
CUS-08123,25-34,Female,Italy,Returning,Email,2025-01-16,Dresses,Desktop,High-Value Customers
CUS-08124,25-34,Female,Italy,Returning,Display Ads,2023-06-26,Jeans,Mobile,Hibernating
CUS-08125,55+,Female,UK,Returning,Google Search,2024-08-30,Dresses,Desktop,High-Value Customers
CUS-08126,35-44,Female,Spain,Returning,Meta Ads,2024-11-07,Jeans,Mobile,Hibernating
CUS-08127,25-34,Female,UK,Returning,Google Search,2024-09-13,Dresses,Mobile,At Risk
CUS-08128,18-24,Female,Germany,Returning,Google Search,2023-10-15,Shoes,Mobile,Hibernating
CUS-08129,25-34,Male,Spain,Returning,Affiliate,2024-10-04,Bags,Desktop,At Risk
CUS-08130,18-24,Female,France,New,Meta Ads,2025-09-09,Beauty,Desktop,New Customers
CUS-08131,55+,Female,Spain,Returning,Meta Ads,2025-01-17,Sportswear,Mobile,Potential Loyalists
CUS-08132,25-34,Male,France,New,Google Search,2025-09-30,Shoes,Desktop,New Customers
CUS-08133,35-44,Female,Italy,Returning,Affiliate,2024-12-09,Dresses,Tablet,Loyal Customers
CUS-08134,25-34,Female,Italy,New,Meta Ads,2025-09-26,Accessories,Desktop,New Customers
CUS-08135,55+,Female,UK,Returning,Meta Ads,2024-04-09,Accessories,Desktop,Loyal Customers
CUS-08136,18-24,Female,Poland,New,Google Search,2025-06-22,Sportswear,Mobile,New Customers
CUS-08137,18-24,Female,Netherlands,Returning,Google Search,2025-03-13,Jeans,Mobile,Loyal Customers
CUS-08138,25-34,Female,Spain,Returning,Meta Ads,2024-04-10,Accessories,Mobile,Potential Loyalists
CUS-08139,55+,Male,Germany,New,Google Search,2025-11-06,Accessories,Desktop,New Customers
CUS-08140,25-34,Male,Germany,Returning,Google Search,2023-01-01,Accessories,Desktop,Loyal Customers
CUS-08141,18-24,Female,France,Returning,Display Ads,2023-04-02,Shoes,Mobile,High-Value Customers
CUS-08142,35-44,Male,Spain,New,TikTok Ads,2025-07-19,Shoes,Mobile,New Customers
CUS-08143,55+,Female,UK,Returning,Google Search,2025-01-01,Sportswear,Mobile,Potential Loyalists
CUS-08144,25-34,Female,Italy,Returning,Display Ads,2024-04-26,Jackets,Mobile,Champions
CUS-08145,18-24,Female,Germany,Returning,Email,2025-08-11,Sportswear,Tablet,Discount Seekers
CUS-08146,35-44,Male,Germany,Returning,TikTok Ads,2024-09-11,Jeans,Mobile,At Risk
CUS-08147,45-54,Female,Poland,Returning,Affiliate,2023-07-20,Shoes,Mobile,Potential Loyalists
CUS-08148,35-44,Male,France,Returning,Meta Ads,2023-06-07,Dresses,Tablet,Loyal Customers
CUS-08149,35-44,Female,France,Returning,Google Search,2023-04-16,Accessories,Mobile,Hibernating
CUS-08150,55+,Female,UK,Returning,TikTok Ads,2025-03-27,Dresses,Mobile,Discount Seekers
CUS-08151,18-24,Male,Germany,Returning,Meta Ads,2024-03-30,Accessories,Desktop,Potential Loyalists
CUS-08152,45-54,Female,France,Returning,Google Search,2024-09-24,Shoes,Mobile,Loyal Customers
CUS-08153,18-24,Female,UK,Returning,Meta Ads,2023-06-03,Accessories,Mobile,Loyal Customers
CUS-08154,18-24,Female,France,Returning,Organic Search,2024-05-04,Shoes,Mobile,Champions
CUS-08155,18-24,Male,France,Returning,Organic Search,2024-07-17,Jeans,Mobile,Hibernating
CUS-08156,35-44,Female,France,Returning,Google Search,2024-04-06,Shoes,Mobile,High-Value Customers
CUS-08157,25-34,Female,Spain,Returning,Affiliate,2024-12-06,Jackets,Desktop,High-Value Customers
CUS-08158,35-44,Male,France,Returning,Organic Search,2023-07-02,Shoes,Mobile,Hibernating
CUS-08159,25-34,Male,France,Returning,Meta Ads,2024-05-26,Jeans,Desktop,Loyal Customers
CUS-08160,35-44,Male,Italy,Returning,Affiliate,2024-01-16,Bags,Mobile,High-Value Customers
CUS-08161,45-54,Female,Spain,Returning,Google Search,2024-06-05,Beauty,Mobile,Potential Loyalists
CUS-08162,45-54,Female,Italy,Returning,Meta Ads,2024-01-19,Sportswear,Mobile,Potential Loyalists
CUS-08163,25-34,Female,France,Returning,Meta Ads,2024-12-15,Bags,Desktop,At Risk
CUS-08164,35-44,Female,Spain,Returning,Meta Ads,2023-11-02,Shoes,Mobile,Champions
CUS-08165,18-24,Female,Spain,Returning,Display Ads,2023-07-20,Shoes,Mobile,Hibernating
CUS-08166,45-54,Male,Spain,Returning,Google Search,2023-07-24,Dresses,Tablet,High-Value Customers
CUS-08167,25-34,Female,France,Returning,Meta Ads,2024-12-09,Accessories,Mobile,Hibernating
CUS-08168,35-44,Female,Spain,Returning,Organic Search,2024-05-07,Shoes,Mobile,Hibernating
CUS-08169,55+,Female,UK,Returning,Google Search,2023-07-09,Shoes,Tablet,Potential Loyalists
CUS-08170,45-54,Male,France,Returning,Organic Search,2024-07-04,Bags,Mobile,Champions
CUS-08171,25-34,Male,France,Returning,Meta Ads,2023-07-01,Shoes,Desktop,Hibernating
CUS-08172,45-54,Female,France,Returning,Google Search,2023-03-02,Bags,Mobile,At Risk
CUS-08173,35-44,Female,France,Returning,Google Search,2025-01-14,Sportswear,Mobile,Discount Seekers
CUS-08174,25-34,Male,UK,Returning,Google Search,2023-08-12,Accessories,Mobile,Loyal Customers
CUS-08175,35-44,Non-binary/Other,UK,Returning,Organic Search,2025-06-11,Sportswear,Mobile,Potential Loyalists
CUS-08176,35-44,Female,Germany,Returning,Google Search,2024-06-03,Beauty,Mobile,Potential Loyalists
CUS-08177,18-24,Female,Spain,Returning,Meta Ads,2024-01-14,Bags,Mobile,At Risk
CUS-08178,45-54,Male,Poland,Returning,Meta Ads,2024-05-23,Jeans,Mobile,Hibernating
CUS-08179,45-54,Female,France,Returning,Meta Ads,2024-11-02,Dresses,Mobile,High-Value Customers
CUS-08180,45-54,Male,Germany,Returning,Meta Ads,2023-08-03,Shoes,Mobile,Potential Loyalists
CUS-08181,25-34,Female,Netherlands,New,Organic Search,2025-08-11,Accessories,Desktop,New Customers
CUS-08182,45-54,Male,Italy,Returning,Google Search,2024-01-24,Bags,Mobile,Champions
CUS-08183,35-44,Female,France,Returning,Organic Search,2023-02-25,Jeans,Mobile,Loyal Customers
CUS-08184,55+,Female,Germany,Returning,TikTok Ads,2025-05-06,Shoes,Tablet,Potential Loyalists
CUS-08185,25-34,Female,France,Returning,Organic Search,2023-03-25,Jeans,Tablet,At Risk
CUS-08186,25-34,Male,Italy,New,Meta Ads,2025-08-01,Sportswear,Mobile,New Customers
CUS-08187,35-44,Male,Germany,Returning,TikTok Ads,2024-10-10,Shoes,Mobile,Potential Loyalists
CUS-08188,25-34,Non-binary/Other,UK,Returning,Organic Search,2023-02-12,Dresses,Mobile,At Risk
CUS-08189,25-34,Female,Spain,Returning,TikTok Ads,2024-04-03,Accessories,Desktop,Hibernating
CUS-08190,25-34,Female,UK,Returning,Affiliate,2023-11-16,Accessories,Desktop,Loyal Customers
CUS-08191,18-24,Male,Italy,Returning,Meta Ads,2023-07-28,Beauty,Mobile,Potential Loyalists
CUS-08192,45-54,Male,France,Returning,Organic Search,2024-11-24,Dresses,Desktop,At Risk
CUS-08193,18-24,Female,Spain,Returning,Google Search,2023-03-01,Accessories,Desktop,Hibernating
CUS-08194,35-44,Male,Germany,Returning,Organic Search,2024-01-06,Accessories,Desktop,Hibernating
CUS-08195,25-34,Male,Poland,Returning,Email,2024-12-06,Shoes,Mobile,Loyal Customers
CUS-08196,25-34,Male,Spain,New,TikTok Ads,2025-08-15,Accessories,Desktop,New Customers
CUS-08197,25-34,Female,Spain,Returning,Email,2024-02-21,Dresses,Desktop,Discount Seekers
CUS-08198,45-54,Female,Germany,Returning,Affiliate,2024-12-12,Shoes,Mobile,Potential Loyalists
CUS-08199,35-44,Female,France,New,Display Ads,2025-06-28,Sportswear,Mobile,New Customers
CUS-08200,55+,Female,France,Returning,Organic Search,2024-09-01,Jackets,Mobile,High-Value Customers
CUS-08201,45-54,Female,France,Returning,Google Search,2023-10-21,Shoes,Mobile,Loyal Customers
CUS-08202,55+,Female,UK,Returning,Google Search,2023-09-15,Bags,Mobile,At Risk
CUS-08203,35-44,Female,Germany,Returning,TikTok Ads,2023-11-04,Sportswear,Desktop,Discount Seekers
CUS-08204,35-44,Male,Germany,Returning,Email,2023-10-04,Jeans,Mobile,Loyal Customers
CUS-08205,18-24,Male,Poland,Returning,Google Search,2024-02-01,Accessories,Mobile,Hibernating
CUS-08206,45-54,Female,Spain,New,Google Search,2025-10-11,Sportswear,Desktop,New Customers
CUS-08207,35-44,Female,UK,Returning,Google Search,2023-11-07,Shoes,Mobile,Discount Seekers
CUS-08208,25-34,Female,Italy,Returning,Meta Ads,2025-04-12,Sportswear,Mobile,Discount Seekers
CUS-08209,55+,Non-binary/Other,UK,Returning,Meta Ads,2024-04-04,Dresses,Desktop,Discount Seekers
CUS-08210,18-24,Female,Germany,Returning,Meta Ads,2023-08-25,Sportswear,Mobile,Champions
CUS-08211,25-34,Female,Germany,Returning,Google Search,2024-09-11,Jeans,Mobile,Hibernating
CUS-08212,25-34,Male,Spain,Returning,Organic Search,2023-11-04,Shoes,Tablet,Discount Seekers
CUS-08213,55+,Male,UK,Returning,Meta Ads,2024-11-17,Dresses,Mobile,At Risk
CUS-08214,35-44,Female,Spain,Returning,Organic Search,2023-10-01,Bags,Mobile,At Risk
CUS-08215,25-34,Male,Spain,Returning,Email,2023-08-29,Jackets,Desktop,Champions
CUS-08216,35-44,Female,Poland,Returning,Meta Ads,2025-06-24,Dresses,Mobile,Discount Seekers
CUS-08217,55+,Non-binary/Other,Spain,Returning,Email,2024-04-05,Shoes,Desktop,Champions
CUS-08218,18-24,Female,UK,Returning,Meta Ads,2023-07-12,Beauty,Mobile,Potential Loyalists
CUS-08219,35-44,Male,Netherlands,Returning,Meta Ads,2025-08-23,Jeans,Mobile,Discount Seekers
CUS-08220,35-44,Female,Netherlands,Returning,TikTok Ads,2024-07-08,Dresses,Mobile,Discount Seekers
CUS-08221,18-24,Male,France,Returning,TikTok Ads,2024-07-31,Bags,Desktop,High-Value Customers
CUS-08222,35-44,Male,Poland,New,Affiliate,2025-11-14,Accessories,Mobile,New Customers
CUS-08223,35-44,Female,Spain,Returning,Meta Ads,2024-01-03,Jeans,Mobile,Loyal Customers
CUS-08224,18-24,Female,Germany,New,Display Ads,2025-10-13,Accessories,Desktop,New Customers
CUS-08225,25-34,Male,Italy,Returning,Email,2024-12-07,Shoes,Mobile,Loyal Customers
CUS-08226,25-34,Female,Italy,Returning,Meta Ads,2024-10-13,Jeans,Mobile,Discount Seekers
CUS-08227,25-34,Female,France,New,Google Search,2025-11-21,Sportswear,Desktop,New Customers
CUS-08228,25-34,Female,France,Returning,Organic Search,2024-11-10,Beauty,Mobile,Potential Loyalists
CUS-08229,55+,Female,Spain,Returning,Email,2024-09-09,Bags,Mobile,Champions
CUS-08230,45-54,Female,France,Returning,Meta Ads,2024-03-26,Accessories,Mobile,Potential Loyalists
CUS-08231,35-44,Female,Netherlands,Returning,Meta Ads,2024-08-15,Sportswear,Mobile,Discount Seekers
CUS-08232,55+,Female,UK,Returning,Email,2023-12-16,Jeans,Mobile,At Risk
CUS-08233,55+,Female,Germany,Returning,Display Ads,2024-04-07,Jackets,Mobile,Champions
CUS-08234,45-54,Male,Germany,Returning,Google Search,2023-12-03,Accessories,Mobile,Loyal Customers
CUS-08235,45-54,Female,Germany,Returning,Google Search,2024-10-08,Shoes,Mobile,Potential Loyalists
CUS-08236,35-44,Female,France,Returning,Organic Search,2024-01-08,Shoes,Mobile,Loyal Customers
CUS-08237,45-54,Female,Germany,Returning,Organic Search,2024-12-14,Sportswear,Mobile,Discount Seekers
CUS-08238,18-24,Non-binary/Other,Poland,Returning,Meta Ads,2024-08-07,Bags,Mobile,At Risk
CUS-08239,25-34,Female,Germany,Returning,Organic Search,2023-04-15,Jackets,Mobile,Champions
CUS-08240,25-34,Male,UK,Returning,Google Search,2024-10-20,Shoes,Desktop,Hibernating
CUS-08241,25-34,Female,Italy,Returning,TikTok Ads,2025-03-31,Shoes,Mobile,Potential Loyalists
CUS-08242,18-24,Male,Italy,Returning,Meta Ads,2023-07-24,Accessories,Mobile,Loyal Customers
CUS-08243,35-44,Male,France,New,TikTok Ads,2025-09-21,Shoes,Mobile,New Customers
CUS-08244,25-34,Male,Netherlands,Returning,Google Search,2023-03-05,Bags,Desktop,Champions
CUS-08245,35-44,Female,Spain,New,Google Search,2025-07-26,Shoes,Desktop,New Customers
CUS-08246,18-24,Male,UK,Returning,Meta Ads,2025-05-21,Jeans,Desktop,Discount Seekers
CUS-08247,25-34,Male,UK,Returning,Google Search,2024-10-01,Jeans,Mobile,Discount Seekers
CUS-08248,35-44,Female,Netherlands,Returning,Meta Ads,2024-12-16,Shoes,Desktop,Potential Loyalists
CUS-08249,35-44,Female,Germany,Returning,TikTok Ads,2024-04-13,Dresses,Desktop,At Risk
CUS-08250,25-34,Male,Spain,Returning,Email,2024-08-13,Dresses,Desktop,Loyal Customers
CUS-08251,25-34,Male,Germany,New,Google Search,2025-07-27,Sportswear,Mobile,New Customers
CUS-08252,25-34,Male,Germany,Returning,Organic Search,2024-01-16,Jeans,Mobile,Loyal Customers
CUS-08253,55+,Female,France,New,Google Search,2025-12-10,Shoes,Mobile,New Customers
CUS-08254,45-54,Male,Poland,Returning,Google Search,2025-01-30,Accessories,Desktop,Loyal Customers
CUS-08255,35-44,Male,Italy,Returning,Meta Ads,2024-10-05,Dresses,Desktop,Discount Seekers
CUS-08256,55+,Female,UK,Returning,Organic Search,2024-03-29,Shoes,Desktop,Discount Seekers
CUS-08257,25-34,Female,Netherlands,Returning,Meta Ads,2023-12-27,Sportswear,Mobile,Potential Loyalists
CUS-08258,25-34,Female,Poland,Returning,Display Ads,2024-02-26,Accessories,Mobile,Hibernating
CUS-08259,45-54,Male,UK,Returning,Affiliate,2025-03-17,Sportswear,Tablet,Champions
CUS-08260,35-44,Female,UK,Returning,Affiliate,2024-05-17,Shoes,Mobile,Hibernating
CUS-08261,35-44,Male,Italy,Returning,TikTok Ads,2025-05-16,Shoes,Mobile,Potential Loyalists
CUS-08262,45-54,Female,Netherlands,Returning,Meta Ads,2025-02-12,Jeans,Mobile,Loyal Customers
CUS-08263,45-54,Female,France,Returning,Display Ads,2024-04-18,Bags,Mobile,At Risk
CUS-08264,25-34,Male,Spain,New,Google Search,2025-06-25,Beauty,Mobile,New Customers
CUS-08265,35-44,Female,Spain,New,Affiliate,2025-09-01,Shoes,Mobile,New Customers
CUS-08266,35-44,Female,Spain,New,Google Search,2025-10-18,Sportswear,Mobile,New Customers
CUS-08267,18-24,Male,Italy,Returning,Google Search,2024-09-03,Sportswear,Mobile,Champions
CUS-08268,45-54,Female,France,Returning,Organic Search,2025-03-21,Shoes,Desktop,Champions
CUS-08269,25-34,Female,UK,Returning,Meta Ads,2024-02-12,Bags,Tablet,At Risk
CUS-08270,25-34,Female,UK,Returning,Meta Ads,2024-07-02,Bags,Mobile,At Risk
CUS-08271,35-44,Male,Germany,Returning,TikTok Ads,2023-03-10,Sportswear,Mobile,Champions
CUS-08272,18-24,Male,France,Returning,TikTok Ads,2024-07-16,Sportswear,Desktop,Potential Loyalists
CUS-08273,45-54,Female,UK,Returning,Organic Search,2024-01-09,Bags,Desktop,At Risk
CUS-08274,35-44,Male,Germany,Returning,Meta Ads,2023-06-22,Bags,Mobile,At Risk
CUS-08275,45-54,Female,Spain,Returning,Organic Search,2024-10-23,Jeans,Desktop,Hibernating
CUS-08276,35-44,Male,Spain,New,Google Search,2025-07-24,Sportswear,Desktop,New Customers
CUS-08277,25-34,Female,UK,New,Google Search,2025-09-23,Sportswear,Mobile,New Customers
CUS-08278,18-24,Female,Italy,New,Organic Search,2025-11-04,Sportswear,Mobile,New Customers
CUS-08279,18-24,Female,UK,Returning,Google Search,2024-07-12,Beauty,Mobile,Potential Loyalists
CUS-08280,18-24,Male,Poland,Returning,Organic Search,2025-02-06,Jackets,Mobile,Champions
CUS-08281,25-34,Female,Spain,Returning,Email,2023-04-05,Jackets,Mobile,Champions
CUS-08282,35-44,Male,Italy,Returning,Meta Ads,2025-08-21,Dresses,Mobile,Discount Seekers
CUS-08283,45-54,Female,Spain,Returning,Meta Ads,2024-06-28,Jeans,Mobile,Loyal Customers
CUS-08284,55+,Non-binary/Other,Spain,Returning,Affiliate,2024-10-13,Bags,Mobile,At Risk
CUS-08285,25-34,Male,France,New,Organic Search,2025-07-22,Sportswear,Desktop,New Customers
CUS-08286,55+,Female,Germany,Returning,Meta Ads,2023-10-27,Shoes,Mobile,Potential Loyalists
CUS-08287,25-34,Male,UK,Returning,Meta Ads,2025-07-26,Sportswear,Desktop,Discount Seekers
CUS-08288,18-24,Female,Germany,Returning,Email,2024-02-10,Jeans,Mobile,At Risk
CUS-08289,45-54,Male,Italy,Returning,TikTok Ads,2024-07-19,Bags,Tablet,Champions
CUS-08290,35-44,Female,Spain,Returning,Email,2024-12-13,Accessories,Mobile,Hibernating
CUS-08291,18-24,Male,France,New,Google Search,2025-07-02,Sportswear,Mobile,New Customers
CUS-08292,25-34,Male,Germany,Returning,Google Search,2024-03-19,Beauty,Mobile,Potential Loyalists
CUS-08293,18-24,Male,Spain,Returning,Email,2024-04-19,Shoes,Mobile,Hibernating
CUS-08294,25-34,Male,France,Returning,Meta Ads,2024-10-26,Dresses,Mobile,At Risk
CUS-08295,18-24,Female,Poland,Returning,Organic Search,2023-08-31,Sportswear,Mobile,Potential Loyalists
CUS-08296,25-34,Male,Germany,Returning,Email,2024-06-25,Shoes,Mobile,High-Value Customers
CUS-08297,18-24,Male,UK,Returning,TikTok Ads,2023-04-10,Shoes,Desktop,At Risk
CUS-08298,25-34,Female,UK,Returning,TikTok Ads,2023-05-07,Jeans,Desktop,At Risk
CUS-08299,25-34,Female,UK,Returning,Organic Search,2024-06-15,Bags,Mobile,Champions
CUS-08300,35-44,Female,France,Returning,Google Search,2024-07-04,Shoes,Desktop,Potential Loyalists
CUS-08301,45-54,Female,France,New,Organic Search,2025-06-22,Sportswear,Desktop,New Customers
CUS-08302,18-24,Female,Germany,Returning,Meta Ads,2023-07-11,Jeans,Mobile,At Risk
CUS-08303,35-44,Female,Germany,New,Organic Search,2025-06-20,Beauty,Mobile,New Customers
CUS-08304,18-24,Male,France,Returning,Display Ads,2024-02-17,Shoes,Mobile,Hibernating
CUS-08305,18-24,Male,UK,Returning,TikTok Ads,2025-02-22,Jeans,Desktop,Loyal Customers
CUS-08306,18-24,Female,UK,Returning,Meta Ads,2023-06-11,Dresses,Mobile,At Risk
CUS-08307,35-44,Male,UK,Returning,TikTok Ads,2023-12-18,Shoes,Desktop,Hibernating
CUS-08308,25-34,Male,Italy,Returning,Email,2024-12-11,Shoes,Mobile,Hibernating
CUS-08309,25-34,Female,France,Returning,Organic Search,2023-01-09,Shoes,Mobile,Hibernating
CUS-08310,25-34,Male,Netherlands,Returning,TikTok Ads,2025-03-01,Dresses,Mobile,Discount Seekers
CUS-08311,18-24,Female,France,Returning,Email,2023-11-06,Jackets,Mobile,Champions
CUS-08312,25-34,Male,UK,Returning,Affiliate,2024-04-23,Jeans,Mobile,At Risk
CUS-08313,25-34,Female,UK,Returning,Meta Ads,2023-03-12,Jackets,Mobile,High-Value Customers
CUS-08314,45-54,Female,UK,New,TikTok Ads,2025-11-01,Sportswear,Mobile,New Customers
CUS-08315,45-54,Female,UK,Returning,Google Search,2024-06-29,Accessories,Mobile,Loyal Customers
CUS-08316,55+,Female,France,Returning,Meta Ads,2023-03-21,Bags,Mobile,High-Value Customers
CUS-08317,25-34,Female,Spain,Returning,Affiliate,2025-03-17,Jeans,Mobile,Loyal Customers
CUS-08318,45-54,Female,Germany,Returning,Meta Ads,2025-03-15,Shoes,Mobile,Potential Loyalists
CUS-08319,45-54,Male,Poland,Returning,Organic Search,2023-06-13,Jeans,Mobile,Loyal Customers
CUS-08320,45-54,Male,Italy,New,Google Search,2025-06-24,Beauty,Mobile,New Customers
CUS-08321,18-24,Male,UK,Returning,Organic Search,2025-07-27,Accessories,Mobile,Potential Loyalists
CUS-08322,35-44,Male,Germany,New,Google Search,2025-10-14,Sportswear,Mobile,New Customers
CUS-08323,18-24,Male,Germany,Returning,Email,2025-08-29,Shoes,Mobile,Discount Seekers
CUS-08324,25-34,Male,France,New,Google Search,2025-09-23,Sportswear,Desktop,New Customers
CUS-08325,35-44,Female,Spain,New,Google Search,2025-07-04,Accessories,Mobile,New Customers
CUS-08326,25-34,Male,Netherlands,Returning,Google Search,2024-10-30,Sportswear,Mobile,Discount Seekers
CUS-08327,55+,Male,Netherlands,Returning,Meta Ads,2024-07-16,Accessories,Mobile,Hibernating
CUS-08328,45-54,Female,Germany,Returning,TikTok Ads,2024-08-16,Accessories,Desktop,Loyal Customers
CUS-08329,25-34,Male,UK,Returning,Google Search,2023-02-28,Jackets,Mobile,Champions
CUS-08330,35-44,Non-binary/Other,Netherlands,Returning,Meta Ads,2023-06-03,Bags,Mobile,At Risk
CUS-08331,35-44,Male,Spain,Returning,TikTok Ads,2025-01-18,Dresses,Mobile,Discount Seekers
CUS-08332,25-34,Female,Germany,New,Organic Search,2025-07-02,Accessories,Mobile,New Customers
CUS-08333,18-24,Male,Netherlands,Returning,Meta Ads,2024-12-06,Jeans,Mobile,Loyal Customers
CUS-08334,35-44,Male,France,Returning,Organic Search,2024-05-07,Shoes,Desktop,Hibernating
CUS-08335,35-44,Female,France,Returning,Meta Ads,2023-11-07,Dresses,Mobile,At Risk
CUS-08336,25-34,Female,France,New,Google Search,2025-08-11,Shoes,Mobile,New Customers
CUS-08337,35-44,Male,Spain,Returning,TikTok Ads,2023-09-01,Shoes,Mobile,Discount Seekers
CUS-08338,35-44,Female,UK,Returning,TikTok Ads,2023-10-04,Accessories,Mobile,Hibernating
CUS-08339,18-24,Female,France,Returning,Affiliate,2024-12-03,Dresses,Desktop,At Risk
CUS-08340,45-54,Female,Netherlands,Returning,Meta Ads,2023-05-11,Shoes,Desktop,At Risk
CUS-08341,25-34,Male,Germany,Returning,TikTok Ads,2023-11-26,Jeans,Mobile,At Risk
CUS-08342,55+,Male,Italy,New,Google Search,2025-11-18,Beauty,Mobile,New Customers
CUS-08343,25-34,Female,France,New,Google Search,2025-09-20,Shoes,Tablet,New Customers
CUS-08344,18-24,Female,France,Returning,Meta Ads,2023-04-21,Shoes,Desktop,At Risk
CUS-08345,25-34,Female,Spain,Returning,Meta Ads,2024-06-10,Shoes,Desktop,At Risk
CUS-08346,25-34,Male,UK,New,Google Search,2025-09-01,Beauty,Mobile,New Customers
CUS-08347,25-34,Male,Italy,Returning,Affiliate,2025-01-11,Accessories,Desktop,Loyal Customers
CUS-08348,18-24,Male,UK,Returning,Organic Search,2023-08-30,Bags,Mobile,At Risk
CUS-08349,35-44,Male,Netherlands,Returning,Meta Ads,2023-10-14,Jeans,Desktop,At Risk
CUS-08350,35-44,Female,UK,Returning,Affiliate,2025-08-09,Beauty,Mobile,Potential Loyalists
CUS-08351,55+,Male,Spain,Returning,Affiliate,2023-11-03,Beauty,Mobile,Potential Loyalists
CUS-08352,55+,Female,UK,Returning,Google Search,2023-01-29,Dresses,Mobile,Loyal Customers
CUS-08353,55+,Male,Spain,Returning,Organic Search,2023-07-27,Dresses,Mobile,High-Value Customers
CUS-08354,35-44,Male,France,Returning,Affiliate,2025-06-08,Dresses,Desktop,Discount Seekers
CUS-08355,25-34,Female,France,New,Google Search,2025-11-13,Beauty,Mobile,New Customers
CUS-08356,35-44,Male,Spain,Returning,Affiliate,2024-07-09,Beauty,Mobile,Potential Loyalists
CUS-08357,25-34,Male,UK,Returning,Organic Search,2023-12-09,Accessories,Mobile,Hibernating
CUS-08358,25-34,Male,France,New,Google Search,2025-08-17,Accessories,Mobile,New Customers
CUS-08359,35-44,Male,Germany,Returning,Email,2023-10-24,Jackets,Desktop,High-Value Customers
CUS-08360,25-34,Female,Netherlands,Returning,Organic Search,2024-06-05,Jackets,Mobile,Champions
CUS-08361,18-24,Female,Italy,Returning,Organic Search,2024-05-19,Sportswear,Mobile,Champions
CUS-08362,18-24,Female,France,New,TikTok Ads,2025-08-01,Accessories,Mobile,New Customers
CUS-08363,35-44,Female,Germany,Returning,Meta Ads,2024-11-16,Dresses,Mobile,Loyal Customers
CUS-08364,18-24,Female,Netherlands,Returning,Affiliate,2024-02-29,Bags,Mobile,At Risk
CUS-08365,25-34,Non-binary/Other,Italy,Returning,Organic Search,2023-09-11,Accessories,Mobile,Hibernating
CUS-08366,25-34,Male,France,Returning,Meta Ads,2024-08-08,Dresses,Mobile,Loyal Customers
CUS-08367,25-34,Female,Italy,New,Meta Ads,2025-07-22,Sportswear,Mobile,New Customers
CUS-08368,25-34,Female,Poland,Returning,Affiliate,2023-10-08,Bags,Mobile,At Risk
CUS-08369,35-44,Female,Spain,Returning,Meta Ads,2024-02-14,Jeans,Mobile,Discount Seekers
CUS-08370,45-54,Female,Italy,New,Organic Search,2025-11-17,Beauty,Mobile,New Customers
CUS-08371,35-44,Female,Poland,Returning,Organic Search,2024-07-05,Accessories,Mobile,Loyal Customers
CUS-08372,35-44,Male,France,Returning,Organic Search,2023-11-15,Bags,Desktop,At Risk
CUS-08373,18-24,Male,Netherlands,New,Organic Search,2025-08-05,Sportswear,Desktop,New Customers
CUS-08374,45-54,Female,Spain,Returning,TikTok Ads,2023-11-18,Jeans,Desktop,Hibernating
CUS-08375,25-34,Male,UK,New,Meta Ads,2025-06-12,Shoes,Desktop,New Customers
CUS-08376,25-34,Male,Netherlands,Returning,Google Search,2024-09-02,Sportswear,Mobile,Potential Loyalists
CUS-08377,55+,Female,UK,Returning,Organic Search,2024-12-18,Jeans,Desktop,Hibernating
CUS-08378,35-44,Female,Germany,New,TikTok Ads,2025-09-11,Shoes,Mobile,New Customers
CUS-08379,55+,Male,Spain,Returning,Organic Search,2023-12-02,Dresses,Mobile,Loyal Customers
CUS-08380,35-44,Female,Italy,New,Meta Ads,2025-10-03,Shoes,Mobile,New Customers
CUS-08381,25-34,Female,Italy,Returning,Meta Ads,2024-06-02,Sportswear,Tablet,Discount Seekers
CUS-08382,45-54,Female,Germany,Returning,Google Search,2023-10-31,Jeans,Mobile,At Risk
CUS-08383,25-34,Female,France,Returning,Google Search,2024-07-10,Accessories,Mobile,Potential Loyalists
CUS-08384,35-44,Female,UK,Returning,TikTok Ads,2024-03-16,Shoes,Mobile,Hibernating
CUS-08385,18-24,Female,Poland,Returning,Meta Ads,2024-05-19,Sportswear,Mobile,Potential Loyalists
CUS-08386,25-34,Female,France,New,Google Search,2025-10-19,Shoes,Desktop,New Customers
CUS-08387,55+,Male,France,New,Meta Ads,2025-07-12,Accessories,Mobile,New Customers
CUS-08388,35-44,Non-binary/Other,UK,Returning,Meta Ads,2025-02-02,Dresses,Mobile,Loyal Customers
CUS-08389,25-34,Male,Germany,Returning,Google Search,2024-03-09,Sportswear,Mobile,Potential Loyalists
CUS-08390,45-54,Male,Italy,Returning,Affiliate,2023-08-16,Shoes,Desktop,Discount Seekers
CUS-08391,35-44,Male,UK,Returning,Email,2025-01-23,Dresses,Mobile,Loyal Customers
CUS-08392,18-24,Male,Germany,Returning,TikTok Ads,2023-10-21,Accessories,Mobile,Hibernating
CUS-08393,35-44,Female,Netherlands,Returning,Google Search,2024-10-17,Bags,Desktop,At Risk
CUS-08394,35-44,Male,Spain,New,Meta Ads,2025-10-10,Sportswear,Mobile,New Customers
CUS-08395,18-24,Female,Germany,Returning,Email,2023-10-29,Shoes,Mobile,Loyal Customers
CUS-08396,18-24,Male,Germany,Returning,Email,2023-03-24,Accessories,Mobile,Loyal Customers
CUS-08397,18-24,Female,France,Returning,Organic Search,2024-10-19,Jeans,Mobile,Loyal Customers
CUS-08398,55+,Female,Italy,Returning,Meta Ads,2023-09-18,Jeans,Mobile,At Risk
CUS-08399,45-54,Female,Italy,Returning,Meta Ads,2024-10-15,Bags,Mobile,High-Value Customers
CUS-08400,35-44,Female,Italy,Returning,Affiliate,2023-07-10,Dresses,Mobile,Discount Seekers
CUS-08401,45-54,Male,Italy,Returning,Organic Search,2023-09-05,Sportswear,Desktop,Champions
CUS-08402,35-44,Female,Germany,Returning,Google Search,2023-09-07,Shoes,Mobile,Potential Loyalists
CUS-08403,35-44,Male,Spain,Returning,Meta Ads,2023-01-17,Dresses,Mobile,Loyal Customers
CUS-08404,25-34,Male,Italy,Returning,Meta Ads,2024-06-08,Shoes,Mobile,High-Value Customers
CUS-08405,25-34,Female,UK,Returning,Affiliate,2023-05-25,Jeans,Mobile,Loyal Customers
CUS-08406,35-44,Male,Spain,Returning,Google Search,2023-11-25,Shoes,Mobile,Loyal Customers
CUS-08407,25-34,Male,Italy,Returning,Google Search,2023-02-25,Bags,Mobile,At Risk
CUS-08408,45-54,Female,Netherlands,New,TikTok Ads,2025-11-30,Accessories,Mobile,New Customers
CUS-08409,55+,Male,Poland,Returning,Organic Search,2024-07-21,Jeans,Mobile,Loyal Customers
CUS-08410,25-34,Male,Poland,Returning,Meta Ads,2024-09-06,Jeans,Mobile,At Risk
CUS-08411,35-44,Female,Netherlands,Returning,Email,2023-08-02,Bags,Mobile,Champions
CUS-08412,25-34,Male,Spain,Returning,Organic Search,2023-11-22,Bags,Tablet,Champions
CUS-08413,25-34,Male,Italy,Returning,Meta Ads,2024-11-16,Bags,Mobile,Champions
CUS-08414,45-54,Female,France,Returning,Affiliate,2024-08-01,Shoes,Mobile,Potential Loyalists
CUS-08415,25-34,Female,Germany,Returning,Google Search,2024-03-23,Shoes,Mobile,High-Value Customers
CUS-08416,55+,Female,Germany,New,Meta Ads,2025-12-07,Shoes,Mobile,New Customers
CUS-08417,35-44,Female,UK,Returning,Organic Search,2024-06-28,Jeans,Mobile,Hibernating
CUS-08418,25-34,Male,UK,Returning,Meta Ads,2024-04-22,Sportswear,Mobile,Potential Loyalists
CUS-08419,25-34,Female,France,Returning,Organic Search,2024-11-30,Beauty,Mobile,Hibernating
CUS-08420,55+,Female,France,Returning,Google Search,2023-07-23,Bags,Mobile,High-Value Customers
CUS-08421,45-54,Female,Germany,Returning,Organic Search,2024-06-19,Shoes,Mobile,Potential Loyalists
CUS-08422,45-54,Male,Netherlands,Returning,Meta Ads,2024-12-02,Jackets,Mobile,High-Value Customers
CUS-08423,25-34,Male,Germany,Returning,Google Search,2023-05-21,Dresses,Mobile,At Risk
CUS-08424,25-34,Female,UK,Returning,TikTok Ads,2024-10-25,Jeans,Mobile,Hibernating
CUS-08425,35-44,Female,Germany,Returning,Organic Search,2024-02-06,Jeans,Mobile,Loyal Customers
CUS-08426,18-24,Male,Italy,Returning,TikTok Ads,2023-04-12,Bags,Mobile,At Risk
CUS-08427,35-44,Male,Poland,New,Google Search,2025-12-08,Sportswear,Desktop,New Customers
CUS-08428,55+,Female,Spain,Returning,Google Search,2024-05-16,Dresses,Desktop,High-Value Customers
CUS-08429,25-34,Female,Germany,Returning,Meta Ads,2024-04-26,Shoes,Mobile,Discount Seekers
CUS-08430,25-34,Female,France,Returning,TikTok Ads,2024-03-15,Shoes,Mobile,Potential Loyalists
CUS-08431,25-34,Female,Germany,Returning,Affiliate,2024-11-06,Sportswear,Mobile,Discount Seekers
CUS-08432,55+,Male,Italy,Returning,Meta Ads,2025-07-07,Jeans,Mobile,Discount Seekers
CUS-08433,25-34,Male,Germany,Returning,Google Search,2023-09-14,Dresses,Mobile,At Risk
CUS-08434,25-34,Female,Germany,Returning,Organic Search,2024-06-18,Bags,Desktop,Champions
CUS-08435,35-44,Male,UK,Returning,Organic Search,2023-09-25,Jeans,Mobile,Loyal Customers
CUS-08436,35-44,Male,France,Returning,TikTok Ads,2023-12-16,Sportswear,Desktop,Champions
CUS-08437,35-44,Female,Spain,Returning,Google Search,2023-08-02,Dresses,Mobile,Loyal Customers
CUS-08438,35-44,Female,France,Returning,TikTok Ads,2023-08-26,Dresses,Mobile,High-Value Customers
CUS-08439,55+,Male,Netherlands,Returning,Organic Search,2023-02-19,Accessories,Mobile,Loyal Customers
CUS-08440,25-34,Female,Germany,Returning,Google Search,2023-08-24,Dresses,Mobile,At Risk
CUS-08441,18-24,Female,Spain,Returning,Email,2024-05-02,Shoes,Desktop,At Risk
CUS-08442,35-44,Female,Poland,Returning,Display Ads,2024-08-30,Jeans,Mobile,At Risk
CUS-08443,18-24,Female,Italy,Returning,Google Search,2023-12-06,Shoes,Mobile,Loyal Customers
CUS-08444,45-54,Female,Germany,New,Google Search,2025-10-04,Accessories,Mobile,New Customers
CUS-08445,45-54,Non-binary/Other,Germany,Returning,Google Search,2023-06-11,Jeans,Mobile,At Risk
CUS-08446,45-54,Female,UK,New,Google Search,2025-09-17,Beauty,Mobile,New Customers
CUS-08447,35-44,Male,Germany,Returning,Google Search,2025-03-02,Shoes,Desktop,Loyal Customers
CUS-08448,18-24,Male,Netherlands,Returning,Meta Ads,2023-04-12,Beauty,Desktop,Hibernating
CUS-08449,25-34,Male,UK,Returning,Google Search,2025-03-03,Sportswear,Desktop,Champions
CUS-08450,25-34,Male,France,Returning,Google Search,2024-07-02,Jeans,Desktop,At Risk
CUS-08451,25-34,Male,Spain,New,Meta Ads,2025-08-23,Beauty,Mobile,New Customers
CUS-08452,25-34,Female,Italy,Returning,Organic Search,2023-11-19,Accessories,Desktop,Loyal Customers
CUS-08453,45-54,Male,Spain,Returning,Google Search,2023-09-19,Accessories,Desktop,Hibernating
CUS-08454,45-54,Male,Germany,Returning,Organic Search,2023-11-10,Accessories,Desktop,Loyal Customers
CUS-08455,25-34,Female,Italy,Returning,Meta Ads,2024-01-26,Shoes,Desktop,Discount Seekers
CUS-08456,25-34,Female,Germany,Returning,Meta Ads,2025-01-01,Shoes,Mobile,Discount Seekers
CUS-08457,35-44,Male,Italy,Returning,TikTok Ads,2024-11-24,Beauty,Mobile,Potential Loyalists
CUS-08458,25-34,Male,Spain,Returning,Google Search,2025-07-28,Accessories,Mobile,Potential Loyalists
CUS-08459,35-44,Female,UK,Returning,Google Search,2023-10-09,Accessories,Mobile,Loyal Customers
CUS-08460,25-34,Female,UK,Returning,Meta Ads,2023-06-03,Sportswear,Mobile,Discount Seekers
CUS-08461,25-34,Male,UK,Returning,Meta Ads,2023-10-19,Jeans,Desktop,At Risk
CUS-08462,45-54,Female,France,Returning,Google Search,2023-02-07,Shoes,Mobile,Champions
CUS-08463,25-34,Female,France,New,Google Search,2025-10-24,Sportswear,Desktop,New Customers
CUS-08464,45-54,Female,Germany,Returning,Meta Ads,2023-12-27,Bags,Mobile,Champions
CUS-08465,35-44,Female,Germany,New,Meta Ads,2025-11-13,Sportswear,Mobile,New Customers
CUS-08466,35-44,Male,Germany,New,Meta Ads,2025-06-29,Beauty,Mobile,New Customers
CUS-08467,18-24,Male,France,Returning,TikTok Ads,2023-03-29,Bags,Mobile,Champions
CUS-08468,45-54,Male,UK,Returning,Google Search,2024-12-08,Jeans,Mobile,Hibernating
CUS-08469,35-44,Male,UK,Returning,Organic Search,2024-09-27,Shoes,Tablet,Loyal Customers
CUS-08470,25-34,Female,Netherlands,New,Google Search,2025-11-09,Accessories,Mobile,New Customers
CUS-08471,25-34,Female,Italy,Returning,Meta Ads,2023-09-29,Shoes,Mobile,At Risk
CUS-08472,25-34,Male,UK,Returning,Google Search,2024-12-21,Dresses,Mobile,High-Value Customers
CUS-08473,18-24,Non-binary/Other,Germany,New,Google Search,2025-10-16,Accessories,Desktop,New Customers
CUS-08474,55+,Female,Germany,Returning,Email,2024-08-12,Sportswear,Desktop,Discount Seekers
CUS-08475,55+,Male,UK,Returning,TikTok Ads,2025-05-03,Shoes,Mobile,Potential Loyalists
CUS-08476,18-24,Female,Germany,Returning,Email,2023-07-17,Jeans,Desktop,Discount Seekers
CUS-08477,25-34,Male,Germany,Returning,Meta Ads,2023-08-24,Shoes,Mobile,Loyal Customers
CUS-08478,45-54,Female,Italy,Returning,Affiliate,2023-01-13,Shoes,Tablet,At Risk
CUS-08479,25-34,Female,Germany,Returning,Google Search,2023-09-13,Bags,Mobile,Champions
CUS-08480,35-44,Female,Spain,Returning,Google Search,2025-02-02,Bags,Desktop,High-Value Customers
CUS-08481,35-44,Female,Italy,Returning,Organic Search,2024-08-16,Shoes,Desktop,High-Value Customers
CUS-08482,25-34,Male,Germany,New,TikTok Ads,2025-09-20,Beauty,Desktop,New Customers
CUS-08483,18-24,Female,UK,New,Meta Ads,2025-06-02,Accessories,Mobile,New Customers
CUS-08484,18-24,Female,UK,Returning,Google Search,2023-09-22,Shoes,Tablet,At Risk
CUS-08485,25-34,Male,France,Returning,Organic Search,2023-10-16,Shoes,Mobile,Potential Loyalists
CUS-08486,25-34,Male,France,Returning,Meta Ads,2024-04-04,Dresses,Mobile,At Risk
CUS-08487,55+,Female,Germany,Returning,Email,2024-06-01,Bags,Mobile,At Risk
CUS-08488,45-54,Female,France,New,Google Search,2025-11-18,Shoes,Desktop,New Customers
CUS-08489,55+,Female,Italy,Returning,Email,2023-11-09,Jeans,Mobile,Loyal Customers
CUS-08490,25-34,Female,Italy,Returning,Email,2024-07-14,Jeans,Desktop,Discount Seekers
CUS-08491,25-34,Female,Germany,Returning,Google Search,2023-02-08,Accessories,Mobile,Loyal Customers
CUS-08492,55+,Female,Poland,Returning,Meta Ads,2023-11-17,Jeans,Mobile,At Risk
CUS-08493,25-34,Female,Italy,Returning,Organic Search,2023-08-22,Jeans,Desktop,Loyal Customers
CUS-08494,45-54,Male,France,Returning,Organic Search,2024-01-11,Dresses,Mobile,Loyal Customers
CUS-08495,35-44,Female,UK,Returning,Email,2024-05-17,Jackets,Tablet,Champions
CUS-08496,55+,Male,France,Returning,Meta Ads,2023-11-12,Beauty,Mobile,Potential Loyalists
CUS-08497,25-34,Female,Germany,Returning,TikTok Ads,2023-01-14,Bags,Mobile,At Risk
CUS-08498,25-34,Female,UK,New,Meta Ads,2025-06-02,Shoes,Mobile,New Customers
CUS-08499,25-34,Male,Italy,Returning,Meta Ads,2023-09-24,Shoes,Desktop,At Risk
CUS-08500,45-54,Male,Spain,Returning,Meta Ads,2024-05-05,Bags,Tablet,At Risk
CUS-08501,25-34,Female,France,Returning,Affiliate,2024-04-23,Shoes,Mobile,Loyal Customers
CUS-08502,35-44,Male,Italy,Returning,Email,2023-02-25,Sportswear,Tablet,Champions
CUS-08503,35-44,Female,Germany,Returning,Google Search,2024-01-22,Bags,Mobile,At Risk
CUS-08504,25-34,Male,Netherlands,Returning,Meta Ads,2023-02-23,Shoes,Desktop,At Risk
CUS-08505,35-44,Male,Poland,New,Meta Ads,2025-08-11,Sportswear,Mobile,New Customers
CUS-08506,25-34,Male,Germany,Returning,Meta Ads,2024-05-15,Jeans,Desktop,Loyal Customers
CUS-08507,25-34,Male,Germany,Returning,Email,2023-07-20,Shoes,Desktop,Hibernating
CUS-08508,45-54,Female,France,Returning,Affiliate,2024-09-14,Bags,Mobile,Champions
CUS-08509,25-34,Male,UK,Returning,Display Ads,2023-12-01,Bags,Desktop,At Risk
CUS-08510,35-44,Female,France,Returning,Email,2023-08-15,Accessories,Mobile,Loyal Customers
CUS-08511,25-34,Female,Spain,Returning,Organic Search,2024-04-15,Dresses,Mobile,At Risk
CUS-08512,45-54,Female,France,Returning,Google Search,2023-10-11,Beauty,Mobile,Potential Loyalists
CUS-08513,25-34,Male,Spain,Returning,Organic Search,2023-08-05,Jeans,Mobile,Hibernating
CUS-08514,18-24,Female,UK,Returning,Email,2023-09-03,Shoes,Mobile,Champions
CUS-08515,18-24,Female,Germany,New,Google Search,2025-06-28,Beauty,Mobile,New Customers
CUS-08516,35-44,Female,UK,Returning,Email,2024-08-11,Dresses,Mobile,Loyal Customers
CUS-08517,25-34,Male,Germany,Returning,Display Ads,2024-01-30,Shoes,Mobile,At Risk
CUS-08518,25-34,Female,Italy,Returning,Organic Search,2024-08-16,Dresses,Desktop,Loyal Customers
CUS-08519,25-34,Female,Spain,Returning,Meta Ads,2024-04-11,Sportswear,Mobile,Champions
CUS-08520,25-34,Male,Germany,Returning,Google Search,2024-06-25,Jeans,Mobile,Hibernating
CUS-08521,25-34,Female,France,Returning,Google Search,2025-01-25,Bags,Desktop,Champions
CUS-08522,35-44,Male,UK,Returning,Affiliate,2024-07-17,Shoes,Mobile,Loyal Customers
CUS-08523,35-44,Female,Italy,Returning,Google Search,2023-12-21,Beauty,Mobile,Hibernating
CUS-08524,25-34,Female,UK,Returning,Organic Search,2023-12-15,Jeans,Desktop,Hibernating
CUS-08525,55+,Male,Italy,Returning,Meta Ads,2024-10-29,Sportswear,Desktop,Discount Seekers
CUS-08526,35-44,Male,Poland,Returning,Google Search,2024-01-31,Shoes,Mobile,Potential Loyalists
CUS-08527,45-54,Male,Germany,New,Organic Search,2025-09-14,Accessories,Mobile,New Customers
CUS-08528,45-54,Male,Spain,Returning,Organic Search,2024-07-27,Shoes,Mobile,Hibernating
CUS-08529,25-34,Female,Germany,Returning,Meta Ads,2023-01-30,Jeans,Mobile,Loyal Customers
CUS-08530,25-34,Female,Spain,Returning,Organic Search,2024-04-09,Beauty,Mobile,Hibernating
CUS-08531,18-24,Male,Netherlands,Returning,Meta Ads,2024-06-21,Sportswear,Tablet,Champions
CUS-08532,55+,Female,Germany,Returning,Email,2024-06-03,Shoes,Mobile,Discount Seekers
CUS-08533,25-34,Female,France,Returning,Affiliate,2024-06-26,Bags,Mobile,At Risk
CUS-08534,35-44,Male,Germany,New,Google Search,2025-10-21,Shoes,Desktop,New Customers
CUS-08535,35-44,Female,Spain,New,Google Search,2025-11-11,Accessories,Mobile,New Customers
CUS-08536,25-34,Male,France,Returning,Google Search,2023-01-25,Shoes,Desktop,Loyal Customers
CUS-08537,35-44,Male,Netherlands,Returning,Organic Search,2023-12-02,Sportswear,Mobile,Potential Loyalists
CUS-08538,18-24,Female,Germany,Returning,Meta Ads,2024-04-29,Shoes,Desktop,Hibernating
CUS-08539,25-34,Female,Spain,New,TikTok Ads,2025-09-17,Sportswear,Desktop,New Customers
CUS-08540,25-34,Female,France,New,Organic Search,2025-06-26,Accessories,Mobile,New Customers
CUS-08541,18-24,Male,UK,Returning,Google Search,2024-07-08,Shoes,Desktop,Loyal Customers
CUS-08542,45-54,Female,UK,Returning,Email,2023-04-26,Bags,Mobile,At Risk
CUS-08543,55+,Female,Poland,Returning,Organic Search,2024-10-26,Accessories,Mobile,Potential Loyalists
CUS-08544,18-24,Female,Spain,Returning,Email,2024-11-08,Shoes,Desktop,Loyal Customers
CUS-08545,45-54,Female,Italy,Returning,Google Search,2023-07-13,Shoes,Desktop,Discount Seekers
CUS-08546,25-34,Male,Germany,New,Affiliate,2025-10-03,Accessories,Mobile,New Customers
CUS-08547,35-44,Female,Italy,New,Google Search,2025-11-16,Accessories,Desktop,New Customers
CUS-08548,45-54,Male,Germany,Returning,Email,2023-10-28,Dresses,Desktop,High-Value Customers
CUS-08549,35-44,Female,Italy,Returning,TikTok Ads,2024-06-28,Beauty,Mobile,Potential Loyalists
CUS-08550,25-34,Female,Germany,Returning,Organic Search,2023-10-30,Shoes,Desktop,Discount Seekers
CUS-08551,45-54,Male,Spain,Returning,Display Ads,2023-10-21,Jeans,Mobile,At Risk
CUS-08552,18-24,Female,UK,Returning,Google Search,2023-03-23,Jeans,Mobile,At Risk
CUS-08553,25-34,Female,Italy,Returning,Email,2023-04-06,Jeans,Mobile,Loyal Customers
CUS-08554,35-44,Female,France,Returning,Meta Ads,2024-06-21,Jackets,Desktop,Champions
CUS-08555,55+,Female,France,New,TikTok Ads,2025-08-17,Beauty,Mobile,New Customers
CUS-08556,35-44,Male,Netherlands,Returning,Google Search,2023-04-20,Sportswear,Mobile,Champions
CUS-08557,35-44,Male,France,Returning,Google Search,2025-01-12,Jackets,Desktop,Champions
CUS-08558,25-34,Female,Germany,Returning,Google Search,2024-09-11,Bags,Mobile,At Risk
CUS-08559,25-34,Male,UK,Returning,Affiliate,2024-03-31,Beauty,Mobile,Hibernating
CUS-08560,25-34,Male,Italy,Returning,Email,2024-10-15,Shoes,Mobile,Loyal Customers
CUS-08561,55+,Female,Germany,Returning,TikTok Ads,2023-03-31,Beauty,Desktop,Hibernating
CUS-08562,35-44,Female,Spain,Returning,Meta Ads,2023-06-07,Sportswear,Mobile,Discount Seekers
CUS-08563,55+,Male,Germany,Returning,Meta Ads,2024-01-19,Accessories,Desktop,Hibernating
CUS-08564,25-34,Non-binary/Other,France,Returning,Email,2024-06-08,Beauty,Mobile,Hibernating
CUS-08565,25-34,Female,Italy,Returning,TikTok Ads,2023-04-27,Shoes,Desktop,At Risk
CUS-08566,35-44,Male,Italy,Returning,Google Search,2023-01-28,Accessories,Mobile,Loyal Customers
CUS-08567,35-44,Male,Germany,Returning,TikTok Ads,2025-04-30,Beauty,Desktop,Potential Loyalists
CUS-08568,18-24,Male,Netherlands,Returning,Google Search,2025-08-22,Shoes,Mobile,Discount Seekers
CUS-08569,25-34,Female,France,Returning,Email,2024-03-27,Dresses,Desktop,At Risk
CUS-08570,25-34,Male,Germany,Returning,Affiliate,2023-02-23,Accessories,Mobile,Hibernating
CUS-08571,55+,Female,Poland,Returning,Google Search,2023-11-28,Bags,Tablet,High-Value Customers
CUS-08572,55+,Male,Poland,Returning,Meta Ads,2023-08-14,Jeans,Mobile,Loyal Customers
CUS-08573,35-44,Female,Spain,Returning,Meta Ads,2025-04-29,Sportswear,Mobile,Potential Loyalists
CUS-08574,45-54,Male,Germany,Returning,Organic Search,2024-05-13,Bags,Mobile,At Risk
CUS-08575,25-34,Male,UK,Returning,Google Search,2025-02-03,Sportswear,Mobile,Champions
CUS-08576,35-44,Female,Germany,New,Google Search,2025-12-04,Beauty,Mobile,New Customers
CUS-08577,45-54,Female,UK,Returning,Meta Ads,2024-03-27,Accessories,Desktop,Hibernating
CUS-08578,45-54,Male,Germany,Returning,Organic Search,2024-07-03,Jeans,Mobile,At Risk
CUS-08579,25-34,Male,Italy,Returning,Google Search,2024-12-05,Accessories,Desktop,Potential Loyalists
CUS-08580,35-44,Male,Germany,Returning,Affiliate,2023-05-13,Shoes,Mobile,Hibernating
CUS-08581,35-44,Male,Germany,Returning,Meta Ads,2024-04-14,Accessories,Desktop,Loyal Customers
CUS-08582,18-24,Male,Germany,Returning,TikTok Ads,2024-04-18,Jeans,Desktop,Discount Seekers
CUS-08583,25-34,Female,Germany,Returning,Google Search,2023-12-30,Jeans,Desktop,Loyal Customers
CUS-08584,45-54,Female,Netherlands,Returning,Google Search,2023-09-12,Dresses,Desktop,Discount Seekers
CUS-08585,25-34,Non-binary/Other,Germany,New,Google Search,2025-08-06,Sportswear,Tablet,New Customers
CUS-08586,18-24,Female,Poland,New,Organic Search,2025-08-02,Accessories,Mobile,New Customers
CUS-08587,35-44,Male,Germany,New,Google Search,2025-11-23,Accessories,Desktop,New Customers
CUS-08588,25-34,Male,Italy,Returning,Email,2023-06-01,Shoes,Desktop,Loyal Customers
CUS-08589,45-54,Male,France,New,TikTok Ads,2025-09-04,Shoes,Mobile,New Customers
CUS-08590,25-34,Male,France,Returning,Email,2025-08-14,Dresses,Mobile,Discount Seekers
CUS-08591,25-34,Female,Germany,Returning,Organic Search,2023-08-17,Jeans,Mobile,Hibernating
CUS-08592,25-34,Female,Germany,Returning,Organic Search,2024-09-19,Jeans,Mobile,Loyal Customers
CUS-08593,18-24,Female,Spain,Returning,Organic Search,2024-07-15,Dresses,Mobile,At Risk
CUS-08594,35-44,Female,UK,Returning,TikTok Ads,2024-09-28,Jeans,Mobile,Discount Seekers
CUS-08595,25-34,Female,Italy,Returning,Google Search,2024-05-09,Shoes,Mobile,Hibernating
CUS-08596,18-24,Female,UK,New,Organic Search,2025-08-01,Accessories,Mobile,New Customers
CUS-08597,35-44,Non-binary/Other,France,Returning,Organic Search,2024-01-31,Bags,Mobile,Champions
CUS-08598,25-34,Male,UK,Returning,Google Search,2023-06-10,Dresses,Mobile,Discount Seekers
CUS-08599,25-34,Male,Italy,Returning,Organic Search,2025-06-21,Beauty,Tablet,Potential Loyalists
CUS-08600,25-34,Female,Netherlands,Returning,Google Search,2024-12-14,Sportswear,Mobile,Potential Loyalists
CUS-08601,25-34,Female,Spain,Returning,TikTok Ads,2024-01-23,Accessories,Tablet,Hibernating
CUS-08602,45-54,Female,Germany,Returning,Google Search,2024-01-14,Accessories,Desktop,Loyal Customers
CUS-08603,25-34,Female,Germany,Returning,Meta Ads,2025-01-28,Dresses,Mobile,Discount Seekers
CUS-08604,55+,Male,UK,Returning,Organic Search,2024-08-03,Shoes,Mobile,Champions
CUS-08605,35-44,Female,Spain,Returning,Google Search,2024-09-24,Jeans,Mobile,Hibernating
CUS-08606,45-54,Male,Poland,Returning,Meta Ads,2024-10-07,Shoes,Desktop,High-Value Customers
CUS-08607,25-34,Female,Germany,Returning,Google Search,2023-09-25,Jackets,Mobile,High-Value Customers
CUS-08608,55+,Non-binary/Other,Poland,Returning,TikTok Ads,2024-01-03,Jeans,Mobile,Discount Seekers
CUS-08609,25-34,Female,Italy,Returning,Email,2024-07-23,Sportswear,Mobile,Discount Seekers
CUS-08610,18-24,Female,UK,Returning,Organic Search,2024-04-27,Sportswear,Desktop,Potential Loyalists
CUS-08611,18-24,Non-binary/Other,Spain,Returning,Email,2024-09-23,Jackets,Tablet,High-Value Customers
CUS-08612,18-24,Male,Italy,Returning,Organic Search,2024-06-01,Sportswear,Mobile,Discount Seekers
CUS-08613,25-34,Female,France,New,Google Search,2025-11-16,Shoes,Desktop,New Customers
CUS-08614,45-54,Male,France,Returning,TikTok Ads,2025-01-21,Shoes,Desktop,Potential Loyalists
CUS-08615,35-44,Male,Germany,Returning,Email,2025-01-18,Dresses,Mobile,Loyal Customers
CUS-08616,45-54,Female,Germany,Returning,Meta Ads,2023-05-26,Dresses,Desktop,At Risk
CUS-08617,35-44,Male,France,Returning,Display Ads,2024-06-02,Jeans,Desktop,At Risk
CUS-08618,45-54,Female,Poland,Returning,Display Ads,2024-07-03,Sportswear,Mobile,Potential Loyalists
CUS-08619,35-44,Female,UK,Returning,Display Ads,2024-05-29,Sportswear,Mobile,Potential Loyalists
CUS-08620,25-34,Male,Poland,New,Organic Search,2025-07-29,Accessories,Mobile,New Customers
CUS-08621,55+,Male,Germany,Returning,Google Search,2023-11-16,Shoes,Mobile,Champions
CUS-08622,35-44,Female,Spain,Returning,Meta Ads,2023-02-09,Bags,Mobile,High-Value Customers
CUS-08623,18-24,Male,Germany,Returning,Google Search,2024-09-21,Shoes,Desktop,Potential Loyalists
CUS-08624,35-44,Female,Poland,Returning,Display Ads,2023-02-13,Jeans,Mobile,Loyal Customers
CUS-08625,45-54,Male,Netherlands,Returning,TikTok Ads,2023-10-18,Sportswear,Mobile,Champions
CUS-08626,25-34,Female,Germany,Returning,Meta Ads,2024-11-25,Sportswear,Mobile,Discount Seekers
CUS-08627,25-34,Female,Spain,Returning,Email,2024-01-05,Dresses,Desktop,Discount Seekers
CUS-08628,45-54,Female,UK,Returning,TikTok Ads,2023-03-31,Shoes,Tablet,Champions
CUS-08629,25-34,Female,France,Returning,Meta Ads,2024-10-28,Shoes,Mobile,Loyal Customers
CUS-08630,25-34,Male,Netherlands,New,Display Ads,2025-11-09,Accessories,Mobile,New Customers
CUS-08631,55+,Female,UK,Returning,TikTok Ads,2024-02-14,Dresses,Desktop,Loyal Customers
CUS-08632,25-34,Female,Italy,Returning,Google Search,2023-05-13,Shoes,Desktop,Hibernating
CUS-08633,25-34,Male,Netherlands,Returning,Email,2023-03-16,Shoes,Mobile,Champions
CUS-08634,45-54,Female,Italy,New,Affiliate,2025-09-08,Shoes,Desktop,New Customers
CUS-08635,45-54,Male,UK,Returning,Display Ads,2025-08-24,Shoes,Mobile,Potential Loyalists
CUS-08636,35-44,Male,Spain,New,Organic Search,2025-07-02,Sportswear,Desktop,New Customers
CUS-08637,35-44,Male,UK,New,Meta Ads,2025-06-25,Accessories,Desktop,New Customers
CUS-08638,25-34,Male,France,Returning,Organic Search,2025-03-26,Jeans,Mobile,Loyal Customers
CUS-08639,25-34,Female,UK,Returning,Email,2024-05-18,Accessories,Mobile,Loyal Customers
CUS-08640,25-34,Male,UK,Returning,Meta Ads,2024-08-14,Bags,Desktop,Champions
CUS-08641,18-24,Male,UK,Returning,Meta Ads,2025-01-11,Jeans,Desktop,Loyal Customers
CUS-08642,25-34,Female,France,Returning,Organic Search,2023-08-08,Jackets,Mobile,High-Value Customers
CUS-08643,35-44,Female,France,Returning,Google Search,2025-07-12,Accessories,Mobile,Potential Loyalists
CUS-08644,18-24,Female,UK,Returning,Affiliate,2023-12-13,Sportswear,Desktop,Potential Loyalists
CUS-08645,45-54,Female,Germany,Returning,Organic Search,2023-10-28,Shoes,Mobile,Loyal Customers
CUS-08646,25-34,Female,Italy,Returning,Affiliate,2024-06-17,Jeans,Mobile,Hibernating
CUS-08647,25-34,Male,Spain,Returning,Meta Ads,2023-09-08,Dresses,Mobile,Discount Seekers
CUS-08648,45-54,Non-binary/Other,Germany,Returning,TikTok Ads,2024-06-07,Jeans,Mobile,Hibernating
CUS-08649,25-34,Male,Italy,Returning,TikTok Ads,2023-08-20,Dresses,Desktop,At Risk
CUS-08650,35-44,Female,UK,Returning,Email,2024-11-19,Jeans,Desktop,Hibernating
CUS-08651,35-44,Female,Spain,Returning,Google Search,2025-08-14,Sportswear,Mobile,Potential Loyalists
CUS-08652,25-34,Female,France,Returning,Meta Ads,2025-06-03,Jeans,Desktop,Discount Seekers
CUS-08653,18-24,Female,UK,Returning,Affiliate,2024-08-14,Shoes,Mobile,Hibernating
CUS-08654,25-34,Female,UK,Returning,Google Search,2024-11-06,Jackets,Desktop,Champions
CUS-08655,35-44,Female,Poland,New,Meta Ads,2025-09-29,Sportswear,Mobile,New Customers
CUS-08656,18-24,Female,Spain,Returning,Google Search,2023-09-09,Accessories,Mobile,Loyal Customers
CUS-08657,55+,Female,UK,Returning,Email,2023-09-07,Bags,Mobile,Champions
CUS-08658,45-54,Male,Netherlands,Returning,Meta Ads,2024-11-14,Shoes,Desktop,Discount Seekers
CUS-08659,18-24,Female,Italy,Returning,Email,2023-05-19,Sportswear,Mobile,Champions
CUS-08660,25-34,Male,Spain,Returning,Meta Ads,2023-04-23,Shoes,Mobile,Hibernating
CUS-08661,18-24,Female,France,Returning,Display Ads,2024-03-25,Shoes,Mobile,High-Value Customers
CUS-08662,55+,Female,Germany,New,Google Search,2025-08-28,Shoes,Mobile,New Customers
CUS-08663,25-34,Female,France,Returning,Google Search,2024-11-10,Shoes,Mobile,Potential Loyalists
CUS-08664,35-44,Male,UK,Returning,Meta Ads,2023-12-22,Shoes,Mobile,At Risk
CUS-08665,35-44,Female,Germany,Returning,TikTok Ads,2023-07-01,Shoes,Tablet,Hibernating
CUS-08666,25-34,Female,Germany,Returning,Affiliate,2024-08-29,Jeans,Mobile,Loyal Customers
CUS-08667,25-34,Male,UK,Returning,Google Search,2023-05-05,Dresses,Mobile,Loyal Customers
CUS-08668,25-34,Male,Italy,Returning,Meta Ads,2024-10-14,Shoes,Desktop,At Risk
CUS-08669,35-44,Female,UK,Returning,Meta Ads,2025-02-15,Dresses,Mobile,Discount Seekers
CUS-08670,35-44,Female,Spain,Returning,Google Search,2023-10-21,Shoes,Mobile,Potential Loyalists
CUS-08671,35-44,Female,UK,Returning,Organic Search,2023-08-22,Beauty,Mobile,Potential Loyalists
CUS-08672,45-54,Female,France,Returning,Email,2023-09-18,Shoes,Desktop,High-Value Customers
CUS-08673,25-34,Female,UK,Returning,Google Search,2025-03-16,Accessories,Mobile,Loyal Customers
CUS-08674,25-34,Female,Germany,Returning,Organic Search,2023-05-15,Sportswear,Mobile,Champions
CUS-08675,45-54,Male,UK,Returning,Email,2024-12-25,Shoes,Mobile,At Risk
CUS-08676,45-54,Male,France,Returning,Affiliate,2023-10-31,Jackets,Desktop,Champions
CUS-08677,45-54,Female,Germany,Returning,Email,2023-02-26,Accessories,Mobile,Loyal Customers
CUS-08678,35-44,Female,Spain,Returning,Meta Ads,2024-03-08,Shoes,Desktop,At Risk
CUS-08679,45-54,Female,France,Returning,Google Search,2024-01-11,Jeans,Desktop,At Risk
CUS-08680,18-24,Male,Italy,New,Organic Search,2025-11-06,Beauty,Tablet,New Customers
CUS-08681,45-54,Female,Netherlands,Returning,TikTok Ads,2024-03-07,Shoes,Desktop,Potential Loyalists
CUS-08682,35-44,Male,UK,New,Meta Ads,2025-09-16,Shoes,Desktop,New Customers
CUS-08683,35-44,Female,Germany,Returning,Email,2023-08-10,Bags,Desktop,At Risk
CUS-08684,25-34,Female,UK,Returning,Email,2024-05-30,Accessories,Mobile,Hibernating
CUS-08685,18-24,Male,Italy,Returning,Affiliate,2023-11-13,Jeans,Desktop,Hibernating
CUS-08686,55+,Female,France,Returning,Google Search,2024-06-01,Jeans,Desktop,At Risk
CUS-08687,25-34,Female,Poland,Returning,Meta Ads,2024-10-11,Jeans,Mobile,Discount Seekers
CUS-08688,25-34,Male,France,Returning,Google Search,2024-10-10,Dresses,Desktop,Discount Seekers
CUS-08689,55+,Female,France,Returning,Organic Search,2023-04-15,Accessories,Mobile,Loyal Customers
CUS-08690,45-54,Female,Spain,Returning,Organic Search,2023-02-24,Bags,Mobile,High-Value Customers
CUS-08691,45-54,Male,Italy,Returning,Google Search,2023-07-18,Sportswear,Mobile,Discount Seekers
CUS-08692,25-34,Female,France,Returning,Meta Ads,2024-11-24,Accessories,Desktop,Potential Loyalists
CUS-08693,18-24,Female,Spain,Returning,Google Search,2023-01-11,Sportswear,Mobile,Champions
CUS-08694,25-34,Male,UK,Returning,Email,2023-05-15,Dresses,Desktop,At Risk
CUS-08695,25-34,Female,Spain,New,Google Search,2025-10-22,Beauty,Desktop,New Customers
CUS-08696,25-34,Male,UK,Returning,Meta Ads,2023-05-31,Shoes,Mobile,Hibernating
CUS-08697,25-34,Non-binary/Other,Netherlands,New,Meta Ads,2025-09-25,Shoes,Mobile,New Customers
CUS-08698,18-24,Female,France,Returning,Google Search,2023-08-23,Shoes,Desktop,Champions
CUS-08699,25-34,Male,UK,Returning,Email,2024-02-13,Accessories,Desktop,Loyal Customers
CUS-08700,35-44,Female,Germany,Returning,Organic Search,2024-06-14,Shoes,Tablet,Discount Seekers
CUS-08701,25-34,Female,France,Returning,Email,2024-10-30,Bags,Mobile,Champions
CUS-08702,55+,Male,Poland,Returning,Google Search,2023-04-08,Shoes,Mobile,Hibernating
CUS-08703,25-34,Male,Germany,Returning,Meta Ads,2025-03-14,Accessories,Mobile,Potential Loyalists
CUS-08704,25-34,Female,Spain,New,Meta Ads,2025-07-14,Accessories,Mobile,New Customers
CUS-08705,35-44,Female,Italy,New,Meta Ads,2025-10-05,Sportswear,Mobile,New Customers
CUS-08706,25-34,Non-binary/Other,Poland,Returning,Meta Ads,2024-08-09,Accessories,Mobile,Loyal Customers
CUS-08707,45-54,Female,France,Returning,Meta Ads,2024-01-12,Bags,Mobile,At Risk
CUS-08708,18-24,Female,France,Returning,Meta Ads,2023-11-25,Dresses,Mobile,At Risk
CUS-08709,45-54,Female,France,Returning,Meta Ads,2023-09-30,Bags,Desktop,Champions
CUS-08710,18-24,Female,Germany,Returning,TikTok Ads,2024-02-05,Sportswear,Tablet,Potential Loyalists
CUS-08711,25-34,Male,UK,Returning,Email,2024-07-23,Beauty,Mobile,Hibernating
CUS-08712,18-24,Male,UK,Returning,Email,2024-04-30,Beauty,Mobile,Hibernating
CUS-08713,45-54,Male,UK,New,TikTok Ads,2025-07-31,Accessories,Desktop,New Customers
CUS-08714,18-24,Female,France,Returning,Google Search,2023-10-24,Accessories,Desktop,Hibernating
CUS-08715,25-34,Female,UK,Returning,Google Search,2023-07-18,Jeans,Desktop,Loyal Customers
CUS-08716,18-24,Male,France,Returning,Organic Search,2024-08-27,Shoes,Mobile,Loyal Customers
CUS-08717,25-34,Male,Germany,Returning,TikTok Ads,2024-06-16,Bags,Mobile,At Risk
CUS-08718,25-34,Female,Germany,Returning,Email,2023-04-24,Dresses,Desktop,At Risk
CUS-08719,35-44,Female,UK,Returning,Affiliate,2023-08-03,Beauty,Mobile,Hibernating
CUS-08720,18-24,Female,Italy,Returning,Meta Ads,2024-03-04,Jeans,Desktop,Loyal Customers
CUS-08721,25-34,Male,Spain,New,Google Search,2025-11-27,Beauty,Mobile,New Customers
CUS-08722,25-34,Female,Netherlands,Returning,Meta Ads,2023-08-29,Dresses,Mobile,At Risk
CUS-08723,35-44,Female,Spain,Returning,Organic Search,2024-04-06,Jeans,Mobile,Loyal Customers
CUS-08724,35-44,Male,France,New,Organic Search,2025-07-25,Sportswear,Desktop,New Customers
CUS-08725,35-44,Female,France,Returning,Google Search,2024-09-17,Dresses,Mobile,At Risk
CUS-08726,25-34,Female,France,Returning,Google Search,2023-10-28,Dresses,Desktop,Loyal Customers
CUS-08727,45-54,Male,Spain,Returning,TikTok Ads,2024-12-31,Beauty,Mobile,Potential Loyalists
CUS-08728,25-34,Male,Italy,Returning,Email,2024-10-01,Jeans,Mobile,Loyal Customers
CUS-08729,35-44,Female,France,Returning,Display Ads,2025-04-16,Shoes,Desktop,Discount Seekers
CUS-08730,25-34,Female,Poland,Returning,Organic Search,2024-12-20,Shoes,Mobile,Loyal Customers
CUS-08731,18-24,Female,France,Returning,Email,2024-11-25,Dresses,Desktop,Loyal Customers
CUS-08732,25-34,Male,France,Returning,Meta Ads,2024-07-21,Shoes,Mobile,Champions
CUS-08733,25-34,Male,Netherlands,Returning,Google Search,2023-05-01,Bags,Desktop,Champions
CUS-08734,35-44,Female,Germany,Returning,Organic Search,2024-11-28,Accessories,Mobile,Loyal Customers
CUS-08735,45-54,Male,Spain,Returning,Organic Search,2024-06-03,Bags,Desktop,At Risk
CUS-08736,25-34,Female,UK,Returning,Meta Ads,2025-01-26,Jackets,Desktop,Champions
CUS-08737,25-34,Male,Italy,Returning,TikTok Ads,2023-11-14,Accessories,Desktop,Potential Loyalists
CUS-08738,45-54,Female,UK,Returning,TikTok Ads,2023-10-17,Sportswear,Desktop,Champions
CUS-08739,35-44,Male,UK,Returning,Meta Ads,2024-11-25,Accessories,Desktop,Potential Loyalists
CUS-08740,25-34,Female,Netherlands,Returning,Google Search,2024-05-11,Sportswear,Mobile,Champions
CUS-08741,55+,Female,Italy,Returning,Meta Ads,2023-03-07,Dresses,Mobile,At Risk
CUS-08742,25-34,Male,Spain,Returning,Organic Search,2023-09-19,Dresses,Desktop,At Risk
CUS-08743,18-24,Female,UK,Returning,Google Search,2024-06-24,Jeans,Mobile,Hibernating
CUS-08744,25-34,Female,UK,Returning,Email,2023-12-29,Shoes,Mobile,Loyal Customers
CUS-08745,45-54,Male,UK,Returning,TikTok Ads,2023-08-14,Dresses,Mobile,Discount Seekers
CUS-08746,18-24,Female,France,Returning,Meta Ads,2023-12-09,Dresses,Desktop,At Risk
CUS-08747,18-24,Male,Germany,Returning,Google Search,2024-07-28,Jackets,Mobile,Champions
CUS-08748,55+,Male,Netherlands,New,TikTok Ads,2025-11-08,Sportswear,Mobile,New Customers
CUS-08749,35-44,Female,UK,Returning,Google Search,2023-12-11,Beauty,Mobile,Hibernating
CUS-08750,35-44,Female,Germany,Returning,Meta Ads,2024-04-25,Beauty,Mobile,Potential Loyalists
CUS-08751,35-44,Male,France,Returning,Google Search,2023-08-12,Sportswear,Desktop,Potential Loyalists
CUS-08752,45-54,Female,Germany,Returning,TikTok Ads,2024-09-03,Bags,Mobile,At Risk
CUS-08753,35-44,Male,Italy,Returning,Google Search,2024-12-28,Jackets,Mobile,Champions
CUS-08754,18-24,Female,Germany,Returning,Meta Ads,2023-12-21,Jackets,Mobile,High-Value Customers
CUS-08755,35-44,Male,Italy,Returning,Email,2024-11-16,Accessories,Mobile,Loyal Customers
CUS-08756,25-34,Female,Germany,Returning,Organic Search,2025-01-02,Bags,Mobile,Champions
CUS-08757,35-44,Female,Poland,Returning,Affiliate,2024-07-29,Shoes,Desktop,Champions
CUS-08758,35-44,Female,UK,Returning,TikTok Ads,2024-06-24,Sportswear,Mobile,Potential Loyalists
CUS-08759,35-44,Male,France,Returning,Meta Ads,2025-05-17,Shoes,Desktop,Discount Seekers
CUS-08760,25-34,Female,France,Returning,Meta Ads,2024-02-20,Jeans,Desktop,Hibernating
CUS-08761,25-34,Female,Germany,Returning,TikTok Ads,2025-06-05,Sportswear,Mobile,Discount Seekers
CUS-08762,35-44,Male,Germany,New,TikTok Ads,2025-09-08,Accessories,Mobile,New Customers
CUS-08763,35-44,Female,Spain,New,Affiliate,2025-06-16,Shoes,Desktop,New Customers
CUS-08764,55+,Female,UK,Returning,TikTok Ads,2024-02-18,Shoes,Desktop,Potential Loyalists
CUS-08765,25-34,Female,France,Returning,Organic Search,2023-12-19,Sportswear,Tablet,Champions
CUS-08766,18-24,Male,Germany,Returning,Meta Ads,2024-11-09,Jeans,Desktop,Discount Seekers
CUS-08767,45-54,Male,Germany,New,Meta Ads,2025-07-22,Beauty,Desktop,New Customers
CUS-08768,45-54,Female,Poland,New,TikTok Ads,2025-07-27,Shoes,Mobile,New Customers
CUS-08769,35-44,Female,Spain,New,Google Search,2025-07-26,Shoes,Mobile,New Customers
CUS-08770,45-54,Male,Italy,Returning,TikTok Ads,2024-03-18,Beauty,Mobile,Hibernating
CUS-08771,25-34,Female,Netherlands,Returning,Meta Ads,2024-08-23,Dresses,Desktop,Loyal Customers
CUS-08772,25-34,Female,Germany,Returning,TikTok Ads,2024-11-26,Shoes,Mobile,At Risk
CUS-08773,45-54,Female,UK,Returning,Google Search,2024-03-08,Jeans,Mobile,Hibernating
CUS-08774,18-24,Male,France,Returning,Affiliate,2024-09-12,Jeans,Desktop,Discount Seekers
CUS-08775,35-44,Female,Germany,Returning,Google Search,2024-08-17,Shoes,Desktop,Champions
CUS-08776,45-54,Male,Germany,Returning,Email,2024-10-01,Jeans,Mobile,Loyal Customers
CUS-08777,25-34,Female,Italy,New,TikTok Ads,2025-07-30,Beauty,Desktop,New Customers
CUS-08778,25-34,Female,UK,Returning,Google Search,2024-06-15,Sportswear,Desktop,Discount Seekers
CUS-08779,35-44,Female,Spain,Returning,Email,2024-10-24,Shoes,Mobile,High-Value Customers
CUS-08780,25-34,Female,Germany,Returning,Meta Ads,2024-03-28,Dresses,Mobile,At Risk
CUS-08781,35-44,Female,UK,Returning,Organic Search,2024-12-31,Shoes,Mobile,Loyal Customers
CUS-08782,35-44,Female,UK,Returning,Email,2023-12-27,Jeans,Mobile,Loyal Customers
CUS-08783,25-34,Female,UK,Returning,Google Search,2024-04-15,Jeans,Mobile,At Risk
CUS-08784,35-44,Male,France,Returning,Google Search,2023-01-04,Jeans,Mobile,Loyal Customers
CUS-08785,25-34,Male,Italy,New,Meta Ads,2025-12-08,Shoes,Mobile,New Customers
CUS-08786,35-44,Female,UK,Returning,Google Search,2024-05-13,Dresses,Desktop,Discount Seekers
CUS-08787,25-34,Female,France,Returning,Meta Ads,2024-04-15,Accessories,Mobile,Potential Loyalists
CUS-08788,55+,Male,Germany,Returning,Meta Ads,2023-12-25,Accessories,Mobile,Potential Loyalists
CUS-08789,25-34,Female,Poland,Returning,Organic Search,2024-02-16,Bags,Mobile,Champions
CUS-08790,45-54,Male,Spain,Returning,Google Search,2024-12-05,Jeans,Desktop,Loyal Customers
CUS-08791,25-34,Male,Italy,Returning,Organic Search,2023-02-16,Dresses,Mobile,At Risk
CUS-08792,35-44,Female,Netherlands,Returning,Affiliate,2024-03-13,Accessories,Mobile,Potential Loyalists
CUS-08793,45-54,Female,Germany,Returning,Email,2024-02-18,Accessories,Mobile,Loyal Customers
CUS-08794,18-24,Male,Spain,Returning,Affiliate,2025-03-20,Jeans,Desktop,Loyal Customers
CUS-08795,25-34,Male,Italy,Returning,Email,2024-07-23,Shoes,Mobile,Champions
CUS-08796,18-24,Female,France,Returning,Email,2023-01-18,Shoes,Mobile,At Risk
CUS-08797,55+,Female,France,Returning,Display Ads,2023-03-01,Shoes,Tablet,At Risk
CUS-08798,45-54,Female,Spain,New,Display Ads,2025-10-06,Accessories,Mobile,New Customers
CUS-08799,18-24,Female,UK,New,Meta Ads,2025-06-27,Beauty,Mobile,New Customers
CUS-08800,45-54,Female,Spain,Returning,Email,2023-06-23,Accessories,Desktop,Loyal Customers
CUS-08801,45-54,Female,Spain,New,Google Search,2025-11-23,Shoes,Desktop,New Customers
CUS-08802,35-44,Male,Spain,Returning,Affiliate,2024-01-24,Sportswear,Mobile,Champions
CUS-08803,45-54,Male,France,Returning,Google Search,2025-01-01,Dresses,Mobile,Discount Seekers
CUS-08804,25-34,Female,Spain,Returning,Meta Ads,2023-02-20,Bags,Mobile,Champions
CUS-08805,25-34,Male,Germany,New,TikTok Ads,2025-07-07,Beauty,Mobile,New Customers
CUS-08806,25-34,Male,France,Returning,Google Search,2023-03-14,Sportswear,Mobile,Champions
CUS-08807,18-24,Male,Poland,Returning,Organic Search,2023-05-03,Shoes,Mobile,Hibernating
CUS-08808,18-24,Female,France,Returning,Email,2023-12-28,Shoes,Mobile,Loyal Customers
CUS-08809,18-24,Female,Spain,Returning,Organic Search,2024-03-30,Sportswear,Desktop,Discount Seekers
CUS-08810,45-54,Non-binary/Other,Poland,Returning,Email,2025-02-16,Sportswear,Desktop,Champions
CUS-08811,45-54,Male,Netherlands,Returning,Meta Ads,2023-04-02,Jeans,Mobile,Hibernating
CUS-08812,55+,Male,Spain,Returning,TikTok Ads,2024-04-28,Jeans,Mobile,At Risk
CUS-08813,25-34,Female,Netherlands,Returning,Google Search,2023-09-19,Accessories,Mobile,Loyal Customers
CUS-08814,25-34,Male,Poland,Returning,Meta Ads,2024-01-09,Dresses,Mobile,Loyal Customers
CUS-08815,25-34,Male,Germany,Returning,Google Search,2024-03-23,Shoes,Mobile,Potential Loyalists
CUS-08816,18-24,Female,Netherlands,Returning,Organic Search,2024-01-18,Accessories,Mobile,Hibernating
CUS-08817,35-44,Female,France,Returning,Email,2024-01-22,Dresses,Desktop,Discount Seekers
CUS-08818,18-24,Female,France,Returning,Google Search,2023-07-23,Shoes,Mobile,Loyal Customers
CUS-08819,18-24,Non-binary/Other,Netherlands,Returning,TikTok Ads,2025-03-01,Shoes,Desktop,Potential Loyalists
CUS-08820,45-54,Male,Germany,Returning,Email,2024-08-30,Dresses,Mobile,Loyal Customers
CUS-08821,55+,Female,Netherlands,Returning,Organic Search,2023-03-23,Dresses,Mobile,Loyal Customers
CUS-08822,18-24,Female,Germany,Returning,Google Search,2024-03-23,Bags,Mobile,At Risk
CUS-08823,45-54,Male,Germany,Returning,Google Search,2025-06-20,Sportswear,Tablet,Potential Loyalists
CUS-08824,55+,Female,France,Returning,Google Search,2024-11-16,Shoes,Mobile,Loyal Customers
CUS-08825,25-34,Male,France,Returning,Affiliate,2025-01-28,Sportswear,Desktop,Discount Seekers
CUS-08826,45-54,Male,Poland,Returning,Google Search,2023-05-11,Jeans,Desktop,Hibernating
CUS-08827,35-44,Male,Germany,Returning,Organic Search,2024-08-29,Beauty,Mobile,Hibernating
CUS-08828,25-34,Female,Italy,Returning,Meta Ads,2024-02-26,Bags,Mobile,Champions
CUS-08829,18-24,Male,UK,Returning,Google Search,2025-03-29,Dresses,Mobile,Discount Seekers
CUS-08830,25-34,Female,Germany,New,TikTok Ads,2025-06-09,Accessories,Desktop,New Customers
CUS-08831,25-34,Male,Poland,New,TikTok Ads,2025-09-07,Beauty,Mobile,New Customers
CUS-08832,18-24,Female,France,Returning,Meta Ads,2024-09-17,Sportswear,Desktop,Champions
CUS-08833,45-54,Female,Germany,Returning,Organic Search,2024-04-07,Shoes,Mobile,Discount Seekers
CUS-08834,25-34,Female,Italy,New,Google Search,2025-08-12,Sportswear,Desktop,New Customers
CUS-08835,25-34,Male,UK,Returning,Google Search,2023-06-05,Jeans,Mobile,Hibernating
CUS-08836,18-24,Male,Poland,Returning,Google Search,2023-03-19,Shoes,Mobile,At Risk
CUS-08837,35-44,Male,Poland,Returning,Display Ads,2023-09-17,Jeans,Mobile,Hibernating
CUS-08838,25-34,Male,UK,Returning,Organic Search,2024-08-25,Jeans,Mobile,At Risk
CUS-08839,45-54,Female,Poland,Returning,Affiliate,2025-02-18,Dresses,Mobile,Discount Seekers
CUS-08840,35-44,Male,Netherlands,Returning,Organic Search,2023-11-04,Shoes,Tablet,Loyal Customers
CUS-08841,25-34,Female,France,Returning,Meta Ads,2023-04-12,Jeans,Mobile,Loyal Customers
CUS-08842,35-44,Female,UK,Returning,Google Search,2024-08-09,Jeans,Desktop,Hibernating
CUS-08843,35-44,Male,France,New,Google Search,2025-10-02,Accessories,Mobile,New Customers
CUS-08844,35-44,Female,Spain,Returning,Email,2023-10-17,Bags,Tablet,At Risk
CUS-08845,55+,Male,Italy,Returning,Organic Search,2024-04-01,Jeans,Mobile,At Risk
CUS-08846,18-24,Female,France,New,Organic Search,2025-10-15,Accessories,Mobile,New Customers
CUS-08847,25-34,Male,Germany,Returning,Google Search,2024-12-30,Beauty,Mobile,Hibernating
CUS-08848,35-44,Male,Germany,Returning,Meta Ads,2025-02-12,Accessories,Tablet,Potential Loyalists
CUS-08849,18-24,Male,Germany,Returning,Email,2024-03-17,Shoes,Mobile,Discount Seekers
CUS-08850,55+,Female,Netherlands,Returning,Organic Search,2024-01-23,Accessories,Desktop,Loyal Customers
CUS-08851,35-44,Female,UK,Returning,Meta Ads,2023-01-24,Bags,Mobile,At Risk
CUS-08852,25-34,Female,France,Returning,Google Search,2024-05-26,Jeans,Mobile,Discount Seekers
CUS-08853,55+,Female,Poland,Returning,Display Ads,2023-07-26,Jeans,Desktop,Loyal Customers
CUS-08854,35-44,Female,Germany,Returning,Google Search,2024-12-25,Beauty,Mobile,Potential Loyalists
CUS-08855,25-34,Male,UK,Returning,TikTok Ads,2025-04-05,Shoes,Mobile,Potential Loyalists
CUS-08856,25-34,Female,Germany,New,Display Ads,2025-12-01,Accessories,Mobile,New Customers
CUS-08857,25-34,Male,UK,Returning,Organic Search,2025-08-29,Beauty,Mobile,Potential Loyalists
CUS-08858,55+,Female,Germany,Returning,Organic Search,2023-06-02,Accessories,Mobile,Loyal Customers
CUS-08859,35-44,Non-binary/Other,Poland,Returning,Meta Ads,2024-09-27,Dresses,Desktop,Discount Seekers
CUS-08860,25-34,Female,Germany,Returning,Google Search,2023-07-18,Jeans,Mobile,Loyal Customers
CUS-08861,35-44,Male,Germany,New,Meta Ads,2025-07-22,Accessories,Mobile,New Customers
CUS-08862,18-24,Female,France,Returning,Email,2023-09-25,Shoes,Mobile,At Risk
CUS-08863,25-34,Female,Italy,Returning,Organic Search,2023-10-06,Sportswear,Desktop,Champions
CUS-08864,35-44,Male,France,Returning,Email,2024-09-22,Bags,Mobile,Champions
CUS-08865,25-34,Female,France,Returning,Email,2024-08-19,Dresses,Mobile,High-Value Customers
CUS-08866,25-34,Female,Spain,Returning,Google Search,2023-09-05,Shoes,Mobile,At Risk
CUS-08867,25-34,Female,Germany,Returning,Meta Ads,2025-01-04,Sportswear,Mobile,Champions
CUS-08868,25-34,Male,France,Returning,Google Search,2024-11-13,Jeans,Tablet,Hibernating
CUS-08869,18-24,Female,Germany,New,TikTok Ads,2025-09-13,Sportswear,Mobile,New Customers
CUS-08870,25-34,Female,UK,Returning,Email,2024-08-08,Sportswear,Mobile,Champions
CUS-08871,25-34,Male,Italy,Returning,Meta Ads,2024-07-05,Dresses,Mobile,At Risk
CUS-08872,35-44,Female,Italy,New,TikTok Ads,2025-06-04,Shoes,Mobile,New Customers
CUS-08873,18-24,Male,Spain,Returning,Google Search,2023-07-16,Jeans,Mobile,Loyal Customers
CUS-08874,35-44,Female,UK,Returning,Meta Ads,2024-08-12,Sportswear,Mobile,Discount Seekers
CUS-08875,35-44,Female,Poland,Returning,Meta Ads,2024-12-28,Accessories,Desktop,Potential Loyalists
CUS-08876,18-24,Non-binary/Other,Spain,Returning,Meta Ads,2025-01-14,Accessories,Mobile,Potential Loyalists
CUS-08877,45-54,Female,UK,Returning,Meta Ads,2024-05-16,Sportswear,Mobile,Potential Loyalists
CUS-08878,18-24,Male,France,Returning,Affiliate,2024-06-10,Accessories,Mobile,Hibernating
CUS-08879,45-54,Female,UK,Returning,Meta Ads,2023-08-26,Dresses,Mobile,At Risk
CUS-08880,55+,Female,Italy,Returning,Google Search,2023-11-25,Dresses,Mobile,Discount Seekers
CUS-08881,35-44,Female,UK,Returning,TikTok Ads,2025-03-29,Jeans,Desktop,Loyal Customers
CUS-08882,45-54,Female,France,Returning,Affiliate,2023-04-03,Beauty,Desktop,Hibernating
CUS-08883,18-24,Female,Netherlands,New,Affiliate,2025-06-23,Shoes,Tablet,New Customers
CUS-08884,18-24,Female,UK,Returning,Google Search,2025-08-13,Beauty,Desktop,Potential Loyalists
CUS-08885,25-34,Female,Poland,Returning,Organic Search,2024-11-03,Jackets,Mobile,Champions
CUS-08886,55+,Male,UK,Returning,Google Search,2024-12-11,Shoes,Desktop,Hibernating
CUS-08887,25-34,Female,UK,Returning,Meta Ads,2024-04-25,Shoes,Mobile,Loyal Customers
CUS-08888,35-44,Male,Germany,Returning,Affiliate,2023-02-10,Jeans,Mobile,At Risk
CUS-08889,18-24,Male,Germany,New,Google Search,2025-08-24,Shoes,Mobile,New Customers
CUS-08890,25-34,Female,Italy,Returning,Display Ads,2024-07-02,Bags,Mobile,Champions
CUS-08891,55+,Male,Italy,Returning,Google Search,2023-06-06,Jackets,Mobile,High-Value Customers
CUS-08892,35-44,Female,Italy,Returning,Google Search,2024-04-08,Jeans,Desktop,Hibernating
CUS-08893,55+,Male,Spain,New,Meta Ads,2025-06-18,Beauty,Mobile,New Customers
CUS-08894,45-54,Male,UK,Returning,Email,2024-04-08,Bags,Desktop,At Risk
CUS-08895,25-34,Male,Italy,New,Organic Search,2025-06-11,Sportswear,Desktop,New Customers
CUS-08896,45-54,Male,Italy,Returning,Meta Ads,2024-01-07,Jeans,Desktop,Hibernating
CUS-08897,25-34,Female,Spain,Returning,TikTok Ads,2023-03-29,Shoes,Mobile,Loyal Customers
CUS-08898,35-44,Male,Germany,New,Google Search,2025-11-25,Sportswear,Mobile,New Customers
CUS-08899,35-44,Female,Netherlands,Returning,TikTok Ads,2025-05-06,Accessories,Desktop,Potential Loyalists
CUS-08900,45-54,Female,Germany,New,Google Search,2025-07-19,Beauty,Mobile,New Customers
CUS-08901,25-34,Female,UK,New,Google Search,2025-06-02,Shoes,Tablet,New Customers
CUS-08902,25-34,Male,Italy,Returning,Google Search,2024-07-13,Accessories,Desktop,Loyal Customers
CUS-08903,25-34,Male,Netherlands,Returning,Meta Ads,2023-03-22,Jackets,Mobile,High-Value Customers
CUS-08904,45-54,Female,Germany,Returning,Google Search,2024-06-07,Sportswear,Mobile,Champions
CUS-08905,18-24,Male,UK,Returning,Google Search,2023-03-12,Sportswear,Mobile,Champions
CUS-08906,18-24,Male,Germany,Returning,Organic Search,2023-12-26,Beauty,Mobile,Potential Loyalists
CUS-08907,25-34,Male,Italy,Returning,Google Search,2023-06-08,Shoes,Mobile,At Risk
CUS-08908,35-44,Male,Germany,Returning,Meta Ads,2024-06-15,Dresses,Mobile,Loyal Customers
CUS-08909,18-24,Female,Italy,New,Meta Ads,2025-09-08,Shoes,Mobile,New Customers
CUS-08910,55+,Female,Spain,Returning,Email,2023-03-13,Jeans,Mobile,Hibernating
CUS-08911,55+,Female,France,Returning,Google Search,2024-10-12,Sportswear,Mobile,Champions
CUS-08912,55+,Male,UK,Returning,Affiliate,2024-02-20,Dresses,Tablet,High-Value Customers
CUS-08913,45-54,Female,Germany,Returning,Google Search,2024-10-31,Accessories,Mobile,Potential Loyalists
CUS-08914,18-24,Male,Spain,Returning,Organic Search,2023-03-08,Dresses,Mobile,At Risk
CUS-08915,55+,Non-binary/Other,Poland,Returning,Organic Search,2024-06-17,Shoes,Mobile,Loyal Customers
CUS-08916,25-34,Female,France,Returning,Organic Search,2023-02-01,Bags,Mobile,At Risk
CUS-08917,45-54,Female,Spain,Returning,Affiliate,2024-09-21,Dresses,Mobile,Discount Seekers
CUS-08918,18-24,Male,Spain,Returning,Meta Ads,2023-01-02,Dresses,Desktop,Loyal Customers
CUS-08919,35-44,Male,Spain,Returning,Email,2024-09-05,Dresses,Desktop,Loyal Customers
CUS-08920,25-34,Female,France,Returning,Meta Ads,2024-05-31,Shoes,Desktop,Potential Loyalists
CUS-08921,55+,Female,Italy,Returning,Meta Ads,2024-10-19,Jackets,Desktop,Champions
CUS-08922,25-34,Female,Spain,Returning,Organic Search,2024-12-19,Bags,Desktop,High-Value Customers
CUS-08923,55+,Female,Germany,Returning,Meta Ads,2024-12-15,Shoes,Mobile,At Risk
CUS-08924,35-44,Female,France,Returning,Google Search,2024-08-05,Bags,Desktop,At Risk
CUS-08925,55+,Female,France,Returning,Affiliate,2023-08-25,Jackets,Desktop,High-Value Customers
CUS-08926,25-34,Female,Germany,Returning,Email,2024-07-14,Shoes,Mobile,Discount Seekers
CUS-08927,45-54,Female,Germany,Returning,TikTok Ads,2024-07-18,Beauty,Mobile,Hibernating
CUS-08928,25-34,Female,Germany,Returning,Meta Ads,2025-01-07,Sportswear,Mobile,Potential Loyalists
CUS-08929,35-44,Female,France,Returning,TikTok Ads,2023-07-25,Accessories,Mobile,Potential Loyalists
CUS-08930,45-54,Male,Germany,Returning,Meta Ads,2025-04-28,Beauty,Mobile,Potential Loyalists
CUS-08931,45-54,Non-binary/Other,Italy,Returning,Google Search,2025-02-18,Sportswear,Mobile,Potential Loyalists
CUS-08932,35-44,Female,Spain,Returning,Display Ads,2024-09-28,Shoes,Mobile,Potential Loyalists
CUS-08933,25-34,Female,Germany,Returning,Google Search,2023-06-27,Accessories,Desktop,Loyal Customers
CUS-08934,45-54,Female,Spain,Returning,TikTok Ads,2024-05-06,Beauty,Mobile,Potential Loyalists
CUS-08935,35-44,Male,Spain,New,Display Ads,2025-06-09,Beauty,Mobile,New Customers
CUS-08936,25-34,Female,UK,Returning,TikTok Ads,2025-07-13,Beauty,Desktop,Potential Loyalists
CUS-08937,35-44,Female,France,Returning,Google Search,2023-04-29,Jeans,Mobile,Loyal Customers
CUS-08938,55+,Male,Netherlands,Returning,Meta Ads,2025-07-17,Shoes,Desktop,Potential Loyalists
CUS-08939,18-24,Female,UK,New,Organic Search,2025-08-30,Sportswear,Mobile,New Customers
CUS-08940,18-24,Female,France,Returning,Meta Ads,2024-08-08,Shoes,Tablet,Hibernating
CUS-08941,35-44,Female,Spain,Returning,Display Ads,2024-10-31,Beauty,Desktop,Hibernating
CUS-08942,35-44,Female,Germany,Returning,Organic Search,2024-07-09,Jeans,Mobile,Loyal Customers
CUS-08943,55+,Male,France,Returning,Meta Ads,2024-09-01,Jackets,Desktop,Champions
CUS-08944,35-44,Female,France,Returning,Meta Ads,2025-07-21,Beauty,Mobile,Potential Loyalists
CUS-08945,45-54,Female,UK,Returning,Organic Search,2025-02-25,Dresses,Desktop,Loyal Customers
CUS-08946,35-44,Female,Spain,Returning,Organic Search,2024-08-24,Beauty,Mobile,Potential Loyalists
CUS-08947,35-44,Female,Germany,Returning,Google Search,2023-09-03,Dresses,Tablet,High-Value Customers
CUS-08948,18-24,Female,Poland,Returning,Email,2024-03-21,Accessories,Desktop,Loyal Customers
CUS-08949,18-24,Female,Italy,Returning,Organic Search,2024-05-04,Sportswear,Desktop,Potential Loyalists
CUS-08950,25-34,Male,France,Returning,TikTok Ads,2024-01-11,Jeans,Mobile,Hibernating
CUS-08951,18-24,Female,Spain,New,TikTok Ads,2025-11-07,Shoes,Mobile,New Customers
CUS-08952,25-34,Female,Germany,Returning,Email,2023-06-24,Jackets,Mobile,Champions
CUS-08953,35-44,Male,Italy,Returning,Organic Search,2024-06-26,Jeans,Desktop,Loyal Customers
CUS-08954,18-24,Female,Italy,Returning,Meta Ads,2023-09-10,Jeans,Mobile,Discount Seekers
CUS-08955,25-34,Female,Netherlands,Returning,Google Search,2024-10-13,Shoes,Mobile,Loyal Customers
CUS-08956,45-54,Male,Netherlands,Returning,TikTok Ads,2024-02-29,Bags,Mobile,At Risk
CUS-08957,25-34,Female,Spain,Returning,Google Search,2023-06-13,Shoes,Mobile,Hibernating
CUS-08958,25-34,Female,Italy,Returning,Meta Ads,2024-04-02,Jeans,Desktop,Loyal Customers
CUS-08959,25-34,Male,Germany,Returning,Organic Search,2023-08-25,Accessories,Desktop,Hibernating
CUS-08960,35-44,Female,Poland,Returning,Display Ads,2024-10-05,Shoes,Mobile,Loyal Customers
CUS-08961,25-34,Male,UK,Returning,Google Search,2024-02-09,Accessories,Mobile,Potential Loyalists
CUS-08962,25-34,Female,Poland,Returning,Affiliate,2023-06-08,Shoes,Mobile,Potential Loyalists
CUS-08963,45-54,Female,UK,Returning,Meta Ads,2024-07-27,Bags,Tablet,High-Value Customers
CUS-08964,25-34,Male,Italy,Returning,Organic Search,2023-10-24,Dresses,Mobile,Loyal Customers
CUS-08965,45-54,Male,Poland,Returning,TikTok Ads,2023-03-21,Accessories,Mobile,Loyal Customers
CUS-08966,45-54,Male,Netherlands,Returning,TikTok Ads,2023-10-22,Shoes,Mobile,Discount Seekers
CUS-08967,45-54,Male,Poland,Returning,Organic Search,2024-09-23,Dresses,Mobile,Loyal Customers
CUS-08968,35-44,Male,Germany,Returning,Meta Ads,2023-09-26,Dresses,Desktop,Discount Seekers
CUS-08969,55+,Female,Poland,Returning,Affiliate,2023-01-10,Dresses,Desktop,At Risk
CUS-08970,35-44,Male,Germany,New,Meta Ads,2025-09-10,Shoes,Tablet,New Customers
CUS-08971,55+,Male,Spain,Returning,Display Ads,2023-04-28,Shoes,Desktop,Hibernating
CUS-08972,35-44,Female,Germany,Returning,Affiliate,2024-10-29,Accessories,Desktop,Hibernating
CUS-08973,35-44,Female,Spain,Returning,Email,2023-01-19,Shoes,Mobile,Loyal Customers
CUS-08974,25-34,Female,Italy,Returning,Meta Ads,2024-07-16,Bags,Mobile,High-Value Customers
CUS-08975,18-24,Female,Germany,Returning,Organic Search,2024-08-12,Shoes,Desktop,Discount Seekers
CUS-08976,35-44,Female,France,Returning,Meta Ads,2023-06-15,Dresses,Mobile,Discount Seekers
CUS-08977,25-34,Female,France,Returning,Google Search,2024-09-08,Shoes,Tablet,At Risk
CUS-08978,18-24,Female,UK,New,TikTok Ads,2025-08-25,Accessories,Desktop,New Customers
CUS-08979,25-34,Male,Germany,New,Meta Ads,2025-10-16,Shoes,Tablet,New Customers
CUS-08980,55+,Male,UK,Returning,Affiliate,2023-12-12,Jackets,Tablet,Champions
CUS-08981,25-34,Male,Germany,New,Google Search,2025-06-28,Sportswear,Mobile,New Customers
CUS-08982,25-34,Male,UK,Returning,Google Search,2023-02-14,Shoes,Mobile,At Risk
CUS-08983,25-34,Male,Germany,Returning,Email,2023-10-11,Shoes,Desktop,At Risk
CUS-08984,35-44,Female,Germany,Returning,Meta Ads,2024-10-30,Accessories,Tablet,Potential Loyalists
CUS-08985,45-54,Male,Poland,New,Google Search,2025-10-14,Beauty,Mobile,New Customers
CUS-08986,25-34,Male,Poland,Returning,Meta Ads,2023-03-30,Dresses,Desktop,At Risk
CUS-08987,25-34,Female,Netherlands,New,Organic Search,2025-06-20,Sportswear,Tablet,New Customers
CUS-08988,25-34,Male,Germany,Returning,Organic Search,2023-02-20,Shoes,Mobile,High-Value Customers
CUS-08989,35-44,Female,UK,Returning,Meta Ads,2023-11-14,Dresses,Mobile,At Risk
CUS-08990,18-24,Male,UK,Returning,Google Search,2024-09-09,Shoes,Mobile,Champions
CUS-08991,25-34,Female,Italy,Returning,Organic Search,2024-09-25,Bags,Mobile,Champions
CUS-08992,25-34,Male,France,Returning,Organic Search,2023-10-20,Jeans,Mobile,At Risk
CUS-08993,55+,Female,UK,Returning,Display Ads,2024-05-09,Shoes,Mobile,Potential Loyalists
CUS-08994,25-34,Male,Poland,Returning,Email,2024-01-04,Dresses,Tablet,Discount Seekers
CUS-08995,35-44,Male,Germany,Returning,Email,2023-08-25,Shoes,Mobile,Loyal Customers
CUS-08996,45-54,Female,Germany,Returning,Organic Search,2024-03-04,Sportswear,Desktop,Champions
CUS-08997,35-44,Male,Germany,Returning,Google Search,2024-08-14,Shoes,Mobile,Potential Loyalists
CUS-08998,55+,Female,Spain,Returning,Affiliate,2024-09-03,Accessories,Mobile,Hibernating
CUS-08999,25-34,Female,Germany,Returning,Organic Search,2023-04-05,Jackets,Desktop,High-Value Customers
CUS-09000,18-24,Female,Spain,Returning,Organic Search,2024-05-05,Dresses,Mobile,Discount Seekers
CUS-09001,25-34,Male,Netherlands,New,Meta Ads,2025-12-08,Shoes,Desktop,New Customers
CUS-09002,25-34,Male,France,Returning,Google Search,2023-12-01,Accessories,Mobile,Hibernating
CUS-09003,18-24,Non-binary/Other,Italy,Returning,TikTok Ads,2023-12-14,Jackets,Desktop,Champions
CUS-09004,18-24,Female,UK,New,Google Search,2025-10-04,Accessories,Mobile,New Customers
CUS-09005,25-34,Male,Spain,Returning,Display Ads,2025-01-16,Jeans,Desktop,Discount Seekers
CUS-09006,18-24,Female,France,Returning,Organic Search,2024-06-08,Sportswear,Desktop,Potential Loyalists
CUS-09007,55+,Female,Italy,Returning,Affiliate,2024-05-07,Shoes,Mobile,High-Value Customers
CUS-09008,18-24,Female,UK,Returning,Email,2023-09-21,Shoes,Mobile,Loyal Customers
CUS-09009,35-44,Female,UK,Returning,Google Search,2023-10-20,Accessories,Mobile,Loyal Customers
CUS-09010,55+,Male,Germany,New,TikTok Ads,2025-09-11,Accessories,Desktop,New Customers
CUS-09011,55+,Male,UK,Returning,Email,2025-01-16,Sportswear,Desktop,Discount Seekers
CUS-09012,45-54,Female,UK,Returning,Meta Ads,2025-01-07,Accessories,Desktop,Potential Loyalists
CUS-09013,18-24,Female,Spain,Returning,Display Ads,2024-05-30,Beauty,Mobile,Hibernating
CUS-09014,25-34,Female,UK,Returning,Email,2024-05-17,Accessories,Desktop,Loyal Customers
CUS-09015,35-44,Female,Netherlands,Returning,Display Ads,2023-07-12,Shoes,Desktop,Hibernating
CUS-09016,45-54,Female,France,New,Display Ads,2025-10-20,Shoes,Mobile,New Customers
CUS-09017,18-24,Female,UK,Returning,Meta Ads,2025-02-16,Jeans,Tablet,Loyal Customers
CUS-09018,55+,Female,Italy,Returning,Meta Ads,2023-02-28,Shoes,Mobile,Hibernating
CUS-09019,35-44,Female,UK,Returning,TikTok Ads,2023-10-18,Jeans,Mobile,Hibernating
CUS-09020,25-34,Male,Germany,New,Meta Ads,2025-08-10,Sportswear,Mobile,New Customers
CUS-09021,45-54,Male,Germany,Returning,Email,2023-07-06,Accessories,Desktop,Loyal Customers
CUS-09022,18-24,Female,Netherlands,Returning,Google Search,2024-09-10,Dresses,Mobile,Loyal Customers
CUS-09023,25-34,Female,UK,Returning,Affiliate,2023-07-17,Shoes,Mobile,High-Value Customers
CUS-09024,25-34,Female,Italy,Returning,Affiliate,2024-11-08,Shoes,Desktop,At Risk
CUS-09025,45-54,Male,France,Returning,TikTok Ads,2023-12-04,Jeans,Mobile,Hibernating
CUS-09026,25-34,Female,Poland,Returning,Email,2023-01-23,Bags,Mobile,At Risk
CUS-09027,35-44,Female,France,Returning,Meta Ads,2023-02-19,Shoes,Mobile,Hibernating
CUS-09028,45-54,Female,Italy,Returning,Affiliate,2024-09-23,Dresses,Tablet,Loyal Customers
CUS-09029,25-34,Male,Poland,New,Affiliate,2025-10-23,Accessories,Mobile,New Customers
CUS-09030,35-44,Female,Spain,Returning,TikTok Ads,2023-12-24,Bags,Mobile,At Risk
CUS-09031,45-54,Male,Germany,Returning,Meta Ads,2023-04-27,Accessories,Desktop,Loyal Customers
CUS-09032,45-54,Female,UK,Returning,TikTok Ads,2024-01-20,Accessories,Mobile,Loyal Customers
CUS-09033,25-34,Female,Italy,Returning,Meta Ads,2023-01-27,Shoes,Desktop,At Risk
CUS-09034,25-34,Female,UK,Returning,Organic Search,2023-12-04,Dresses,Desktop,Discount Seekers
CUS-09035,25-34,Female,France,Returning,Meta Ads,2024-11-06,Dresses,Mobile,At Risk
CUS-09036,35-44,Male,France,Returning,Email,2024-09-30,Sportswear,Mobile,Champions
CUS-09037,25-34,Female,Italy,Returning,Email,2023-08-18,Dresses,Mobile,High-Value Customers
CUS-09038,45-54,Female,Italy,Returning,Email,2024-10-18,Accessories,Mobile,Loyal Customers
CUS-09039,25-34,Female,Italy,Returning,Meta Ads,2024-09-23,Accessories,Mobile,Loyal Customers
CUS-09040,55+,Male,Spain,Returning,Email,2023-04-10,Jackets,Mobile,High-Value Customers
CUS-09041,25-34,Male,France,Returning,Meta Ads,2024-01-11,Shoes,Mobile,Hibernating
CUS-09042,35-44,Male,Germany,Returning,Organic Search,2024-10-02,Shoes,Desktop,Discount Seekers
CUS-09043,25-34,Male,Italy,Returning,Meta Ads,2023-08-21,Shoes,Mobile,Hibernating
CUS-09044,45-54,Female,Netherlands,Returning,Organic Search,2024-06-15,Shoes,Desktop,At Risk
CUS-09045,25-34,Non-binary/Other,UK,Returning,Google Search,2025-04-10,Sportswear,Mobile,Potential Loyalists
CUS-09046,35-44,Male,France,Returning,Affiliate,2024-03-28,Shoes,Desktop,Potential Loyalists
CUS-09047,18-24,Male,Spain,Returning,Google Search,2024-06-24,Shoes,Desktop,Discount Seekers
CUS-09048,45-54,Male,Spain,Returning,Google Search,2025-08-19,Jeans,Mobile,Discount Seekers
CUS-09049,25-34,Female,France,Returning,TikTok Ads,2024-06-26,Shoes,Mobile,Potential Loyalists
CUS-09050,55+,Female,UK,Returning,Organic Search,2025-06-22,Sportswear,Mobile,Potential Loyalists
CUS-09051,18-24,Male,Spain,Returning,Google Search,2024-02-09,Shoes,Mobile,Potential Loyalists
CUS-09052,25-34,Male,Poland,Returning,Affiliate,2024-12-23,Sportswear,Desktop,Potential Loyalists
CUS-09053,18-24,Female,Italy,Returning,Affiliate,2025-04-21,Shoes,Desktop,Discount Seekers
CUS-09054,35-44,Male,France,Returning,TikTok Ads,2024-11-20,Jackets,Mobile,Champions
CUS-09055,35-44,Female,Spain,New,Display Ads,2025-12-11,Shoes,Mobile,New Customers
CUS-09056,25-34,Female,France,Returning,Meta Ads,2024-05-19,Shoes,Mobile,Discount Seekers
CUS-09057,25-34,Female,Netherlands,New,Display Ads,2025-11-08,Shoes,Mobile,New Customers
CUS-09058,55+,Female,France,New,Google Search,2025-06-05,Sportswear,Mobile,New Customers
CUS-09059,18-24,Female,Germany,Returning,Meta Ads,2024-09-01,Shoes,Desktop,Potential Loyalists
CUS-09060,45-54,Female,France,Returning,Meta Ads,2024-09-30,Bags,Mobile,Champions
CUS-09061,25-34,Female,France,Returning,Google Search,2023-07-16,Jeans,Mobile,Loyal Customers
CUS-09062,45-54,Non-binary/Other,Germany,Returning,Meta Ads,2023-08-31,Shoes,Mobile,Champions
CUS-09063,25-34,Male,Germany,Returning,Email,2025-02-27,Jeans,Mobile,Loyal Customers
CUS-09064,25-34,Female,Netherlands,Returning,Email,2024-06-21,Dresses,Desktop,Loyal Customers
CUS-09065,18-24,Male,UK,Returning,Email,2025-07-21,Shoes,Desktop,Potential Loyalists
CUS-09066,25-34,Female,Germany,Returning,Google Search,2024-07-21,Bags,Desktop,Champions
CUS-09067,35-44,Female,Germany,Returning,Google Search,2023-07-31,Dresses,Desktop,High-Value Customers
CUS-09068,35-44,Non-binary/Other,Poland,Returning,Google Search,2024-11-21,Dresses,Tablet,Loyal Customers
CUS-09069,45-54,Female,Germany,Returning,Affiliate,2023-12-26,Shoes,Mobile,Potential Loyalists
CUS-09070,25-34,Female,France,Returning,Affiliate,2023-08-09,Sportswear,Mobile,Discount Seekers
CUS-09071,25-34,Female,Germany,Returning,Google Search,2023-12-26,Jeans,Mobile,Loyal Customers
CUS-09072,25-34,Female,France,New,Affiliate,2025-12-04,Shoes,Desktop,New Customers
CUS-09073,35-44,Female,France,Returning,Affiliate,2025-05-26,Shoes,Mobile,Discount Seekers
CUS-09074,35-44,Female,Poland,New,Organic Search,2025-06-07,Sportswear,Mobile,New Customers
CUS-09075,55+,Male,Poland,Returning,Google Search,2023-11-07,Jeans,Tablet,Loyal Customers
CUS-09076,18-24,Female,Spain,Returning,Meta Ads,2024-03-09,Beauty,Mobile,Hibernating
CUS-09077,18-24,Female,France,Returning,Email,2024-01-03,Jeans,Mobile,At Risk
CUS-09078,18-24,Male,Poland,Returning,Organic Search,2023-11-22,Beauty,Mobile,Potential Loyalists
CUS-09079,35-44,Female,Poland,Returning,Meta Ads,2024-01-21,Sportswear,Mobile,Champions
CUS-09080,25-34,Male,Italy,Returning,Affiliate,2023-09-17,Shoes,Mobile,Champions
CUS-09081,25-34,Female,Germany,Returning,Meta Ads,2024-02-10,Shoes,Desktop,Hibernating
CUS-09082,25-34,Female,UK,Returning,Meta Ads,2024-10-26,Shoes,Tablet,Potential Loyalists
CUS-09083,55+,Male,Poland,Returning,Meta Ads,2023-05-18,Accessories,Mobile,Loyal Customers
CUS-09084,45-54,Female,UK,New,Meta Ads,2025-10-14,Sportswear,Mobile,New Customers
CUS-09085,25-34,Female,Germany,Returning,Email,2025-02-13,Sportswear,Mobile,Discount Seekers
CUS-09086,25-34,Female,Italy,Returning,Google Search,2024-09-11,Shoes,Mobile,Champions
CUS-09087,45-54,Male,France,Returning,Meta Ads,2023-10-08,Jackets,Mobile,Champions
CUS-09088,25-34,Female,Italy,Returning,Organic Search,2024-12-04,Sportswear,Mobile,Potential Loyalists
CUS-09089,25-34,Female,Germany,Returning,Google Search,2024-08-04,Bags,Mobile,At Risk
CUS-09090,25-34,Male,UK,New,Google Search,2025-09-24,Accessories,Desktop,New Customers
CUS-09091,35-44,Male,Spain,Returning,Meta Ads,2024-12-06,Dresses,Desktop,Discount Seekers
CUS-09092,35-44,Male,Netherlands,Returning,Email,2024-09-30,Shoes,Desktop,Champions
CUS-09093,25-34,Female,Italy,Returning,Google Search,2024-06-26,Accessories,Mobile,Potential Loyalists
CUS-09094,25-34,Male,France,Returning,TikTok Ads,2023-12-23,Beauty,Mobile,Potential Loyalists
CUS-09095,55+,Male,Germany,Returning,Meta Ads,2024-07-07,Accessories,Mobile,Potential Loyalists
CUS-09096,25-34,Female,Poland,New,Email,2025-06-13,Beauty,Desktop,New Customers
CUS-09097,25-34,Non-binary/Other,France,Returning,Meta Ads,2024-06-13,Shoes,Desktop,Hibernating
CUS-09098,35-44,Female,France,Returning,Google Search,2024-01-01,Beauty,Desktop,Potential Loyalists
CUS-09099,35-44,Female,Poland,Returning,Google Search,2023-09-23,Beauty,Mobile,Hibernating
CUS-09100,35-44,Male,Poland,Returning,Email,2025-03-15,Jeans,Desktop,Loyal Customers
CUS-09101,35-44,Female,France,New,Display Ads,2025-08-31,Accessories,Desktop,New Customers
CUS-09102,25-34,Female,UK,Returning,Google Search,2023-06-02,Beauty,Desktop,Potential Loyalists
CUS-09103,18-24,Female,Netherlands,New,Google Search,2025-10-10,Sportswear,Mobile,New Customers
CUS-09104,25-34,Female,UK,Returning,Organic Search,2025-02-18,Shoes,Mobile,Loyal Customers
CUS-09105,45-54,Female,Spain,Returning,TikTok Ads,2023-01-17,Jackets,Mobile,High-Value Customers
CUS-09106,45-54,Female,Poland,Returning,TikTok Ads,2023-11-28,Dresses,Desktop,Discount Seekers
CUS-09107,55+,Female,UK,Returning,Organic Search,2023-11-14,Beauty,Mobile,Hibernating
CUS-09108,45-54,Non-binary/Other,Spain,Returning,Google Search,2024-11-20,Shoes,Mobile,Discount Seekers
CUS-09109,25-34,Male,Netherlands,Returning,Email,2023-12-29,Jeans,Mobile,Loyal Customers
CUS-09110,25-34,Male,France,New,TikTok Ads,2025-09-25,Sportswear,Mobile,New Customers
CUS-09111,18-24,Male,Poland,Returning,Meta Ads,2023-10-18,Shoes,Mobile,Potential Loyalists
CUS-09112,35-44,Male,Poland,Returning,Organic Search,2024-02-25,Shoes,Mobile,Discount Seekers
CUS-09113,25-34,Female,Germany,Returning,Organic Search,2024-01-11,Shoes,Desktop,Loyal Customers
CUS-09114,35-44,Female,Poland,Returning,TikTok Ads,2023-02-17,Jeans,Mobile,Loyal Customers
CUS-09115,45-54,Female,France,Returning,Email,2023-11-24,Bags,Desktop,At Risk
CUS-09116,25-34,Male,Poland,Returning,Google Search,2024-11-05,Bags,Mobile,Champions
CUS-09117,25-34,Male,Italy,Returning,Organic Search,2023-05-01,Accessories,Mobile,Hibernating
CUS-09118,25-34,Female,France,Returning,Google Search,2025-02-23,Accessories,Mobile,Loyal Customers
CUS-09119,25-34,Female,Italy,Returning,TikTok Ads,2024-08-29,Shoes,Mobile,At Risk
CUS-09120,45-54,Female,France,Returning,Meta Ads,2024-04-02,Sportswear,Tablet,Discount Seekers
CUS-09121,35-44,Female,Germany,Returning,Display Ads,2024-04-10,Shoes,Mobile,At Risk
CUS-09122,25-34,Male,UK,Returning,TikTok Ads,2023-04-30,Shoes,Mobile,Loyal Customers
CUS-09123,55+,Female,Spain,Returning,Google Search,2025-03-22,Jackets,Desktop,Champions
CUS-09124,25-34,Female,UK,Returning,Organic Search,2023-03-19,Bags,Desktop,Champions
CUS-09125,25-34,Female,Germany,Returning,Meta Ads,2023-10-13,Shoes,Mobile,Champions
CUS-09126,55+,Female,Germany,New,TikTok Ads,2025-10-26,Sportswear,Mobile,New Customers
CUS-09127,25-34,Female,UK,Returning,Meta Ads,2024-06-12,Beauty,Mobile,Potential Loyalists
CUS-09128,25-34,Male,France,Returning,Meta Ads,2024-08-19,Jeans,Mobile,Loyal Customers
CUS-09129,25-34,Female,Italy,Returning,Meta Ads,2023-12-15,Accessories,Mobile,Loyal Customers
CUS-09130,18-24,Male,France,Returning,Meta Ads,2024-09-22,Dresses,Desktop,Discount Seekers
CUS-09131,35-44,Male,France,Returning,Affiliate,2023-05-03,Dresses,Mobile,Loyal Customers
CUS-09132,45-54,Female,France,Returning,TikTok Ads,2023-08-17,Shoes,Mobile,Potential Loyalists
CUS-09133,35-44,Male,France,New,Meta Ads,2025-11-20,Shoes,Mobile,New Customers
CUS-09134,55+,Female,Germany,Returning,Organic Search,2025-02-21,Bags,Mobile,Champions
CUS-09135,25-34,Female,UK,Returning,Affiliate,2025-04-06,Shoes,Mobile,Discount Seekers
CUS-09136,35-44,Male,Spain,Returning,Google Search,2024-04-03,Jackets,Mobile,Champions
CUS-09137,55+,Female,Spain,Returning,Email,2024-12-28,Jeans,Desktop,At Risk
CUS-09138,25-34,Female,Germany,Returning,Meta Ads,2024-02-28,Shoes,Mobile,At Risk
CUS-09139,25-34,Female,UK,Returning,Meta Ads,2023-07-13,Shoes,Mobile,Hibernating
CUS-09140,35-44,Male,Netherlands,Returning,Google Search,2023-09-01,Shoes,Mobile,At Risk
CUS-09141,35-44,Female,France,Returning,Meta Ads,2024-12-19,Beauty,Mobile,Hibernating
CUS-09142,25-34,Male,Poland,New,Meta Ads,2025-09-06,Shoes,Tablet,New Customers
CUS-09143,18-24,Male,UK,New,Google Search,2025-10-08,Accessories,Mobile,New Customers
CUS-09144,25-34,Male,Spain,Returning,Organic Search,2024-05-27,Shoes,Desktop,At Risk
CUS-09145,35-44,Male,UK,New,Display Ads,2025-07-27,Beauty,Desktop,New Customers
CUS-09146,25-34,Female,Poland,New,Google Search,2025-12-05,Sportswear,Desktop,New Customers
CUS-09147,25-34,Male,Netherlands,Returning,Email,2024-06-05,Shoes,Mobile,Loyal Customers
CUS-09148,25-34,Male,Spain,Returning,Organic Search,2023-08-18,Dresses,Mobile,Loyal Customers
CUS-09149,35-44,Female,Italy,Returning,Google Search,2025-05-26,Sportswear,Desktop,Potential Loyalists
CUS-09150,35-44,Female,Germany,Returning,Meta Ads,2024-12-01,Jackets,Mobile,Champions
CUS-09151,25-34,Female,France,Returning,Google Search,2024-10-18,Shoes,Mobile,Potential Loyalists
CUS-09152,18-24,Female,France,Returning,Google Search,2024-05-02,Bags,Desktop,Champions
CUS-09153,18-24,Female,Germany,New,Organic Search,2025-09-25,Shoes,Mobile,New Customers
CUS-09154,45-54,Female,Germany,Returning,Organic Search,2024-07-01,Dresses,Mobile,At Risk
CUS-09155,18-24,Male,Germany,New,Meta Ads,2025-07-31,Accessories,Mobile,New Customers
CUS-09156,18-24,Female,France,Returning,Email,2024-08-30,Dresses,Mobile,At Risk
CUS-09157,45-54,Female,Italy,Returning,Meta Ads,2023-10-21,Shoes,Mobile,Champions
CUS-09158,25-34,Female,Germany,Returning,Google Search,2023-09-01,Jackets,Mobile,Champions
CUS-09159,45-54,Female,Germany,Returning,Google Search,2024-11-23,Dresses,Desktop,At Risk
CUS-09160,45-54,Male,Netherlands,Returning,Display Ads,2024-11-18,Shoes,Mobile,Hibernating
CUS-09161,18-24,Male,Germany,Returning,Affiliate,2023-08-07,Beauty,Mobile,Hibernating
CUS-09162,45-54,Female,Poland,Returning,Meta Ads,2024-07-12,Shoes,Mobile,At Risk
CUS-09163,35-44,Female,UK,Returning,Organic Search,2023-07-02,Bags,Mobile,At Risk
CUS-09164,18-24,Female,UK,Returning,Display Ads,2023-09-11,Accessories,Mobile,Hibernating
CUS-09165,35-44,Male,Germany,Returning,Affiliate,2024-06-15,Shoes,Mobile,Hibernating
CUS-09166,18-24,Male,Italy,Returning,Meta Ads,2024-12-24,Accessories,Desktop,Hibernating
CUS-09167,45-54,Male,Italy,Returning,Meta Ads,2024-08-11,Sportswear,Mobile,Champions
CUS-09168,55+,Male,UK,Returning,Google Search,2023-11-20,Shoes,Mobile,Champions
CUS-09169,45-54,Male,Spain,Returning,TikTok Ads,2025-03-31,Sportswear,Desktop,Potential Loyalists
CUS-09170,35-44,Male,Poland,New,Meta Ads,2025-09-02,Beauty,Mobile,New Customers
CUS-09171,55+,Female,Germany,Returning,Organic Search,2023-11-12,Accessories,Tablet,Hibernating
CUS-09172,25-34,Female,Germany,Returning,Google Search,2023-12-26,Beauty,Mobile,Potential Loyalists
CUS-09173,18-24,Male,UK,Returning,Google Search,2023-08-21,Accessories,Mobile,Potential Loyalists
CUS-09174,25-34,Female,Germany,Returning,Meta Ads,2023-04-24,Accessories,Mobile,Hibernating
CUS-09175,45-54,Male,UK,Returning,Display Ads,2023-10-01,Shoes,Mobile,Loyal Customers
CUS-09176,25-34,Female,UK,Returning,Meta Ads,2024-06-30,Beauty,Desktop,Hibernating
CUS-09177,45-54,Female,France,Returning,Meta Ads,2023-08-28,Shoes,Tablet,Loyal Customers
CUS-09178,25-34,Male,UK,Returning,Meta Ads,2024-02-27,Sportswear,Mobile,Potential Loyalists
CUS-09179,45-54,Female,Spain,Returning,Google Search,2023-06-24,Accessories,Desktop,Potential Loyalists
CUS-09180,25-34,Male,Germany,Returning,Organic Search,2025-04-28,Sportswear,Desktop,Potential Loyalists
CUS-09181,18-24,Male,France,Returning,TikTok Ads,2024-02-14,Jackets,Mobile,Champions
CUS-09182,25-34,Male,France,Returning,Display Ads,2023-03-06,Jeans,Mobile,Loyal Customers
CUS-09183,55+,Non-binary/Other,Poland,Returning,Meta Ads,2025-05-26,Sportswear,Mobile,Potential Loyalists
CUS-09184,45-54,Male,UK,Returning,Google Search,2025-01-11,Sportswear,Desktop,Potential Loyalists
CUS-09185,35-44,Female,Germany,Returning,Meta Ads,2023-03-17,Jeans,Mobile,Hibernating
CUS-09186,25-34,Female,Poland,Returning,Email,2024-11-26,Shoes,Mobile,Champions
CUS-09187,25-34,Female,Italy,Returning,Affiliate,2024-12-25,Sportswear,Mobile,Potential Loyalists
CUS-09188,25-34,Female,Germany,Returning,TikTok Ads,2023-03-07,Jackets,Mobile,Champions
CUS-09189,18-24,Male,Germany,Returning,Email,2023-09-19,Jeans,Desktop,Discount Seekers
CUS-09190,45-54,Male,Germany,Returning,TikTok Ads,2024-02-13,Shoes,Mobile,Hibernating
CUS-09191,25-34,Female,Germany,Returning,TikTok Ads,2024-01-14,Shoes,Desktop,High-Value Customers
CUS-09192,25-34,Male,Italy,Returning,Affiliate,2025-02-20,Shoes,Desktop,Discount Seekers
CUS-09193,55+,Female,Spain,Returning,Google Search,2025-02-20,Beauty,Tablet,Potential Loyalists
CUS-09194,25-34,Male,Germany,Returning,Email,2023-06-09,Shoes,Desktop,At Risk
CUS-09195,35-44,Male,Poland,Returning,Display Ads,2024-07-27,Shoes,Mobile,Potential Loyalists
CUS-09196,25-34,Female,Germany,Returning,TikTok Ads,2023-06-25,Jeans,Desktop,Discount Seekers
CUS-09197,35-44,Female,UK,Returning,Google Search,2024-07-20,Beauty,Mobile,Potential Loyalists
CUS-09198,55+,Male,Poland,Returning,Google Search,2024-05-27,Accessories,Mobile,Potential Loyalists
CUS-09199,18-24,Female,Italy,Returning,TikTok Ads,2023-07-30,Dresses,Desktop,Discount Seekers
CUS-09200,35-44,Male,Spain,Returning,TikTok Ads,2025-07-26,Dresses,Mobile,Discount Seekers
CUS-09201,25-34,Female,Germany,Returning,Email,2025-02-14,Bags,Desktop,High-Value Customers
CUS-09202,25-34,Female,Germany,Returning,Meta Ads,2024-09-16,Shoes,Desktop,Champions
CUS-09203,25-34,Male,Italy,Returning,Meta Ads,2023-10-22,Dresses,Mobile,Loyal Customers
CUS-09204,55+,Male,Germany,Returning,TikTok Ads,2024-05-28,Accessories,Mobile,Potential Loyalists
CUS-09205,18-24,Female,Germany,New,TikTok Ads,2025-11-05,Beauty,Desktop,New Customers
CUS-09206,55+,Male,Germany,New,Meta Ads,2025-08-26,Sportswear,Mobile,New Customers
CUS-09207,18-24,Male,UK,Returning,TikTok Ads,2025-06-25,Beauty,Desktop,Potential Loyalists
CUS-09208,55+,Female,Germany,Returning,Email,2023-10-07,Jeans,Mobile,Hibernating
CUS-09209,25-34,Female,France,Returning,Organic Search,2023-10-11,Accessories,Mobile,Loyal Customers
CUS-09210,45-54,Male,Netherlands,Returning,Meta Ads,2024-08-17,Jeans,Desktop,At Risk
CUS-09211,35-44,Female,UK,Returning,Organic Search,2024-01-07,Jeans,Mobile,Discount Seekers
CUS-09212,35-44,Male,France,Returning,Organic Search,2023-03-17,Jeans,Tablet,At Risk
CUS-09213,25-34,Male,UK,Returning,Google Search,2025-07-12,Beauty,Mobile,Potential Loyalists
CUS-09214,25-34,Female,UK,Returning,Organic Search,2024-02-16,Dresses,Mobile,Loyal Customers
CUS-09215,18-24,Female,Netherlands,Returning,Google Search,2023-11-01,Accessories,Mobile,Loyal Customers
CUS-09216,35-44,Female,France,Returning,Google Search,2024-06-10,Shoes,Mobile,Hibernating
CUS-09217,35-44,Male,Germany,New,TikTok Ads,2025-08-07,Beauty,Desktop,New Customers
CUS-09218,55+,Female,Germany,Returning,Google Search,2025-02-03,Jackets,Desktop,Champions
CUS-09219,18-24,Female,UK,Returning,Organic Search,2023-06-28,Shoes,Mobile,High-Value Customers
CUS-09220,18-24,Female,Germany,Returning,Display Ads,2023-10-11,Jeans,Desktop,At Risk
CUS-09221,35-44,Female,Germany,Returning,Google Search,2023-06-20,Shoes,Mobile,Discount Seekers
CUS-09222,35-44,Male,Poland,New,Affiliate,2025-07-30,Beauty,Mobile,New Customers
CUS-09223,55+,Female,Germany,Returning,Email,2024-02-02,Bags,Tablet,High-Value Customers
CUS-09224,55+,Female,Italy,Returning,Affiliate,2023-07-20,Shoes,Mobile,Loyal Customers
CUS-09225,25-34,Male,France,Returning,Organic Search,2023-06-25,Accessories,Desktop,Loyal Customers
CUS-09226,18-24,Male,Germany,Returning,Meta Ads,2024-08-25,Jeans,Mobile,Discount Seekers
CUS-09227,45-54,Female,UK,Returning,Email,2023-07-01,Dresses,Mobile,Discount Seekers
CUS-09228,18-24,Male,UK,New,Affiliate,2025-08-14,Shoes,Mobile,New Customers
CUS-09229,25-34,Female,Germany,Returning,Google Search,2024-08-22,Accessories,Mobile,Loyal Customers
CUS-09230,35-44,Male,Germany,Returning,Google Search,2024-09-23,Sportswear,Mobile,Potential Loyalists
CUS-09231,25-34,Female,France,Returning,Email,2023-07-10,Jeans,Mobile,Hibernating
CUS-09232,35-44,Male,UK,Returning,Meta Ads,2024-04-27,Sportswear,Tablet,Discount Seekers
CUS-09233,18-24,Male,Spain,Returning,Display Ads,2024-08-16,Beauty,Mobile,Potential Loyalists
CUS-09234,25-34,Female,Germany,Returning,Organic Search,2024-10-31,Bags,Desktop,Champions
CUS-09235,35-44,Female,Germany,Returning,Email,2023-08-04,Shoes,Mobile,At Risk
CUS-09236,35-44,Female,France,Returning,Email,2023-01-24,Shoes,Desktop,Hibernating
CUS-09237,35-44,Male,UK,New,Affiliate,2025-07-15,Sportswear,Mobile,New Customers
CUS-09238,25-34,Male,Italy,Returning,Meta Ads,2024-09-17,Bags,Mobile,At Risk
CUS-09239,25-34,Female,Italy,Returning,Affiliate,2024-10-24,Dresses,Mobile,High-Value Customers
CUS-09240,45-54,Female,UK,Returning,Email,2023-05-29,Jeans,Mobile,Loyal Customers
CUS-09241,25-34,Male,Italy,New,TikTok Ads,2025-11-11,Sportswear,Desktop,New Customers
CUS-09242,45-54,Male,Poland,Returning,Google Search,2024-06-01,Shoes,Desktop,At Risk
CUS-09243,45-54,Female,Italy,New,Meta Ads,2025-09-29,Shoes,Desktop,New Customers
CUS-09244,45-54,Female,France,Returning,Affiliate,2023-07-26,Shoes,Mobile,Discount Seekers
CUS-09245,25-34,Male,Poland,Returning,Meta Ads,2023-07-28,Dresses,Mobile,At Risk
CUS-09246,25-34,Female,Spain,New,Meta Ads,2025-06-23,Beauty,Mobile,New Customers
CUS-09247,55+,Female,Germany,Returning,TikTok Ads,2024-12-28,Accessories,Desktop,Loyal Customers
CUS-09248,25-34,Non-binary/Other,UK,Returning,Organic Search,2023-12-25,Bags,Tablet,At Risk
CUS-09249,25-34,Female,UK,Returning,Display Ads,2023-04-22,Shoes,Mobile,Loyal Customers
CUS-09250,25-34,Non-binary/Other,Spain,Returning,Google Search,2024-07-23,Sportswear,Mobile,Champions
CUS-09251,35-44,Male,Spain,New,TikTok Ads,2025-12-05,Beauty,Mobile,New Customers
CUS-09252,25-34,Male,Germany,New,Google Search,2025-07-07,Sportswear,Mobile,New Customers
CUS-09253,35-44,Male,UK,Returning,Google Search,2025-03-17,Dresses,Mobile,High-Value Customers
CUS-09254,55+,Female,Poland,Returning,Meta Ads,2024-01-02,Jeans,Mobile,Hibernating
CUS-09255,18-24,Male,Poland,Returning,Display Ads,2024-11-20,Dresses,Mobile,Discount Seekers
CUS-09256,25-34,Female,France,Returning,Google Search,2024-05-19,Beauty,Mobile,Potential Loyalists
CUS-09257,35-44,Male,France,New,Meta Ads,2025-08-23,Sportswear,Mobile,New Customers
CUS-09258,55+,Male,France,Returning,Email,2024-10-28,Jackets,Tablet,High-Value Customers
CUS-09259,45-54,Female,Germany,Returning,Organic Search,2023-08-17,Shoes,Mobile,Potential Loyalists
CUS-09260,25-34,Female,Poland,Returning,Meta Ads,2024-12-30,Beauty,Mobile,Hibernating
CUS-09261,55+,Male,UK,New,Meta Ads,2025-07-20,Beauty,Mobile,New Customers
CUS-09262,35-44,Male,Germany,Returning,Email,2024-12-31,Accessories,Desktop,Loyal Customers
CUS-09263,25-34,Male,Spain,Returning,Google Search,2023-06-03,Jeans,Mobile,At Risk
CUS-09264,18-24,Female,Germany,Returning,Display Ads,2023-09-12,Dresses,Mobile,Loyal Customers
CUS-09265,25-34,Female,Netherlands,Returning,Email,2023-03-04,Shoes,Mobile,Champions
CUS-09266,25-34,Female,Germany,Returning,Meta Ads,2023-09-22,Jeans,Mobile,Loyal Customers
CUS-09267,35-44,Female,Germany,Returning,Google Search,2024-10-23,Shoes,Mobile,Loyal Customers
CUS-09268,25-34,Non-binary/Other,Germany,Returning,TikTok Ads,2024-11-30,Sportswear,Desktop,Potential Loyalists
CUS-09269,25-34,Female,France,Returning,Email,2023-12-21,Sportswear,Mobile,Discount Seekers
CUS-09270,55+,Female,Germany,Returning,Display Ads,2024-03-30,Shoes,Mobile,Potential Loyalists
CUS-09271,25-34,Female,Germany,Returning,Email,2023-06-05,Sportswear,Tablet,Discount Seekers
CUS-09272,35-44,Male,UK,New,Meta Ads,2025-10-27,Sportswear,Mobile,New Customers
CUS-09273,55+,Male,France,Returning,Meta Ads,2025-01-15,Bags,Mobile,Champions
CUS-09274,55+,Male,UK,Returning,TikTok Ads,2024-01-26,Dresses,Mobile,Loyal Customers
CUS-09275,25-34,Female,Germany,Returning,Meta Ads,2023-06-04,Dresses,Mobile,Discount Seekers
CUS-09276,25-34,Male,Spain,Returning,Meta Ads,2023-07-05,Dresses,Tablet,At Risk
CUS-09277,35-44,Female,Poland,Returning,TikTok Ads,2024-06-02,Shoes,Desktop,Discount Seekers
CUS-09278,45-54,Male,Spain,Returning,Google Search,2023-07-23,Beauty,Mobile,Potential Loyalists
CUS-09279,25-34,Female,Spain,Returning,Meta Ads,2023-04-08,Beauty,Mobile,Hibernating
CUS-09280,25-34,Male,Netherlands,Returning,Email,2024-05-26,Jeans,Mobile,Hibernating
CUS-09281,18-24,Female,Germany,Returning,TikTok Ads,2023-03-26,Jackets,Mobile,High-Value Customers
CUS-09282,45-54,Male,UK,Returning,Meta Ads,2024-02-29,Shoes,Mobile,Champions
CUS-09283,35-44,Female,Spain,Returning,Email,2023-10-22,Jackets,Mobile,High-Value Customers
CUS-09284,45-54,Male,Poland,Returning,Organic Search,2023-07-12,Accessories,Mobile,Potential Loyalists
CUS-09285,35-44,Female,UK,Returning,Email,2025-04-30,Sportswear,Mobile,Discount Seekers
CUS-09286,25-34,Female,France,New,Organic Search,2025-06-28,Shoes,Tablet,New Customers
CUS-09287,35-44,Male,Germany,New,Meta Ads,2025-08-26,Sportswear,Mobile,New Customers
CUS-09288,35-44,Female,Netherlands,Returning,Display Ads,2023-11-20,Sportswear,Mobile,Potential Loyalists
CUS-09289,45-54,Male,Spain,Returning,Affiliate,2023-12-19,Accessories,Desktop,Hibernating
CUS-09290,18-24,Non-binary/Other,Spain,Returning,Email,2023-08-25,Accessories,Mobile,Loyal Customers
CUS-09291,18-24,Male,Germany,New,TikTok Ads,2025-10-20,Sportswear,Mobile,New Customers
CUS-09292,18-24,Female,UK,New,Google Search,2025-07-31,Beauty,Mobile,New Customers
CUS-09293,35-44,Female,Italy,Returning,Email,2024-06-02,Beauty,Desktop,Hibernating
CUS-09294,45-54,Male,Italy,New,Google Search,2025-11-02,Sportswear,Mobile,New Customers
CUS-09295,35-44,Female,Italy,Returning,Email,2024-12-11,Shoes,Mobile,At Risk
CUS-09296,45-54,Female,Italy,New,Organic Search,2025-09-07,Sportswear,Desktop,New Customers
CUS-09297,55+,Male,Italy,Returning,TikTok Ads,2024-09-03,Shoes,Desktop,At Risk
CUS-09298,18-24,Male,Italy,Returning,Google Search,2024-02-07,Bags,Desktop,At Risk
CUS-09299,18-24,Male,Germany,Returning,Meta Ads,2023-02-13,Bags,Mobile,At Risk
CUS-09300,45-54,Female,UK,Returning,Google Search,2024-10-28,Beauty,Mobile,Hibernating
CUS-09301,35-44,Non-binary/Other,Poland,New,Google Search,2025-06-23,Beauty,Mobile,New Customers
CUS-09302,35-44,Female,Poland,Returning,Email,2023-08-10,Jeans,Mobile,Loyal Customers
CUS-09303,25-34,Male,Netherlands,Returning,Display Ads,2023-07-14,Bags,Mobile,At Risk
CUS-09304,35-44,Female,Italy,Returning,Organic Search,2023-04-16,Shoes,Mobile,Champions
CUS-09305,25-34,Non-binary/Other,France,Returning,Display Ads,2024-08-04,Shoes,Desktop,Loyal Customers
CUS-09306,25-34,Male,UK,Returning,Meta Ads,2023-05-24,Jeans,Mobile,Hibernating
CUS-09307,55+,Male,Spain,New,Google Search,2025-06-11,Shoes,Mobile,New Customers
CUS-09308,35-44,Male,UK,New,Google Search,2025-07-27,Beauty,Tablet,New Customers
CUS-09309,35-44,Male,France,Returning,Google Search,2023-01-09,Jackets,Desktop,High-Value Customers
CUS-09310,35-44,Male,Germany,Returning,Email,2023-10-17,Jeans,Desktop,Loyal Customers
CUS-09311,35-44,Female,Spain,Returning,Organic Search,2023-01-27,Jackets,Desktop,Champions
CUS-09312,25-34,Male,UK,Returning,Organic Search,2024-08-23,Jeans,Desktop,Loyal Customers
CUS-09313,25-34,Male,UK,Returning,Google Search,2023-03-23,Dresses,Mobile,Loyal Customers
CUS-09314,25-34,Female,UK,Returning,Email,2023-01-04,Shoes,Mobile,Hibernating
CUS-09315,25-34,Male,UK,Returning,Email,2023-04-15,Accessories,Desktop,Hibernating
CUS-09316,18-24,Female,Netherlands,New,Google Search,2025-08-04,Shoes,Desktop,New Customers
CUS-09317,35-44,Female,Spain,Returning,Google Search,2023-12-16,Dresses,Desktop,Loyal Customers
CUS-09318,18-24,Female,Netherlands,New,Organic Search,2025-11-26,Beauty,Mobile,New Customers
CUS-09319,55+,Female,Germany,Returning,Google Search,2023-05-31,Shoes,Mobile,Champions
CUS-09320,35-44,Female,Spain,Returning,Organic Search,2023-04-15,Bags,Mobile,At Risk
CUS-09321,18-24,Female,Germany,Returning,TikTok Ads,2023-12-27,Jeans,Mobile,At Risk
CUS-09322,25-34,Male,Italy,Returning,Organic Search,2024-01-29,Sportswear,Mobile,Champions
CUS-09323,25-34,Female,Germany,Returning,Meta Ads,2024-05-02,Jeans,Mobile,Hibernating
CUS-09324,25-34,Male,UK,Returning,Affiliate,2024-05-16,Shoes,Mobile,Hibernating
CUS-09325,25-34,Male,Germany,Returning,Meta Ads,2024-05-03,Sportswear,Mobile,Potential Loyalists
CUS-09326,18-24,Female,UK,Returning,Meta Ads,2023-04-17,Shoes,Mobile,At Risk
CUS-09327,35-44,Female,Netherlands,Returning,TikTok Ads,2023-10-02,Dresses,Mobile,At Risk
CUS-09328,45-54,Female,UK,Returning,Organic Search,2023-11-07,Dresses,Mobile,Loyal Customers
CUS-09329,25-34,Female,Spain,Returning,Email,2024-08-01,Accessories,Mobile,Loyal Customers
CUS-09330,45-54,Female,Italy,Returning,Google Search,2024-07-18,Shoes,Mobile,At Risk
CUS-09331,55+,Female,Netherlands,Returning,Meta Ads,2023-07-21,Dresses,Mobile,Discount Seekers
CUS-09332,18-24,Female,UK,New,Meta Ads,2025-07-17,Shoes,Mobile,New Customers
CUS-09333,25-34,Male,France,New,Organic Search,2025-10-21,Beauty,Mobile,New Customers
CUS-09334,25-34,Female,UK,Returning,Meta Ads,2023-09-23,Dresses,Mobile,At Risk
CUS-09335,45-54,Male,France,New,Meta Ads,2025-12-14,Beauty,Desktop,New Customers
CUS-09336,35-44,Female,Poland,Returning,Email,2023-06-04,Shoes,Mobile,Champions
CUS-09337,45-54,Female,Italy,Returning,Organic Search,2024-05-19,Accessories,Mobile,Potential Loyalists
CUS-09338,45-54,Male,Germany,Returning,Meta Ads,2024-05-15,Dresses,Mobile,Discount Seekers
CUS-09339,55+,Female,Poland,Returning,Google Search,2024-06-20,Shoes,Mobile,Hibernating
CUS-09340,55+,Female,Poland,Returning,Affiliate,2025-06-12,Dresses,Desktop,Discount Seekers
CUS-09341,25-34,Female,Germany,Returning,Email,2023-09-21,Jeans,Mobile,Loyal Customers
CUS-09342,18-24,Male,Germany,New,Google Search,2025-10-04,Accessories,Mobile,New Customers
CUS-09343,35-44,Female,Italy,Returning,Affiliate,2024-05-12,Jeans,Mobile,At Risk
CUS-09344,18-24,Female,Spain,Returning,Email,2024-12-26,Dresses,Tablet,Loyal Customers
CUS-09345,25-34,Male,UK,Returning,Meta Ads,2023-02-07,Accessories,Mobile,Loyal Customers
CUS-09346,55+,Male,France,Returning,Organic Search,2024-11-11,Beauty,Desktop,Hibernating
CUS-09347,35-44,Female,Italy,Returning,Google Search,2024-10-12,Shoes,Mobile,At Risk
CUS-09348,55+,Female,Germany,Returning,TikTok Ads,2024-07-30,Dresses,Mobile,At Risk
CUS-09349,25-34,Female,Poland,Returning,Organic Search,2024-08-15,Accessories,Desktop,Loyal Customers
CUS-09350,25-34,Male,Italy,New,Meta Ads,2025-08-07,Sportswear,Mobile,New Customers
CUS-09351,18-24,Male,Italy,Returning,Meta Ads,2024-01-18,Sportswear,Mobile,Champions
CUS-09352,25-34,Female,Germany,Returning,TikTok Ads,2024-02-08,Dresses,Mobile,Loyal Customers
CUS-09353,55+,Female,Netherlands,New,TikTok Ads,2025-10-20,Beauty,Mobile,New Customers
CUS-09354,35-44,Female,Germany,Returning,Google Search,2023-06-11,Accessories,Mobile,Potential Loyalists
CUS-09355,45-54,Male,Germany,Returning,Meta Ads,2024-12-08,Jackets,Mobile,High-Value Customers
CUS-09356,35-44,Female,UK,New,Organic Search,2025-07-05,Accessories,Mobile,New Customers
CUS-09357,35-44,Female,France,Returning,Affiliate,2024-06-16,Sportswear,Tablet,Champions
CUS-09358,25-34,Male,UK,Returning,Email,2024-08-04,Shoes,Mobile,Champions
CUS-09359,25-34,Female,Italy,Returning,Organic Search,2023-07-25,Jeans,Mobile,Hibernating
CUS-09360,25-34,Male,Italy,Returning,Organic Search,2024-06-19,Dresses,Mobile,Loyal Customers
CUS-09361,45-54,Female,Poland,Returning,Email,2024-12-25,Jeans,Tablet,Loyal Customers
CUS-09362,18-24,Female,Germany,New,Google Search,2025-06-09,Beauty,Mobile,New Customers
CUS-09363,18-24,Female,Italy,Returning,Google Search,2023-12-16,Shoes,Mobile,Loyal Customers
CUS-09364,25-34,Female,Italy,Returning,Organic Search,2023-12-10,Shoes,Mobile,At Risk
CUS-09365,18-24,Male,Italy,New,Meta Ads,2025-09-02,Shoes,Mobile,New Customers
CUS-09366,35-44,Female,France,Returning,Google Search,2023-02-13,Accessories,Desktop,Loyal Customers
CUS-09367,25-34,Male,France,Returning,Google Search,2023-09-23,Beauty,Desktop,Hibernating
CUS-09368,45-54,Female,Spain,New,Meta Ads,2025-08-07,Sportswear,Mobile,New Customers
CUS-09369,18-24,Female,France,Returning,Google Search,2023-10-17,Shoes,Mobile,At Risk
CUS-09370,45-54,Female,Poland,Returning,Email,2023-02-24,Sportswear,Mobile,Champions
CUS-09371,18-24,Male,Italy,Returning,Email,2024-01-23,Bags,Desktop,At Risk
CUS-09372,25-34,Female,UK,Returning,TikTok Ads,2025-03-16,Accessories,Mobile,Potential Loyalists
CUS-09373,25-34,Female,Spain,New,Google Search,2025-10-26,Accessories,Mobile,New Customers
CUS-09374,25-34,Female,Netherlands,Returning,Google Search,2025-06-02,Accessories,Desktop,Potential Loyalists
CUS-09375,55+,Male,Spain,Returning,Email,2024-03-27,Bags,Mobile,High-Value Customers
CUS-09376,18-24,Male,Italy,Returning,Google Search,2024-10-25,Shoes,Desktop,Loyal Customers
CUS-09377,25-34,Male,Italy,Returning,Meta Ads,2023-10-05,Jeans,Desktop,Discount Seekers
CUS-09378,25-34,Male,France,Returning,Meta Ads,2024-10-06,Dresses,Mobile,Discount Seekers
CUS-09379,25-34,Non-binary/Other,Italy,New,Meta Ads,2025-11-28,Beauty,Tablet,New Customers
CUS-09380,25-34,Female,Germany,Returning,TikTok Ads,2023-09-22,Accessories,Mobile,Potential Loyalists
CUS-09381,25-34,Male,UK,Returning,Meta Ads,2025-04-18,Accessories,Mobile,Potential Loyalists
CUS-09382,25-34,Male,Italy,Returning,Affiliate,2023-03-08,Dresses,Mobile,High-Value Customers
CUS-09383,25-34,Male,Spain,Returning,Email,2023-11-29,Jeans,Mobile,At Risk
CUS-09384,35-44,Male,France,New,Google Search,2025-06-24,Beauty,Mobile,New Customers
CUS-09385,25-34,Female,UK,Returning,Google Search,2025-02-16,Sportswear,Mobile,Champions
CUS-09386,18-24,Male,Poland,Returning,Affiliate,2024-02-04,Dresses,Mobile,Discount Seekers
CUS-09387,18-24,Female,Germany,Returning,Organic Search,2023-03-11,Jackets,Desktop,Champions
CUS-09388,25-34,Male,Italy,Returning,Email,2023-10-25,Jackets,Desktop,Champions
CUS-09389,25-34,Female,Germany,Returning,Meta Ads,2024-05-22,Shoes,Desktop,Potential Loyalists
CUS-09390,35-44,Female,Spain,New,TikTok Ads,2025-11-13,Beauty,Mobile,New Customers
CUS-09391,45-54,Male,Germany,Returning,Meta Ads,2023-07-13,Dresses,Mobile,Discount Seekers
CUS-09392,18-24,Female,Germany,Returning,Affiliate,2023-09-06,Jeans,Mobile,Hibernating
CUS-09393,35-44,Male,Poland,Returning,Email,2023-11-08,Accessories,Mobile,Loyal Customers
CUS-09394,55+,Male,UK,Returning,Google Search,2023-12-04,Shoes,Desktop,Potential Loyalists
CUS-09395,45-54,Male,Germany,Returning,Email,2023-03-17,Jeans,Desktop,Hibernating
CUS-09396,18-24,Male,Germany,New,Meta Ads,2025-08-25,Shoes,Tablet,New Customers
CUS-09397,35-44,Female,UK,Returning,Meta Ads,2023-12-21,Accessories,Desktop,Loyal Customers
CUS-09398,35-44,Male,UK,Returning,Meta Ads,2024-10-31,Accessories,Tablet,Potential Loyalists
CUS-09399,35-44,Male,Italy,Returning,Email,2023-12-02,Bags,Desktop,At Risk
CUS-09400,55+,Female,Germany,Returning,Google Search,2024-12-10,Jackets,Desktop,High-Value Customers
CUS-09401,35-44,Female,Italy,Returning,Affiliate,2024-12-03,Shoes,Mobile,At Risk
CUS-09402,18-24,Male,UK,Returning,Organic Search,2024-06-21,Shoes,Mobile,Champions
CUS-09403,25-34,Female,UK,Returning,Email,2024-10-15,Shoes,Mobile,At Risk
CUS-09404,18-24,Female,France,Returning,Organic Search,2024-12-09,Shoes,Mobile,Loyal Customers
CUS-09405,35-44,Male,Germany,Returning,Meta Ads,2023-07-25,Jeans,Mobile,Discount Seekers
CUS-09406,55+,Non-binary/Other,Germany,Returning,TikTok Ads,2025-07-06,Accessories,Mobile,Potential Loyalists
CUS-09407,25-34,Female,Germany,Returning,Email,2023-11-01,Accessories,Tablet,Loyal Customers
CUS-09408,35-44,Female,Germany,New,TikTok Ads,2025-10-23,Beauty,Mobile,New Customers
CUS-09409,25-34,Female,Spain,Returning,Email,2024-03-08,Jeans,Desktop,Loyal Customers
CUS-09410,18-24,Male,France,Returning,Google Search,2024-06-20,Jeans,Desktop,Loyal Customers
CUS-09411,55+,Female,Spain,New,TikTok Ads,2025-11-30,Sportswear,Mobile,New Customers
CUS-09412,25-34,Female,UK,Returning,Organic Search,2023-04-09,Accessories,Mobile,Hibernating
CUS-09413,18-24,Female,Spain,Returning,Organic Search,2024-02-03,Sportswear,Mobile,Discount Seekers
CUS-09414,45-54,Female,Germany,Returning,Google Search,2024-08-04,Accessories,Mobile,Potential Loyalists
CUS-09415,35-44,Female,Spain,Returning,Email,2024-11-10,Shoes,Mobile,Champions
CUS-09416,35-44,Female,Germany,New,Meta Ads,2025-11-20,Sportswear,Desktop,New Customers
CUS-09417,45-54,Male,France,New,Google Search,2025-11-07,Shoes,Desktop,New Customers
CUS-09418,18-24,Male,Germany,Returning,Google Search,2024-12-15,Dresses,Mobile,Loyal Customers
CUS-09419,25-34,Female,Germany,Returning,Organic Search,2024-06-14,Dresses,Mobile,Discount Seekers
CUS-09420,35-44,Female,UK,Returning,Affiliate,2024-04-26,Bags,Mobile,High-Value Customers
CUS-09421,25-34,Female,Netherlands,Returning,Google Search,2024-12-25,Shoes,Mobile,Champions
CUS-09422,25-34,Male,Germany,Returning,TikTok Ads,2023-07-19,Beauty,Desktop,Hibernating
CUS-09423,55+,Male,UK,Returning,TikTok Ads,2024-05-21,Jeans,Mobile,At Risk
CUS-09424,25-34,Female,Spain,Returning,Organic Search,2024-05-28,Dresses,Mobile,Loyal Customers
CUS-09425,18-24,Male,Germany,Returning,Affiliate,2024-10-07,Jeans,Mobile,At Risk
CUS-09426,25-34,Female,Germany,Returning,Organic Search,2024-05-18,Accessories,Mobile,Loyal Customers
CUS-09427,18-24,Male,Germany,Returning,Email,2024-07-02,Shoes,Mobile,Champions
CUS-09428,45-54,Female,Germany,Returning,Organic Search,2023-11-26,Bags,Mobile,High-Value Customers
CUS-09429,18-24,Male,Spain,Returning,Google Search,2023-06-01,Bags,Mobile,At Risk
CUS-09430,45-54,Male,Spain,Returning,Organic Search,2024-10-25,Dresses,Mobile,Loyal Customers
CUS-09431,25-34,Male,Italy,New,Google Search,2025-10-05,Beauty,Tablet,New Customers
CUS-09432,25-34,Female,France,Returning,Organic Search,2024-03-27,Shoes,Mobile,High-Value Customers
CUS-09433,18-24,Female,Poland,New,Affiliate,2025-09-29,Shoes,Desktop,New Customers
CUS-09434,25-34,Female,Germany,Returning,TikTok Ads,2025-05-17,Dresses,Mobile,Discount Seekers
CUS-09435,18-24,Female,Germany,Returning,Meta Ads,2025-02-27,Dresses,Tablet,Discount Seekers
CUS-09436,35-44,Female,Germany,Returning,Affiliate,2023-11-11,Shoes,Desktop,Potential Loyalists
CUS-09437,25-34,Male,UK,Returning,TikTok Ads,2023-07-05,Dresses,Mobile,At Risk
CUS-09438,55+,Female,UK,Returning,TikTok Ads,2023-02-10,Dresses,Mobile,At Risk
CUS-09439,18-24,Female,Italy,Returning,Email,2024-05-29,Shoes,Mobile,Hibernating
CUS-09440,18-24,Female,UK,Returning,TikTok Ads,2024-07-26,Sportswear,Mobile,Potential Loyalists
CUS-09441,18-24,Female,Germany,Returning,Email,2024-11-08,Bags,Mobile,Champions
CUS-09442,25-34,Male,Germany,Returning,Email,2025-03-27,Jeans,Mobile,Loyal Customers
CUS-09443,35-44,Male,Italy,Returning,Google Search,2024-12-23,Jeans,Mobile,At Risk
CUS-09444,18-24,Female,UK,Returning,Organic Search,2023-05-05,Beauty,Mobile,Hibernating
CUS-09445,35-44,Male,UK,Returning,Organic Search,2023-03-27,Accessories,Mobile,Hibernating
CUS-09446,55+,Male,Germany,Returning,Meta Ads,2023-12-20,Jeans,Mobile,At Risk
CUS-09447,45-54,Female,Germany,Returning,Email,2024-08-15,Shoes,Desktop,Champions
CUS-09448,18-24,Female,Italy,Returning,Meta Ads,2024-06-14,Sportswear,Mobile,Champions
CUS-09449,55+,Male,UK,Returning,Email,2023-10-23,Accessories,Desktop,Hibernating
CUS-09450,35-44,Male,Spain,New,Meta Ads,2025-12-08,Sportswear,Mobile,New Customers
CUS-09451,25-34,Female,Germany,Returning,Google Search,2023-10-09,Shoes,Mobile,Hibernating
CUS-09452,45-54,Female,Spain,Returning,Display Ads,2024-11-16,Dresses,Mobile,Loyal Customers
CUS-09453,35-44,Female,UK,Returning,TikTok Ads,2025-03-08,Accessories,Mobile,Potential Loyalists
CUS-09454,18-24,Female,Germany,Returning,Affiliate,2025-08-20,Jeans,Mobile,Discount Seekers
CUS-09455,25-34,Male,Netherlands,Returning,Email,2024-03-27,Jeans,Mobile,Loyal Customers
CUS-09456,55+,Female,Spain,Returning,Google Search,2024-01-23,Bags,Tablet,Champions
CUS-09457,55+,Female,Germany,Returning,TikTok Ads,2024-12-12,Bags,Mobile,At Risk
CUS-09458,18-24,Female,Germany,Returning,Meta Ads,2024-09-10,Jeans,Mobile,At Risk
CUS-09459,35-44,Male,UK,Returning,Meta Ads,2024-10-07,Jackets,Tablet,High-Value Customers
CUS-09460,45-54,Female,Germany,Returning,Organic Search,2024-05-14,Jeans,Mobile,Discount Seekers
CUS-09461,35-44,Non-binary/Other,Germany,Returning,Google Search,2024-01-22,Shoes,Mobile,Hibernating
CUS-09462,25-34,Male,Germany,Returning,Meta Ads,2025-02-15,Bags,Mobile,Champions
CUS-09463,35-44,Female,Italy,New,Meta Ads,2025-09-13,Sportswear,Desktop,New Customers
CUS-09464,18-24,Female,Poland,Returning,Organic Search,2024-12-05,Dresses,Mobile,Discount Seekers
CUS-09465,35-44,Female,Germany,New,Google Search,2025-11-03,Shoes,Desktop,New Customers
CUS-09466,18-24,Female,France,Returning,TikTok Ads,2024-08-22,Dresses,Mobile,High-Value Customers
CUS-09467,18-24,Female,Netherlands,Returning,TikTok Ads,2024-07-04,Jeans,Desktop,At Risk
CUS-09468,35-44,Male,Germany,Returning,Email,2025-02-10,Accessories,Tablet,Loyal Customers
CUS-09469,25-34,Male,Germany,New,Google Search,2025-08-11,Shoes,Mobile,New Customers
CUS-09470,35-44,Male,Netherlands,Returning,Affiliate,2024-06-17,Jeans,Desktop,At Risk
CUS-09471,18-24,Female,Germany,Returning,Organic Search,2023-06-27,Shoes,Mobile,Champions
CUS-09472,18-24,Male,Spain,Returning,Affiliate,2024-05-17,Accessories,Mobile,Potential Loyalists
CUS-09473,35-44,Non-binary/Other,Germany,Returning,Email,2023-12-20,Jeans,Mobile,Hibernating
CUS-09474,35-44,Female,Germany,Returning,Google Search,2024-11-26,Dresses,Mobile,Loyal Customers
CUS-09475,18-24,Female,France,Returning,Google Search,2024-02-27,Sportswear,Mobile,Potential Loyalists
CUS-09476,18-24,Female,Germany,Returning,Google Search,2023-10-18,Dresses,Desktop,At Risk
CUS-09477,25-34,Male,Germany,Returning,Meta Ads,2024-11-22,Accessories,Mobile,Hibernating
CUS-09478,25-34,Male,Poland,New,Display Ads,2025-09-09,Beauty,Mobile,New Customers
CUS-09479,18-24,Female,France,Returning,Google Search,2023-02-19,Dresses,Mobile,High-Value Customers
CUS-09480,25-34,Male,Poland,Returning,Google Search,2024-04-30,Sportswear,Mobile,Discount Seekers
CUS-09481,18-24,Female,UK,New,TikTok Ads,2025-11-02,Accessories,Desktop,New Customers
CUS-09482,35-44,Male,Italy,Returning,Email,2023-03-20,Shoes,Mobile,Loyal Customers
CUS-09483,25-34,Female,Germany,Returning,Meta Ads,2023-11-08,Shoes,Desktop,Hibernating
CUS-09484,18-24,Non-binary/Other,UK,Returning,Google Search,2024-08-04,Jeans,Mobile,Loyal Customers
CUS-09485,45-54,Male,UK,Returning,Meta Ads,2024-12-26,Dresses,Mobile,Discount Seekers
CUS-09486,25-34,Female,Italy,Returning,Meta Ads,2023-04-02,Dresses,Mobile,At Risk
CUS-09487,18-24,Male,France,Returning,Organic Search,2024-11-24,Sportswear,Mobile,Potential Loyalists
CUS-09488,18-24,Female,Germany,New,TikTok Ads,2025-09-09,Beauty,Desktop,New Customers
CUS-09489,45-54,Male,UK,New,Meta Ads,2025-08-01,Accessories,Mobile,New Customers
CUS-09490,18-24,Female,Spain,Returning,Organic Search,2024-11-24,Jeans,Mobile,Discount Seekers
CUS-09491,35-44,Male,UK,Returning,Organic Search,2023-12-06,Shoes,Desktop,Loyal Customers
CUS-09492,25-34,Female,Germany,Returning,Meta Ads,2024-05-30,Dresses,Mobile,Discount Seekers
CUS-09493,25-34,Male,France,Returning,Email,2023-11-05,Sportswear,Mobile,Champions
CUS-09494,18-24,Female,Italy,Returning,Organic Search,2024-05-09,Accessories,Mobile,Hibernating
CUS-09495,45-54,Female,UK,Returning,Google Search,2024-07-12,Dresses,Mobile,Discount Seekers
CUS-09496,35-44,Female,Spain,Returning,TikTok Ads,2024-05-20,Sportswear,Mobile,Potential Loyalists
CUS-09497,55+,Male,UK,Returning,Email,2024-09-30,Sportswear,Mobile,Champions
CUS-09498,25-34,Male,Germany,Returning,TikTok Ads,2024-12-27,Jeans,Tablet,Hibernating
CUS-09499,55+,Female,France,Returning,Email,2025-07-09,Shoes,Mobile,Discount Seekers
CUS-09500,18-24,Female,Germany,Returning,Google Search,2023-09-25,Sportswear,Desktop,Potential Loyalists
CUS-09501,35-44,Female,France,New,Meta Ads,2025-07-19,Sportswear,Desktop,New Customers
CUS-09502,18-24,Female,Italy,Returning,Email,2023-07-06,Beauty,Tablet,Hibernating
CUS-09503,35-44,Male,Spain,Returning,Email,2023-05-23,Dresses,Desktop,Loyal Customers
CUS-09504,45-54,Female,Germany,Returning,Email,2024-05-14,Bags,Mobile,At Risk
CUS-09505,35-44,Male,Italy,New,TikTok Ads,2025-07-10,Sportswear,Desktop,New Customers
CUS-09506,45-54,Male,Poland,Returning,Google Search,2024-08-07,Shoes,Desktop,Loyal Customers
CUS-09507,18-24,Female,Germany,Returning,Meta Ads,2025-01-25,Dresses,Desktop,Discount Seekers
CUS-09508,35-44,Male,Netherlands,Returning,Display Ads,2023-08-30,Beauty,Desktop,Potential Loyalists
CUS-09509,18-24,Female,UK,Returning,Google Search,2023-09-06,Sportswear,Mobile,Discount Seekers
CUS-09510,55+,Female,Spain,New,Google Search,2025-12-13,Accessories,Mobile,New Customers
CUS-09511,25-34,Male,Germany,New,Google Search,2025-10-09,Sportswear,Mobile,New Customers
CUS-09512,18-24,Male,Germany,New,TikTok Ads,2025-07-30,Shoes,Desktop,New Customers
CUS-09513,25-34,Female,France,Returning,Meta Ads,2025-07-20,Shoes,Mobile,Potential Loyalists
CUS-09514,35-44,Male,Germany,Returning,Affiliate,2023-12-09,Accessories,Mobile,Hibernating
CUS-09515,25-34,Male,Poland,Returning,TikTok Ads,2024-04-22,Jeans,Mobile,At Risk
CUS-09516,25-34,Female,Germany,Returning,Affiliate,2024-05-22,Jeans,Mobile,Hibernating
CUS-09517,35-44,Male,UK,New,Organic Search,2025-06-21,Shoes,Mobile,New Customers
CUS-09518,35-44,Female,Germany,Returning,Email,2024-08-10,Jeans,Desktop,Loyal Customers
CUS-09519,18-24,Female,France,Returning,Email,2024-02-09,Sportswear,Mobile,Champions
CUS-09520,25-34,Male,UK,Returning,Organic Search,2024-03-11,Beauty,Desktop,Hibernating
CUS-09521,45-54,Male,France,Returning,Meta Ads,2025-08-04,Shoes,Mobile,Potential Loyalists
CUS-09522,18-24,Male,Germany,New,TikTok Ads,2025-07-26,Beauty,Desktop,New Customers
CUS-09523,45-54,Male,UK,New,Google Search,2025-08-03,Accessories,Mobile,New Customers
CUS-09524,35-44,Female,UK,New,TikTok Ads,2025-09-10,Sportswear,Mobile,New Customers
CUS-09525,45-54,Male,Spain,Returning,Google Search,2024-02-10,Jeans,Mobile,At Risk
CUS-09526,35-44,Male,Netherlands,Returning,Meta Ads,2024-08-25,Jeans,Mobile,At Risk
CUS-09527,18-24,Male,Germany,Returning,Organic Search,2025-02-13,Bags,Mobile,High-Value Customers
CUS-09528,35-44,Male,Netherlands,Returning,Google Search,2023-01-03,Shoes,Mobile,Loyal Customers
CUS-09529,55+,Female,Spain,New,Google Search,2025-10-30,Beauty,Mobile,New Customers
CUS-09530,35-44,Female,UK,Returning,TikTok Ads,2024-02-24,Jackets,Mobile,Champions
CUS-09531,45-54,Male,Spain,Returning,Google Search,2024-02-08,Accessories,Mobile,Hibernating
CUS-09532,25-34,Female,Germany,Returning,TikTok Ads,2023-12-13,Dresses,Mobile,At Risk
CUS-09533,25-34,Female,Germany,New,Organic Search,2025-06-12,Beauty,Tablet,New Customers
CUS-09534,25-34,Female,Spain,Returning,Meta Ads,2024-05-07,Accessories,Tablet,Hibernating
CUS-09535,18-24,Male,Spain,New,Google Search,2025-12-08,Accessories,Mobile,New Customers
CUS-09536,55+,Male,Germany,Returning,Google Search,2025-02-14,Accessories,Desktop,Loyal Customers
CUS-09537,25-34,Female,France,New,TikTok Ads,2025-06-14,Beauty,Tablet,New Customers
CUS-09538,55+,Female,Netherlands,Returning,Email,2024-02-18,Shoes,Mobile,Champions
CUS-09539,35-44,Male,Netherlands,Returning,Meta Ads,2023-09-25,Sportswear,Mobile,Discount Seekers
CUS-09540,25-34,Male,Poland,Returning,Email,2024-06-01,Accessories,Mobile,Hibernating
CUS-09541,45-54,Female,France,Returning,Display Ads,2024-03-21,Accessories,Desktop,Hibernating
CUS-09542,25-34,Female,UK,Returning,Meta Ads,2023-11-28,Sportswear,Desktop,Discount Seekers
CUS-09543,55+,Female,France,Returning,Organic Search,2023-02-03,Shoes,Mobile,Hibernating
CUS-09544,45-54,Female,UK,New,TikTok Ads,2025-06-27,Beauty,Mobile,New Customers
CUS-09545,25-34,Female,Poland,Returning,Google Search,2023-06-14,Accessories,Mobile,Loyal Customers
CUS-09546,18-24,Female,France,Returning,Organic Search,2024-08-22,Beauty,Mobile,Potential Loyalists
CUS-09547,35-44,Female,Germany,Returning,TikTok Ads,2024-02-01,Shoes,Mobile,Discount Seekers
CUS-09548,18-24,Male,Italy,Returning,Organic Search,2023-08-17,Jeans,Desktop,Discount Seekers
CUS-09549,35-44,Male,Italy,Returning,Google Search,2023-05-22,Beauty,Desktop,Hibernating
CUS-09550,45-54,Non-binary/Other,Germany,Returning,Google Search,2023-11-26,Shoes,Desktop,Loyal Customers
CUS-09551,35-44,Female,Netherlands,Returning,Email,2023-01-13,Accessories,Desktop,Loyal Customers
CUS-09552,25-34,Male,Italy,Returning,Google Search,2023-11-15,Jeans,Mobile,Discount Seekers
CUS-09553,35-44,Female,UK,Returning,Organic Search,2024-10-12,Accessories,Mobile,Loyal Customers
CUS-09554,25-34,Male,Spain,Returning,Affiliate,2024-04-13,Shoes,Desktop,At Risk
CUS-09555,25-34,Female,UK,Returning,Organic Search,2025-08-27,Accessories,Desktop,Potential Loyalists
CUS-09556,25-34,Male,Germany,Returning,TikTok Ads,2024-10-21,Sportswear,Mobile,Potential Loyalists
CUS-09557,25-34,Female,Germany,Returning,Affiliate,2023-03-28,Shoes,Desktop,At Risk
CUS-09558,35-44,Male,France,Returning,Google Search,2023-12-21,Dresses,Mobile,High-Value Customers
CUS-09559,35-44,Female,Germany,Returning,Email,2023-08-30,Accessories,Desktop,Hibernating
CUS-09560,35-44,Male,France,New,TikTok Ads,2025-11-21,Shoes,Mobile,New Customers
CUS-09561,35-44,Female,UK,New,TikTok Ads,2025-10-17,Sportswear,Mobile,New Customers
CUS-09562,35-44,Male,Germany,Returning,Meta Ads,2024-03-30,Dresses,Desktop,Discount Seekers
CUS-09563,45-54,Female,UK,New,Display Ads,2025-07-12,Beauty,Mobile,New Customers
CUS-09564,55+,Female,UK,New,Organic Search,2025-07-29,Sportswear,Mobile,New Customers
CUS-09565,35-44,Male,Italy,Returning,Google Search,2023-02-20,Dresses,Desktop,At Risk
CUS-09566,18-24,Female,France,Returning,Email,2024-03-31,Jeans,Desktop,Loyal Customers
CUS-09567,55+,Male,Germany,Returning,Affiliate,2023-08-28,Bags,Mobile,Champions
CUS-09568,35-44,Female,Poland,Returning,Email,2025-01-09,Dresses,Mobile,Discount Seekers
CUS-09569,45-54,Female,UK,Returning,TikTok Ads,2023-09-25,Jeans,Tablet,At Risk
CUS-09570,35-44,Male,Germany,Returning,Meta Ads,2023-06-06,Dresses,Mobile,Loyal Customers
CUS-09571,18-24,Female,Italy,Returning,Google Search,2023-12-13,Sportswear,Mobile,Potential Loyalists
CUS-09572,25-34,Female,France,Returning,Affiliate,2024-11-04,Shoes,Mobile,High-Value Customers
CUS-09573,45-54,Male,UK,Returning,Affiliate,2023-06-25,Dresses,Mobile,At Risk
CUS-09574,18-24,Female,Germany,Returning,Google Search,2023-01-19,Jeans,Mobile,At Risk
CUS-09575,35-44,Female,France,Returning,Meta Ads,2024-03-14,Jackets,Mobile,Champions
CUS-09576,25-34,Male,France,Returning,TikTok Ads,2024-06-03,Bags,Mobile,High-Value Customers
CUS-09577,25-34,Male,Italy,Returning,Organic Search,2025-04-09,Sportswear,Desktop,Discount Seekers
CUS-09578,18-24,Male,UK,New,Organic Search,2025-11-06,Beauty,Mobile,New Customers
CUS-09579,18-24,Non-binary/Other,Germany,Returning,Meta Ads,2023-10-16,Shoes,Desktop,Potential Loyalists
CUS-09580,25-34,Female,Germany,Returning,Display Ads,2024-07-03,Dresses,Mobile,At Risk
CUS-09581,25-34,Male,Italy,Returning,Google Search,2024-07-22,Dresses,Mobile,Discount Seekers
CUS-09582,55+,Female,Germany,Returning,Organic Search,2024-06-12,Beauty,Mobile,Hibernating
CUS-09583,25-34,Male,UK,Returning,Affiliate,2023-11-25,Shoes,Mobile,High-Value Customers
CUS-09584,25-34,Male,France,Returning,Meta Ads,2023-09-16,Dresses,Mobile,At Risk
CUS-09585,25-34,Female,Italy,Returning,Google Search,2024-05-22,Sportswear,Desktop,Potential Loyalists
CUS-09586,25-34,Female,Spain,New,Display Ads,2025-12-07,Shoes,Desktop,New Customers
CUS-09587,25-34,Female,Germany,Returning,Google Search,2023-11-28,Beauty,Mobile,Hibernating
CUS-09588,35-44,Male,France,Returning,Google Search,2023-04-24,Dresses,Mobile,Loyal Customers
CUS-09589,25-34,Female,Netherlands,Returning,Organic Search,2023-11-17,Dresses,Mobile,Loyal Customers
CUS-09590,18-24,Female,Spain,Returning,Organic Search,2024-10-09,Accessories,Mobile,Hibernating
CUS-09591,25-34,Male,UK,New,TikTok Ads,2025-07-08,Sportswear,Mobile,New Customers
CUS-09592,45-54,Female,Netherlands,Returning,Google Search,2023-10-11,Beauty,Mobile,Hibernating
CUS-09593,18-24,Male,Germany,Returning,Email,2023-01-15,Dresses,Mobile,Loyal Customers
CUS-09594,18-24,Male,Germany,Returning,Meta Ads,2024-05-10,Sportswear,Mobile,Potential Loyalists
CUS-09595,18-24,Female,Spain,Returning,Google Search,2023-09-25,Shoes,Mobile,Loyal Customers
CUS-09596,55+,Male,Italy,Returning,Google Search,2024-03-09,Bags,Mobile,At Risk
CUS-09597,25-34,Female,Germany,Returning,Google Search,2023-10-29,Accessories,Tablet,Hibernating
CUS-09598,18-24,Female,France,New,Google Search,2025-10-05,Beauty,Mobile,New Customers
CUS-09599,45-54,Female,UK,New,TikTok Ads,2025-06-27,Accessories,Mobile,New Customers
CUS-09600,25-34,Male,Germany,Returning,Organic Search,2024-02-19,Jeans,Mobile,Loyal Customers
CUS-09601,25-34,Male,Italy,Returning,Google Search,2024-05-09,Jeans,Desktop,At Risk
CUS-09602,25-34,Female,France,Returning,Email,2023-11-09,Dresses,Mobile,High-Value Customers
CUS-09603,25-34,Male,UK,Returning,Meta Ads,2024-01-24,Accessories,Desktop,Hibernating
CUS-09604,35-44,Female,Poland,Returning,Affiliate,2024-11-14,Jeans,Mobile,Loyal Customers
CUS-09605,35-44,Female,Germany,Returning,Affiliate,2023-10-01,Jeans,Desktop,At Risk
CUS-09606,25-34,Female,Italy,Returning,Google Search,2024-08-21,Shoes,Desktop,Potential Loyalists
CUS-09607,25-34,Male,Germany,Returning,Meta Ads,2023-04-28,Sportswear,Mobile,Champions
CUS-09608,25-34,Male,Spain,Returning,Google Search,2023-05-10,Jeans,Desktop,Loyal Customers
CUS-09609,55+,Male,Spain,Returning,Google Search,2023-06-15,Jeans,Mobile,Loyal Customers
CUS-09610,45-54,Male,France,Returning,Meta Ads,2024-07-19,Dresses,Mobile,Loyal Customers
CUS-09611,35-44,Female,Germany,Returning,Google Search,2024-07-22,Jeans,Desktop,Hibernating
CUS-09612,55+,Female,France,Returning,Meta Ads,2024-11-07,Sportswear,Mobile,Potential Loyalists
CUS-09613,45-54,Male,Spain,Returning,Google Search,2023-07-27,Accessories,Mobile,Hibernating
CUS-09614,55+,Male,France,Returning,TikTok Ads,2025-05-03,Jeans,Desktop,Discount Seekers
CUS-09615,25-34,Female,Netherlands,New,Meta Ads,2025-07-13,Beauty,Mobile,New Customers
CUS-09616,45-54,Female,Poland,New,Google Search,2025-08-01,Sportswear,Desktop,New Customers
CUS-09617,35-44,Female,UK,Returning,Affiliate,2023-03-23,Shoes,Mobile,Hibernating
CUS-09618,45-54,Male,UK,Returning,Google Search,2025-03-25,Shoes,Mobile,Champions
CUS-09619,35-44,Female,Netherlands,New,Google Search,2025-06-09,Shoes,Tablet,New Customers
CUS-09620,35-44,Female,Poland,New,Google Search,2025-07-07,Shoes,Mobile,New Customers
CUS-09621,25-34,Male,France,Returning,Google Search,2024-06-17,Jeans,Desktop,Discount Seekers
CUS-09622,35-44,Male,Spain,Returning,Email,2023-04-30,Accessories,Mobile,Hibernating
CUS-09623,35-44,Female,France,Returning,Google Search,2023-09-29,Dresses,Mobile,Discount Seekers
CUS-09624,35-44,Male,France,Returning,Affiliate,2023-02-27,Dresses,Mobile,At Risk
CUS-09625,18-24,Female,Germany,New,TikTok Ads,2025-07-22,Sportswear,Mobile,New Customers
CUS-09626,35-44,Male,Germany,Returning,Meta Ads,2023-01-21,Accessories,Mobile,Hibernating
CUS-09627,25-34,Male,France,Returning,Google Search,2024-04-22,Shoes,Mobile,Discount Seekers
CUS-09628,35-44,Male,Italy,New,Google Search,2025-08-18,Accessories,Mobile,New Customers
CUS-09629,35-44,Female,France,Returning,Google Search,2024-10-05,Shoes,Mobile,High-Value Customers
CUS-09630,25-34,Male,France,Returning,Meta Ads,2024-05-25,Jeans,Mobile,Discount Seekers
CUS-09631,25-34,Male,Germany,New,TikTok Ads,2025-11-01,Sportswear,Mobile,New Customers
CUS-09632,18-24,Male,France,Returning,Affiliate,2023-07-19,Sportswear,Mobile,Champions
CUS-09633,45-54,Female,Germany,Returning,Affiliate,2024-02-29,Jeans,Desktop,Loyal Customers
CUS-09634,25-34,Female,Germany,Returning,Meta Ads,2023-06-20,Accessories,Mobile,Hibernating
CUS-09635,55+,Female,France,Returning,Organic Search,2023-07-05,Accessories,Desktop,Loyal Customers
CUS-09636,25-34,Male,Poland,New,Meta Ads,2025-11-21,Beauty,Mobile,New Customers
CUS-09637,25-34,Female,Italy,Returning,Email,2023-04-30,Bags,Mobile,At Risk
CUS-09638,18-24,Female,Italy,Returning,Organic Search,2024-02-21,Dresses,Mobile,Discount Seekers
CUS-09639,18-24,Female,Italy,Returning,Meta Ads,2024-07-30,Jeans,Mobile,Discount Seekers
CUS-09640,35-44,Female,Germany,Returning,Email,2024-04-13,Jeans,Mobile,Hibernating
CUS-09641,35-44,Male,Germany,Returning,TikTok Ads,2023-06-07,Sportswear,Mobile,Potential Loyalists
CUS-09642,25-34,Female,Italy,Returning,Email,2024-08-17,Accessories,Mobile,Loyal Customers
CUS-09643,25-34,Female,Germany,Returning,Google Search,2024-07-11,Bags,Desktop,At Risk
CUS-09644,25-34,Male,Germany,Returning,Email,2024-07-08,Dresses,Mobile,Loyal Customers
CUS-09645,25-34,Male,UK,New,Google Search,2025-09-15,Sportswear,Mobile,New Customers
CUS-09646,18-24,Female,UK,Returning,Email,2024-04-01,Jackets,Mobile,High-Value Customers
CUS-09647,25-34,Female,Spain,New,TikTok Ads,2025-10-26,Sportswear,Mobile,New Customers
CUS-09648,25-34,Female,Italy,Returning,TikTok Ads,2023-05-13,Jeans,Mobile,At Risk
CUS-09649,25-34,Non-binary/Other,UK,Returning,Email,2023-12-19,Bags,Mobile,At Risk
CUS-09650,25-34,Female,Italy,Returning,Meta Ads,2025-04-28,Sportswear,Desktop,Discount Seekers
CUS-09651,18-24,Female,UK,New,Affiliate,2025-06-15,Beauty,Desktop,New Customers
CUS-09652,55+,Female,France,New,Meta Ads,2025-12-11,Sportswear,Desktop,New Customers
CUS-09653,18-24,Female,France,Returning,Organic Search,2024-09-02,Accessories,Desktop,Loyal Customers
CUS-09654,35-44,Male,Poland,Returning,Google Search,2023-09-21,Bags,Desktop,At Risk
CUS-09655,25-34,Female,France,Returning,Meta Ads,2025-05-18,Beauty,Mobile,Potential Loyalists
CUS-09656,35-44,Female,Spain,New,Meta Ads,2025-08-08,Shoes,Desktop,New Customers
CUS-09657,55+,Male,France,Returning,Meta Ads,2023-08-15,Beauty,Mobile,Hibernating
CUS-09658,25-34,Male,Netherlands,Returning,TikTok Ads,2025-03-03,Jackets,Mobile,Champions
CUS-09659,18-24,Female,UK,New,Meta Ads,2025-12-13,Sportswear,Mobile,New Customers
CUS-09660,35-44,Female,Spain,Returning,Email,2023-07-12,Accessories,Mobile,Loyal Customers
CUS-09661,25-34,Male,Italy,Returning,Affiliate,2024-03-23,Shoes,Tablet,Potential Loyalists
CUS-09662,55+,Male,Poland,Returning,Email,2023-11-05,Sportswear,Mobile,Champions
CUS-09663,18-24,Female,Netherlands,Returning,Organic Search,2023-11-09,Accessories,Mobile,Loyal Customers
CUS-09664,35-44,Male,Spain,Returning,Organic Search,2023-05-03,Jackets,Mobile,High-Value Customers
CUS-09665,35-44,Female,Poland,Returning,TikTok Ads,2024-07-11,Shoes,Mobile,High-Value Customers
CUS-09666,25-34,Male,Poland,Returning,TikTok Ads,2024-06-08,Accessories,Mobile,Hibernating
CUS-09667,35-44,Male,Italy,Returning,Display Ads,2024-03-16,Bags,Mobile,At Risk
CUS-09668,25-34,Female,Spain,Returning,Meta Ads,2023-11-02,Accessories,Mobile,Hibernating
CUS-09669,25-34,Female,Poland,Returning,Organic Search,2023-08-08,Dresses,Desktop,Discount Seekers
CUS-09670,55+,Female,Germany,New,Google Search,2025-06-02,Beauty,Mobile,New Customers
CUS-09671,18-24,Female,Netherlands,Returning,Organic Search,2025-02-25,Shoes,Desktop,Champions
CUS-09672,35-44,Male,Poland,Returning,Meta Ads,2024-10-26,Bags,Desktop,At Risk
CUS-09673,18-24,Male,Netherlands,Returning,Organic Search,2024-05-28,Jackets,Mobile,High-Value Customers
CUS-09674,45-54,Female,Germany,Returning,TikTok Ads,2023-10-11,Dresses,Desktop,Loyal Customers
CUS-09675,45-54,Female,UK,New,Meta Ads,2025-10-30,Sportswear,Mobile,New Customers
CUS-09676,25-34,Female,France,Returning,Meta Ads,2025-04-15,Shoes,Tablet,Potential Loyalists
CUS-09677,25-34,Female,UK,Returning,Affiliate,2024-08-27,Beauty,Mobile,Potential Loyalists
CUS-09678,25-34,Non-binary/Other,UK,Returning,Google Search,2024-07-01,Jeans,Desktop,Hibernating
CUS-09679,35-44,Female,Spain,Returning,Meta Ads,2025-07-22,Accessories,Mobile,Potential Loyalists
CUS-09680,25-34,Female,Germany,Returning,Email,2023-08-12,Dresses,Mobile,Discount Seekers
CUS-09681,25-34,Male,Italy,Returning,Affiliate,2023-11-30,Beauty,Mobile,Hibernating
CUS-09682,35-44,Female,Germany,Returning,Email,2024-06-18,Bags,Mobile,Champions
CUS-09683,45-54,Female,France,Returning,Meta Ads,2023-09-27,Shoes,Tablet,Hibernating
CUS-09684,25-34,Male,France,Returning,Email,2023-10-08,Beauty,Desktop,Hibernating
CUS-09685,45-54,Female,Spain,New,Meta Ads,2025-07-23,Shoes,Mobile,New Customers
CUS-09686,35-44,Female,Italy,New,Meta Ads,2025-10-20,Accessories,Desktop,New Customers
CUS-09687,25-34,Female,France,Returning,Google Search,2024-09-01,Dresses,Mobile,Discount Seekers
CUS-09688,25-34,Female,Poland,New,Google Search,2025-07-06,Accessories,Desktop,New Customers
CUS-09689,18-24,Male,Netherlands,Returning,Meta Ads,2023-06-20,Shoes,Mobile,Loyal Customers
CUS-09690,35-44,Male,Netherlands,Returning,Google Search,2024-10-12,Beauty,Desktop,Potential Loyalists
CUS-09691,25-34,Male,Italy,Returning,Meta Ads,2023-06-10,Accessories,Mobile,Loyal Customers
CUS-09692,25-34,Female,Poland,Returning,Meta Ads,2024-03-15,Bags,Mobile,At Risk
CUS-09693,55+,Female,Netherlands,Returning,Organic Search,2024-01-16,Shoes,Mobile,Loyal Customers
CUS-09694,35-44,Male,France,Returning,Google Search,2023-12-28,Shoes,Mobile,At Risk
CUS-09695,25-34,Male,UK,New,Meta Ads,2025-08-21,Beauty,Mobile,New Customers
CUS-09696,45-54,Female,Spain,Returning,Meta Ads,2025-06-21,Shoes,Desktop,Discount Seekers
CUS-09697,25-34,Female,UK,New,Meta Ads,2025-10-30,Sportswear,Mobile,New Customers
CUS-09698,45-54,Female,Germany,Returning,Meta Ads,2023-08-03,Sportswear,Mobile,Discount Seekers
CUS-09699,35-44,Female,Poland,Returning,Affiliate,2024-05-18,Sportswear,Mobile,Discount Seekers
CUS-09700,18-24,Non-binary/Other,Germany,Returning,Organic Search,2024-10-27,Jeans,Mobile,Loyal Customers
CUS-09701,25-34,Female,Italy,Returning,Meta Ads,2023-12-08,Shoes,Mobile,At Risk
CUS-09702,25-34,Female,France,Returning,Organic Search,2024-01-11,Accessories,Mobile,Loyal Customers
CUS-09703,25-34,Female,France,Returning,Meta Ads,2024-09-26,Jeans,Mobile,Hibernating
CUS-09704,25-34,Female,Italy,Returning,Affiliate,2023-11-08,Dresses,Desktop,At Risk
CUS-09705,35-44,Female,Italy,Returning,Organic Search,2025-01-13,Shoes,Desktop,Potential Loyalists
CUS-09706,25-34,Female,France,Returning,Meta Ads,2024-10-26,Jeans,Desktop,Loyal Customers
CUS-09707,18-24,Male,Italy,New,Meta Ads,2025-10-12,Beauty,Desktop,New Customers
CUS-09708,45-54,Male,Spain,Returning,Display Ads,2024-06-07,Jeans,Mobile,Hibernating
CUS-09709,45-54,Male,France,Returning,Email,2023-02-06,Accessories,Mobile,Hibernating
CUS-09710,18-24,Female,Italy,Returning,Email,2024-02-23,Jackets,Desktop,Champions
CUS-09711,45-54,Female,UK,Returning,TikTok Ads,2023-06-14,Shoes,Mobile,Potential Loyalists
CUS-09712,25-34,Male,France,New,Google Search,2025-11-01,Shoes,Mobile,New Customers
CUS-09713,25-34,Female,France,Returning,Affiliate,2023-02-04,Bags,Mobile,At Risk
CUS-09714,25-34,Male,UK,Returning,Meta Ads,2023-01-18,Dresses,Desktop,Loyal Customers
CUS-09715,25-34,Female,France,Returning,Display Ads,2023-09-26,Shoes,Desktop,Potential Loyalists
CUS-09716,25-34,Male,Netherlands,Returning,Meta Ads,2024-08-25,Sportswear,Mobile,Discount Seekers
CUS-09717,45-54,Male,Poland,New,Google Search,2025-10-13,Sportswear,Mobile,New Customers
CUS-09718,35-44,Female,UK,Returning,Email,2024-09-26,Accessories,Desktop,Hibernating
CUS-09719,45-54,Female,Italy,New,Organic Search,2025-07-15,Beauty,Desktop,New Customers
CUS-09720,18-24,Female,Italy,New,Google Search,2025-11-14,Shoes,Mobile,New Customers
CUS-09721,25-34,Male,France,Returning,Organic Search,2023-03-04,Dresses,Mobile,At Risk
CUS-09722,55+,Female,Germany,Returning,Google Search,2023-07-08,Accessories,Desktop,Loyal Customers
CUS-09723,25-34,Female,Poland,Returning,Organic Search,2023-07-28,Jeans,Mobile,Loyal Customers
CUS-09724,45-54,Male,Italy,Returning,Organic Search,2024-09-13,Shoes,Desktop,High-Value Customers
CUS-09725,25-34,Male,Spain,Returning,Meta Ads,2024-05-30,Shoes,Mobile,Discount Seekers
CUS-09726,55+,Female,UK,Returning,Google Search,2024-08-11,Beauty,Tablet,Hibernating
CUS-09727,25-34,Female,Germany,Returning,Google Search,2024-03-02,Jeans,Mobile,Loyal Customers
CUS-09728,35-44,Female,Italy,Returning,Affiliate,2025-02-07,Bags,Mobile,Champions
CUS-09729,35-44,Female,UK,Returning,Email,2024-04-23,Shoes,Desktop,Loyal Customers
CUS-09730,25-34,Female,UK,Returning,Affiliate,2025-02-03,Dresses,Mobile,Discount Seekers
CUS-09731,25-34,Female,Germany,Returning,Organic Search,2024-05-17,Shoes,Mobile,Hibernating
CUS-09732,35-44,Female,France,New,Organic Search,2025-10-04,Sportswear,Mobile,New Customers
CUS-09733,35-44,Female,Germany,Returning,Google Search,2024-07-30,Bags,Mobile,High-Value Customers
CUS-09734,55+,Female,UK,Returning,Google Search,2024-02-12,Jeans,Desktop,Loyal Customers
CUS-09735,35-44,Female,Netherlands,New,Meta Ads,2025-10-22,Sportswear,Mobile,New Customers
CUS-09736,18-24,Female,UK,Returning,Google Search,2025-01-18,Shoes,Mobile,Loyal Customers
CUS-09737,35-44,Male,Spain,Returning,Google Search,2024-12-03,Beauty,Tablet,Potential Loyalists
CUS-09738,35-44,Female,France,Returning,Organic Search,2024-12-19,Dresses,Desktop,Discount Seekers
CUS-09739,35-44,Female,UK,Returning,Google Search,2023-11-09,Dresses,Desktop,Discount Seekers
CUS-09740,55+,Male,Spain,Returning,Email,2025-01-05,Dresses,Desktop,Loyal Customers
CUS-09741,35-44,Male,France,Returning,Email,2023-09-02,Dresses,Desktop,Loyal Customers
CUS-09742,55+,Female,Italy,Returning,Organic Search,2023-06-27,Jeans,Tablet,At Risk
CUS-09743,55+,Female,UK,Returning,Email,2024-12-11,Bags,Mobile,Champions
CUS-09744,25-34,Female,UK,New,Google Search,2025-07-26,Shoes,Desktop,New Customers
CUS-09745,55+,Female,France,Returning,TikTok Ads,2023-06-08,Dresses,Mobile,At Risk
CUS-09746,45-54,Female,UK,Returning,TikTok Ads,2025-05-04,Sportswear,Mobile,Potential Loyalists
CUS-09747,25-34,Male,UK,Returning,TikTok Ads,2024-03-24,Beauty,Mobile,Potential Loyalists
CUS-09748,25-34,Female,France,Returning,Google Search,2025-02-26,Accessories,Mobile,Loyal Customers
CUS-09749,18-24,Male,France,Returning,Google Search,2025-06-29,Jeans,Mobile,Discount Seekers
CUS-09750,45-54,Female,UK,Returning,Email,2024-08-28,Shoes,Mobile,Potential Loyalists
CUS-09751,25-34,Female,France,Returning,Google Search,2023-04-29,Bags,Mobile,At Risk
CUS-09752,35-44,Female,Germany,Returning,Meta Ads,2023-09-07,Beauty,Mobile,Potential Loyalists
CUS-09753,45-54,Female,France,Returning,Google Search,2024-11-22,Shoes,Desktop,At Risk
CUS-09754,25-34,Male,Netherlands,Returning,Google Search,2023-09-06,Jeans,Mobile,Loyal Customers
CUS-09755,25-34,Female,Germany,Returning,Meta Ads,2024-05-15,Jackets,Desktop,Champions
CUS-09756,25-34,Male,France,Returning,Google Search,2024-11-14,Shoes,Mobile,Hibernating
CUS-09757,25-34,Female,France,Returning,TikTok Ads,2023-02-06,Jeans,Mobile,Hibernating
CUS-09758,25-34,Male,UK,Returning,Email,2023-06-26,Shoes,Mobile,Loyal Customers
CUS-09759,45-54,Female,Germany,Returning,Google Search,2024-08-17,Shoes,Tablet,Potential Loyalists
CUS-09760,45-54,Female,France,Returning,Email,2024-11-07,Jackets,Desktop,High-Value Customers
CUS-09761,35-44,Male,Poland,Returning,Display Ads,2024-09-11,Shoes,Desktop,Loyal Customers
CUS-09762,25-34,Female,Germany,Returning,Organic Search,2024-04-03,Dresses,Mobile,Loyal Customers
CUS-09763,55+,Female,France,New,Meta Ads,2025-09-22,Accessories,Desktop,New Customers
CUS-09764,25-34,Female,France,Returning,TikTok Ads,2023-09-10,Shoes,Mobile,Potential Loyalists
CUS-09765,25-34,Female,Germany,Returning,Google Search,2024-01-14,Shoes,Mobile,At Risk
CUS-09766,25-34,Male,Netherlands,Returning,Email,2023-04-23,Bags,Desktop,At Risk
CUS-09767,25-34,Female,Germany,New,Meta Ads,2025-11-18,Accessories,Mobile,New Customers
CUS-09768,35-44,Female,UK,Returning,Meta Ads,2024-02-05,Jeans,Desktop,At Risk
CUS-09769,25-34,Female,France,New,TikTok Ads,2025-11-02,Sportswear,Mobile,New Customers
CUS-09770,18-24,Female,Germany,Returning,Google Search,2023-05-09,Jeans,Mobile,Hibernating
CUS-09771,18-24,Male,Germany,Returning,Organic Search,2024-10-17,Jackets,Desktop,Champions
CUS-09772,25-34,Male,Germany,Returning,Google Search,2024-08-05,Accessories,Mobile,Potential Loyalists
CUS-09773,18-24,Male,France,Returning,Display Ads,2023-01-09,Dresses,Mobile,At Risk
CUS-09774,35-44,Female,Poland,Returning,TikTok Ads,2023-07-20,Sportswear,Mobile,Potential Loyalists
CUS-09775,35-44,Male,Italy,Returning,Email,2023-05-07,Bags,Mobile,Champions
CUS-09776,25-34,Male,Netherlands,Returning,TikTok Ads,2023-09-03,Sportswear,Tablet,Potential Loyalists
CUS-09777,35-44,Female,Italy,Returning,Google Search,2024-02-19,Beauty,Mobile,Hibernating
CUS-09778,35-44,Male,France,Returning,Email,2023-05-11,Jeans,Mobile,Loyal Customers
CUS-09779,25-34,Female,Spain,Returning,Google Search,2024-09-19,Jeans,Tablet,Hibernating
CUS-09780,35-44,Male,UK,Returning,Meta Ads,2024-08-30,Jeans,Mobile,Hibernating
CUS-09781,18-24,Male,France,Returning,Display Ads,2023-03-17,Jeans,Mobile,At Risk
CUS-09782,35-44,Male,UK,Returning,Google Search,2023-08-27,Dresses,Mobile,Loyal Customers
CUS-09783,25-34,Female,Germany,Returning,Affiliate,2024-01-20,Accessories,Mobile,Hibernating
CUS-09784,45-54,Female,Germany,Returning,Meta Ads,2024-01-02,Jeans,Mobile,Loyal Customers
CUS-09785,45-54,Female,UK,Returning,Google Search,2025-06-01,Dresses,Mobile,Discount Seekers
CUS-09786,45-54,Female,Italy,Returning,Google Search,2024-07-21,Dresses,Desktop,At Risk
CUS-09787,25-34,Female,France,Returning,Meta Ads,2024-09-24,Sportswear,Mobile,Champions
CUS-09788,25-34,Female,France,Returning,Google Search,2024-01-11,Accessories,Desktop,Hibernating
CUS-09789,18-24,Female,Italy,New,Google Search,2025-08-01,Beauty,Desktop,New Customers
CUS-09790,25-34,Female,Netherlands,New,Google Search,2025-07-25,Shoes,Mobile,New Customers
CUS-09791,35-44,Male,UK,New,TikTok Ads,2025-09-01,Shoes,Desktop,New Customers
CUS-09792,25-34,Male,Italy,Returning,TikTok Ads,2024-03-22,Bags,Mobile,At Risk
CUS-09793,45-54,Male,Netherlands,Returning,Organic Search,2023-11-14,Beauty,Desktop,Hibernating
CUS-09794,18-24,Female,UK,Returning,Email,2024-08-22,Sportswear,Mobile,Discount Seekers
CUS-09795,35-44,Female,Netherlands,Returning,Affiliate,2024-10-13,Accessories,Mobile,Potential Loyalists
CUS-09796,55+,Male,Germany,Returning,Google Search,2024-03-30,Dresses,Desktop,At Risk
CUS-09797,45-54,Female,Spain,Returning,Display Ads,2024-10-11,Bags,Mobile,At Risk
CUS-09798,25-34,Female,Germany,Returning,Meta Ads,2024-02-20,Shoes,Mobile,At Risk
CUS-09799,18-24,Male,Netherlands,New,Meta Ads,2025-08-03,Shoes,Desktop,New Customers
CUS-09800,45-54,Male,Germany,Returning,TikTok Ads,2024-09-19,Shoes,Mobile,Potential Loyalists
CUS-09801,45-54,Male,Italy,Returning,Organic Search,2023-10-23,Shoes,Desktop,Hibernating
CUS-09802,18-24,Non-binary/Other,Netherlands,Returning,Meta Ads,2024-10-04,Beauty,Desktop,Potential Loyalists
CUS-09803,35-44,Male,UK,Returning,Affiliate,2023-11-26,Jeans,Desktop,Loyal Customers
CUS-09804,35-44,Female,Spain,New,Google Search,2025-08-11,Sportswear,Mobile,New Customers
CUS-09805,45-54,Female,Spain,Returning,Email,2024-08-22,Jeans,Mobile,Loyal Customers
CUS-09806,18-24,Male,Germany,Returning,Display Ads,2024-10-21,Bags,Mobile,Champions
CUS-09807,25-34,Female,France,Returning,Email,2023-08-21,Sportswear,Desktop,Champions
CUS-09808,25-34,Male,France,Returning,Email,2023-12-28,Shoes,Desktop,At Risk
CUS-09809,18-24,Male,France,Returning,Google Search,2023-07-02,Shoes,Mobile,High-Value Customers
CUS-09810,45-54,Male,Germany,New,Affiliate,2025-10-17,Beauty,Desktop,New Customers
CUS-09811,45-54,Male,France,Returning,Affiliate,2023-06-24,Jeans,Mobile,Loyal Customers
CUS-09812,25-34,Female,France,Returning,Meta Ads,2024-10-26,Beauty,Mobile,Hibernating
CUS-09813,18-24,Male,Spain,Returning,Google Search,2024-06-25,Accessories,Mobile,Loyal Customers
CUS-09814,18-24,Male,UK,Returning,Google Search,2023-01-27,Shoes,Desktop,High-Value Customers
CUS-09815,25-34,Female,France,New,Affiliate,2025-07-18,Accessories,Mobile,New Customers
CUS-09816,45-54,Male,UK,Returning,Email,2023-02-24,Accessories,Desktop,Loyal Customers
CUS-09817,45-54,Female,France,New,Google Search,2025-10-09,Sportswear,Mobile,New Customers
CUS-09818,25-34,Female,Germany,Returning,Affiliate,2023-09-12,Shoes,Desktop,Potential Loyalists
CUS-09819,45-54,Male,Germany,Returning,Organic Search,2024-03-31,Jeans,Mobile,Hibernating
CUS-09820,25-34,Male,France,Returning,Google Search,2024-09-15,Shoes,Mobile,Loyal Customers
CUS-09821,45-54,Female,Netherlands,Returning,Meta Ads,2023-09-16,Sportswear,Desktop,Discount Seekers
CUS-09822,55+,Female,France,Returning,Organic Search,2024-09-21,Accessories,Desktop,Hibernating
CUS-09823,35-44,Female,Germany,Returning,TikTok Ads,2023-10-25,Shoes,Mobile,Discount Seekers
CUS-09824,25-34,Female,France,Returning,Meta Ads,2024-12-13,Dresses,Mobile,Discount Seekers
CUS-09825,45-54,Female,UK,Returning,Email,2025-01-25,Dresses,Mobile,Loyal Customers
CUS-09826,45-54,Female,Germany,New,Google Search,2025-07-23,Sportswear,Desktop,New Customers
CUS-09827,25-34,Male,Italy,Returning,Meta Ads,2024-01-15,Jeans,Mobile,Discount Seekers
CUS-09828,35-44,Female,Poland,Returning,Meta Ads,2025-06-10,Beauty,Mobile,Potential Loyalists
CUS-09829,35-44,Male,Germany,Returning,Organic Search,2023-02-19,Bags,Mobile,Champions
CUS-09830,45-54,Female,Spain,Returning,Affiliate,2025-04-07,Sportswear,Desktop,Potential Loyalists
CUS-09831,25-34,Male,Germany,Returning,Email,2024-07-13,Shoes,Mobile,Loyal Customers
CUS-09832,25-34,Female,Spain,Returning,TikTok Ads,2024-10-06,Dresses,Desktop,Discount Seekers
CUS-09833,55+,Female,Spain,New,Google Search,2025-09-08,Shoes,Desktop,New Customers
CUS-09834,45-54,Female,Germany,Returning,Organic Search,2023-02-11,Bags,Mobile,At Risk
CUS-09835,25-34,Female,Italy,Returning,Email,2025-02-02,Bags,Tablet,High-Value Customers
CUS-09836,55+,Female,Italy,Returning,Affiliate,2023-10-02,Beauty,Mobile,Potential Loyalists
CUS-09837,18-24,Female,Italy,Returning,TikTok Ads,2024-09-13,Beauty,Desktop,Hibernating
CUS-09838,35-44,Male,Italy,Returning,Email,2023-07-04,Sportswear,Desktop,Champions
CUS-09839,18-24,Male,Germany,Returning,Google Search,2024-12-03,Dresses,Tablet,Loyal Customers
CUS-09840,45-54,Female,France,Returning,Affiliate,2024-04-24,Dresses,Mobile,Loyal Customers
CUS-09841,35-44,Female,Spain,Returning,Meta Ads,2025-03-22,Accessories,Mobile,Potential Loyalists
CUS-09842,25-34,Male,Poland,Returning,Email,2024-03-05,Sportswear,Mobile,Potential Loyalists
CUS-09843,35-44,Female,Spain,New,Meta Ads,2025-06-17,Beauty,Mobile,New Customers
CUS-09844,25-34,Female,UK,Returning,Google Search,2023-09-12,Jeans,Mobile,Loyal Customers
CUS-09845,18-24,Female,Italy,Returning,Email,2024-07-24,Jackets,Mobile,Champions
CUS-09846,18-24,Female,France,Returning,Meta Ads,2024-07-19,Shoes,Mobile,At Risk
CUS-09847,18-24,Female,Netherlands,Returning,Email,2024-09-03,Sportswear,Tablet,Champions
CUS-09848,35-44,Male,Poland,Returning,Google Search,2023-12-06,Accessories,Mobile,Hibernating
CUS-09849,35-44,Female,France,Returning,Google Search,2025-07-20,Jeans,Mobile,Discount Seekers
CUS-09850,25-34,Male,Germany,Returning,Affiliate,2023-06-08,Shoes,Mobile,Hibernating
CUS-09851,45-54,Female,UK,Returning,Display Ads,2023-07-28,Jeans,Mobile,At Risk
CUS-09852,25-34,Female,Italy,Returning,Google Search,2023-05-07,Bags,Desktop,At Risk
CUS-09853,25-34,Male,UK,Returning,Affiliate,2023-09-26,Bags,Mobile,At Risk
CUS-09854,18-24,Male,France,Returning,Meta Ads,2024-09-23,Shoes,Mobile,Discount Seekers
CUS-09855,25-34,Female,Germany,Returning,Google Search,2023-04-17,Bags,Mobile,High-Value Customers
CUS-09856,18-24,Female,Italy,New,TikTok Ads,2025-10-05,Shoes,Mobile,New Customers
CUS-09857,18-24,Female,Spain,Returning,TikTok Ads,2024-09-02,Bags,Tablet,At Risk
CUS-09858,25-34,Female,Spain,Returning,Organic Search,2023-08-24,Beauty,Mobile,Hibernating
CUS-09859,35-44,Female,UK,Returning,Display Ads,2023-02-09,Jackets,Mobile,Champions
CUS-09860,18-24,Male,France,New,Meta Ads,2025-11-09,Shoes,Mobile,New Customers
CUS-09861,45-54,Female,Italy,Returning,Meta Ads,2024-02-09,Bags,Mobile,At Risk
CUS-09862,25-34,Female,Germany,Returning,Email,2023-07-11,Beauty,Desktop,Hibernating
CUS-09863,55+,Male,France,Returning,Affiliate,2023-06-15,Accessories,Mobile,Potential Loyalists
CUS-09864,55+,Female,Italy,Returning,TikTok Ads,2024-07-06,Beauty,Desktop,Potential Loyalists
CUS-09865,25-34,Male,Poland,Returning,Email,2023-10-27,Shoes,Mobile,Loyal Customers
CUS-09866,45-54,Female,Spain,New,Organic Search,2025-08-28,Sportswear,Mobile,New Customers
CUS-09867,45-54,Male,Spain,Returning,Email,2025-08-30,Dresses,Mobile,Discount Seekers
CUS-09868,35-44,Female,France,Returning,Affiliate,2024-07-07,Sportswear,Mobile,Discount Seekers
CUS-09869,25-34,Female,Germany,Returning,Organic Search,2023-06-15,Sportswear,Desktop,Potential Loyalists
CUS-09870,25-34,Female,Spain,Returning,Meta Ads,2024-10-14,Accessories,Mobile,Loyal Customers
CUS-09871,55+,Male,Poland,Returning,Display Ads,2023-12-26,Jeans,Mobile,Hibernating
CUS-09872,25-34,Male,France,Returning,Google Search,2023-08-31,Beauty,Desktop,Hibernating
CUS-09873,18-24,Male,Germany,New,Organic Search,2025-10-27,Accessories,Mobile,New Customers
CUS-09874,25-34,Male,Spain,Returning,Google Search,2023-07-31,Shoes,Mobile,Potential Loyalists
CUS-09875,55+,Female,Spain,Returning,Affiliate,2024-11-14,Jeans,Desktop,Loyal Customers
CUS-09876,18-24,Female,Italy,Returning,TikTok Ads,2023-12-23,Accessories,Mobile,Hibernating
CUS-09877,45-54,Female,Germany,Returning,Google Search,2023-02-19,Dresses,Mobile,At Risk
CUS-09878,35-44,Female,Italy,Returning,Google Search,2025-04-27,Beauty,Mobile,Potential Loyalists
CUS-09879,25-34,Female,UK,Returning,Meta Ads,2025-08-26,Shoes,Mobile,Discount Seekers
CUS-09880,25-34,Male,Germany,Returning,Meta Ads,2024-09-24,Bags,Mobile,At Risk
CUS-09881,55+,Female,Spain,Returning,Meta Ads,2024-07-04,Dresses,Mobile,Discount Seekers
CUS-09882,25-34,Female,Spain,New,Google Search,2025-12-03,Sportswear,Mobile,New Customers
CUS-09883,35-44,Female,Poland,New,Organic Search,2025-08-24,Sportswear,Mobile,New Customers
CUS-09884,35-44,Female,UK,Returning,Google Search,2025-01-23,Sportswear,Mobile,Discount Seekers
CUS-09885,25-34,Female,Germany,Returning,Email,2025-01-30,Jackets,Mobile,High-Value Customers
CUS-09886,35-44,Male,Germany,Returning,Meta Ads,2023-02-10,Dresses,Desktop,High-Value Customers
CUS-09887,25-34,Male,France,Returning,Organic Search,2023-04-09,Beauty,Mobile,Hibernating
CUS-09888,25-34,Female,Germany,New,Google Search,2025-07-06,Shoes,Desktop,New Customers
CUS-09889,45-54,Non-binary/Other,France,Returning,TikTok Ads,2023-05-17,Dresses,Desktop,Loyal Customers
CUS-09890,45-54,Male,UK,Returning,TikTok Ads,2024-03-25,Beauty,Mobile,Potential Loyalists
CUS-09891,18-24,Female,Spain,Returning,Google Search,2025-02-12,Shoes,Mobile,Discount Seekers
CUS-09892,25-34,Female,Germany,Returning,Google Search,2025-04-14,Beauty,Mobile,Potential Loyalists
CUS-09893,45-54,Female,Germany,Returning,Meta Ads,2024-01-08,Jeans,Mobile,Hibernating
CUS-09894,35-44,Female,France,Returning,Meta Ads,2024-08-11,Shoes,Desktop,Discount Seekers
CUS-09895,55+,Female,UK,Returning,Google Search,2023-08-24,Bags,Mobile,High-Value Customers
CUS-09896,35-44,Female,Germany,Returning,Google Search,2024-02-14,Shoes,Mobile,Discount Seekers
CUS-09897,25-34,Male,Poland,New,Google Search,2025-12-03,Sportswear,Desktop,New Customers
CUS-09898,18-24,Male,France,New,Google Search,2025-08-16,Shoes,Mobile,New Customers
CUS-09899,25-34,Male,Spain,Returning,Email,2023-05-06,Shoes,Mobile,High-Value Customers
CUS-09900,25-34,Male,France,Returning,Organic Search,2023-08-01,Accessories,Mobile,Loyal Customers
CUS-09901,45-54,Male,UK,Returning,Google Search,2023-08-07,Jeans,Desktop,Loyal Customers
CUS-09902,45-54,Female,UK,Returning,Meta Ads,2023-05-03,Jackets,Mobile,High-Value Customers
CUS-09903,35-44,Male,Poland,Returning,Meta Ads,2024-01-14,Bags,Mobile,At Risk
CUS-09904,25-34,Female,France,New,Meta Ads,2025-11-26,Accessories,Mobile,New Customers
CUS-09905,25-34,Female,Italy,Returning,Meta Ads,2024-11-09,Jeans,Desktop,Loyal Customers
CUS-09906,18-24,Female,Germany,New,Organic Search,2025-07-26,Shoes,Mobile,New Customers
CUS-09907,35-44,Female,UK,Returning,Meta Ads,2023-08-07,Shoes,Mobile,Discount Seekers
CUS-09908,35-44,Male,UK,Returning,Google Search,2023-05-28,Jeans,Desktop,At Risk
CUS-09909,35-44,Female,Italy,Returning,Affiliate,2024-09-15,Sportswear,Desktop,Potential Loyalists
CUS-09910,18-24,Female,UK,New,Meta Ads,2025-09-25,Accessories,Desktop,New Customers
CUS-09911,35-44,Female,Spain,Returning,TikTok Ads,2024-03-03,Jeans,Mobile,Discount Seekers
CUS-09912,25-34,Female,Germany,Returning,Meta Ads,2025-08-01,Jeans,Mobile,Discount Seekers
CUS-09913,25-34,Male,Italy,Returning,Google Search,2025-08-26,Shoes,Mobile,Potential Loyalists
CUS-09914,25-34,Female,France,Returning,Google Search,2024-05-08,Dresses,Mobile,At Risk
CUS-09915,18-24,Male,UK,Returning,Google Search,2024-09-13,Accessories,Mobile,Potential Loyalists
CUS-09916,45-54,Female,Italy,New,Affiliate,2025-08-30,Accessories,Mobile,New Customers
CUS-09917,25-34,Non-binary/Other,UK,Returning,Meta Ads,2023-10-29,Accessories,Desktop,Loyal Customers
CUS-09918,45-54,Female,France,New,Display Ads,2025-12-13,Shoes,Mobile,New Customers
CUS-09919,55+,Male,Italy,New,Google Search,2025-10-20,Shoes,Mobile,New Customers
CUS-09920,55+,Female,Spain,Returning,Google Search,2024-01-23,Accessories,Mobile,Potential Loyalists
CUS-09921,18-24,Female,Germany,Returning,TikTok Ads,2024-08-30,Sportswear,Mobile,Potential Loyalists
CUS-09922,25-34,Female,Germany,Returning,Email,2025-01-25,Jeans,Mobile,Loyal Customers
CUS-09923,25-34,Female,Germany,Returning,Google Search,2023-07-04,Accessories,Mobile,Loyal Customers
CUS-09924,18-24,Female,UK,Returning,Organic Search,2024-07-24,Shoes,Mobile,Hibernating
CUS-09925,18-24,Male,Italy,Returning,Email,2024-07-26,Shoes,Mobile,Loyal Customers
CUS-09926,25-34,Female,Spain,Returning,Meta Ads,2024-10-17,Accessories,Tablet,Loyal Customers
CUS-09927,35-44,Male,Spain,Returning,Google Search,2023-10-31,Shoes,Mobile,High-Value Customers
CUS-09928,25-34,Female,Germany,Returning,Email,2024-07-06,Dresses,Desktop,Loyal Customers
CUS-09929,25-34,Male,Italy,Returning,Google Search,2023-12-26,Dresses,Mobile,Discount Seekers
CUS-09930,45-54,Female,Poland,Returning,Display Ads,2024-08-12,Dresses,Mobile,At Risk
CUS-09931,25-34,Female,Italy,Returning,Google Search,2024-03-09,Shoes,Desktop,Hibernating
CUS-09932,35-44,Female,Germany,New,Google Search,2025-10-29,Sportswear,Mobile,New Customers
CUS-09933,18-24,Non-binary/Other,Spain,Returning,Affiliate,2024-08-23,Accessories,Mobile,Loyal Customers
CUS-09934,35-44,Female,Germany,Returning,Affiliate,2024-01-13,Dresses,Mobile,Discount Seekers
CUS-09935,18-24,Female,France,Returning,Google Search,2024-08-28,Beauty,Mobile,Hibernating
CUS-09936,35-44,Female,UK,Returning,Affiliate,2024-03-23,Sportswear,Mobile,Potential Loyalists
CUS-09937,25-34,Female,France,Returning,Affiliate,2024-10-06,Accessories,Mobile,Hibernating
CUS-09938,45-54,Female,Italy,New,Display Ads,2025-11-06,Accessories,Desktop,New Customers
CUS-09939,18-24,Female,Germany,Returning,Email,2024-09-12,Jeans,Mobile,Discount Seekers
CUS-09940,45-54,Female,UK,Returning,TikTok Ads,2024-10-15,Beauty,Desktop,Hibernating
CUS-09941,25-34,Male,Germany,Returning,Email,2023-11-21,Jackets,Mobile,Champions
CUS-09942,55+,Male,Italy,Returning,Email,2024-09-27,Jeans,Desktop,Discount Seekers
CUS-09943,18-24,Male,France,Returning,Organic Search,2024-01-07,Bags,Desktop,High-Value Customers
CUS-09944,35-44,Male,Spain,Returning,TikTok Ads,2023-07-06,Shoes,Mobile,Hibernating
CUS-09945,25-34,Female,Germany,Returning,Google Search,2024-09-28,Dresses,Mobile,Loyal Customers
CUS-09946,18-24,Male,Poland,Returning,TikTok Ads,2024-08-21,Shoes,Mobile,Hibernating
CUS-09947,35-44,Female,UK,Returning,Display Ads,2024-12-04,Shoes,Mobile,At Risk
CUS-09948,25-34,Female,Spain,Returning,Organic Search,2023-08-07,Accessories,Mobile,Potential Loyalists
CUS-09949,25-34,Male,Netherlands,Returning,Email,2025-03-25,Dresses,Desktop,Discount Seekers
CUS-09950,35-44,Male,Germany,New,Google Search,2025-10-13,Beauty,Mobile,New Customers
CUS-09951,55+,Female,France,Returning,Email,2025-07-29,Sportswear,Mobile,Discount Seekers
CUS-09952,35-44,Female,Spain,Returning,Email,2023-02-15,Shoes,Desktop,At Risk
CUS-09953,25-34,Female,Poland,Returning,Meta Ads,2023-10-23,Beauty,Mobile,Potential Loyalists
CUS-09954,45-54,Male,Italy,Returning,Meta Ads,2025-02-18,Dresses,Mobile,High-Value Customers
CUS-09955,18-24,Male,Poland,New,Meta Ads,2025-07-02,Accessories,Mobile,New Customers
CUS-09956,25-34,Female,Italy,New,Display Ads,2025-11-24,Accessories,Mobile,New Customers
CUS-09957,55+,Male,France,Returning,Meta Ads,2025-05-06,Accessories,Mobile,Potential Loyalists
CUS-09958,25-34,Female,Poland,Returning,Google Search,2024-06-07,Jeans,Mobile,Loyal Customers
CUS-09959,35-44,Female,Germany,Returning,TikTok Ads,2024-06-03,Jeans,Mobile,At Risk
CUS-09960,45-54,Female,Spain,New,Meta Ads,2025-11-08,Shoes,Mobile,New Customers
CUS-09961,35-44,Male,France,Returning,Meta Ads,2023-06-26,Jeans,Mobile,Discount Seekers
CUS-09962,25-34,Male,UK,Returning,Email,2023-02-10,Dresses,Mobile,High-Value Customers
CUS-09963,25-34,Female,Germany,Returning,TikTok Ads,2024-07-23,Accessories,Mobile,Hibernating
CUS-09964,35-44,Male,Germany,Returning,Meta Ads,2024-09-06,Jeans,Tablet,Loyal Customers
CUS-09965,55+,Male,France,Returning,Email,2024-02-29,Shoes,Desktop,Hibernating
CUS-09966,18-24,Female,Italy,Returning,Meta Ads,2024-08-12,Shoes,Mobile,Champions
CUS-09967,45-54,Male,France,Returning,Google Search,2023-01-08,Accessories,Mobile,Hibernating
CUS-09968,18-24,Female,Spain,New,Organic Search,2025-10-05,Shoes,Mobile,New Customers
CUS-09969,45-54,Male,UK,Returning,Display Ads,2024-11-01,Jeans,Mobile,Discount Seekers
CUS-09970,25-34,Female,France,Returning,Google Search,2023-11-09,Beauty,Mobile,Potential Loyalists
CUS-09971,55+,Male,Germany,Returning,Email,2024-08-10,Shoes,Mobile,Loyal Customers
CUS-09972,18-24,Male,France,Returning,Affiliate,2023-09-20,Bags,Desktop,High-Value Customers
CUS-09973,18-24,Female,France,New,TikTok Ads,2025-11-18,Sportswear,Desktop,New Customers
CUS-09974,45-54,Female,UK,Returning,Meta Ads,2025-08-17,Jeans,Mobile,Discount Seekers
CUS-09975,18-24,Female,Italy,Returning,Google Search,2023-09-12,Shoes,Mobile,Discount Seekers
CUS-09976,18-24,Female,Italy,New,Meta Ads,2025-07-01,Accessories,Desktop,New Customers
CUS-09977,25-34,Female,UK,New,Google Search,2025-09-01,Shoes,Mobile,New Customers
CUS-09978,35-44,Female,France,New,Organic Search,2025-11-18,Shoes,Mobile,New Customers
CUS-09979,25-34,Male,UK,Returning,Display Ads,2025-07-20,Sportswear,Mobile,Discount Seekers
CUS-09980,35-44,Male,France,Returning,Email,2023-01-21,Shoes,Desktop,High-Value Customers
CUS-09981,35-44,Male,Netherlands,Returning,Organic Search,2025-06-20,Beauty,Mobile,Potential Loyalists
CUS-09982,45-54,Male,Italy,Returning,Meta Ads,2023-02-11,Shoes,Mobile,Hibernating
CUS-09983,55+,Male,Germany,Returning,Affiliate,2024-12-08,Shoes,Desktop,Potential Loyalists
CUS-09984,25-34,Male,Spain,Returning,Google Search,2023-04-29,Shoes,Mobile,At Risk
CUS-09985,35-44,Male,Spain,Returning,TikTok Ads,2023-11-01,Accessories,Tablet,Hibernating
CUS-09986,45-54,Female,Germany,Returning,Email,2025-02-04,Sportswear,Desktop,Discount Seekers
CUS-09987,55+,Female,Netherlands,New,Organic Search,2025-09-21,Accessories,Mobile,New Customers
CUS-09988,25-34,Female,Germany,Returning,Meta Ads,2024-07-27,Accessories,Mobile,Potential Loyalists
CUS-09989,18-24,Male,UK,Returning,Email,2023-04-05,Shoes,Desktop,Loyal Customers
CUS-09990,55+,Male,Italy,Returning,Google Search,2024-01-11,Jeans,Mobile,Loyal Customers
CUS-09991,45-54,Male,Poland,Returning,Organic Search,2023-08-20,Beauty,Tablet,Potential Loyalists
CUS-09992,55+,Male,France,Returning,Google Search,2024-01-16,Shoes,Desktop,Discount Seekers
CUS-09993,18-24,Male,UK,Returning,Meta Ads,2023-08-02,Shoes,Tablet,Potential Loyalists
CUS-09994,18-24,Female,France,Returning,Google Search,2024-01-10,Beauty,Mobile,Potential Loyalists
CUS-09995,18-24,Male,UK,Returning,TikTok Ads,2024-04-01,Jeans,Desktop,Hibernating
CUS-09996,25-34,Female,Poland,Returning,Google Search,2023-05-10,Dresses,Desktop,Loyal Customers
CUS-09997,25-34,Male,Germany,Returning,Google Search,2025-03-21,Jeans,Mobile,Loyal Customers
CUS-09998,45-54,Female,Germany,Returning,Meta Ads,2024-06-01,Jeans,Mobile,Discount Seekers
CUS-09999,25-34,Female,Italy,Returning,Email,2024-04-05,Sportswear,Desktop,Champions
CUS-10000,25-34,Female,Spain,Returning,Meta Ads,2023-08-05,Beauty,Mobile,Potential Loyalists
